subject_id,step,angle,translation,GD_EP,CD_EP,GD_IP,CD_IP
fCMR_Siemens_018,0,2.4627,3.6442,0.1356,1.4526,0.1791,5.536
fCMR_Siemens_113,0,2.3572,2.4751,0.1213,4.9148,0.1423,10.0422
fCMR_Siemens_027,0,2.5139,2.5289,0.04,1.9622,0.2039,6.287
fCMR_Siemens_006,0,0.3702,1.5476,0.1997,3.2377,0.251,7.5135
fCMR_Siemens_144,0,1.3904,2.7458,0.2215,1.1874,0.447,3.9475
fCMR_Siemens_068,0,1.7174,3.41,0.706,0.234,0.7106,2.1612
fCMR_Siemens_198,0,1.7898,2.5602,0.3136,0.5491,0.3502,2.1862
fCMR_Siemens_018,1,2.2419,2.0095,0.3233,1.4353,0.3365,4.7648
fCMR_Siemens_113,1,2.2427,3.2482,0.071,9.9324,0.0863,21.7325
fCMR_Siemens_027,1,3.0099,1.8142,0.2584,2.5298,0.3082,7.413
fCMR_Siemens_006,1,2.9439,3.0428,0.3474,8.8938,0.4101,19.4152
fCMR_Siemens_144,1,1.8804,1.1887,0.2069,0.364,0.7665,5.2728
fCMR_Siemens_068,1,2.7336,3.0077,0.7598,0.2567,0.7633,2.0616
fCMR_Siemens_198,1,2.8695,2.8175,0.2551,1.3698,0.287,3.6705
fCMR_Siemens_018,2,1.424,2.7904,0.4115,1.4486,0.4351,5.0778
fCMR_Siemens_113,2,1.6737,1.7668,0.0614,8.5171,0.1143,17.6405
fCMR_Siemens_027,2,2.421,3.1563,0.0893,4.1112,0.1723,10.1416
fCMR_Siemens_006,2,3.0658,1.7021,0.2451,11.8814,0.2785,25.1608
fCMR_Siemens_144,2,1.3901,2.802,0.2452,1.7672,0.276,5.1082
fCMR_Siemens_068,2,3.1292,1.2046,0.9889,0.7909,0.9999,4.0619
fCMR_Siemens_198,2,2.2382,2.5363,0.1815,2.2391,0.2203,6.5553
fCMR_Siemens_018,3,2.682,1.85,0.2147,1.2436,0.3631,5.8883
fCMR_Siemens_113,3,2.0734,3.1166,0.0624,3.0934,0.0859,6.9972
fCMR_Siemens_027,3,2.1944,2.1807,0.118,0.0038,0.3012,2.9396
fCMR_Siemens_006,3,1.84,2.6562,0.0641,5.7558,0.1537,13.3057
fCMR_Siemens_144,3,2.2563,2.6121,0.1265,2.3575,0.1638,6.9451
fCMR_Siemens_068,3,2.3746,3.308,0.878,1.1295,0.8859,5.0384
fCMR_Siemens_198,3,2.7802,3.1723,0.1902,1.1259,0.1988,3.158
fCMR_Siemens_018,4,1.2407,2.1905,0.4295,1.8357,0.4501,5.3126
fCMR_Siemens_113,4,1.5023,1.3778,0.0982,7.0663,0.1323,15.3186
fCMR_Siemens_027,4,1.4119,3.2066,0.136,1.1848,0.2391,3.006
fCMR_Siemens_006,4,2.7529,2.914,0.3104,0.878,0.3871,4.196
fCMR_Siemens_144,4,1.4345,1.6732,0.2264,0.7213,0.5484,3.7436
fCMR_Siemens_068,4,1.9869,2.0976,0.7324,1.5151,0.7519,5.2408
fCMR_Siemens_198,4,2.6703,2.5459,0.1633,2.1277,0.1801,4.7
fCMR_Siemens_018,5,2.9069,3.2508,0.277,1.377,0.3049,3.49
fCMR_Siemens_113,5,2.3217,3.0019,0.0746,5.7895,0.1631,13.2653
fCMR_Siemens_027,5,2.2435,3.4201,0.3333,6.8092,0.3505,15.2712
fCMR_Siemens_006,5,1.9621,1.2639,0.1684,5.1554,0.1905,11.9562
fCMR_Siemens_144,5,0.8821,2.5274,0.1024,2.5676,0.1373,7.6488
fCMR_Siemens_068,5,3.045,1.5085,0.7878,2.7838,0.8127,8.1786
fCMR_Siemens_198,5,2.9759,3.1053,0.218,0.8704,0.2319,2.4513
fCMR_Siemens_018,6,1.0381,3.7669,0.354,1.2269,0.7756,3.8678
fCMR_Siemens_113,6,1.3345,2.4717,0.0473,9.825,0.0856,20.651
fCMR_Siemens_027,6,2.4436,0.894,0.251,0.8196,0.2913,3.317
fCMR_Siemens_006,6,2.7614,2.8191,1.6134,2.2655,1.6239,13.9196
fCMR_Siemens_144,6,0.9319,1.4897,0.1671,1.0896,0.1864,3.4483
fCMR_Siemens_068,6,1.1475,2.3721,0.6645,0.427,0.6826,2.0633
fCMR_Siemens_198,6,1.9684,2.9714,0.1865,1.4433,0.2221,3.5524
fCMR_Siemens_018,7,3.0408,2.9859,0.3567,2.0484,0.4061,4.839
fCMR_Siemens_113,7,2.4417,2.5253,0.0672,9.0069,0.1082,18.9758
fCMR_Siemens_027,7,1.3791,2.5303,0.1777,2.0447,0.2021,5.243
fCMR_Siemens_006,7,3.0447,2.2048,0.2041,4.0564,0.2777,9.5779
fCMR_Siemens_144,7,1.7503,2.0295,0.2916,8.2454,0.3264,18.3081
fCMR_Siemens_068,7,2.5463,2.767,0.6385,1.6057,0.6443,4.1769
fCMR_Siemens_198,7,1.303,2.7509,0.1816,0.5553,0.2481,1.793
fCMR_Siemens_018,8,1.7648,2.4986,0.5637,3.175,0.5655,6.886
fCMR_Siemens_113,8,0.6138,2.0748,0.0885,4.9033,0.1351,12.3734
fCMR_Siemens_027,8,2.31,1.345,0.1424,0.1967,0.1856,1.6475
fCMR_Siemens_006,8,2.9045,1.5984,0.187,5.3542,0.8579,13.3685
fCMR_Siemens_144,8,0.7513,2.8568,0.077,0.3743,0.131,1.8574
fCMR_Siemens_068,8,2.5759,3.0457,0.5394,1.7812,0.5517,5.8775
fCMR_Siemens_198,8,2.1548,2.6703,0.199,2.2395,0.2216,5.2766
fCMR_Siemens_018,9,2.4751,1.1401,0.2005,0.4108,0.2261,1.6549
fCMR_Siemens_113,9,0.7424,0.9909,0.0473,4.1838,0.1043,9.9998
fCMR_Siemens_027,9,1.2814,1.611,0.1643,0.9647,0.3416,4.8168
fCMR_Siemens_006,9,2.257,3.0111,0.4496,1.4807,0.7094,8.3232
fCMR_Siemens_144,9,2.7316,2.7136,0.1473,2.0581,0.2137,6.0446
fCMR_Siemens_068,9,2.3144,2.8132,0.5198,6.104,0.5569,13.7172
fCMR_Siemens_198,9,2.0477,2.4804,0.1552,1.7803,0.1846,4.9719
fCMR_Siemens_018,10,2.8339,2.2074,0.2703,0.9115,0.2995,2.501
fCMR_Siemens_113,10,2.3049,1.2375,0.0866,8.0415,0.1148,17.0809
fCMR_Siemens_027,10,2.478,2.0486,0.1889,0.768,0.2139,4.3729
fCMR_Siemens_006,10,2.5688,2.5751,0.2076,1.5652,0.2424,4.8394
fCMR_Siemens_144,10,2.0718,2.6105,0.2158,3.0963,0.2274,7.6959
fCMR_Siemens_068,10,2.6673,3.7995,0.8131,0.8259,0.8204,6.6608
fCMR_Siemens_198,10,0.9859,2.3864,0.2784,1.9764,0.2868,5.6816
fCMR_Siemens_018,11,3.1416,2.0611,0.217,0.3681,0.2302,1.8703
fCMR_Siemens_113,11,1.0035,2.4716,0.1426,10.6404,0.1556,24.1378
fCMR_Siemens_027,11,1.6605,2.7142,0.3448,1.6587,0.385,4.6533
fCMR_Siemens_006,11,3.0044,3.4689,0.2661,2.5906,0.3593,8.1224
fCMR_Siemens_144,11,2.9944,3.2581,0.4351,1.5802,0.965,9.4084
fCMR_Siemens_068,11,2.0229,1.998,0.4856,2.3832,0.5262,8.1364
fCMR_Siemens_198,11,1.8014,2.4232,0.2565,1.0293,0.2723,2.9598
fCMR_Siemens_018,12,2.6803,2.684,0.584,3.8699,0.9568,9.7848
fCMR_Siemens_113,12,3.0276,2.6999,0.1239,7.324,0.1696,16.0151
fCMR_Siemens_027,12,2.9812,1.3195,0.3013,1.4783,0.8299,6.5762
fCMR_Siemens_006,12,2.892,3.1128,0.1694,8.121,0.1948,16.7081
fCMR_Siemens_144,12,0.8524,3.011,0.192,1.7284,0.204,4.5264
fCMR_Siemens_068,12,0.5723,3.1596,0.4798,5.7648,0.4878,13.7001
fCMR_Siemens_198,12,1.2042,0.6203,0.275,2.2182,0.287,4.9862
fCMR_Siemens_018,13,3.1001,1.5231,0.326,2.6707,0.3485,6.0948
fCMR_Siemens_113,13,1.326,2.0492,0.0505,3.9987,0.1172,8.9816
fCMR_Siemens_027,13,2.0498,2.5507,0.2991,1.0412,0.3423,3.529
fCMR_Siemens_006,13,2.9288,1.8507,0.2021,9.3821,0.2595,19.7856
fCMR_Siemens_144,13,1.5865,1.3412,0.2324,4.1916,0.2657,10.9772
fCMR_Siemens_068,13,0.8898,3.0815,0.4538,2.8187,0.8865,8.0139
fCMR_Siemens_198,13,2.2512,1.9814,0.1923,1.9741,0.214,5.6
fCMR_Siemens_018,14,2.6129,2.9887,0.4433,1.2093,0.4588,3.607
fCMR_Siemens_113,14,2.4285,2.3169,0.0757,2.4641,0.1264,7.0599
fCMR_Siemens_027,14,2.8615,3.0603,0.1355,2.2445,0.1597,5.4364
fCMR_Siemens_006,14,3.05,1.8323,0.6673,6.411,1.0966,20.1065
fCMR_Siemens_144,14,0.7463,2.6497,0.198,1.38,0.2185,5.0064
fCMR_Siemens_068,14,2.4915,2.9893,0.6125,3.2442,0.7684,10.5182
fCMR_Siemens_198,14,2.7026,3.1677,0.2469,1.4317,0.2734,3.7764
fCMR_Siemens_018,15,1.3093,2.6505,0.2085,1.5728,0.3554,3.5779
fCMR_Siemens_113,15,3.0318,1.4545,0.1766,10.4901,0.21,22.0372
fCMR_Siemens_027,15,2.1828,1.664,0.2131,0.0421,0.2949,1.6874
fCMR_Siemens_006,15,2.0372,2.2006,0.2189,6.4426,0.2349,13.7923
fCMR_Siemens_144,15,2.9329,2.529,0.2096,0.9154,0.8461,3.6336
fCMR_Siemens_068,15,2.6717,2.8841,0.6176,1.0136,0.6402,4.6455
fCMR_Siemens_198,15,2.1063,3.5235,0.2483,0.1171,0.2778,1.4855
fCMR_Siemens_018,16,2.8493,2.6053,0.3501,0.7806,0.3676,1.996
fCMR_Siemens_113,16,2.9813,2.4242,0.2094,12.8788,0.2413,27.9739
fCMR_Siemens_027,16,3.1118,2.4177,0.356,2.6801,0.377,6.7595
fCMR_Siemens_006,16,2.6184,2.5695,0.0843,5.3454,0.1446,12.3482
fCMR_Siemens_144,16,1.477,2.9198,0.313,2.8592,0.3377,7.2318
fCMR_Siemens_068,16,2.5911,2.2206,0.6885,1.2555,0.6986,6.0136
fCMR_Siemens_198,16,2.8067,2.3632,0.2886,2.2599,0.2981,5.5206
fCMR_Siemens_018,17,3.1059,2.0913,0.364,1.8564,0.3964,7.4664
fCMR_Siemens_113,17,2.9478,2.005,0.0372,3.7655,0.1038,8.724
fCMR_Siemens_027,17,2.2485,2.6442,0.2291,1.6421,0.2984,3.9327
fCMR_Siemens_006,17,1.2741,2.7194,0.7096,2.1697,1.1288,7.5672
fCMR_Siemens_144,17,2.3848,2.6989,0.3379,2.2728,0.3832,6.0292
fCMR_Siemens_068,17,1.9351,2.8141,0.8128,0.6523,0.8851,3.3751
fCMR_Siemens_198,17,2.346,2.8881,0.3593,1.8429,0.3717,4.1814
fCMR_Siemens_018,18,3.0206,2.6229,0.6523,1.4729,1.1676,5.0479
fCMR_Siemens_113,18,3.0954,3.2779,0.0812,10.4237,0.0948,21.5376
fCMR_Siemens_027,18,2.5048,2.8167,0.3474,4.6443,0.3642,13.0985
fCMR_Siemens_006,18,1.8831,2.9773,0.3763,3.1307,0.4966,11.2159
fCMR_Siemens_144,18,1.4594,2.7995,0.1247,2.6168,0.1598,6.7996
fCMR_Siemens_068,18,2.3819,3.0389,0.779,0.444,0.7918,3.0168
fCMR_Siemens_198,18,3.0398,2.7409,0.2577,2.0151,0.2787,5.1046
fCMR_Siemens_018,19,2.0013,2.3013,0.2982,1.2411,0.3461,3.9705
fCMR_Siemens_113,19,3,2.4023,0.1437,12.0911,0.1952,27.1304
fCMR_Siemens_027,19,2.3763,1.9304,0.127,2.075,0.2156,5.3565
fCMR_Siemens_006,19,2.6178,2.9366,0.2025,4.0279,0.2255,9.7994
fCMR_Siemens_144,19,1.8828,2.0755,0.0898,0.9149,0.7274,6.1313
fCMR_Siemens_068,19,0.9968,2.5302,0.607,1.212,0.6226,4.4457
fCMR_Siemens_198,19,2.9908,2.5726,0.1153,0.7132,0.1734,3.0922
fCMR_Siemens_018,20,3.101,2.561,0.2438,2.0458,0.3111,5.7897
fCMR_Siemens_113,20,2.4343,2.3375,0.0629,3.723,0.1148,8.4704
fCMR_Siemens_027,20,2.8176,3.4353,0.3588,4.4902,0.3781,11.816
fCMR_Siemens_006,20,2.769,3.0514,0.2986,1.8638,0.9103,8.2712
fCMR_Siemens_144,20,1.2838,1.9633,0.1928,2.062,0.2386,5.5895
fCMR_Siemens_068,20,2.6859,2.7749,0.6923,0.4855,0.7017,3.2753
fCMR_Siemens_198,20,2.3322,2.1564,0.208,0.6925,0.2382,2.7061
fCMR_Siemens_018,21,2.5937,0.5292,0.4666,0.5237,0.5648,3.6767
fCMR_Siemens_113,21,3.0412,2.3987,0.0219,5.9242,0.1276,13.7587
fCMR_Siemens_027,21,2.5906,2.2903,0.1663,0.7543,0.5344,3.5577
fCMR_Siemens_006,21,1.7936,2.1087,0.1908,4.1859,0.2751,10.756
fCMR_Siemens_144,21,1.775,2.9489,0.1273,1.4915,0.2076,4.7657
fCMR_Siemens_068,21,2.2546,2.9437,0.3679,2.5486,0.4456,8.844
fCMR_Siemens_198,21,2.4948,2.0292,0.252,1.5927,0.2576,4.077
fCMR_Siemens_018,22,2.1347,2.034,0.3318,1.9589,0.3601,6.2402
fCMR_Siemens_113,22,1.5523,1.8928,0.097,5.2753,0.1127,12.668
fCMR_Siemens_027,22,2.8689,2.7349,0.1398,1.8719,0.2139,4.8862
fCMR_Siemens_006,22,1.711,2.3756,0.0633,4.2434,0.1344,11.6908
fCMR_Siemens_144,22,2.639,2.3974,0.1417,0.093,0.7625,5.1508
fCMR_Siemens_068,22,3.0081,2.2715,0.5282,3.3108,0.5476,9.0712
fCMR_Siemens_198,22,1.4319,3.1578,0.2076,1.1305,0.2293,3.2226
fCMR_Siemens_018,23,1.0187,2.5841,0.2938,1.0728,0.3163,3.5455
fCMR_Siemens_113,23,1.7515,2.261,0.0935,6.1193,0.1459,13.4923
fCMR_Siemens_027,23,1.916,1.8615,0.1429,1.8075,0.2004,6.8056
fCMR_Siemens_006,23,2.6023,3.3892,0.8289,2.777,1.2721,12.2697
fCMR_Siemens_144,23,2.3706,3.0276,0.1055,2.0096,0.1379,5.6242
fCMR_Siemens_068,23,2.6483,2.838,0.3715,5.1544,0.4281,13.7975
fCMR_Siemens_198,23,2.7007,2.9163,0.2306,1.2324,0.2436,3.7606
fCMR_Siemens_018,24,1.5799,3.0452,0.3652,1.6256,0.3948,3.8594
fCMR_Siemens_113,24,2.8435,2.1167,0.141,6.5153,0.1629,15.1146
fCMR_Siemens_027,24,1.8045,2.3731,0.2273,1.9844,0.3037,5.6295
fCMR_Siemens_006,24,2.2531,3.1525,0.2991,6.2598,0.7032,16.31
fCMR_Siemens_144,24,2.6494,2.9427,0.072,0.8067,0.3573,4.6844
fCMR_Siemens_068,24,1.3136,1.5997,0.4224,3.2398,0.452,9.02
fCMR_Siemens_198,24,2.9783,0.9499,0.1925,0.9672,0.2027,3.3962
fCMR_Siemens_018,25,2.1181,2.0601,0.2751,1.1464,0.3243,3.481
fCMR_Siemens_113,25,0.9723,1.3809,0.0737,7.2961,0.1185,16.4485
fCMR_Siemens_027,25,2.3456,3.1296,0.2693,0.9077,0.2843,4.2761
fCMR_Siemens_006,25,1.5367,2.7396,0.3389,0.572,0.8084,6.7389
fCMR_Siemens_144,25,1.2567,1.4938,0.1743,2.5586,0.2011,6.1135
fCMR_Siemens_068,25,1.235,2.7999,0.7926,0.2456,0.8164,2.8942
fCMR_Siemens_198,25,2.0643,1.8161,0.2323,1.2277,0.2425,3.3302
fCMR_Siemens_018,26,1.3157,2.6456,0.1328,1.7995,0.1913,5.1054
fCMR_Siemens_113,26,2.7672,2.5346,0.0741,5.55,0.142,12.7685
fCMR_Siemens_027,26,2.4685,2.7343,0.1777,1.0832,0.3038,6.9019
fCMR_Siemens_006,26,2.4882,2.0883,2.9416,4.9966,1.9084,16.2825
fCMR_Siemens_144,26,2.1237,2.2949,0.1078,3.2142,0.3544,9.2075
fCMR_Siemens_068,26,2.8925,1.7255,0.5977,1.3528,0.6017,3.9154
fCMR_Siemens_198,26,1.9878,2.8874,0.2739,0.9077,0.2999,3.7639
fCMR_Siemens_018,27,1.5687,2.7388,0.4628,1.5428,0.4677,4.277
fCMR_Siemens_113,27,1.4535,2.4271,0.0599,4.8085,0.1302,10.5926
fCMR_Siemens_027,27,1.1276,2.7093,0.2642,2.3267,0.2846,5.344
fCMR_Siemens_006,27,1.9528,0.7843,0.1828,5.1833,0.2294,11.6486
fCMR_Siemens_144,27,1.3717,0.7612,0.19,2.5432,0.2127,6.4084
fCMR_Siemens_068,27,1.7233,2.5326,0.7699,0.302,0.8067,3.2811
fCMR_Siemens_198,27,3.0884,1.2515,0.2028,2.6352,0.2138,5.676
fCMR_Siemens_018,28,2.9169,2.2641,0.3442,0.7317,0.3819,2.5661
fCMR_Siemens_113,28,2.2551,1.1732,0.1217,9.0993,0.1439,19.074
fCMR_Siemens_027,28,1.9134,2.1414,0.3013,2.6633,0.3178,8.6115
fCMR_Siemens_006,28,1.621,1.8878,0.1825,7.5484,0.2707,17.1202
fCMR_Siemens_144,28,3.0464,2.29,0.3407,2.0702,0.9072,7.4706
fCMR_Siemens_068,28,3.0011,3.5164,0.6075,1.2222,0.6172,3.8955
fCMR_Siemens_198,28,2.4313,3.2521,0.2487,1.6225,0.2784,3.9738
fCMR_Siemens_018,29,2.9371,3.8883,0.4542,3.1703,1.1142,8.8968
fCMR_Siemens_113,29,1.6392,3.1828,0.0933,6.7711,0.1227,15.7742
fCMR_Siemens_027,29,2.6518,3.3619,0.1344,1.1642,0.3273,5.6362
fCMR_Siemens_006,29,2.8942,3.1191,0.3557,0.8619,0.499,5.9902
fCMR_Siemens_144,29,1.8651,2.9115,0.1121,2.1454,0.1784,5.9373
fCMR_Siemens_068,29,3.0276,3.0457,0.5464,0.276,0.5682,2.266
fCMR_Siemens_198,29,1.5363,3.1075,0.2109,0.6005,0.2241,2.9426
fCMR_Siemens_018,30,2.9117,3.3295,0.3625,2.066,0.747,5.1925
fCMR_Siemens_113,30,2.9436,1.8089,0.1769,12.1764,0.2016,26.4656
fCMR_Siemens_027,30,0.8878,2.7433,0.2487,0.8449,0.3386,4.4726
fCMR_Siemens_006,30,2.1198,0.489,0.2213,3.5242,0.2685,8.8901
fCMR_Siemens_144,30,2.6745,2.0116,0.2634,4.1622,0.2684,9.7429
fCMR_Siemens_068,30,3.0254,1.8133,0.2594,3.4018,0.2891,9.0821
fCMR_Siemens_198,30,1.7987,2.0138,0.1885,1.2705,0.1983,3.0986
fCMR_Siemens_018,31,2.8737,2.794,0.3054,1.1659,0.334,3.6726
fCMR_Siemens_113,31,2.5765,2.086,0.1109,3.1642,0.1397,7.4538
fCMR_Siemens_027,31,2.5915,0.2368,0.3008,1.3679,0.3187,5.7356
fCMR_Siemens_006,31,3.069,2.7241,0.3082,4.2766,0.8271,12.3501
fCMR_Siemens_144,31,2.3907,3.9404,0.1111,0.1137,0.3256,1.3628
fCMR_Siemens_068,31,2.1639,2.918,0.8224,0.2171,0.8281,1.4848
fCMR_Siemens_198,31,2.5281,1.3241,0.2529,1.3608,0.2685,3.8614
fCMR_Siemens_018,32,3.0581,2.688,0.1943,0.9798,0.2501,3.544
fCMR_Siemens_113,32,1.7888,2.7443,0.0997,5.7959,0.1338,13.3824
fCMR_Siemens_027,32,2.5548,2.8747,0.2945,1.3009,0.3564,5.1452
fCMR_Siemens_006,32,2.9178,2.8518,0.2174,5.0939,0.29,13.6657
fCMR_Siemens_144,32,2.4055,1.7805,0.1431,2.5868,0.149,6.0052
fCMR_Siemens_068,32,2.3264,2.3596,0.7375,4.5332,0.7528,13.9096
fCMR_Siemens_198,32,1.2908,2.6499,0.2953,1.5416,0.3156,4.8366
fCMR_Siemens_018,33,1.8664,3.0474,0.5261,1.606,0.5361,4.5555
fCMR_Siemens_113,33,2.7027,2.9494,0.0722,8.944,0.1095,19.2003
fCMR_Siemens_027,33,2.6554,0.5593,0.1496,1.7278,0.2553,5.3559
fCMR_Siemens_006,33,1.3358,2.7896,0.8942,0.4305,1.3383,6.7732
fCMR_Siemens_144,33,2.0391,2.3985,0.1541,3.3665,0.1724,7.504
fCMR_Siemens_068,33,1.3154,3.83,0.4639,4.3205,0.5029,12.6724
fCMR_Siemens_198,33,2.7254,2.5748,0.1823,1.0908,0.2169,3.055
fCMR_Siemens_018,34,2.4187,1.8465,0.2473,0.6634,0.2607,2.5682
fCMR_Siemens_113,34,1.6994,2.888,0.0469,7.4795,0.0784,15.8136
fCMR_Siemens_027,34,1.9415,0.6014,0.2447,3.6378,0.2998,9.7062
fCMR_Siemens_006,34,1.4279,1.8978,0.1481,2.6893,0.2091,7.7741
fCMR_Siemens_144,34,1.3216,1.8861,0.175,1.7808,0.2502,6.2146
fCMR_Siemens_068,34,2.1782,2.4025,0.3463,3.2645,0.3766,8.852
fCMR_Siemens_198,34,2.7312,1.1687,0.2136,1.5312,0.2288,4.1167
fCMR_Siemens_018,35,1.6273,3.0746,0.3049,1.811,0.319,5.0768
fCMR_Siemens_113,35,1.9824,1.9487,0.0639,7.5376,0.1156,15.6121
fCMR_Siemens_027,35,1.9163,2.0588,0.4073,3.5468,0.4462,8.0795
fCMR_Siemens_006,35,2.2833,2.0026,0.1605,3.6507,0.2113,10.5538
fCMR_Siemens_144,35,2.3504,2.5343,0.2788,1.3936,0.3453,4.5207
fCMR_Siemens_068,35,2.4089,2.1113,0.7574,1.2908,0.7714,3.7022
fCMR_Siemens_198,35,2.3849,1.6664,0.1916,1.1121,0.2217,2.8696
fCMR_Siemens_018,36,2.6071,2.2372,0.3395,1.8899,0.7549,5.3125
fCMR_Siemens_113,36,1.5838,1.4161,0.0813,6.3883,0.1148,14.204
fCMR_Siemens_027,36,1.881,2.7293,0.2181,2.8127,0.2897,8.1606
fCMR_Siemens_006,36,2.4699,2.1522,0.4031,3.6257,0.9163,11.8632
fCMR_Siemens_144,36,0.9775,2.7204,0.1441,0.6689,0.1808,3.4253
fCMR_Siemens_068,36,2.885,2.6887,0.3527,6.9068,0.3901,17.2829
fCMR_Siemens_198,36,1.1811,3.3919,0.2916,1.6865,0.3056,4.3322
fCMR_Siemens_018,37,3.0948,1.3257,0.3981,1.3852,0.4064,4.2306
fCMR_Siemens_113,37,0.9389,2.3621,0.0502,10.1181,0.0963,21.4425
fCMR_Siemens_027,37,1.1288,2.5753,0.1067,0.9572,0.2587,6.2646
fCMR_Siemens_006,37,2.5465,2.3515,0.6945,4.4159,1.3042,14.2227
fCMR_Siemens_144,37,2.4426,1.9922,0.2048,1.7015,0.2619,5.1151
fCMR_Siemens_068,37,1.4556,2.0258,0.694,3.591,0.7356,11.5529
fCMR_Siemens_198,37,2.5518,2.4928,0.1882,0.709,0.2,2.2674
fCMR_Siemens_018,38,2.9073,2.7932,0.4426,1.6221,0.9582,4.8139
fCMR_Siemens_113,38,3.0912,2.6596,0.1246,9.2325,0.145,19.5006
fCMR_Siemens_027,38,3.0813,1.5018,0.2642,1.3285,0.4028,4.8941
fCMR_Siemens_006,38,2.5116,0.8084,0.0531,4.0086,0.1745,8.4914
fCMR_Siemens_144,38,1.3332,2.48,0.15,4.2507,0.1754,9.67
fCMR_Siemens_068,38,2.1982,1.8302,0.4082,1.0283,0.4252,3.4152
fCMR_Siemens_198,38,2.537,3.5928,0.1911,1.3532,0.2363,3.9598
fCMR_Siemens_018,39,2.4095,2.479,0.2521,0.423,0.2783,1.7171
fCMR_Siemens_113,39,2.4002,2.533,0.0722,9.7769,0.1418,20.333
fCMR_Siemens_027,39,1.4451,2.3478,0.229,0.3185,0.2488,1.8384
fCMR_Siemens_006,39,0.7235,2.4725,0.221,5.5637,0.2716,12.5578
fCMR_Siemens_144,39,1.9074,1.1868,0.2081,1.6236,0.2322,4.0181
fCMR_Siemens_068,39,1.176,2.9138,0.5329,2.3631,0.56,6.6083
fCMR_Siemens_198,39,2.253,0.9411,0.1876,1.827,0.1993,4.5449
fCMR_Siemens_018,40,1.9991,2.0996,0.4035,0.5578,0.4119,3.4824
fCMR_Siemens_113,40,0.9794,3.5949,0.1206,13.8465,0.1743,31.5634
fCMR_Siemens_027,40,2.8451,3.2763,0.3674,3.0771,0.3854,10.4776
fCMR_Siemens_006,40,1.8275,2.1036,0.1805,9.3264,0.1945,19.8725
fCMR_Siemens_144,40,1.7933,1.8137,0.17,2.5821,0.2488,7.5845
fCMR_Siemens_068,40,2.4258,2.8762,0.7174,1.7598,0.7386,4.9285
fCMR_Siemens_198,40,1.7275,1.9008,0.2119,0.8676,0.2368,3.0095
fCMR_Siemens_018,41,1.7687,2.7078,0.2089,1.408,0.3086,6.1587
fCMR_Siemens_113,41,3.0574,2.0044,0.0556,5.1402,0.1256,10.8269
fCMR_Siemens_027,41,2.6144,3.0524,0.2941,0.7796,0.3588,3.3436
fCMR_Siemens_006,41,2.7747,2.9518,0.1497,4.5691,0.2005,11.4339
fCMR_Siemens_144,41,2.5366,3.1238,0.3826,0.9433,0.8711,6.7236
fCMR_Siemens_068,41,2.1055,2.9712,0.4115,4.981,0.4538,15.0978
fCMR_Siemens_198,41,2.2743,3.8973,0.2446,1.9859,0.2535,5.3246
fCMR_Siemens_018,42,3.0802,3.0268,0.3272,1.4763,0.3513,4.4516
fCMR_Siemens_113,42,1.6238,1.2684,0.1855,5.6962,0.2088,12.4752
fCMR_Siemens_027,42,2.1522,2.9904,0.1167,0.4778,0.2219,5.7946
fCMR_Siemens_006,42,2.3391,2.3146,0.4622,1.82,0.8431,6.7974
fCMR_Siemens_144,42,3.0659,1.6951,0.0716,3.5469,0.1137,8.535
fCMR_Siemens_068,42,2.9379,3.2504,0.7611,1.0138,0.7647,2.806
fCMR_Siemens_198,42,3.0427,1.259,0.1558,1.4221,0.2506,3.7846
fCMR_Siemens_018,43,2.0591,2.1164,0.2872,1.0482,0.3063,2.8594
fCMR_Siemens_113,43,2.8876,3.0975,0.1409,9.5867,0.1809,20.0098
fCMR_Siemens_027,43,1.9143,1.6371,0.2476,1.5404,0.3636,7.1228
fCMR_Siemens_006,43,3.0643,2.4084,0.3707,7.1084,0.3834,14.5233
fCMR_Siemens_144,43,2.7073,1.3698,0.1054,1.2714,0.2819,4.2591
fCMR_Siemens_068,43,0.8531,1.9193,0.6062,2.6537,0.6353,8.0159
fCMR_Siemens_198,43,2.4294,2.4157,0.2074,1.5597,0.2275,4.9022
fCMR_Siemens_018,44,1.765,2.0651,0.4492,4.0789,1.3647,9.4027
fCMR_Siemens_113,44,1.871,3.288,0.1328,8.8877,0.1499,19.1764
fCMR_Siemens_027,44,2.5158,3.0914,0.1739,2.2684,0.2614,7.1293
fCMR_Siemens_006,44,2.696,1.7515,0.1041,2.6361,0.5407,8.907
fCMR_Siemens_144,44,1.8818,1.3882,0.157,1.5588,0.2385,4.9503
fCMR_Siemens_068,44,3.0189,2.6191,0.564,0.8736,0.5853,3.8383
fCMR_Siemens_198,44,2.6007,1.6257,0.2025,1.818,0.2273,4.6378
fCMR_Siemens_018,45,2.9295,2.0472,0.4131,1.2436,0.6909,4.4316
fCMR_Siemens_113,45,2.8438,2.9065,0.047,7.854,0.1178,17.0831
fCMR_Siemens_027,45,2.37,2.4447,0.3676,4.9809,0.3838,11.5204
fCMR_Siemens_006,45,2.9264,3.3548,0.4674,5.1003,0.9533,15.878
fCMR_Siemens_144,45,0.9751,3.172,0.1691,2.6672,0.2043,6.7717
fCMR_Siemens_068,45,2.8523,2.0041,0.2715,3.9607,0.3293,9.4144
fCMR_Siemens_198,45,2.8915,3.4231,0.2259,2.1257,0.2731,5.0473
fCMR_Siemens_018,46,1.8111,2.6683,0.4953,2.8766,0.5095,7.3712
fCMR_Siemens_113,46,1.8857,2.1506,0.1034,9.8045,0.1253,20.267
fCMR_Siemens_027,46,2.1297,2.4271,0.1741,2.3764,0.2603,6.4413
fCMR_Siemens_006,46,1.7175,2.3963,0.2246,4.2252,0.2798,10.5617
fCMR_Siemens_144,46,3.0784,2.9839,0.1975,5.2233,0.2075,12.2192
fCMR_Siemens_068,46,2.7243,0.6785,0.5176,0.5688,0.5283,2.3785
fCMR_Siemens_198,46,2.2815,2.957,0.2192,1.1001,0.2472,3.5376
fCMR_Siemens_018,47,2.4918,1.3506,0.3635,1.1185,0.785,3.0063
fCMR_Siemens_113,47,0.8557,3.304,0.0605,6.3089,0.1337,15.6508
fCMR_Siemens_027,47,2.7414,2.8106,0.3132,2.1665,0.3407,7.6207
fCMR_Siemens_006,47,2.9927,2.8678,0.2525,3.4588,0.387,12.3304
fCMR_Siemens_144,47,2.3167,2.6049,0.0858,1.7408,0.1565,5.6161
fCMR_Siemens_068,47,2.7096,1.9059,0.7122,1.0724,0.7497,5.1006
fCMR_Siemens_198,47,2.7993,1.2177,0.2605,1.5138,0.2733,3.5974
fCMR_Siemens_018,48,2.8503,2.4622,0.3023,0.7761,0.3112,3.0493
fCMR_Siemens_113,48,2.5975,2.0246,0.074,6.7046,0.122,15.0661
fCMR_Siemens_027,48,1.3742,2.4912,0.3068,0.9245,0.4274,5.0136
fCMR_Siemens_006,48,1.9441,2.8638,0.463,1.3156,0.4963,7.3201
fCMR_Siemens_144,48,1.386,1.3681,0.0597,1.3747,0.1714,4.3717
fCMR_Siemens_068,48,1.5749,1.8512,0.6109,1.0949,0.6159,3.9648
fCMR_Siemens_198,48,3.0267,2.1957,0.2517,2.6808,0.2645,6.4134
fCMR_Siemens_018,49,1.8246,2.7188,0.4052,1.1039,0.7297,3.6858
fCMR_Siemens_113,49,3.0689,2.734,0.0585,5.7868,0.0795,12.8086
fCMR_Siemens_027,49,3.0574,0.8683,0.2316,1.932,0.3397,6.4798
fCMR_Siemens_006,49,2.3615,2.6669,0.2497,6.029,0.2613,12.756
fCMR_Siemens_144,49,2.1783,3.636,0.2709,0.8902,0.8456,7.3793
fCMR_Siemens_068,49,2.6313,1.899,0.5824,0.9623,0.6116,4.9407
fCMR_Siemens_198,49,2.0642,3.4678,0.2595,1.7652,0.2719,4.3086
fCMR_Siemens_018,50,3.0613,2.6682,0.3188,2.0241,0.3291,5.0032
fCMR_Siemens_113,50,3.1008,2.2315,0.0407,6.2792,0.1172,13.5036
fCMR_Siemens_027,50,2.8653,2.564,0.506,0.4309,0.6018,2.7945
fCMR_Siemens_006,50,1.2675,0.576,0.2067,1.5925,0.7229,10.8514
fCMR_Siemens_144,50,2.6572,1.4822,0.1779,1.7132,0.1939,4.3972
fCMR_Siemens_068,50,3.1378,1.4945,0.7612,1.1392,0.7646,3.9121
fCMR_Siemens_198,50,1.0901,2.7051,0.2789,1.0374,0.2892,2.9108
fCMR_Siemens_018,51,3.0583,2.25,0.6072,1.5411,0.6163,3.7632
fCMR_Siemens_113,51,1.9057,2.6394,0.102,5.8702,0.1277,13.6349
fCMR_Siemens_027,51,2.4619,2.5905,0.0966,1.9704,0.2278,5.8316
fCMR_Siemens_006,51,1.2447,2.6859,0.1314,3.0033,0.1496,7.6008
fCMR_Siemens_144,51,2.6236,3.4425,0.1907,2.362,0.299,7.8735
fCMR_Siemens_068,51,2.7488,2.3855,0.6872,0.391,0.8296,3.7923
fCMR_Siemens_198,51,1.9187,2.658,0.1684,1.1548,0.2191,3.5733
fCMR_Siemens_018,52,2.3734,1.9086,0.4669,1.8499,0.4984,4.9956
fCMR_Siemens_113,52,1.4172,3.2091,0.0542,7.3896,0.1317,16.1231
fCMR_Siemens_027,52,3.0422,2.0461,0.2635,1.3687,0.3061,5.0634
fCMR_Siemens_006,52,1.4267,1.6779,0.1809,3.9067,0.2443,10.0924
fCMR_Siemens_144,52,1.9985,2.558,0.131,0.705,0.7439,4.9788
fCMR_Siemens_068,52,2.9469,2.2776,0.5738,1.0434,0.5892,3.9177
fCMR_Siemens_198,52,1.2527,3.5272,0.1761,1.0142,0.2002,2.9983
fCMR_Siemens_018,53,2.1771,2.7971,0.3475,1.0055,0.3958,4.1331
fCMR_Siemens_113,53,2.2868,2.6606,0.1682,7.1552,0.1787,15.4222
fCMR_Siemens_027,53,0.3992,3.3011,0.2543,2.7288,0.3382,9.816
fCMR_Siemens_006,53,2.3521,3.0604,0.2199,6.3558,0.289,15.2954
fCMR_Siemens_144,53,2.0022,1.8086,0.1837,3.3394,0.1995,7.4991
fCMR_Siemens_068,53,1.8601,2.8622,0.6243,0.4747,0.642,2.2572
fCMR_Siemens_198,53,2.0927,1.7725,0.2221,0.7434,0.2416,3.5004
fCMR_Siemens_018,54,2.0934,2.2755,0.496,1.8018,0.824,5.353
fCMR_Siemens_113,54,1.6581,2.4889,0.0451,6.5332,0.1293,14.3926
fCMR_Siemens_027,54,1.8937,1.8467,0.2108,1.0667,0.2429,4.5789
fCMR_Siemens_006,54,2.1902,2.661,0.2927,2.5368,0.7518,10.4486
fCMR_Siemens_144,54,2.0322,1.5112,0.1892,2.7818,0.2942,9.0921
fCMR_Siemens_068,54,1.9479,2.5302,0.5024,1.3383,0.5183,4.4569
fCMR_Siemens_198,54,2.7178,2.1302,0.152,0.8012,0.1718,2.561
fCMR_Siemens_018,55,2.2576,2.9846,0.2014,1.9552,0.262,5.4624
fCMR_Siemens_113,55,2.5781,0.4253,0.0835,3.8054,0.0991,8.0976
fCMR_Siemens_027,55,2.9783,3.3986,0.2591,4.9764,0.2775,12.1542
fCMR_Siemens_006,55,2.844,2.724,0.2172,4.3056,0.2959,10.3988
fCMR_Siemens_144,55,0.8685,3.084,0.0781,0.1684,0.1737,2.3229
fCMR_Siemens_068,55,1.7489,2.7015,0.4527,2.81,0.4735,7.151
fCMR_Siemens_198,55,3.0963,2.8263,0.2955,0.9602,0.3122,2.7435
fCMR_Siemens_018,56,3.0385,1.4709,0.3437,1.9591,0.3691,5.5834
fCMR_Siemens_113,56,1.1124,2.3702,0.0713,6.703,0.0896,13.9593
fCMR_Siemens_027,56,2.9652,4.0164,0.164,1.1343,0.8246,6.0748
fCMR_Siemens_006,56,2.9991,1.9451,0.3233,5.6005,0.3438,13.2127
fCMR_Siemens_144,56,0.3241,3.6778,0.1217,3.1115,0.1363,8.2783
fCMR_Siemens_068,56,1.8196,1.3204,0.6222,0.1192,0.6359,1.986
fCMR_Siemens_198,56,2.0807,1.8149,0.2572,1.0116,0.2783,3.735
fCMR_Siemens_018,57,1.8197,2.4957,0.2365,1.7047,0.3267,4.344
fCMR_Siemens_113,57,2.1274,2.2411,0.1005,10.2407,0.1481,21.9915
fCMR_Siemens_027,57,1.0192,1.72,0.1766,0.9255,0.2366,4.0844
fCMR_Siemens_006,57,2.4334,2.6471,0.1802,2.1569,0.2461,6.3774
fCMR_Siemens_144,57,3.0557,3.099,0.2192,0.823,0.8663,6.8071
fCMR_Siemens_068,57,2.3805,2.0223,0.5999,1.3172,0.6443,5.5353
fCMR_Siemens_198,57,0.9427,1.2672,0.2807,2.7506,0.3047,7.1313
fCMR_Siemens_018,58,2.7536,1.8149,0.5006,1.4433,0.8798,3.7808
fCMR_Siemens_113,58,2.457,1.9324,0.053,4.1181,0.1246,9.2959
fCMR_Siemens_027,58,2.7442,4.0928,0.1333,5.0345,0.5189,14.3453
fCMR_Siemens_006,58,1.2439,3.0379,0.2994,5.6676,0.3214,13.3
fCMR_Siemens_144,58,3.1063,2.0058,0.1138,1.4357,0.1413,5.4495
fCMR_Siemens_068,58,1.5909,2.5686,0.7718,0.1432,0.7787,1.8867
fCMR_Siemens_198,58,2.9515,2.8021,0.2472,1.3666,0.2581,3.5853
fCMR_Siemens_018,59,3.0995,2.4921,0.4883,1.7565,0.497,3.9577
fCMR_Siemens_113,59,2.6038,2.7136,0.0767,5.7758,0.1505,12.8787
fCMR_Siemens_027,59,2.7222,1.8223,0.2157,0.6541,0.3086,3.8709
fCMR_Siemens_006,59,2.418,2.087,0.2547,3.9394,0.3182,11.2126
fCMR_Siemens_144,59,2.462,1.5418,0.2584,1.3305,0.8179,5.435
fCMR_Siemens_068,59,2.27,2.7018,0.6047,1.1633,0.9285,3.4673
fCMR_Siemens_198,59,2.0585,2.8804,0.2632,1.7232,0.2757,4.5862
fCMR_Siemens_018,60,1.5876,2.4834,0.4594,2.6175,0.4691,6.6198
fCMR_Siemens_113,60,1.4411,1.8352,0.0868,7.3364,0.1284,16.0798
fCMR_Siemens_027,60,1.7018,1.3371,0.2091,4.0498,0.3331,11.3703
fCMR_Siemens_006,60,1.9953,3.0466,0.8868,4.2196,1.2646,12.827
fCMR_Siemens_144,60,2.6291,2.7491,0.212,3.3155,0.267,7.8412
fCMR_Siemens_068,60,2.781,0.6781,0.5552,4.8458,0.5786,11.3012
fCMR_Siemens_198,60,2.224,3.7642,0.1562,0.3685,0.1834,1.9071
fCMR_Siemens_018,61,2.0198,2.842,0.3012,1.6563,0.7301,6.3994
fCMR_Siemens_113,61,2.9599,2.5071,0.0796,8.5574,0.1236,17.8276
fCMR_Siemens_027,61,2.0261,3.3253,0.2139,2.531,0.2707,7.8862
fCMR_Siemens_006,61,1.1682,2.0036,0.2713,4.5907,0.3048,10.7245
fCMR_Siemens_144,61,2.0268,1.4646,0.1439,4.4949,0.1617,11.9326
fCMR_Siemens_068,61,2.9512,1.9919,0.3864,6.8292,0.406,14.566
fCMR_Siemens_198,61,2.7164,3.1574,0.1898,0.7251,0.2301,2.4706
fCMR_Siemens_018,62,2.6035,1.9905,0.3649,0.3592,0.3824,1.6024
fCMR_Siemens_113,62,2.0338,2.122,0.038,5.7455,0.069,12.6718
fCMR_Siemens_027,62,2.837,2.3983,0.1536,0.9495,0.2242,3.3454
fCMR_Siemens_006,62,3.0814,1.2013,0.3364,5.6646,0.3794,13.2261
fCMR_Siemens_144,62,2.2727,2.646,0.1948,1.1351,0.2174,3.9205
fCMR_Siemens_068,62,2.7859,0.9541,0.4732,2.8521,0.4922,7.6413
fCMR_Siemens_198,62,1.5748,2.7939,0.2634,2.2243,0.2887,5.5152
fCMR_Siemens_018,63,1.7259,1.929,0.2706,3.155,0.351,7.1254
fCMR_Siemens_113,63,2.5325,2.1919,0.0769,8.5284,0.1254,19.2432
fCMR_Siemens_027,63,2.8287,2.3844,0.2147,0.2172,0.2493,3.4531
fCMR_Siemens_006,63,2.2021,1.5991,0.1949,4.6809,0.2558,12.9057
fCMR_Siemens_144,63,2.6443,1.615,0.1577,2.4662,0.1929,9.1438
fCMR_Siemens_068,63,2.5224,2.906,0.494,3.1839,0.5058,7.6652
fCMR_Siemens_198,63,2.7927,1.7345,0.1803,1.5784,0.2184,3.8508
fCMR_Siemens_018,64,1.782,1.7904,0.2472,0.9968,0.8489,4.4467
fCMR_Siemens_113,64,1.6274,2.0342,0.0933,4.9119,0.13,12.5369
fCMR_Siemens_027,64,1.1321,2.6499,0.1236,1.4955,0.5944,6.429
fCMR_Siemens_006,64,2.0408,1.7461,0.2016,2.5906,0.2677,7.121
fCMR_Siemens_144,64,0.7096,1.1115,0.0969,0.7253,0.1536,2.9509
fCMR_Siemens_068,64,2.4609,3.245,0.4931,4.259,0.5581,14.4734
fCMR_Siemens_198,64,1.7323,2.8607,0.1991,3.5788,0.2216,7.8341
fCMR_Siemens_018,65,2.5628,2.6617,0.3026,2.5365,0.7616,6.4326
fCMR_Siemens_113,65,2.2531,2.692,0.0549,6.4101,0.1301,14.0675
fCMR_Siemens_027,65,2.928,1.7962,0.312,1.2659,0.3468,6.239
fCMR_Siemens_006,65,1.2733,2.9251,0.2843,6.3436,0.3235,14.3386
fCMR_Siemens_144,65,2.2104,2.9312,0.1139,1.4515,0.158,3.8102
fCMR_Siemens_068,65,3.1006,3.0289,0.3857,4.7573,0.3987,12.5384
fCMR_Siemens_198,65,1.0056,2.5518,0.2255,0.9062,0.2622,3.7774
fCMR_Siemens_018,66,1.8518,1.1388,0.324,1.6211,0.3408,3.9806
fCMR_Siemens_113,66,2.268,2.2335,0.0799,7.8049,0.1245,17.09
fCMR_Siemens_027,66,2.1766,1.0134,0.4203,1.6418,0.4711,6.2526
fCMR_Siemens_006,66,0.8465,3.0793,0.2385,0.8806,0.7821,5.2
fCMR_Siemens_144,66,2.8578,3.0135,0.2108,0.851,0.8033,4.9004
fCMR_Siemens_068,66,2.2279,2.2468,0.4536,2.7496,0.6036,8.0951
fCMR_Siemens_198,66,2.9177,2.6405,0.1461,1.2856,0.1858,3.2516
fCMR_Siemens_018,67,2.2945,0.8348,0.3593,1.1678,0.4161,3.811
fCMR_Siemens_113,67,2.7537,2.1915,0.043,5.5623,0.1347,12.2456
fCMR_Siemens_027,67,2.8667,2.4063,0.1163,1.6492,0.2574,6.1471
fCMR_Siemens_006,67,1.4589,1.3446,0.4874,5.0453,0.6076,13.6148
fCMR_Siemens_144,67,1.0218,2.5216,0.142,1.5124,0.1631,4.7395
fCMR_Siemens_068,67,3.0662,3.248,0.4942,5.8916,0.5933,17.3865
fCMR_Siemens_198,67,2.3014,2.314,0.1773,1.7938,0.2255,4.4933
fCMR_Siemens_018,68,2.6694,2.3723,0.2347,0.5209,0.28,3.3782
fCMR_Siemens_113,68,2.2771,1.9537,0.0698,6.2782,0.1612,13.5606
fCMR_Siemens_027,68,2.2822,3.3795,0.1444,0.0899,0.2178,1.6188
fCMR_Siemens_006,68,2.9862,2.5224,0.1669,0.4538,0.7378,2.1375
fCMR_Siemens_144,68,0.9253,2.6494,0.1902,0.7256,0.605,4.8868
fCMR_Siemens_068,68,2.5849,1.608,0.4393,3.2935,0.4546,9.7244
fCMR_Siemens_198,68,2.6194,1.5176,0.2853,1.6111,0.3009,4.5196
fCMR_Siemens_018,69,3.1092,3.5257,0.309,1.4062,0.3233,3.3795
fCMR_Siemens_113,69,1.4625,0.996,0.0636,4.1993,0.1598,9.9293
fCMR_Siemens_027,69,2.6078,2.2448,0.2792,6.3648,0.3677,13.8659
fCMR_Siemens_006,69,1.7247,3.146,0.2196,5.6915,0.2719,12.659
fCMR_Siemens_144,69,2.0852,2.5748,0.1789,0.019,0.7566,2.0376
fCMR_Siemens_068,69,1.5919,1.5041,0.4746,4.4844,0.4895,11.3284
fCMR_Siemens_198,69,2.878,2.8026,0.2343,2.7609,0.2506,6.3796
fCMR_Siemens_018,70,2.7862,1.7199,0.4785,2.9459,0.4844,7.3606
fCMR_Siemens_113,70,1.8995,2.9833,0.1168,2.7894,0.1572,7.3488
fCMR_Siemens_027,70,2.8425,1.7893,0.2077,0.3932,0.2968,2.6743
fCMR_Siemens_006,70,1.2655,1.4225,0.0787,2.9364,0.1668,7.6764
fCMR_Siemens_144,70,3.073,1.9886,0.4499,1.4353,0.6213,8.0898
fCMR_Siemens_068,70,1.4002,0.6963,0.4426,4.3117,0.5057,11.2706
fCMR_Siemens_198,70,2.9033,1.1506,0.2568,1.9014,0.2827,4.5009
fCMR_Siemens_018,71,2.7617,1.3919,0.452,3.6533,0.9637,10.9003
fCMR_Siemens_113,71,2.3196,2.0665,0.1086,6.8391,0.1264,14.7136
fCMR_Siemens_027,71,2.3473,2.642,0.278,2.0587,0.3307,5.8782
fCMR_Siemens_006,71,2.3867,3.5533,0.4365,2.8858,0.6737,8.1626
fCMR_Siemens_144,71,2.3608,2.7327,0.2384,1.9129,0.2656,5.9354
fCMR_Siemens_068,71,2.6057,2.7448,0.7099,1.7338,0.7381,4.5512
fCMR_Siemens_198,71,2.8338,2.8312,0.2064,0.7358,0.2221,2.8194
fCMR_Siemens_018,72,2.5589,2.3399,0.2106,1.7084,0.2484,5.0004
fCMR_Siemens_113,72,2.0675,2.7285,0.0768,2.27,0.1195,5.6426
fCMR_Siemens_027,72,1.1896,3.6029,0.1383,0.2801,0.3505,3.0826
fCMR_Siemens_006,72,3.0171,3.4764,0.8749,2.0156,1.0534,10.6738
fCMR_Siemens_144,72,2.3818,2.7279,0.1277,3.0412,0.1396,8.3105
fCMR_Siemens_068,72,2.8006,2.8734,0.895,0.168,1.1866,2.921
fCMR_Siemens_198,72,2.3092,1.6423,0.218,0.714,0.2404,1.7636
fCMR_Siemens_018,73,2.8367,2.2496,0.2856,0.9785,0.2929,3.0224
fCMR_Siemens_113,73,2.9165,1.0552,0.0458,10.8962,0.0991,23.6078
fCMR_Siemens_027,73,2.5631,2.4298,0.1998,5.6716,0.2254,15.6494
fCMR_Siemens_006,73,1.4676,1.5653,0.2606,8.1222,0.3105,19.1658
fCMR_Siemens_144,73,1.8474,1.2132,0.0898,1.4355,0.1617,4.8037
fCMR_Siemens_068,73,2.2993,1.6658,0.3561,3.4518,0.4165,9.0944
fCMR_Siemens_198,73,1.6012,1.8722,0.2333,2.4273,0.2483,6.2695
fCMR_Siemens_018,74,2.0715,3.3826,0.3396,2.1925,0.3917,6.8094
fCMR_Siemens_113,74,2.7012,2.6704,0.0804,7.3267,0.1038,15.4148
fCMR_Siemens_027,74,1.9777,2.3759,0.1675,0.6678,0.2246,3.0118
fCMR_Siemens_006,74,1.8386,2.4753,0.1002,4.2825,0.1563,9.2796
fCMR_Siemens_144,74,2.1109,1.4071,0.1561,2.1469,0.1828,5.4465
fCMR_Siemens_068,74,2.8568,2.456,0.6643,2.8997,0.6808,8.7815
fCMR_Siemens_198,74,1.8196,2.607,0.2351,1.3177,0.2785,4.4216
fCMR_Siemens_018,75,2.6818,1.5385,0.2895,2.1664,0.3268,5.5123
fCMR_Siemens_113,75,2.843,3.5227,0.1197,3.71,0.1697,9.8455
fCMR_Siemens_027,75,0.6085,1.5739,0.1928,1.3407,0.2375,5.026
fCMR_Siemens_006,75,2.0655,2.4622,0.2179,4.984,0.2896,15.7754
fCMR_Siemens_144,75,1.9005,2.3741,0.1701,1.5768,0.1963,5.4877
fCMR_Siemens_068,75,1.0455,3.4435,0.3915,5.3619,0.417,12.3078
fCMR_Siemens_198,75,2.1947,1.7261,0.219,1.0603,0.2359,3.2586
fCMR_Siemens_018,76,3.1124,3.2009,0.1824,1.2215,0.3931,4.9607
fCMR_Siemens_113,76,2.4175,2.5033,0.0917,12.6268,0.131,26.4385
fCMR_Siemens_027,76,2.4702,1.98,0.2704,0.5424,0.4171,5.6991
fCMR_Siemens_006,76,2.3957,2.8308,0.1227,5.2411,0.1782,11.6598
fCMR_Siemens_144,76,2.2944,2.0096,0.1845,1.2307,0.7862,7.8614
fCMR_Siemens_068,76,3.0473,1.8819,0.6244,5.6693,0.659,13.679
fCMR_Siemens_198,76,2.1195,3.2279,0.2579,1.3964,0.2813,3.8104
fCMR_Siemens_018,77,0.7514,2.3761,0.3863,1.6315,0.3987,4.6799
fCMR_Siemens_113,77,2.6988,1.8163,0.1605,8.104,0.2229,19.1932
fCMR_Siemens_027,77,2.4055,2.098,0.1962,2.9629,0.2384,9.6056
fCMR_Siemens_006,77,1.2586,2.0002,0.2278,2.4923,0.251,5.8309
fCMR_Siemens_144,77,2.817,3.0054,0.113,0.8948,0.2095,2.9106
fCMR_Siemens_068,77,1.401,3.0418,0.4945,3.8539,0.5102,10.429
fCMR_Siemens_198,77,1.61,1.7062,0.2619,2.3001,0.2807,5.6275
fCMR_Siemens_018,78,2.4914,2.6742,0.5072,1.0931,0.5391,3.0814
fCMR_Siemens_113,78,1.751,1.9863,0.0587,9.7962,0.1127,20.923
fCMR_Siemens_027,78,2.8015,0.836,0.1356,0.3625,0.2046,2.4001
fCMR_Siemens_006,78,2.7067,1.8212,0.1984,3.5113,0.2282,9.604
fCMR_Siemens_144,78,1.8974,3.0718,0.1717,2.4764,0.2017,6.557
fCMR_Siemens_068,78,2.5027,2.9824,0.7593,0.1887,0.7689,1.4672
fCMR_Siemens_198,78,1.4382,2.3206,0.2487,1.8789,0.2756,5.2181
fCMR_Siemens_018,79,3.059,2.6385,0.1931,1.9944,0.2314,4.8394
fCMR_Siemens_113,79,0.5121,1.3288,0.0448,7.3383,0.1074,16.7551
fCMR_Siemens_027,79,1.7119,1.5556,0.208,1.2231,0.2226,3.9142
fCMR_Siemens_006,79,1.7325,2.4835,0.2213,3.8448,0.2945,10.1855
fCMR_Siemens_144,79,1.0566,2.6677,0.1766,1.7982,0.2056,4.5863
fCMR_Siemens_068,79,2.6577,2.3063,0.8331,3.425,0.8595,12.1868
fCMR_Siemens_198,79,1.6077,2.8726,0.2693,0.9294,0.2835,2.4623
fCMR_Siemens_018,80,2.6076,3.5432,0.2785,0.6988,0.2911,2.5617
fCMR_Siemens_113,80,2.0306,3.0579,0.1152,1.4016,0.1461,4.5573
fCMR_Siemens_027,80,3.0164,2.7539,0.3283,2.7921,0.5374,8.1287
fCMR_Siemens_006,80,1.4015,2.8191,0.3705,0.5733,0.4664,2.7688
fCMR_Siemens_144,80,2.4868,2.9589,0.2314,2.5779,0.2374,6.3462
fCMR_Siemens_068,80,2.9238,2.6758,0.707,2.7484,0.7442,8.3278
fCMR_Siemens_198,80,1.8792,2.3894,0.3963,0.5384,0.4313,3.4452
fCMR_Siemens_018,81,1.8391,2.6569,0.3758,1.4188,0.3946,3.8831
fCMR_Siemens_113,81,2.9471,2.9527,0.1423,9.7104,0.1744,20.8878
fCMR_Siemens_027,81,2.965,1.138,0.2469,1.3194,0.298,6.0122
fCMR_Siemens_006,81,2.2706,1.8372,0.1891,2.1168,0.7466,12.1243
fCMR_Siemens_144,81,2.2284,1.5921,0.057,2.0701,0.1299,5.7674
fCMR_Siemens_068,81,2.3315,1.6729,0.5643,1.8799,0.5726,5.3594
fCMR_Siemens_198,81,1.8542,1.7479,0.2251,0.7078,0.2616,2.3314
fCMR_Siemens_018,82,2.9718,2.6705,0.5806,1.5672,0.5834,3.9693
fCMR_Siemens_113,82,1.7975,3.3233,0.0968,5.0046,0.1173,10.7488
fCMR_Siemens_027,82,3.0209,3.7588,0.1327,0.6045,0.2309,2.672
fCMR_Siemens_006,82,2.7236,3.2826,0.1908,4.5073,0.2547,12.0329
fCMR_Siemens_144,82,1.3152,2.4999,0.2736,2.5798,0.7851,10.524
fCMR_Siemens_068,82,1.6747,2.2198,0.4828,2.2876,0.5285,8.0714
fCMR_Siemens_198,82,2.9472,1.1247,0.2501,2.7095,0.2623,6.1979
fCMR_Siemens_018,83,0.8734,1.4147,0.2896,2.0391,0.3607,5.7513
fCMR_Siemens_113,83,2.0414,2.4403,0.0444,6.4757,0.0889,13.9639
fCMR_Siemens_027,83,1.6813,2.4097,0.2609,2.6052,0.295,8.8618
fCMR_Siemens_006,83,2.2007,2.7627,0.2063,2.6946,0.7996,10.0773
fCMR_Siemens_144,83,1.4759,2.0494,0.1565,1.4459,0.2279,6.2687
fCMR_Siemens_068,83,2.3497,3.3004,0.5713,1.2427,0.592,4.1163
fCMR_Siemens_198,83,1.7753,2.4735,0.2189,2.2149,0.2803,5.731
fCMR_Siemens_018,84,2.1667,2.7955,0.3603,1.1902,0.3695,4.0308
fCMR_Siemens_113,84,1.9079,2.8781,0.0589,4.7544,0.1061,10.2358
fCMR_Siemens_027,84,1.2899,2.2752,0.1993,1.2462,0.2569,4.3693
fCMR_Siemens_006,84,2.3801,1.2423,0.2724,4.4465,0.345,11.251
fCMR_Siemens_144,84,2.5792,3.3749,0.3572,0.3313,1.0384,4.4675
fCMR_Siemens_068,84,1.335,3.0605,0.2818,3.7766,0.3163,9.1863
fCMR_Siemens_198,84,2.5871,2.6432,0.2704,1.8244,0.2814,3.969
fCMR_Siemens_018,85,2.4638,2.2616,0.2657,1.5525,0.2742,4.3218
fCMR_Siemens_113,85,2.9486,1.1198,0.0902,12.2334,0.1467,25.518
fCMR_Siemens_027,85,2.8528,1.7819,0.2361,1.776,0.2741,4.8054
fCMR_Siemens_006,85,1.8675,2.9281,0.2494,3.4998,0.2549,8.7292
fCMR_Siemens_144,85,2.6581,2.4464,0.0697,1.9374,0.0996,4.4556
fCMR_Siemens_068,85,1.3185,3.0539,0.5583,3.1579,0.6418,11.4855
fCMR_Siemens_198,85,3.0298,2.8849,0.1623,1.4217,0.1916,3.6835
fCMR_Siemens_018,86,1.8886,3.3924,0.5566,1.5344,0.5599,3.9493
fCMR_Siemens_113,86,2.6128,2.7592,0.055,5.428,0.126,12.5188
fCMR_Siemens_027,86,1.2561,1.5766,0.2581,0.9606,0.3044,3.9164
fCMR_Siemens_006,86,2.2925,2.4879,0.1605,6.59,0.2715,18.0357
fCMR_Siemens_144,86,3.0045,2.2775,0.1372,2.0231,0.1689,4.8528
fCMR_Siemens_068,86,2.6674,0.9269,0.7435,1.3108,0.7596,4.787
fCMR_Siemens_198,86,1.9757,1.4091,0.2314,1.1676,0.2757,4.2868
fCMR_Siemens_018,87,2.0454,2.6817,0.4093,0.6452,0.436,2.7686
fCMR_Siemens_113,87,1.711,2.135,0.0588,4.7924,0.1104,10.6762
fCMR_Siemens_027,87,2.7868,2.8384,0.2072,0.8622,0.8281,7.9479
fCMR_Siemens_006,87,2.5605,2.0948,0.2088,5.3444,0.2539,11.8067
fCMR_Siemens_144,87,2.8562,2.7364,0.1875,1.1562,0.2381,3.5927
fCMR_Siemens_068,87,3.1155,2.5301,0.3761,4.817,0.5061,12.4312
fCMR_Siemens_198,87,1.5914,2.9469,0.2218,0.84,0.2596,3.0641
fCMR_Siemens_018,88,2.4343,2.8781,0.3834,2.3265,0.4401,6.0945
fCMR_Siemens_113,88,2.027,1.1854,0.0803,8.8269,0.1323,19.1406
fCMR_Siemens_027,88,0.9276,2.2432,0.2688,1.9213,0.2876,6.26
fCMR_Siemens_006,88,1.3543,2.3451,0.2346,3.1349,0.3108,8.8492
fCMR_Siemens_144,88,1.2152,3.1231,0.1905,1.7233,0.2308,5.9409
fCMR_Siemens_068,88,2.5625,3.153,0.5834,3.3125,0.6147,10.3208
fCMR_Siemens_198,88,2.6056,3.3671,0.2064,0.7803,0.2258,2.4512
fCMR_Siemens_018,89,2.7184,2.9672,0.3614,1.5984,0.3759,5.0227
fCMR_Siemens_113,89,2.6784,2.8849,0.0702,4.9286,0.1039,11.0255
fCMR_Siemens_027,89,2.3782,2.102,0.3061,1.0439,0.3179,4.1242
fCMR_Siemens_006,89,1.5882,2.3784,0.2299,6.4125,0.2664,14.3762
fCMR_Siemens_144,89,1.0598,2.2831,0.1361,2.0691,0.1633,5.5036
fCMR_Siemens_068,89,2.9011,2.9146,0.3714,3.8017,0.9276,11.3986
fCMR_Siemens_198,89,0.6226,2.4385,0.2719,1.0967,0.3144,3.6628
fCMR_Siemens_018,90,1.651,2.1845,0.7182,3.1516,0.7426,7.3462
fCMR_Siemens_113,90,2.1681,1.9564,0.1008,4.4312,0.1268,10.0886
fCMR_Siemens_027,90,2.0125,2.3237,0.2553,1.7774,0.2994,7.0279
fCMR_Siemens_006,90,3.098,2.3142,0.2227,6.0775,0.2678,15.3981
fCMR_Siemens_144,90,1.5577,3.4873,0.1173,0.0281,0.7248,4.5591
fCMR_Siemens_068,90,0.484,2.213,0.6984,0.7414,0.713,5.0412
fCMR_Siemens_198,90,1.7927,2.2686,0.1462,0.7843,0.2089,2.8364
fCMR_Siemens_018,91,2.7143,2.43,0.2499,1.6225,0.2875,4.5595
fCMR_Siemens_113,91,2.4812,3.2613,0.1411,4.742,0.1622,11.9513
fCMR_Siemens_027,91,2.3036,2.6004,0.3166,3.8886,0.3387,10.4378
fCMR_Siemens_006,91,2.8245,0.6826,0.263,4.8823,0.7949,12.4987
fCMR_Siemens_144,91,1.4851,2.336,0.1409,1.2249,0.1958,6.027
fCMR_Siemens_068,91,2.6909,3.1659,0.5398,4.6066,0.556,10.539
fCMR_Siemens_198,91,3.1374,2.4757,0.2273,1.028,0.2429,3.7087
fCMR_Siemens_018,92,2.0658,3.5908,0.1841,3.9722,0.3353,11.9679
fCMR_Siemens_113,92,3.0769,3.2355,0.0811,1.9842,0.1518,6.5549
fCMR_Siemens_027,92,2.3619,2.9654,0.1763,2.7292,0.2262,6.7316
fCMR_Siemens_006,92,2.3058,1.6474,0.2734,3.2987,0.3134,7.5406
fCMR_Siemens_144,92,2.5815,2.5908,0.069,1.1176,0.1556,4.3061
fCMR_Siemens_068,92,2.6556,1.6376,0.6934,1.4207,0.727,6.2053
fCMR_Siemens_198,92,2.3785,1.3706,0.2174,0.6547,0.2351,2.6997
fCMR_Siemens_018,93,2.3527,1.9106,0.2428,1.3911,0.2629,3.946
fCMR_Siemens_113,93,3.1145,3.2993,0.0301,8.1398,0.075,18.2009
fCMR_Siemens_027,93,1.562,0.8783,0.1946,0.6773,0.2988,3.5224
fCMR_Siemens_006,93,1.6731,1.262,0.1998,4.0767,0.2251,9.457
fCMR_Siemens_144,93,3.1415,2.0339,0.1234,4.4567,0.1512,10.8826
fCMR_Siemens_068,93,0.5241,1.4088,0.5128,1.6849,0.5192,6.528
fCMR_Siemens_198,93,2.1089,3.7242,0.2731,1.2609,0.2826,3.5317
fCMR_Siemens_018,94,3.0259,2.8961,0.3887,1.8657,0.3986,5.2186
fCMR_Siemens_113,94,3.0906,2.2489,0.076,3.7475,0.106,8.591
fCMR_Siemens_027,94,1.4033,1.6689,0.1678,0.3204,0.3216,2.0643
fCMR_Siemens_006,94,1.2864,3.0346,0.3597,0.8838,0.4326,5.8736
fCMR_Siemens_144,94,3.1231,2.7453,0.1802,3.5226,0.217,9.5897
fCMR_Siemens_068,94,1.9792,2.8992,0.587,0.2491,0.5948,1.5725
fCMR_Siemens_198,94,2.7402,2.1115,0.2994,1.8516,0.3112,4.786
fCMR_Siemens_018,95,2.4508,2.1,0.385,2.0212,0.4316,5.4646
fCMR_Siemens_113,95,1.0719,3.1561,0.0759,5.6589,0.1026,12.7952
fCMR_Siemens_027,95,1.233,2.1178,0.2517,4.3997,0.2852,10.0674
fCMR_Siemens_006,95,2.2248,2.3159,0.2258,2.2438,0.2701,6.6032
fCMR_Siemens_144,95,2.5362,1.777,0.1572,3.7418,0.2401,9.4565
fCMR_Siemens_068,95,2.4957,2.5359,0.7288,1.9043,0.7513,8.6318
fCMR_Siemens_198,95,2.3542,3.3592,0.196,1.5827,0.2166,3.9542
fCMR_Siemens_018,96,2.6773,2.7429,0.4137,1.2398,0.4246,3.9146
fCMR_Siemens_113,96,2.5924,2.8482,0.0716,8.3893,0.1442,18.7597
fCMR_Siemens_027,96,1.6657,3.3789,0.2003,0.2819,0.3049,2.0784
fCMR_Siemens_006,96,1.5576,2.5828,0.2662,4.281,1.4651,15.9472
fCMR_Siemens_144,96,1.8477,3.8376,0.1595,2.0039,0.8161,7.152
fCMR_Siemens_068,96,2.5631,1.7531,0.3506,5.8479,0.4186,14.5756
fCMR_Siemens_198,96,2.5863,2.3995,0.1759,2.4705,0.1923,5.5629
fCMR_Siemens_018,97,1.6313,3.0585,0.1836,1.3976,0.2309,3.8968
fCMR_Siemens_113,97,1.4066,1.9243,0.0999,3.7818,0.1317,8.729
fCMR_Siemens_027,97,1.6182,2.5674,0.1511,2.1037,0.1847,6.0421
fCMR_Siemens_006,97,2.7641,1.9977,0.1928,4.5516,0.8874,13.4253
fCMR_Siemens_144,97,3.1145,2.3254,0.3153,1.9538,1.1211,10.2244
fCMR_Siemens_068,97,2.1767,2.686,0.6099,1.5695,0.6423,7.0131
fCMR_Siemens_198,97,2.279,1.9578,0.2686,2.0762,0.2886,5.2248
fCMR_Siemens_018,98,2.8951,1.9892,0.4522,1.615,0.9231,3.9212
fCMR_Siemens_113,98,2.4676,2.1969,0.0334,4.0698,0.0735,9.4714
fCMR_Siemens_027,98,2.039,3.0348,0.3111,2.2367,0.3417,6.1195
fCMR_Siemens_006,98,2.2755,2.7784,0.1451,6.3863,0.1745,13.4546
fCMR_Siemens_144,98,1.4692,1.1606,0.2703,3.3815,0.2962,8.7221
fCMR_Siemens_068,98,1.7826,2.8893,0.3693,4.9885,0.9177,11.9098
fCMR_Siemens_198,98,3.0681,2.3782,0.2609,1.3307,0.2796,3.1314
fCMR_Siemens_018,99,2.1504,2.339,0.5249,1.5937,0.7353,4.2784
fCMR_Siemens_113,99,2.1068,2.8501,0.1482,10.7425,0.1954,22.6691
fCMR_Siemens_027,99,3.1007,2.3096,0.277,1.3011,0.4605,7.505
fCMR_Siemens_006,99,3.109,2.5588,0.2522,4.706,0.2986,11.9848
fCMR_Siemens_144,99,2.6221,2.5388,0.1104,0.2443,0.1614,1.8167
fCMR_Siemens_068,99,2.9497,1.9095,0.577,1.1418,0.5905,4.0307
fCMR_Siemens_198,99,1.8966,2.6639,0.169,2.6579,0.2055,6.6277
fCMR_Siemens_018,100,1.7819,3.6606,0.4144,1.0913,0.4897,3.5912
fCMR_Siemens_113,100,2.5659,2.4313,0.0847,9.9945,0.1381,20.6898
fCMR_Siemens_027,100,2.8596,2.9796,0.1529,1.5662,0.1877,3.9193
fCMR_Siemens_006,100,2.8209,2.4977,0.3885,1.7272,0.6413,7.5489
fCMR_Siemens_144,100,2.1683,0.8625,0.1251,1.7357,0.1905,5.3013
fCMR_Siemens_068,100,2.5236,3.3471,0.4856,3.7121,0.498,8.4203
fCMR_Siemens_198,100,2.6088,2.5208,0.3032,1.2491,0.3128,3.7068
fCMR_Siemens_018,101,0.9996,2.9698,0.2277,2.476,0.2663,6.8607
fCMR_Siemens_113,101,1.803,2.2348,0.0504,9.0951,0.1137,19.6585
fCMR_Siemens_027,101,2.4597,3.0871,0.061,1.8457,0.1615,5.7343
fCMR_Siemens_006,101,2.859,3.3506,0.1986,6.943,0.2727,14.9188
fCMR_Siemens_144,101,2.3685,3.7393,0.181,1.3894,0.2766,4.573
fCMR_Siemens_068,101,3.014,4.0231,0.8072,1.0253,0.8141,6.6027
fCMR_Siemens_198,101,1.443,3.2725,0.2503,1.7204,0.2621,4.7513
fCMR_Siemens_018,102,1.5915,3.4383,0.2116,1.0967,0.7868,3.3193
fCMR_Siemens_113,102,2.1577,1.8674,0.0924,5.9778,0.1248,13.3415
fCMR_Siemens_027,102,2.6998,2.7097,0.3801,4.9525,0.3994,13.0518
fCMR_Siemens_006,102,2.6111,3.2504,0.1383,4.7786,0.1799,10.6792
fCMR_Siemens_144,102,2.8612,2.6661,0.1045,0.3498,0.7484,3.6957
fCMR_Siemens_068,102,2.6574,2.0093,0.4727,2.3611,0.4992,6.5461
fCMR_Siemens_198,102,2.311,2.5127,0.2226,1.617,0.2448,5.1751
fCMR_Siemens_018,103,1.6741,2.4906,0.3369,0.9996,0.3558,3.048
fCMR_Siemens_113,103,3.1146,3.2939,0.0807,1.9234,0.1187,4.9634
fCMR_Siemens_027,103,2.2177,2.2397,0.2205,0.3258,0.2591,2.3793
fCMR_Siemens_006,103,1.0815,3.1037,0.2067,1.4455,1.351,7.7537
fCMR_Siemens_144,103,1.2513,3.075,0.1718,2.2363,0.2592,7.32
fCMR_Siemens_068,103,2.8521,1.983,0.5731,2.3534,0.6025,7.3797
fCMR_Siemens_198,103,3.1304,2.4894,0.2809,0.7478,0.3086,2.7249
fCMR_Siemens_018,104,2.4972,2.9863,0.2359,0.9275,0.2765,3.8938
fCMR_Siemens_113,104,2.6088,2.984,0.0407,7.026,0.1315,15.16
fCMR_Siemens_027,104,1.4745,2.1658,0.145,0.3472,0.1903,1.7349
fCMR_Siemens_006,104,2.7416,2.1913,0.21,5.0816,0.2512,12.8645
fCMR_Siemens_144,104,2.1076,0.7842,0.2746,1.2474,0.7973,4.3572
fCMR_Siemens_068,104,3.0912,1.6244,0.9886,1.6861,0.9958,5.6737
fCMR_Siemens_198,104,2.1187,1.5827,0.138,1.4298,0.1485,4.1232
fCMR_Siemens_018,105,1.6407,2.8038,0.2776,0.7888,0.2869,2.5359
fCMR_Siemens_113,105,2.053,2.1649,0.1011,8.1718,0.1589,17.346
fCMR_Siemens_027,105,2.8489,2.7356,0.351,2.6988,0.3836,7.7264
fCMR_Siemens_006,105,2.0996,1.7699,0.1453,4.7739,0.219,12.5057
fCMR_Siemens_144,105,2.4554,2.6457,0.2982,0.6398,0.3518,6.3486
fCMR_Siemens_068,105,2.4717,3.0511,0.7371,0.4948,0.7475,2.4936
fCMR_Siemens_198,105,1.6577,2.4499,0.165,0.9499,0.1881,3.0848
fCMR_Siemens_018,106,2.7451,1.5482,0.2794,1.4017,0.3049,3.6642
fCMR_Siemens_113,106,1.3292,2.7695,0.0598,5.3481,0.1208,12.37
fCMR_Siemens_027,106,3.0187,3.7176,0.2008,1.0798,0.2858,3.3138
fCMR_Siemens_006,106,2.5806,3.1687,0.4357,2.7275,0.4554,8.1672
fCMR_Siemens_144,106,2.644,2.9995,0.1072,3.1567,0.7197,10.2627
fCMR_Siemens_068,106,3.1105,1.6053,0.364,10.7058,0.468,24.303
fCMR_Siemens_198,106,1.9453,2.515,0.117,2.4388,0.171,5.8154
fCMR_Siemens_018,107,2.7016,2.504,0.3518,0.7907,0.3555,2.2818
fCMR_Siemens_113,107,3.0865,2.8597,0.1191,4.777,0.145,10.9346
fCMR_Siemens_027,107,1.2964,2.8783,0.0991,3.6903,0.1478,10.007
fCMR_Siemens_006,107,0.5339,2.9809,0.358,0.9593,0.899,8.3379
fCMR_Siemens_144,107,2.9537,0.83,0.153,0.7024,0.2404,2.8853
fCMR_Siemens_068,107,1.7761,2.6846,0.6572,1.218,0.665,5.0771
fCMR_Siemens_198,107,2.2221,2.4817,0.2568,2.7593,0.2729,6.2564
fCMR_Siemens_018,108,1.6232,1.5791,0.5558,2.1787,0.9389,5.9438
fCMR_Siemens_113,108,1.7668,2.487,0.1057,2.1939,0.1619,5.7954
fCMR_Siemens_027,108,2.9986,2.953,0.339,3.0065,0.3746,9.7237
fCMR_Siemens_006,108,2.5512,2.4876,0.208,1.9282,0.8292,6.8136
fCMR_Siemens_144,108,1.7046,3.1745,0.2085,5.6232,0.2341,14.448
fCMR_Siemens_068,108,2.7231,2.1195,0.6905,0.8898,0.7101,4.152
fCMR_Siemens_198,108,2.4319,3.3011,0.1861,1.3057,0.2024,3.0775
fCMR_Siemens_018,109,1.8419,3.2007,0.396,2.4283,0.4518,6.4502
fCMR_Siemens_113,109,1.0937,2.305,0.1069,4.8454,0.1657,11.2471
fCMR_Siemens_027,109,2.9462,3.7605,0.1622,0.9912,0.2326,4.5538
fCMR_Siemens_006,109,2.0995,2.2891,0.158,2.1335,0.1942,5.9454
fCMR_Siemens_144,109,1.7087,3.2634,0.2649,1.8301,0.2788,6.4555
fCMR_Siemens_068,109,2.4927,1.5467,0.5636,2.8947,0.5721,8.8812
fCMR_Siemens_198,109,3.1277,3.3272,0.2121,2.4692,0.2381,5.987
fCMR_Siemens_018,110,2.1073,2.9968,0.2783,1.0478,0.3584,3.8699
fCMR_Siemens_113,110,2.4701,2.4463,0.065,9.2161,0.1074,19.0644
fCMR_Siemens_027,110,2.2583,2.6586,0.1867,2.9962,0.2347,7.0775
fCMR_Siemens_006,110,1.9773,1.5047,0.2469,1.4701,0.4826,4.938
fCMR_Siemens_144,110,2.4574,2.2709,0.1414,1.7997,0.1953,5.0425
fCMR_Siemens_068,110,1.5541,2.577,0.5386,5.0596,0.5817,12.6951
fCMR_Siemens_198,110,3.0147,2.5594,0.2086,2.1578,0.2199,4.818
fCMR_Siemens_018,111,3.0468,1.5707,0.2882,0.9453,0.3113,3.8931
fCMR_Siemens_113,111,1.9499,2.4578,0.0666,6.8119,0.1041,14.864
fCMR_Siemens_027,111,2.7607,2.5529,0.0855,0.2469,0.1601,2.7971
fCMR_Siemens_006,111,2.985,2.0061,0.2949,1.9523,0.8429,8.1552
fCMR_Siemens_144,111,2.4893,1.9816,0.2038,1.4967,0.263,4.7493
fCMR_Siemens_068,111,2.7369,2.0194,0.6596,1.5839,0.6793,7.4728
fCMR_Siemens_198,111,3.0252,2.1907,0.2913,2.8108,0.35,6.9772
fCMR_Siemens_018,112,1.5701,3.6391,0.414,2.4277,0.4229,6.5151
fCMR_Siemens_113,112,2.4136,2.5602,0.0915,7.7613,0.115,15.9917
fCMR_Siemens_027,112,1.8854,0.754,0.3086,2.9458,0.3356,6.7964
fCMR_Siemens_006,112,2.4612,3.1485,0.4085,5.1488,0.4816,12.7117
fCMR_Siemens_144,112,0.6355,2.5107,0.1031,2.0758,0.1473,5.7073
fCMR_Siemens_068,112,1.7146,3.2174,0.7206,0.8433,0.7267,7.0427
fCMR_Siemens_198,112,1.8336,1.6758,0.2675,0.5626,0.2985,2.142
fCMR_Siemens_018,113,2.1298,2.7406,0.4551,1.5601,0.4709,4.1408
fCMR_Siemens_113,113,2.5264,1.6898,0.0733,4.7761,0.1393,10.858
fCMR_Siemens_027,113,2.3243,2.1907,0.0636,0.06,0.2015,2.5918
fCMR_Siemens_006,113,2.127,2.063,0.1297,4.9925,0.2261,12.5967
fCMR_Siemens_144,113,2.6935,2.2291,0.1532,3.1409,0.1941,8.4317
fCMR_Siemens_068,113,2.629,1.527,0.6164,0.7582,0.6659,3.6698
fCMR_Siemens_198,113,2.5516,2.6366,0.1859,0.3466,0.2002,1.9284
fCMR_Siemens_018,114,2.6976,3.0024,0.2553,0.7781,0.3004,2.3547
fCMR_Siemens_113,114,2.6843,1.6313,0.0845,9.4442,0.1362,20.3047
fCMR_Siemens_027,114,2.057,1.3079,0.1718,0.5635,0.2158,4.5494
fCMR_Siemens_006,114,2.0413,2.4096,0.2938,6.5056,0.3298,14.9686
fCMR_Siemens_144,114,2.9611,2.1993,0.1928,2.2972,0.222,6.9338
fCMR_Siemens_068,114,1.8927,2.469,0.8069,0.4974,0.8166,2.1728
fCMR_Siemens_198,114,1.0496,1.4275,0.2845,1.0006,0.2898,5.0965
fCMR_Siemens_018,115,1.3615,2.039,0.5745,1.8948,0.6026,5.4522
fCMR_Siemens_113,115,1.8675,3.5039,0.0566,1.0058,0.0942,3.3052
fCMR_Siemens_027,115,2.7653,3.1621,0.2507,2.9393,0.3018,7.2355
fCMR_Siemens_006,115,3.0321,3.2367,0.2905,4.5257,0.3141,9.7731
fCMR_Siemens_144,115,3.0549,1.5338,0.1243,1.5378,0.1475,5.6465
fCMR_Siemens_068,115,1.642,3.022,0.8596,1.4965,0.8689,5.3239
fCMR_Siemens_198,115,3.1302,2.8072,0.2479,1.4559,0.2579,3.7291
fCMR_Siemens_018,116,2.7896,0.7094,0.1978,0.7161,0.2521,2.5575
fCMR_Siemens_113,116,2.2644,2.3496,0.0935,4.6836,0.1492,10.6571
fCMR_Siemens_027,116,1.7855,2.4313,0.1864,2.2776,0.2519,6.1065
fCMR_Siemens_006,116,1.5512,2.5523,0.2779,3.2847,0.3076,8.9158
fCMR_Siemens_144,116,2.123,3.1319,0.153,1.2678,0.1741,3.9386
fCMR_Siemens_068,116,1.7154,2.3043,0.4853,3.446,0.5472,9.4437
fCMR_Siemens_198,116,2.6296,2.0355,0.185,1.856,0.1914,5.0313
fCMR_Siemens_018,117,2.4291,3.3204,0.1636,2.5304,0.2466,6.1263
fCMR_Siemens_113,117,2.406,0.9549,0.0558,9.2981,0.1125,19.7194
fCMR_Siemens_027,117,2.6236,0.9787,0.1741,1.3237,0.234,3.5754
fCMR_Siemens_006,117,3.0424,2.7689,0.2725,4.8465,0.2817,10.8891
fCMR_Siemens_144,117,2.0091,3.1558,0.2505,2.6279,0.2784,7.1665
fCMR_Siemens_068,117,3.0788,2.7308,0.6099,0.8276,0.6232,3.9668
fCMR_Siemens_198,117,2.733,1.2144,0.3611,3.2343,0.3723,7.2358
fCMR_Siemens_018,118,2.746,1.6293,0.4165,1.3595,0.7839,3.9713
fCMR_Siemens_113,118,1.4794,1.4938,0.0513,6.4926,0.1059,14.3383
fCMR_Siemens_027,118,2.5848,2.8464,0.2997,0.9303,0.3185,2.7751
fCMR_Siemens_006,118,3.0773,2.1365,0.1609,2.4378,0.2454,5.762
fCMR_Siemens_144,118,3.0117,1.691,0.2031,1.7904,0.2214,5.7788
fCMR_Siemens_068,118,2.6647,2.0614,0.6578,6.1026,0.6783,14.9465
fCMR_Siemens_198,118,1.1867,3.2218,0.2717,1.1195,0.3006,2.9077
fCMR_Siemens_018,119,2.7373,2.1158,0.3065,1.607,0.3364,4.5679
fCMR_Siemens_113,119,1.2176,2.6041,0.1424,7.4833,0.1671,16.9716
fCMR_Siemens_027,119,2.2826,1.5781,0.1649,0.9201,0.2514,3.6869
fCMR_Siemens_006,119,2.6246,1.6781,0.1735,7.6996,0.2132,16.3879
fCMR_Siemens_144,119,1.9385,2.9283,0.1801,0.7676,0.1978,2.2186
fCMR_Siemens_068,119,2.0903,2.2793,0.7763,0.6527,0.7921,5.5003
fCMR_Siemens_198,119,2.8427,3.3205,0.225,1.685,0.2355,3.9943
fCMR_Siemens_018,120,2.6494,2.0252,0.3135,1.2264,0.3291,3.0765
fCMR_Siemens_113,120,2.334,2.8259,0.0615,5.1814,0.1342,12.0925
fCMR_Siemens_027,120,2.469,1.4612,0.2509,3.3465,0.2726,7.8112
fCMR_Siemens_006,120,2.0234,2.0681,0.2527,3.873,0.2768,9.4856
fCMR_Siemens_144,120,0.8239,0.9249,0.2196,2.619,0.2359,6.7823
fCMR_Siemens_068,120,2.2415,1.3522,0.75,0.3485,0.7553,1.9902
fCMR_Siemens_198,120,2.1473,1.6818,0.1828,1.2498,0.201,3.384
fCMR_Siemens_018,121,2.0711,0.9269,0.3926,1.7388,0.4294,4.1376
fCMR_Siemens_113,121,0.9778,1.797,0.0342,9.538,0.1167,20.1926
fCMR_Siemens_027,121,3.1222,2.1439,0.1644,3.4883,0.2226,9.4662
fCMR_Siemens_006,121,2.3318,2.7297,0.2951,2.0675,0.3294,6.1498
fCMR_Siemens_144,121,1.9392,3.0823,0.2019,2.6394,0.2344,6.9206
fCMR_Siemens_068,121,1.4573,1.5786,0.8623,0.8278,0.8672,3.2866
fCMR_Siemens_198,121,1.0025,2.0227,0.2873,1.7302,0.2938,5.9076
fCMR_Siemens_018,122,1.8168,2.4388,0.2003,1.3124,0.2394,4.527
fCMR_Siemens_113,122,2.0173,2.0742,0.1664,4.5512,0.1753,9.9559
fCMR_Siemens_027,122,1.1375,3.6846,0.2091,3.4521,0.282,9.9159
fCMR_Siemens_006,122,2.6273,2.4246,0.2048,4.0734,0.2589,10.3338
fCMR_Siemens_144,122,2.7978,2.5249,0.1549,3.1141,0.1723,7.3204
fCMR_Siemens_068,122,2.162,2.2221,0.6845,0.2757,0.6953,1.7102
fCMR_Siemens_198,122,2.5817,1.7047,0.2056,2.0487,0.2248,4.9676
fCMR_Siemens_018,123,2.6461,3.6214,0.4805,2.0543,0.99,5.461
fCMR_Siemens_113,123,2.3472,2.8816,0.233,6.061,0.2549,13.5941
fCMR_Siemens_027,123,1.8454,2.8937,0.2572,1.5274,0.2735,3.8667
fCMR_Siemens_006,123,0.8831,1.439,0.1694,2.1001,0.7142,9.2135
fCMR_Siemens_144,123,2.6908,0.9304,0.2321,3.1226,0.2454,7.9303
fCMR_Siemens_068,123,2.9274,2.2643,0.4195,7.1212,0.4374,15.0948
fCMR_Siemens_198,123,1.7206,2.8392,0.3008,0.5422,0.3232,2.0957
fCMR_Siemens_018,124,1.9474,2.7575,0.2092,1.0685,0.2344,3.0326
fCMR_Siemens_113,124,1.9803,2.3768,0.1117,7.7622,0.1718,17.0254
fCMR_Siemens_027,124,3.0916,2.2015,0.2781,0.3488,0.5079,3.5727
fCMR_Siemens_006,124,1.9016,3.0446,0.3596,2.1746,0.8183,8.8675
fCMR_Siemens_144,124,2.3748,2.6738,0.2684,1.3972,0.2938,5.7711
fCMR_Siemens_068,124,3.1084,3.1474,0.6099,1.1433,0.6178,3.1312
fCMR_Siemens_198,124,2.2774,2.2882,0.1325,0.9489,0.175,2.9802
fCMR_Siemens_018,125,2.4151,1.9819,0.2535,0.4287,0.2776,1.7854
fCMR_Siemens_113,125,2.019,3.1877,0.0688,4.0546,0.1296,9.3057
fCMR_Siemens_027,125,2.6689,0.9936,0.2172,0.9667,0.2431,3.0301
fCMR_Siemens_006,125,1.3778,2.4313,0.2503,1.4207,0.8372,8.8348
fCMR_Siemens_144,125,2.3078,2.0053,0.2788,2.2494,0.5043,8.5342
fCMR_Siemens_068,125,2.5604,1.7802,0.5649,1.6931,0.5683,5.323
fCMR_Siemens_198,125,2.158,3.1063,0.2459,1.8816,0.2551,4.6433
fCMR_Siemens_018,126,0.7979,3.3094,0.407,1.5668,0.4569,5.2459
fCMR_Siemens_113,126,1.115,0.702,0.0697,5.345,0.1184,12.5636
fCMR_Siemens_027,126,1.5771,2.0015,0.1845,0.9401,0.2438,4.1935
fCMR_Siemens_006,126,3.0614,3.4566,0.5333,3.582,1.4345,11.1027
fCMR_Siemens_144,126,2.3075,2.0732,0.0629,1.2695,0.0958,3.949
fCMR_Siemens_068,126,2.8899,1.2339,0.4284,2.1162,0.4317,6.1291
fCMR_Siemens_198,126,1.3954,0.9167,0.2495,1.1248,0.2668,2.8737
fCMR_Siemens_018,127,1.6645,2.56,0.4068,1.8906,0.4123,5.4439
fCMR_Siemens_113,127,2.7936,0.8205,0.0311,7.4619,0.1273,16.033
fCMR_Siemens_027,127,2.2715,3.1124,0.1453,0.1602,0.2362,3.4583
fCMR_Siemens_006,127,1.4804,1.5403,0.3092,1.7886,0.8551,9.8302
fCMR_Siemens_144,127,0.9875,2.0645,0.1859,0.2972,0.2262,4.7081
fCMR_Siemens_068,127,2.9928,3.0392,0.2409,7.3806,0.3399,18.0657
fCMR_Siemens_198,127,2.481,1.0316,0.3526,1.6692,0.3643,4.377
fCMR_Siemens_018,128,1.43,2.3452,0.2062,1.1814,0.2492,3.5097
fCMR_Siemens_113,128,2.1382,2.2396,0.0975,10.4784,0.1186,21.855
fCMR_Siemens_027,128,2.8644,2.3638,0.4078,4.3766,0.4485,10.246
fCMR_Siemens_006,128,3.0846,2.9299,0.5757,1.6878,0.7631,5.9516
fCMR_Siemens_144,128,2.2444,3.0643,0.1541,2.104,0.277,6.0542
fCMR_Siemens_068,128,0.3693,2.6249,0.2462,5.1344,0.791,16.3199
fCMR_Siemens_198,128,2.4765,1.9754,0.1973,1.7732,0.2356,4.201
fCMR_Siemens_018,129,1.7309,1.9705,0.5389,2.4026,0.544,6.4204
fCMR_Siemens_113,129,2.4172,1.3464,0.0411,6.3375,0.0856,13.85
fCMR_Siemens_027,129,2.8621,2.5788,0.2802,4.28,0.3292,10.7385
fCMR_Siemens_006,129,2.4053,2.0056,0.2352,3.3684,0.3208,10.012
fCMR_Siemens_144,129,1.3064,2.848,0.1616,2.8834,0.221,7.2536
fCMR_Siemens_068,129,1.2745,3.5641,0.5024,6.1079,0.5288,15.3645
fCMR_Siemens_198,129,2.5606,1.544,0.2234,1.8818,0.2352,4.7003
fCMR_Siemens_018,130,2.1733,2.5846,0.4183,1.6463,0.4258,5.1619
fCMR_Siemens_113,130,2.9269,2.5579,0.0676,11.4443,0.1079,23.7638
fCMR_Siemens_027,130,2.8951,3.1926,0.1034,1.1437,0.1704,3.6606
fCMR_Siemens_006,130,2.6792,2.6826,0.1935,3.4475,0.3412,10.5964
fCMR_Siemens_144,130,2.2876,3.0383,0.0858,0.8768,0.2034,4.0215
fCMR_Siemens_068,130,1.2093,3.0102,0.3648,0.9213,0.3833,4.6277
fCMR_Siemens_198,130,2.7783,2.5213,0.1815,1.8368,0.1925,4.3898
fCMR_Siemens_018,131,2.1721,2.4929,0.2706,2.4798,0.3084,6.9166
fCMR_Siemens_113,131,2.1221,1.4996,0.0882,6.0771,0.1277,13.2222
fCMR_Siemens_027,131,2.7686,1.0438,0.2149,4.1681,0.325,10.4122
fCMR_Siemens_006,131,2.0369,2.2745,0.1719,2.6151,0.239,7.0945
fCMR_Siemens_144,131,1.9484,2.0117,0.3081,1.7811,0.3126,6.3559
fCMR_Siemens_068,131,2.5977,2.4248,0.7052,3.3228,1.167,9.1343
fCMR_Siemens_198,131,1.7331,1.8979,0.2187,0.329,0.2434,1.8284
fCMR_Siemens_018,132,1.3157,2.449,0.4729,0.9042,0.4826,2.9977
fCMR_Siemens_113,132,3.0353,1.2398,0.0485,8.739,0.1151,18.3921
fCMR_Siemens_027,132,2.7805,2.2595,0.1655,0.7973,0.2026,4.726
fCMR_Siemens_006,132,2.0966,2.8267,0.2078,2.3199,0.2583,6.6676
fCMR_Siemens_144,132,2.5166,2.1172,0.0553,1.6513,0.1892,4.7722
fCMR_Siemens_068,132,2.7731,2.4924,0.5914,2.4543,0.6031,6.8107
fCMR_Siemens_198,132,2.1612,2.1154,0.2101,1.0345,0.2476,3.0018
fCMR_Siemens_018,133,2.3924,1.4611,0.4981,2.1644,0.5141,5.5179
fCMR_Siemens_113,133,2.9962,0.8782,0.0265,6.7985,0.1389,15.8139
fCMR_Siemens_027,133,3.0556,1.7184,0.2154,1.592,0.2699,5.6236
fCMR_Siemens_006,133,2.0665,2.6096,0.2334,4.9783,0.2546,12.1031
fCMR_Siemens_144,133,2.9754,2.5681,0.1439,3.1816,0.2787,7.5736
fCMR_Siemens_068,133,2.3865,2.8202,0.6403,2.3031,0.657,7.8324
fCMR_Siemens_198,133,2.583,2.9449,0.2174,1.2845,0.2429,4.4637
fCMR_Siemens_018,134,2.4409,0.5032,0.1566,0.8191,0.2416,2.6984
fCMR_Siemens_113,134,1.754,2.1264,0.0293,8.2784,0.0859,17.854
fCMR_Siemens_027,134,2.3137,2.5544,0.073,1.1072,0.254,7.6536
fCMR_Siemens_006,134,2.325,3.6498,0.4363,2.0601,0.5382,11.2486
fCMR_Siemens_144,134,2.8556,2.7522,0.1503,2.6578,0.2373,7.348
fCMR_Siemens_068,134,1.4331,2.4576,0.6688,1.2141,0.676,4.4561
fCMR_Siemens_198,134,1.6647,2.4513,0.1785,1.6137,0.1993,4.0398
fCMR_Siemens_018,135,3.0744,2.963,0.3858,2.3617,0.4055,7.6989
fCMR_Siemens_113,135,1.1827,3.254,0.0617,7.7385,0.127,16.8288
fCMR_Siemens_027,135,1.9601,2.2331,0.2214,1.6884,0.2702,5.4094
fCMR_Siemens_006,135,2.5115,3.1668,0.2433,5.0753,0.2615,10.725
fCMR_Siemens_144,135,1.7081,0.7686,0.1797,0.9031,0.3013,3.3576
fCMR_Siemens_068,135,2.5512,1.531,0.6433,4.384,0.6549,10.6482
fCMR_Siemens_198,135,2.1319,2.2414,0.2417,2.57,0.2522,5.9742
fCMR_Siemens_018,136,1.823,2.2839,0.5518,3.0379,0.5621,6.9271
fCMR_Siemens_113,136,2.8524,2.7877,0.1895,15.8363,0.2225,34.7056
fCMR_Siemens_027,136,2.6387,2.5817,0.0842,0.5848,0.1696,4.2349
fCMR_Siemens_006,136,3.0909,2.5307,0.2717,4.2899,0.3965,11.1992
fCMR_Siemens_144,136,2.5503,2.7353,0.1822,1.006,0.2272,3.4096
fCMR_Siemens_068,136,1.5714,2.4757,0.6178,1.9984,0.6736,5.2162
fCMR_Siemens_198,136,2.3819,3.0542,0.2532,0.0528,0.2762,1.0366
fCMR_Siemens_018,137,2.641,2.5008,0.2699,2.4308,0.2873,5.344
fCMR_Siemens_113,137,1.3049,2.8021,0.0341,11.0305,0.0862,23.3098
fCMR_Siemens_027,137,0.6637,3.2769,0.3974,2.9407,0.4268,8.4286
fCMR_Siemens_006,137,1.8741,2.435,0.1776,2.4615,0.3045,6.8386
fCMR_Siemens_144,137,2.899,3.2246,0.181,2.2335,0.2451,6.952
fCMR_Siemens_068,137,2.7658,2.2972,0.428,2.3152,0.4655,5.8405
fCMR_Siemens_198,137,2.642,3.2578,0.2558,0.3099,0.2766,2.4466
fCMR_Siemens_018,138,2.4931,1.7892,0.3424,3.3996,0.3672,7.4984
fCMR_Siemens_113,138,1.9545,2.6477,0.0812,4.3446,0.1235,9.463
fCMR_Siemens_027,138,3.0559,1.4496,0.2487,0.4223,0.4607,2.783
fCMR_Siemens_006,138,2.3195,2.3566,0.2017,4.1692,0.2771,11.0465
fCMR_Siemens_144,138,2.8478,3.0809,0.1251,1.2019,0.2089,4.1736
fCMR_Siemens_068,138,2.3031,3.3526,0.5596,1.6523,0.9605,6.6026
fCMR_Siemens_198,138,2.6574,2.7404,0.177,1.9259,0.2199,5.5905
fCMR_Siemens_018,139,3.1298,2.3137,0.6867,2.5427,0.7036,7.1106
fCMR_Siemens_113,139,2.4891,2.0439,0.0747,3.0249,0.1142,6.8614
fCMR_Siemens_027,139,2.485,1.6875,0.2144,2.2066,0.5406,5.6744
fCMR_Siemens_006,139,0.7195,2.153,0.2628,4.0312,0.351,9.1312
fCMR_Siemens_144,139,2.1462,3.4225,0.183,4.1386,0.2066,8.8814
fCMR_Siemens_068,139,2.9383,2.6904,0.4748,1.679,0.5091,7.1789
fCMR_Siemens_198,139,0.6432,1.1563,0.2023,2.4224,0.2176,5.9004
fCMR_Siemens_018,140,3.0942,2.6479,0.3483,0.7686,0.3937,2.3464
fCMR_Siemens_113,140,2.3764,3.3646,0.1597,11.1706,0.1856,23.4307
fCMR_Siemens_027,140,2.3044,2.533,0.2176,2.5454,0.3034,8.4616
fCMR_Siemens_006,140,2.9743,1.0807,0.3594,2.9186,0.7561,9.3381
fCMR_Siemens_144,140,1.9226,2.0774,0.1675,1.7031,0.7846,6.5525
fCMR_Siemens_068,140,2.99,1.7027,0.7025,1.205,0.7201,4.7218
fCMR_Siemens_198,140,1.2948,3.6781,0.3195,1.4233,0.3398,4.2214
fCMR_Siemens_018,141,2.9905,2.7061,0.2955,0.4237,0.3238,1.9877
fCMR_Siemens_113,141,2.5988,1.1558,0.0635,3.8405,0.0989,9.1382
fCMR_Siemens_027,141,2.3358,2.8019,0.1784,1.5647,0.2108,4.1112
fCMR_Siemens_006,141,2.2032,2.7967,0.2667,5.4002,0.9412,17.2331
fCMR_Siemens_144,141,2.33,3.008,0.0764,2.1004,0.1299,6.1096
fCMR_Siemens_068,141,1.3232,2.4004,0.7125,0.5164,0.7254,4.0258
fCMR_Siemens_198,141,2.3869,2.8708,0.2104,2.2283,0.2235,5.5434
fCMR_Siemens_018,142,2.7791,1.8095,0.301,1.0584,0.3731,4.7869
fCMR_Siemens_113,142,3.0512,3.3822,0.0479,3.7974,0.1635,8.8337
fCMR_Siemens_027,142,2.6871,3.1591,0.1564,3.9724,0.2377,9.4266
fCMR_Siemens_006,142,2.6742,3.209,0.2897,3.9629,0.2976,10.1827
fCMR_Siemens_144,142,2.8421,2.4681,0.1524,3.4492,0.1862,8.0981
fCMR_Siemens_068,142,2.4535,2.8792,0.748,0.8115,0.7765,2.7128
fCMR_Siemens_198,142,2.9279,1.0841,0.3293,1.7162,0.3504,4.505
fCMR_Siemens_018,143,2.9524,3.0224,0.4567,2.5907,0.4814,6.8025
fCMR_Siemens_113,143,2.9915,2.785,0.1384,7.8628,0.2302,18.4006
fCMR_Siemens_027,143,2.2704,2.46,0.2649,3.3561,0.2959,7.6097
fCMR_Siemens_006,143,2.951,2.0052,1.549,2.764,1.6474,10.7408
fCMR_Siemens_144,143,1.3911,2.1741,0.1772,0.3644,0.1972,2.4788
fCMR_Siemens_068,143,2.1272,3.7572,0.9783,1.2845,1.0166,6.5401
fCMR_Siemens_198,143,0.7403,2.683,0.2816,1.0547,0.2872,3.3351
fCMR_Siemens_018,144,1.9381,2.769,0.3412,1.0654,0.3493,3.5042
fCMR_Siemens_113,144,1.2485,1.8735,0.1852,6.8971,0.22,15.286
fCMR_Siemens_027,144,1.788,1.6764,0.1676,1.9887,0.2066,5.491
fCMR_Siemens_006,144,1.5908,2.455,0.203,9.1448,0.7988,23.2471
fCMR_Siemens_144,144,1.2432,1.4344,0.209,1.8026,0.2568,5.3152
fCMR_Siemens_068,144,2.7358,2.9214,0.7051,0.1948,0.7258,2.4192
fCMR_Siemens_198,144,2.4539,2.4717,0.2015,0.9779,0.2203,3.5058
fCMR_Siemens_018,145,2.7914,2.7477,0.174,1.6669,0.2038,5.657
fCMR_Siemens_113,145,2.0537,2.0938,0.09,7.7881,0.1348,17.0645
fCMR_Siemens_027,145,1.7016,2.0405,0.2239,5.4629,0.2507,12.5031
fCMR_Siemens_006,145,1.5209,2.7245,0.3169,0.6995,0.9221,7.9369
fCMR_Siemens_144,145,1.843,2.5455,0.0721,2.6382,0.121,5.9271
fCMR_Siemens_068,145,2.2214,3.0442,0.4095,4.5333,0.4807,13.8167
fCMR_Siemens_198,145,3.1277,2.0854,0.3546,2.7395,0.4341,7.475
fCMR_Siemens_018,146,0.3345,1.8989,0.5432,2.6576,0.5547,6.8632
fCMR_Siemens_113,146,1.2258,1.3717,0.0366,8.9373,0.1411,20.595
fCMR_Siemens_027,146,1.8161,2.9486,0.2209,3.3085,0.287,8.4075
fCMR_Siemens_006,146,2.9485,0.9951,0.3875,6.5928,0.5947,17.069
fCMR_Siemens_144,146,2.8152,3.3022,0.1185,1.9722,0.197,6.0312
fCMR_Siemens_068,146,1.5823,3.0531,0.63,2.4174,0.6356,6.3468
fCMR_Siemens_198,146,2.7787,1.3307,0.2171,2.3821,0.2426,5.643
fCMR_Siemens_018,147,2.2556,3.5176,0.2799,0.5037,0.2881,2.3408
fCMR_Siemens_113,147,2.386,2.2429,0.1455,7.9142,0.1751,17.016
fCMR_Siemens_027,147,2.8443,3.2384,0.1807,1.1733,0.2213,3.9556
fCMR_Siemens_006,147,2.3006,1.5556,0.2887,3.3705,0.3428,9.0558
fCMR_Siemens_144,147,2.6581,0.4551,0.208,3.0261,0.2302,7.4998
fCMR_Siemens_068,147,2.4596,2.3586,0.2839,4.391,0.3261,11.2772
fCMR_Siemens_198,147,2.1682,0.8805,0.2235,1.4779,0.2323,3.9729
fCMR_Siemens_018,148,2.7191,1.5658,0.4204,1.2736,0.8619,3.7018
fCMR_Siemens_113,148,2.2858,0.7245,0.0538,7.3832,0.1291,16.748
fCMR_Siemens_027,148,2.0778,2.2679,0.2639,0.9283,0.2915,4.3916
fCMR_Siemens_006,148,2.808,2.3104,0.1712,1.6063,0.2725,5.1742
fCMR_Siemens_144,148,2.6059,2.8687,0.1802,1.938,0.2037,5.9683
fCMR_Siemens_068,148,1.9206,3.2509,0.4244,2.1361,0.4348,6.0246
fCMR_Siemens_198,148,2.7711,2.1456,0.1757,2.1593,0.2038,4.6426
fCMR_Siemens_018,149,1.8449,2.92,0.3004,1.3383,0.337,3.487
fCMR_Siemens_113,149,1.0737,2.114,0.0257,9.8314,0.0939,21.105
fCMR_Siemens_027,149,2.7643,2.0365,0.2851,2.2422,0.3405,8.1117
fCMR_Siemens_006,149,3.0588,2.2078,0.7032,1.9395,1.3838,9.1783
fCMR_Siemens_144,149,1.6302,1.7746,0.1196,3.33,0.2077,7.1716
fCMR_Siemens_068,149,1.0086,2.7782,0.5467,1.5275,0.6172,8.3756
fCMR_Siemens_198,149,2.1924,2.0175,0.2289,0.756,0.2385,2.3965
fCMR_Siemens_018,150,3.1025,1.5023,0.3162,2.8242,0.3562,7.4218
fCMR_Siemens_113,150,0.8183,1.4181,0.0731,9.2255,0.1172,20.4418
fCMR_Siemens_027,150,1.6688,0.8216,0.1583,1.2092,0.2448,3.8995
fCMR_Siemens_006,150,2.7104,2.3795,0.2429,4.0192,0.2683,10.9578
fCMR_Siemens_144,150,2.8551,2.7021,0.1515,3.2243,0.1979,7.051
fCMR_Siemens_068,150,2.3523,1.8422,0.2402,5.1038,0.2859,11.6229
fCMR_Siemens_198,150,1.6907,3.2973,0.2486,0.5333,0.2822,2.5342
fCMR_Siemens_018,151,2.281,3.1403,0.8585,5.047,1.2182,11.1155
fCMR_Siemens_113,151,2.8253,3.4548,0.0622,2.9476,0.1509,6.7605
fCMR_Siemens_027,151,1.2768,1.5423,0.2872,4.5556,0.3468,10.5958
fCMR_Siemens_006,151,2.2163,2.6148,0.2302,2.1001,0.3013,9.889
fCMR_Siemens_144,151,2.803,2.4396,0.2839,0.9295,1.2859,8.1472
fCMR_Siemens_068,151,1.9887,1.7154,0.4685,1.321,0.4775,4.4737
fCMR_Siemens_198,151,1.6539,2.9604,0.3234,1.1665,0.337,2.9074
fCMR_Siemens_018,152,2.5993,2.3386,0.378,2.054,0.4425,6.677
fCMR_Siemens_113,152,2.6074,1.7862,0.0744,8.8638,0.1194,18.9771
fCMR_Siemens_027,152,2.0886,2.132,0.2052,0.5626,0.3006,3.8066
fCMR_Siemens_006,152,1.6689,2.2553,0.1686,6.026,0.2227,13.6945
fCMR_Siemens_144,152,1.6425,2.3211,0.1313,0.5433,0.1827,3.3963
fCMR_Siemens_068,152,3.0649,1.0447,0.4815,0.6011,0.49,2.6812
fCMR_Siemens_198,152,2.4983,1.4329,0.1607,1.6692,0.1687,4.3675
fCMR_Siemens_018,153,1.4737,2.527,0.2895,1.9439,0.3038,5.4157
fCMR_Siemens_113,153,2.965,2.7126,0.0272,9.0446,0.1077,18.7994
fCMR_Siemens_027,153,2.1503,2.8981,0.2598,2.2829,0.4068,6.505
fCMR_Siemens_006,153,1.0228,2.1547,0.2884,1.4153,0.3193,4.9331
fCMR_Siemens_144,153,1.9998,2.085,0.2232,2.2065,0.2474,5.4416
fCMR_Siemens_068,153,1.6794,2.7695,0.753,1.3447,0.7915,5.046
fCMR_Siemens_198,153,3.0319,3.0986,0.269,1.476,0.2802,3.9976
fCMR_Siemens_018,154,3.138,2.2411,0.3995,3.2847,0.4861,9.0609
fCMR_Siemens_113,154,2.3624,2.7324,0.0756,9.604,0.1291,20.1212
fCMR_Siemens_027,154,2.5606,0.867,0.1638,0.1895,0.2236,2.1181
fCMR_Siemens_006,154,3.1058,1.9916,0.1861,4.7716,0.2655,12.822
fCMR_Siemens_144,154,2.3264,3.2083,0.2416,5.2977,0.2621,12.3636
fCMR_Siemens_068,154,2.0722,3.1708,0.4883,3.5606,0.5324,9.4492
fCMR_Siemens_198,154,2.0723,1.2687,0.2737,2.0545,0.2901,4.6433
fCMR_Siemens_018,155,2.3674,2.0588,0.2031,0.0679,0.2778,1.8039
fCMR_Siemens_113,155,2.6202,3.246,0.1036,5.1301,0.1529,11.1371
fCMR_Siemens_027,155,2.8797,2.6819,0.3996,2.5712,0.4114,6.3528
fCMR_Siemens_006,155,2.1807,1.5554,0.1906,4.2327,0.3503,14.6453
fCMR_Siemens_144,155,2.7807,2.9892,0.2676,1.5778,0.827,7.1447
fCMR_Siemens_068,155,1.1738,3.5143,0.6122,1.0941,0.6276,5.1968
fCMR_Siemens_198,155,0.6596,3.0599,0.2733,0.388,0.3231,1.4613
fCMR_Siemens_018,156,2.4781,1.713,0.3178,0.6939,0.3437,2.262
fCMR_Siemens_113,156,1.2696,2.8198,0.0671,2.9701,0.0947,7.0034
fCMR_Siemens_027,156,2.9831,1.2318,0.2552,1.1699,0.4023,5.7578
fCMR_Siemens_006,156,2.6312,2.0768,0.6963,2.3775,1.1698,7.7084
fCMR_Siemens_144,156,2.6814,2.4117,0.0726,1.9165,0.1964,5.0552
fCMR_Siemens_068,156,1.8269,2.5764,0.5753,2.3962,0.6158,7.1406
fCMR_Siemens_198,156,1.3395,2.994,0.147,1.268,0.1912,3.4814
fCMR_Siemens_018,157,1.3081,2.396,0.4947,4.3675,0.5229,10.7484
fCMR_Siemens_113,157,2.4023,2.345,0.0548,8.8922,0.1147,18.8065
fCMR_Siemens_027,157,1.9207,2.1084,0.3229,4.3982,0.3774,9.7521
fCMR_Siemens_006,157,1.1833,2.0865,0.1617,3.677,0.2252,9.4512
fCMR_Siemens_144,157,2.7529,2.2651,0.0562,1.5429,0.1315,4.0539
fCMR_Siemens_068,157,2.8883,2.0751,0.3228,5.3231,0.3378,12.6302
fCMR_Siemens_198,157,1.4828,2.9231,0.1764,0.5516,0.2059,2.1368
fCMR_Siemens_018,158,2.833,3.176,0.5819,3.4705,0.5884,8.3395
fCMR_Siemens_113,158,1.3582,3.1276,0.0332,0.8551,0.0959,2.7781
fCMR_Siemens_027,158,1.3933,2.0337,0.1245,1.9603,0.2423,6.3528
fCMR_Siemens_006,158,1.8209,1.1729,0.1573,3.7442,0.2416,8.5774
fCMR_Siemens_144,158,1.1818,2.4659,0.2263,1.4767,0.2457,4.7582
fCMR_Siemens_068,158,2.0608,3.0654,0.4394,3.3992,0.4955,8.7728
fCMR_Siemens_198,158,2.7964,2.161,0.2569,2.9562,0.2702,6.8194
fCMR_Siemens_018,159,2.814,2.8699,0.2249,0.7179,0.2548,2.294
fCMR_Siemens_113,159,2.2706,2.4605,0.0775,5.1486,0.1236,11.7731
fCMR_Siemens_027,159,1.7248,2.019,0.3046,0.0214,0.7456,5.6985
fCMR_Siemens_006,159,2.4382,2.4212,0.3199,2.3477,0.3554,6.4538
fCMR_Siemens_144,159,1.4756,2.0433,0.195,1.5756,0.2379,4.4133
fCMR_Siemens_068,159,3.0264,1.8861,0.9162,6.2015,1.2801,16.4328
fCMR_Siemens_198,159,1.8391,1.637,0.2072,1.1938,0.2359,3.4564
fCMR_Siemens_018,160,2.8151,2.8721,0.7953,3.7756,0.7983,8.3281
fCMR_Siemens_113,160,2.6732,3.9973,0.1051,8.5464,0.1609,19.0655
fCMR_Siemens_027,160,2.9398,3.1524,0.2127,1.8513,0.2696,5.2772
fCMR_Siemens_006,160,1.5646,2.2702,0.3871,2.3976,0.8516,10.1216
fCMR_Siemens_144,160,3.0058,2.4773,0.1104,1.4104,0.2247,4.3296
fCMR_Siemens_068,160,2.5321,3.3144,0.3873,3.7667,0.4024,9.2003
fCMR_Siemens_198,160,2.7118,1.3355,0.1913,0.7168,0.2167,3.4238
fCMR_Siemens_018,161,2.7668,1.5707,0.5477,2.32,0.5717,6.2369
fCMR_Siemens_113,161,2.5072,2.6372,0.2216,12.739,0.2309,26.5454
fCMR_Siemens_027,161,2.9215,1.8815,0.2383,1.8419,0.2535,4.8264
fCMR_Siemens_006,161,1.4621,2.9508,0.1974,1.1752,0.2659,3.6777
fCMR_Siemens_144,161,3.0898,1.5044,0.0648,1.2867,0.1976,4.84
fCMR_Siemens_068,161,2.4734,3.2254,0.4797,2.3408,0.5389,6.9395
fCMR_Siemens_198,161,1.9735,3.2442,0.2731,2.0492,0.2894,4.7526
fCMR_Siemens_018,162,2.9247,3.2606,0.2709,0.9304,0.2796,3.653
fCMR_Siemens_113,162,3.0127,2.6735,0.0729,9.0113,0.1064,19.5268
fCMR_Siemens_027,162,2.2273,2.1909,0.1843,0.9129,0.2393,4.1439
fCMR_Siemens_006,162,1.927,3.3575,0.3034,2.5316,0.3388,7.157
fCMR_Siemens_144,162,1.0109,3.8935,0.1986,1.2612,0.2416,4.5348
fCMR_Siemens_068,162,2.7613,3.2945,0.549,0.2132,0.5756,3.5234
fCMR_Siemens_198,162,2.1248,1.9115,0.164,0.7581,0.2546,3.032
fCMR_Siemens_018,163,0.9485,1.8375,0.245,2.2366,0.2944,5.6818
fCMR_Siemens_113,163,2.6616,1.8519,0.0663,8.4369,0.1178,18.1796
fCMR_Siemens_027,163,2.2661,2.9013,0.2698,4.889,0.2952,11.3435
fCMR_Siemens_006,163,3.1401,2.0745,0.2022,4.9146,0.2575,11.5863
fCMR_Siemens_144,163,2.5995,1.5963,0.207,2.36,0.2326,5.593
fCMR_Siemens_068,163,1.436,3.8603,0.5098,0.718,0.5258,3.6662
fCMR_Siemens_198,163,2.4481,1.8424,0.2468,1.9478,0.2564,4.5245
fCMR_Siemens_018,164,1.9027,3.3389,0.6777,4.9154,1.1405,11.8567
fCMR_Siemens_113,164,2.4428,2.8115,0.0591,2.8699,0.0916,7.7858
fCMR_Siemens_027,164,2.753,2.1245,0.5179,0.3208,0.5516,4.1692
fCMR_Siemens_006,164,2.3667,2.5863,0.3611,3.8534,1.4258,10.9453
fCMR_Siemens_144,164,1.4521,2.6939,0.0993,1.0862,0.3321,4.8317
fCMR_Siemens_068,164,2.4609,0.8379,0.4571,1.245,0.4765,3.7026
fCMR_Siemens_198,164,1.5749,1.3911,0.2275,2.4933,0.2553,5.8046
fCMR_Siemens_018,165,2.9601,2.0644,0.2087,0.2286,0.279,2.4723
fCMR_Siemens_113,165,1.9491,3.28,0.0765,6.416,0.1169,13.2001
fCMR_Siemens_027,165,1.7372,2.4534,0.1535,0.4054,0.2167,2.6344
fCMR_Siemens_006,165,2.7139,1.6994,0.2037,3.7517,0.2483,8.0088
fCMR_Siemens_144,165,2.1212,2.6119,0.1225,1.3157,0.1554,3.3938
fCMR_Siemens_068,165,2.3889,1.8391,0.6946,2.4276,0.7027,6.9803
fCMR_Siemens_198,165,2.9166,2.153,0.2765,0.5418,0.3115,2.0762
fCMR_Siemens_018,166,2.4696,2.1222,0.3209,0.5614,0.3473,1.6964
fCMR_Siemens_113,166,2.9016,2.1928,0.0941,10.5115,0.1497,22.7258
fCMR_Siemens_027,166,1.4209,1.6971,0.259,1.9899,0.3035,5.7434
fCMR_Siemens_006,166,1.5924,3.3807,0.2282,2.4528,0.2956,8.344
fCMR_Siemens_144,166,2.8228,2.2854,0.1963,0.1681,0.8219,3.2162
fCMR_Siemens_068,166,2.7698,2.4652,0.4902,3.25,0.5528,9.8384
fCMR_Siemens_198,166,2.2683,0.925,0.2318,1.1674,0.2753,2.8986
fCMR_Siemens_018,167,1.8785,0.9162,0.6346,3.1149,0.6396,7.2171
fCMR_Siemens_113,167,1.031,2.4903,0.1315,5.0831,0.1892,10.7735
fCMR_Siemens_027,167,2.7133,2.3599,0.2849,1.3002,0.3119,3.7767
fCMR_Siemens_006,167,2.488,2.4123,0.3396,4.9182,0.4752,14.6226
fCMR_Siemens_144,167,1.9684,2.7669,0.3134,2.4491,0.3206,6.6504
fCMR_Siemens_068,167,2.67,3.3412,0.3288,0.5055,0.475,2.781
fCMR_Siemens_198,167,1.5665,1.8676,0.2146,0.997,0.2287,2.7284
fCMR_Siemens_018,168,2.085,2.2711,0.42,0.9299,0.4448,2.5758
fCMR_Siemens_113,168,2.499,2.5545,0.0737,8.0105,0.0949,17.0054
fCMR_Siemens_027,168,1.9579,3.4118,0.041,3.3053,0.1937,8.0939
fCMR_Siemens_006,168,2.8627,2.894,0.417,0.4002,0.5135,5.3306
fCMR_Siemens_144,168,2.9497,2.5634,0.091,0.3327,0.1459,2.9596
fCMR_Siemens_068,168,2.1386,2.1724,0.4525,5.5356,0.4864,15.1768
fCMR_Siemens_198,168,3.0341,3.5824,0.2261,2.1807,0.2491,6.6534
fCMR_Siemens_018,169,2.5016,2.5848,0.3807,1.9427,0.4563,5.6608
fCMR_Siemens_113,169,2.8233,3.3002,0.043,7.4892,0.1077,16.2617
fCMR_Siemens_027,169,2.9681,0.6375,0.1576,0.3656,0.2368,2.6138
fCMR_Siemens_006,169,2.8047,3.2206,0.275,5.3034,0.2978,11.3419
fCMR_Siemens_144,169,0.9242,4.0729,0.0893,0.6131,0.1914,2.2324
fCMR_Siemens_068,169,2.4882,2.2479,0.696,1.5013,0.7056,5.3531
fCMR_Siemens_198,169,2.3971,3.4531,0.201,1.9849,0.205,5.2426
fCMR_Siemens_018,170,2.6208,1.4274,0.322,0.8345,0.7312,2.3486
fCMR_Siemens_113,170,3.0675,2.6757,0.0404,9.8562,0.1143,21.028
fCMR_Siemens_027,170,2.9876,2.6257,0.1196,2.8844,0.2159,6.7396
fCMR_Siemens_006,170,3.0424,2.6156,0.2997,7.6262,0.3353,17.7544
fCMR_Siemens_144,170,2.6334,2.8559,0.1477,1.9647,0.2401,4.7881
fCMR_Siemens_068,170,2.6344,3.5654,0.8222,0.1115,0.8347,1.8736
fCMR_Siemens_198,170,2.6401,1.5127,0.2276,2.5576,0.2614,5.628
fCMR_Siemens_018,171,1.5888,1.7927,0.2685,1.5014,0.3362,5.2381
fCMR_Siemens_113,171,1.6562,2.8385,0.1084,11.7465,0.201,26.4984
fCMR_Siemens_027,171,1.0952,2.1614,0.1776,1.1914,0.2513,4.9598
fCMR_Siemens_006,171,2.6733,3.4234,0.2519,2.1351,0.3091,6.5917
fCMR_Siemens_144,171,2.9089,2.6909,0.1789,2.5742,0.2435,7.7154
fCMR_Siemens_068,171,2.6267,2.6956,0.4405,2.9212,0.8398,6.6701
fCMR_Siemens_198,171,2.5484,3.279,0.234,0.123,0.2446,0.8782
fCMR_Siemens_018,172,1.8086,3.5086,0.1962,3.001,0.2933,7.8571
fCMR_Siemens_113,172,2.9931,2.2368,0.0374,3.9671,0.1086,9.5878
fCMR_Siemens_027,172,2.6401,2.15,0.1135,1.1734,0.4378,5.1347
fCMR_Siemens_006,172,2.0965,2.7392,0.4552,3.6177,0.53,13.5339
fCMR_Siemens_144,172,3.0754,2.6383,0.1696,3.3671,0.2189,7.34
fCMR_Siemens_068,172,2.4298,1.2137,0.6414,2.2721,0.6762,7.2648
fCMR_Siemens_198,172,2.8145,2.8271,0.1486,0.4898,0.1733,1.8489
fCMR_Siemens_018,173,2.6879,2.5629,0.3076,0.7773,0.3207,3.073
fCMR_Siemens_113,173,2.9136,2.9978,0.0941,12.2016,0.1059,25.4374
fCMR_Siemens_027,173,2.2556,3.3653,0.2112,0.1422,0.2927,2.2699
fCMR_Siemens_006,173,2.5962,2.1697,0.2136,4.4688,0.8,13.0679
fCMR_Siemens_144,173,2.6273,2.0922,0.2101,1.7308,0.2399,4.3714
fCMR_Siemens_068,173,2.6423,1.2183,0.8355,1.3616,0.8575,3.8908
fCMR_Siemens_198,173,3.0408,3.7573,0.2196,1.2096,0.2441,4.3843
fCMR_Siemens_018,174,2.9801,2.5779,0.3983,0.8939,0.6642,4.1281
fCMR_Siemens_113,174,2.7103,2.5394,0.0985,8.8306,0.1609,18.4879
fCMR_Siemens_027,174,2.9578,1.9488,0.313,1.0279,0.3599,4.8894
fCMR_Siemens_006,174,2.3344,3.0234,0.1404,2.3388,0.1745,6.2344
fCMR_Siemens_144,174,1.1854,2.1911,0.0995,1.1072,0.3072,4.2196
fCMR_Siemens_068,174,3.0002,2.6581,0.7296,1.0896,0.7367,4.2248
fCMR_Siemens_198,174,2.6987,1.9393,0.221,1.6932,0.2412,4.1853
fCMR_Siemens_018,175,1.4468,2.2176,0.3937,1.1706,0.5059,3.0277
fCMR_Siemens_113,175,1.2887,2.7131,0.0705,5.9849,0.135,13.4591
fCMR_Siemens_027,175,2.6581,1.3785,0.157,0.7029,0.197,2.9608
fCMR_Siemens_006,175,2.1971,2.9307,0.1957,2.4672,0.2785,8.654
fCMR_Siemens_144,175,2.2892,3.117,0.1248,3.131,0.1444,7.1294
fCMR_Siemens_068,175,2.6154,2.3243,0.5216,5.0682,0.539,11.5812
fCMR_Siemens_198,175,2.0573,1.4652,0.2432,1.6613,0.2709,4.2338
fCMR_Siemens_018,176,1.2358,2.8764,0.2619,1.9037,0.3425,5.5054
fCMR_Siemens_113,176,2.2181,2.4732,0.0355,5.0805,0.1382,11.4802
fCMR_Siemens_027,176,2.0771,2.1328,0.1884,0.748,0.27,2.5986
fCMR_Siemens_006,176,1.7104,2.2696,0.1739,5.0294,0.243,12.5778
fCMR_Siemens_144,176,2.0341,2.2633,0.3079,1.8449,0.8715,9.1401
fCMR_Siemens_068,176,2.2401,1.7352,0.8296,2.8565,0.8853,8.5574
fCMR_Siemens_198,176,2.8865,2.2103,0.2802,1.3994,0.2915,3.4868
fCMR_Siemens_018,177,1.6156,3.3767,0.2441,0.5917,0.3295,3.3511
fCMR_Siemens_113,177,1.9285,2.0027,0.09,7.0804,0.1208,15.5152
fCMR_Siemens_027,177,1.6099,3.1965,0.1329,0.4722,0.1801,4.6368
fCMR_Siemens_006,177,1.6643,0.8338,0.2405,3.0303,0.758,11.932
fCMR_Siemens_144,177,2.8867,3.7864,0.0944,1.3364,0.2467,5.4431
fCMR_Siemens_068,177,1.3384,3.4066,0.5139,2.3957,0.5239,5.6277
fCMR_Siemens_198,177,3.0873,1.2299,0.2366,1.441,0.2508,4.2911
fCMR_Siemens_018,178,1.5671,2.6903,0.3515,1.3081,0.763,3.7676
fCMR_Siemens_113,178,1.6896,0.7679,0.095,6.9102,0.1046,14.6377
fCMR_Siemens_027,178,0.9989,0.9181,0.3033,0.8733,0.3565,6.0402
fCMR_Siemens_006,178,2.91,2.6628,0.2306,4.0303,0.7973,16.3254
fCMR_Siemens_144,178,2.9833,2.3013,0.1683,1.0772,0.2077,3.3983
fCMR_Siemens_068,178,2.8866,2.534,0.5726,3.2665,0.5959,9.8813
fCMR_Siemens_198,178,3.0065,3.0309,0.2821,2.0096,0.2881,4.775
fCMR_Siemens_018,179,2.4998,2.7722,0.5237,1.5568,0.5443,4.3566
fCMR_Siemens_113,179,3.0673,2.852,0.0707,13.6117,0.1211,28.4303
fCMR_Siemens_027,179,3.0418,2.3404,0.1811,1.715,0.2444,4.6723
fCMR_Siemens_006,179,2.2221,2.2839,0.0887,5.0749,0.2389,13.6677
fCMR_Siemens_144,179,2.0203,1.7663,0.2005,2.6741,0.2154,5.8981
fCMR_Siemens_068,179,2.7412,1.6553,0.6117,1.7718,0.6636,6.7443
fCMR_Siemens_198,179,3.1044,2.4243,0.2827,1.7689,0.3215,3.9724
fCMR_Siemens_018,180,2.8573,2.1691,0.3462,2.2355,0.3585,5.6265
fCMR_Siemens_113,180,0.5941,3.108,0.0602,3.365,0.0856,7.8707
fCMR_Siemens_027,180,2.3303,2.0461,0.1242,3.0279,0.1913,7.6673
fCMR_Siemens_006,180,2.7109,2.664,0.2237,3.3136,0.2609,10.1084
fCMR_Siemens_144,180,2.2074,1.5032,0.0647,0.3351,0.1339,1.6588
fCMR_Siemens_068,180,2.6352,2.7573,0.6145,0.7359,0.6378,5.0312
fCMR_Siemens_198,180,1.5335,2.3824,0.3463,1.1282,0.3584,3.8973
fCMR_Siemens_018,181,1.1261,3.3569,0.3659,1.6389,0.373,5.0124
fCMR_Siemens_113,181,1.4944,2.7686,0.0683,10.4456,0.1182,22.9114
fCMR_Siemens_027,181,2.008,1.5299,0.1644,1.2124,0.2124,4.6884
fCMR_Siemens_006,181,2.0023,2.7347,0.1991,4.2227,0.2837,9.6628
fCMR_Siemens_144,181,1.2991,3.022,0.2624,0.2661,0.7731,3.2956
fCMR_Siemens_068,181,1.8551,2.9049,0.5036,1.1761,0.5226,5.4347
fCMR_Siemens_198,181,3.0393,1.3403,0.2434,2.562,0.2677,5.8784
fCMR_Siemens_018,182,2.7205,2.0682,0.4085,4.6322,0.8822,10.9354
fCMR_Siemens_113,182,2.5875,2.6905,0.0565,13.2199,0.1207,27.595
fCMR_Siemens_027,182,1.1174,3.2588,0.2593,0.3162,0.2849,2.1447
fCMR_Siemens_006,182,1.1492,3.8399,0.2902,2.2051,0.3253,6.1048
fCMR_Siemens_144,182,2.7254,1.4267,0.1769,2.4099,0.2059,6.513
fCMR_Siemens_068,182,1.2654,2.4964,0.3765,5.0836,0.4099,12.6372
fCMR_Siemens_198,182,1.1897,2.8818,0.2731,0.5547,0.2853,2.0431
fCMR_Siemens_018,183,2.9622,2.2849,0.3782,1.4369,0.4215,5.2215
fCMR_Siemens_113,183,3.0624,1.3124,0.0583,8.994,0.071,19.1253
fCMR_Siemens_027,183,2.3384,2.9324,0.1169,2.025,0.2277,6.3631
fCMR_Siemens_006,183,1.6088,3.9095,0.3226,5.2394,0.3668,14.1362
fCMR_Siemens_144,183,2.2186,2.9732,0.1346,2.2513,0.188,6.5239
fCMR_Siemens_068,183,2.7494,3.4817,0.7262,1.812,0.7377,5.8135
fCMR_Siemens_198,183,2.254,2.29,0.1613,1.1342,0.1781,3.33
fCMR_Siemens_018,184,2.8679,1.2352,0.311,1.1783,0.3131,3.6618
fCMR_Siemens_113,184,2.0487,1.3789,0.0583,7.5833,0.116,16.0298
fCMR_Siemens_027,184,2.9095,2.4636,0.1908,2.0662,0.3091,6.0053
fCMR_Siemens_006,184,1.8867,3.5448,0.3194,1.1477,0.4099,5.0572
fCMR_Siemens_144,184,2.307,2.8617,0.1295,3.3782,0.171,8.8934
fCMR_Siemens_068,184,2.3969,2.0533,0.5778,3.7624,0.6056,12.8619
fCMR_Siemens_198,184,2.4288,1.4522,0.2314,0.7088,0.2377,2.6426
fCMR_Siemens_018,185,2.271,2.3235,0.2625,1.3249,0.2939,3.8488
fCMR_Siemens_113,185,2.6935,1.2039,0.0848,8.2645,0.11,17.3783
fCMR_Siemens_027,185,2.0777,2.8507,0.2599,0.5156,0.3538,3.4106
fCMR_Siemens_006,185,2.3543,2.9022,0.2706,3.3831,0.3507,9.5608
fCMR_Siemens_144,185,2.3558,3.2644,0.1094,1.8706,0.1631,5.4942
fCMR_Siemens_068,185,2.5161,2.3411,0.7419,3.0084,0.7527,8.8242
fCMR_Siemens_198,185,0.5801,3.0671,0.2694,2.0652,0.2915,5.295
fCMR_Siemens_018,186,3.0292,1.6643,0.3347,1.9408,0.3619,4.9179
fCMR_Siemens_113,186,3.1035,2.0225,0.1049,10.2531,0.1248,22.1922
fCMR_Siemens_027,186,1.1705,2.0423,0.1061,3.2428,0.2533,9.5994
fCMR_Siemens_006,186,2.4426,3.0365,0.1521,3.1018,0.2578,8.6151
fCMR_Siemens_144,186,3.0993,2.9177,0.1764,1.2103,0.2154,3.9412
fCMR_Siemens_068,186,1.4292,1.7458,0.6689,4.028,0.7055,14.0306
fCMR_Siemens_198,186,2.3229,1.215,0.3155,2.6363,0.3305,6.427
fCMR_Siemens_018,187,1.839,2.1166,0.2673,1.3895,0.3216,4.935
fCMR_Siemens_113,187,2.0877,3.2309,0.1089,3.6646,0.1361,8.1182
fCMR_Siemens_027,187,2.4024,1.5573,0.1016,2.0408,0.1455,6.4394
fCMR_Siemens_006,187,2.8733,2.4102,0.2466,8.2504,0.2888,18.3994
fCMR_Siemens_144,187,1.5664,2.4872,0.2222,1.3608,0.2293,5.8589
fCMR_Siemens_068,187,1.3689,2.6277,0.4702,2.7376,0.4928,7.612
fCMR_Siemens_198,187,1.7761,2.6138,0.2838,1.2215,0.292,3.9351
fCMR_Siemens_018,188,3.0444,2.5851,0.2687,1.1768,0.2907,3.7769
fCMR_Siemens_113,188,0.7744,1.7757,0.0991,11.5031,0.115,23.9708
fCMR_Siemens_027,188,2.2833,2.8333,0.0873,1.1798,0.1169,4.4884
fCMR_Siemens_006,188,1.9161,2.6638,0.0976,4.8949,0.2253,12.0656
fCMR_Siemens_144,188,2.089,3.0159,0.174,1.4669,0.1964,4.6658
fCMR_Siemens_068,188,2.3427,1.5787,0.5735,1.55,0.6395,7.9206
fCMR_Siemens_198,188,2.5198,2.7313,0.1934,0.6885,0.2575,2.5518
fCMR_Siemens_018,189,1.9094,2.7354,0.3528,1.0553,0.3674,3.0486
fCMR_Siemens_113,189,2.5713,2.1596,0.0676,6.4934,0.0955,15.7853
fCMR_Siemens_027,189,2.903,2.3534,0.0574,1.1032,0.169,3.7953
fCMR_Siemens_006,189,3.0916,1.95,0.2479,4.9869,0.8137,11.8525
fCMR_Siemens_144,189,2.7369,2.1704,0.1283,2.69,0.1634,6.5491
fCMR_Siemens_068,189,3.0678,2.7754,0.6071,1.6601,0.619,5.1102
fCMR_Siemens_198,189,2.4261,1.3532,0.2228,1.2266,0.2388,3.4368
fCMR_Siemens_018,190,1.9856,0.9728,0.2743,1.3064,0.3203,4.3129
fCMR_Siemens_113,190,2.7363,1.9756,0.088,7.9311,0.1244,16.3966
fCMR_Siemens_027,190,1.9757,1.8929,0.1133,0.7648,0.2557,3.5064
fCMR_Siemens_006,190,2.3506,3.1228,0.219,5.5346,0.2495,12.4485
fCMR_Siemens_144,190,2.4819,1.8399,0.2077,1.6131,0.2285,5.0362
fCMR_Siemens_068,190,1.7018,2.6188,0.4961,5.5537,0.5201,15.8961
fCMR_Siemens_198,190,2.9542,3.0863,0.2357,3.3328,0.2653,7.2291
fCMR_Siemens_018,191,1.3009,2.593,0.4866,2.6266,0.5034,7.0618
fCMR_Siemens_113,191,3.0679,2.3236,0.0762,8.6413,0.1301,18.0718
fCMR_Siemens_027,191,2.4661,2.5304,0.1854,1.3834,0.2365,5.2105
fCMR_Siemens_006,191,2.729,2.878,0.2445,4.1302,0.2799,9.3922
fCMR_Siemens_144,191,1.7761,2.6114,0.2221,0.7223,0.323,2.5639
fCMR_Siemens_068,191,2.4808,2.4966,0.8917,1.5498,0.8949,6.7244
fCMR_Siemens_198,191,1.5933,2.3177,0.1999,0.6058,0.223,2.4801
fCMR_Siemens_018,192,1.8752,1.362,0.5341,2.8405,0.5397,6.7905
fCMR_Siemens_113,192,3.1081,2.9162,0.1056,4.2351,0.1347,9.2488
fCMR_Siemens_027,192,2.479,2.5029,0.3469,4.276,0.3638,10.5084
fCMR_Siemens_006,192,1.328,3.5269,0.1374,1.0801,0.3425,4.452
fCMR_Siemens_144,192,2.2533,1.7923,0.1809,1.2423,0.7812,6.6522
fCMR_Siemens_068,192,1.8051,2.1519,0.7151,0.634,0.7304,3.5419
fCMR_Siemens_198,192,1.5802,1.5562,0.2787,2.705,0.2891,6.8276
fCMR_Siemens_018,193,2.8167,2.9018,0.6556,3.3231,1.3662,8.6289
fCMR_Siemens_113,193,2.8136,3.328,0.1342,12.5485,0.1662,26.2674
fCMR_Siemens_027,193,1.413,2.7312,0.2046,0.9114,0.2331,2.6532
fCMR_Siemens_006,193,2.3184,3.4358,0.202,6.4205,0.2719,15.8402
fCMR_Siemens_144,193,2.3192,2.404,0.1877,1.2901,0.2203,3.9514
fCMR_Siemens_068,193,2.7885,2.68,0.4565,0.3893,0.4806,1.6884
fCMR_Siemens_198,193,3.1357,2.6646,0.2053,1.967,0.2235,4.9251
fCMR_Siemens_018,194,2.7415,2.5012,0.5875,2.0773,0.5968,4.8949
fCMR_Siemens_113,194,2.9994,2.7032,0.1525,5.6762,0.1854,12.4212
fCMR_Siemens_027,194,1.0055,1.9705,0.1197,0.5166,0.1779,3.0669
fCMR_Siemens_006,194,3.1221,0.3346,0.2079,4.5178,0.2885,12.0243
fCMR_Siemens_144,194,2.8794,2.6071,0.1949,2.3133,0.2101,5.2467
fCMR_Siemens_068,194,0.5955,3.1359,0.533,4.7037,0.5499,13.3338
fCMR_Siemens_198,194,2.7001,2.7778,0.199,0.2822,0.2209,2.0079
fCMR_Siemens_018,195,0.8085,2.5656,0.2666,1.5326,0.866,4.5052
fCMR_Siemens_113,195,1.8462,1.1206,0.0959,6.7472,0.1708,14.8696
fCMR_Siemens_027,195,1.776,3.2252,0.1797,0.006,0.2518,3.3192
fCMR_Siemens_006,195,2.5419,2.7333,0.1902,1.6823,0.7353,10.0348
fCMR_Siemens_144,195,2.2635,2.6735,0.8058,0.6042,1.5527,7.1662
fCMR_Siemens_068,195,2.7691,0.9398,0.4013,2.7768,0.4213,7.8265
fCMR_Siemens_198,195,2.6268,2.2258,0.2378,1.5503,0.2682,3.7308
fCMR_Siemens_018,196,1.9664,2.8965,0.5444,2.0502,0.5583,5.4461
fCMR_Siemens_113,196,3.0346,2.433,0.0824,14.4773,0.113,30.0897
fCMR_Siemens_027,196,2.0849,2.7283,0.1962,2.4878,0.2638,6.3672
fCMR_Siemens_006,196,1.8827,3.6921,0.1653,3.3329,0.2054,8.0997
fCMR_Siemens_144,196,1.6356,2.9939,0.0941,5.3017,0.1419,13.0352
fCMR_Siemens_068,196,1.5926,1.8191,0.5854,1.0445,0.9683,6.9651
fCMR_Siemens_198,196,3.1349,2.823,0.261,0.5668,0.2926,2.9224
fCMR_Siemens_018,197,2.2734,2.0686,0.4357,1.4447,0.4456,3.9539
fCMR_Siemens_113,197,2.6061,2.964,0.0746,4.6787,0.1233,10.347
fCMR_Siemens_027,197,2.978,3.2298,0.1144,0.6537,0.2317,2.9562
fCMR_Siemens_006,197,2.75,1.3865,0.1964,6.2861,0.2134,14.5981
fCMR_Siemens_144,197,2.1163,2.4205,0.2396,3.8181,0.2737,8.3868
fCMR_Siemens_068,197,3.0359,2.8411,0.6551,5.5183,0.6912,13.406
fCMR_Siemens_198,197,2.7564,2.7749,0.1829,1.8228,0.1998,4.3501
fCMR_Siemens_018,198,3.112,1.9403,0.1868,1.7914,0.2405,4.094
fCMR_Siemens_113,198,2.2963,1.2036,0.0603,6.3772,0.1112,14.1076
fCMR_Siemens_027,198,2.7379,2.8088,0.2789,1.2898,0.2968,3.9754
fCMR_Siemens_006,198,2.7997,2.1901,0.2493,6.5057,0.2838,14.2892
fCMR_Siemens_144,198,1.0158,1.5819,0.0977,1.4723,0.1756,3.7212
fCMR_Siemens_068,198,1.7382,1.7075,0.9032,4.6509,0.9303,12.1842
fCMR_Siemens_198,198,2.8155,2.6187,0.1678,2.0347,0.1747,5.1128
fCMR_Siemens_018,199,1.6216,2.9273,0.3505,2.6751,0.3689,6.6642
fCMR_Siemens_113,199,1.5896,2.4553,0.1351,7.3783,0.2152,18.5053
fCMR_Siemens_027,199,0.8372,1.3179,0.1985,2.5743,0.2298,7.0334
fCMR_Siemens_006,199,2.8668,0.9127,0.1031,3.8167,0.1822,8.1737
fCMR_Siemens_144,199,1.7172,1.8648,0.2046,3.8342,0.2233,11.2723
fCMR_Siemens_068,199,1.2797,3.059,0.5558,1.8417,0.5692,6.8431
fCMR_Siemens_198,199,2.9182,1.2277,0.1869,0.9757,0.2201,2.6069
fCMR_Siemens_018,200,2.9694,1.5969,0.7278,3.1848,0.7314,8.2534
fCMR_Siemens_113,200,0.6373,2.1675,0.0308,3.5763,0.0924,8.0199
fCMR_Siemens_027,200,2.1486,2.0524,0.3933,3.4414,0.4438,9.6623
fCMR_Siemens_006,200,2.8174,1.975,0.2634,6.7287,0.8525,14.199
fCMR_Siemens_144,200,2.1001,2.4582,0.2236,2.7692,0.2517,6.8076
fCMR_Siemens_068,200,1.4311,3.2932,0.6511,1.9176,0.665,5.6816
fCMR_Siemens_198,200,1.1302,2.6355,0.1499,0.5078,0.1785,1.6405
fCMR_Siemens_018,201,1.2708,1.1293,0.2361,1.2954,0.2422,4.3144
fCMR_Siemens_113,201,3.1013,2.5702,0.0862,7.6334,0.1574,17.1643
fCMR_Siemens_027,201,2.4283,2.7743,0.3992,0.7356,0.4409,3.602
fCMR_Siemens_006,201,2.918,2.4773,0.2138,4.0844,0.324,9.7063
fCMR_Siemens_144,201,1.3573,2.3299,0.1284,1.2301,0.1616,4.8354
fCMR_Siemens_068,201,2.9822,1.8981,0.6974,0.7716,0.7153,4.7437
fCMR_Siemens_198,201,1.6214,2.4108,0.3152,1.0482,0.3287,2.9677
fCMR_Siemens_018,202,2.7862,3.3641,0.5295,0.9568,0.5727,3.9139
fCMR_Siemens_113,202,2.1311,2.1074,0.0584,7.6453,0.1642,16.129
fCMR_Siemens_027,202,2.6322,2.0575,0.2542,0.7169,0.3021,3.1028
fCMR_Siemens_006,202,2.9377,2.5422,0.2333,2.3213,0.2598,5.5566
fCMR_Siemens_144,202,2.8424,2.3773,0.0495,0.4749,0.1692,2.845
fCMR_Siemens_068,202,3.1292,2.2092,0.4239,3.4298,0.4511,9.1756
fCMR_Siemens_198,202,1.5003,2.7922,0.2033,1.1829,0.216,3.6251
fCMR_Siemens_018,203,2.7626,2.2213,0.2657,1.3726,0.7202,4.5278
fCMR_Siemens_113,203,2.5021,0.6627,0.1077,6.6823,0.1197,14.0544
fCMR_Siemens_027,203,2.8881,2.5872,0.2234,1.6043,0.2683,4.8005
fCMR_Siemens_006,203,2.8649,2.015,0.2879,1.8682,0.3257,6.1062
fCMR_Siemens_144,203,1.9362,2.3487,0.202,1.326,0.2216,5.0077
fCMR_Siemens_068,203,2.1623,3.0426,0.811,3.2559,0.862,8.9608
fCMR_Siemens_198,203,2.5031,2.5863,0.1722,2.5329,0.1886,6.4252
fCMR_Siemens_018,204,2.1999,2.6601,0.3541,1.0235,0.3684,2.787
fCMR_Siemens_113,204,3.0214,2.8316,0.0828,10.3438,0.1226,22.5654
fCMR_Siemens_027,204,2.0449,3.1285,0.1416,1.2864,0.2921,4.948
fCMR_Siemens_006,204,2.4939,3.2237,0.156,2.9693,0.249,7.8618
fCMR_Siemens_144,204,2.4345,2.2344,0.119,1.321,0.1728,4.6241
fCMR_Siemens_068,204,1.5544,1.7174,0.5956,1.3151,0.6092,4.7192
fCMR_Siemens_198,204,3.0588,2.9081,0.2164,2.4851,0.2234,6.5194
fCMR_Siemens_018,205,1.7383,2.3043,0.2809,0.9912,0.2979,2.4155
fCMR_Siemens_113,205,1.6498,2.9894,0.0319,11.3098,0.1239,24.1014
fCMR_Siemens_027,205,2.0096,2.1408,0.2065,2.1535,0.233,6.3906
fCMR_Siemens_006,205,2.5721,2.6415,0.1547,5.3247,0.1878,12.0219
fCMR_Siemens_144,205,0.7185,2.7394,0.1003,1.648,0.1643,4.8025
fCMR_Siemens_068,205,2.3343,2.4193,0.5239,0.9085,0.5858,4.118
fCMR_Siemens_198,205,3.109,1.9661,0.302,0.8715,0.3218,2.4824
fCMR_Siemens_018,206,2.6496,2.5222,0.5055,1.8577,0.9298,5.0857
fCMR_Siemens_113,206,1.5662,2.4526,0.0958,4.5455,0.1317,11.1794
fCMR_Siemens_027,206,1.8123,2.4868,0.102,1.6849,0.1738,6.0532
fCMR_Siemens_006,206,2.7725,2.684,0.213,6.0594,0.2704,14.0682
fCMR_Siemens_144,206,2.3497,2.7012,0.0605,1.7733,0.1952,7.4346
fCMR_Siemens_068,206,1.8366,2.2345,0.5715,2.7538,0.588,6.5241
fCMR_Siemens_198,206,1.5777,2.2425,0.2385,2.0291,0.2522,4.838
fCMR_Siemens_018,207,2.6598,2.7835,0.551,2.4262,1.0138,6.2312
fCMR_Siemens_113,207,1.6132,3.0664,0.1008,10.756,0.1778,24.6693
fCMR_Siemens_027,207,2.3437,1.442,0.1613,1.4282,0.1919,3.4769
fCMR_Siemens_006,207,2.878,2.8342,0.2255,1.3021,0.3188,5.2013
fCMR_Siemens_144,207,2.3583,2.8659,0.169,0.9138,0.2045,3.9237
fCMR_Siemens_068,207,2.0366,0.9235,0.6781,1.0085,0.6948,3.5293
fCMR_Siemens_198,207,3.051,2.2012,0.2593,0.4371,0.2758,1.6647
fCMR_Siemens_018,208,3.0713,3.1211,0.5557,2.1125,0.5765,6.552
fCMR_Siemens_113,208,2.6219,2.8338,0.0528,10.7464,0.0948,22.9034
fCMR_Siemens_027,208,1.0689,1.8677,0.3636,0.4181,0.4066,2.6002
fCMR_Siemens_006,208,2.0564,2.0015,0.181,3.6603,0.2205,7.9732
fCMR_Siemens_144,208,2.1823,0.5867,0.0571,1.8399,0.1222,4.7896
fCMR_Siemens_068,208,2.0173,1.8317,0.6494,0.094,0.6837,3.4318
fCMR_Siemens_198,208,2.0811,2.4864,0.2016,1.1281,0.2149,2.8973
fCMR_Siemens_018,209,0.8917,3.1336,0.2582,1.5988,0.3033,5.2365
fCMR_Siemens_113,209,1.9845,2.3908,0.0831,8.0067,0.1276,17.3258
fCMR_Siemens_027,209,2.6069,2.6959,0.2417,1.905,0.2816,5.2076
fCMR_Siemens_006,209,2.5532,1.9603,0.3091,1.0578,0.6608,7.3891
fCMR_Siemens_144,209,1.0136,2.8225,0.1254,2.7645,0.1589,7.6295
fCMR_Siemens_068,209,1.3728,1.9466,0.4819,1.5395,0.5015,4.3844
fCMR_Siemens_198,209,2.2123,1.2647,0.1935,2.1516,0.2163,5.6754
fCMR_Siemens_018,210,3.0363,2.288,0.3464,2.2371,0.3779,5.9015
fCMR_Siemens_113,210,2.0464,1.6023,0.0709,7.6097,0.1361,16.0351
fCMR_Siemens_027,210,2.2835,2.1387,0.286,0.2698,0.302,3.4464
fCMR_Siemens_006,210,1.1263,2.8208,0.3506,0.4643,0.8283,5.9742
fCMR_Siemens_144,210,1.9162,2.9706,0.1402,1.7492,0.1852,4.1027
fCMR_Siemens_068,210,1.8576,3.0326,0.6347,0.2275,0.648,3.6661
fCMR_Siemens_198,210,1.4136,3.3667,0.1787,2.4704,0.2026,5.7092
fCMR_Siemens_018,211,2.4686,1.0773,0.3599,1.3544,0.3789,4.7282
fCMR_Siemens_113,211,2.4908,2.1035,0.0194,7.5767,0.08,16.6
fCMR_Siemens_027,211,2.748,2.7917,0.367,0.8481,0.3851,3.9564
fCMR_Siemens_006,211,2.5493,3.0833,0.2504,6.5923,0.2986,14.4129
fCMR_Siemens_144,211,2.7418,3.2613,0.4023,1.0808,0.9206,5.1622
fCMR_Siemens_068,211,2.4683,2.8784,0.4913,0.9958,0.5367,5.9911
fCMR_Siemens_198,211,3.0753,1.3204,0.2197,1.2483,0.228,3.8559
fCMR_Siemens_018,212,1.4284,2.1924,0.3585,2.3054,0.3766,5.3955
fCMR_Siemens_113,212,2.2458,1.137,0.0834,6.1912,0.1356,13.6195
fCMR_Siemens_027,212,1.3924,1.9727,0.1507,0.3248,0.2816,2.2522
fCMR_Siemens_006,212,1.8977,1.5653,0.1489,3.5595,0.1941,8.196
fCMR_Siemens_144,212,1.5977,0.7573,0.206,0.7682,0.2327,3.7876
fCMR_Siemens_068,212,1.046,3.3176,0.6424,3.7179,0.6545,9.1761
fCMR_Siemens_198,212,1.9294,2.4887,0.2234,1.7039,0.2506,4.3557
fCMR_Siemens_018,213,1.9266,2.6356,0.6181,1.8197,0.6412,5.7426
fCMR_Siemens_113,213,3.0806,2.0015,0.0791,3.6709,0.1089,7.7194
fCMR_Siemens_027,213,1.7458,2.575,0.1293,0.6422,0.1816,2.702
fCMR_Siemens_006,213,2.356,2.8506,0.1638,2.6585,0.2272,6.3011
fCMR_Siemens_144,213,1.9339,2.9804,0.2501,2.6054,0.3081,8.9011
fCMR_Siemens_068,213,3.0658,2.7611,0.4771,3.2224,0.5187,7.9974
fCMR_Siemens_198,213,2.4474,2.3001,0.1791,1.3837,0.1948,4.0146
fCMR_Siemens_018,214,1.9495,3.2362,0.4426,1.0072,0.4468,2.8992
fCMR_Siemens_113,214,1.2363,2.5737,0.0637,10.5567,0.1047,22.9218
fCMR_Siemens_027,214,2.1863,2.3453,0.1866,0.8554,0.221,3.9162
fCMR_Siemens_006,214,2.0409,1.5541,0.1595,3.5488,0.2166,8.4151
fCMR_Siemens_144,214,1.3877,3.1511,0.1175,2.0063,0.1598,4.9205
fCMR_Siemens_068,214,1.1515,3.1841,0.6655,0.6083,0.7045,2.3555
fCMR_Siemens_198,214,2.1547,2.4362,0.2023,0.8328,0.2276,4.106
fCMR_Siemens_018,215,2.5726,2.6906,0.4004,1.3501,0.4045,4.8758
fCMR_Siemens_113,215,1.3208,2.0338,0.1061,6.1738,0.1305,13.994
fCMR_Siemens_027,215,1.2095,1.0795,0.1292,0.3652,0.1648,2.1276
fCMR_Siemens_006,215,3.0656,1.4089,0.0881,2.6472,0.2151,7.7553
fCMR_Siemens_144,215,2.1728,2.1669,0.3709,3.1972,0.3995,8.5014
fCMR_Siemens_068,215,2.4402,1.8197,0.7789,1.4594,0.7905,4.913
fCMR_Siemens_198,215,2.725,3.2106,0.2104,1.6254,0.2295,6.008
fCMR_Siemens_018,216,2.9436,2.3135,0.3796,0.891,0.4353,4.4272
fCMR_Siemens_113,216,2.2948,0.7705,0.0896,6.4753,0.1148,13.7676
fCMR_Siemens_027,216,2.0495,2.6495,0.2062,0.0613,0.2421,1.4661
fCMR_Siemens_006,216,2.7751,2.1447,0.2089,4.5143,0.8491,14.7881
fCMR_Siemens_144,216,2.2637,3.32,0.2573,4.0948,0.266,9.6248
fCMR_Siemens_068,216,1.8844,3.7717,0.3835,2.709,0.4476,7.031
fCMR_Siemens_198,216,2.3355,2.1746,0.1702,2.2691,0.1994,5.1976
fCMR_Siemens_018,217,2.9022,2.5385,0.7695,4.841,0.9081,13.3606
fCMR_Siemens_113,217,2.7965,1.7794,0.0219,8.3955,0.1129,18.34
fCMR_Siemens_027,217,2.8846,1.8053,0.2616,1.6974,0.2744,4.3049
fCMR_Siemens_006,217,3.0097,3.9411,0.4242,8.8423,0.4644,20.2194
fCMR_Siemens_144,217,2.6516,2.553,0.1772,1.7741,0.2023,5.1394
fCMR_Siemens_068,217,1.3995,3.3644,0.5593,4.465,0.5732,10.3194
fCMR_Siemens_198,217,2.7469,2.65,0.2168,0.9886,0.2292,2.7499
fCMR_Siemens_018,218,2.7791,3.2095,0.3248,1.6213,0.3389,4.5978
fCMR_Siemens_113,218,2.5905,2.9134,0.1272,9.9974,0.1591,21.5253
fCMR_Siemens_027,218,2.9261,2.3976,0.1398,0.187,0.2896,1.7
fCMR_Siemens_006,218,2.8135,2.7974,0.2202,2.3007,0.9298,17.9277
fCMR_Siemens_144,218,2.3692,2.5687,2.3743,2.0031,1.8079,7.8409
fCMR_Siemens_068,218,2.9793,2.0523,0.384,5.0899,0.4548,12.5575
fCMR_Siemens_198,218,0.8452,2.4413,0.3689,2.2288,0.3808,4.9277
fCMR_Siemens_018,219,2.985,2.198,0.2387,0.7584,0.3166,2.3497
fCMR_Siemens_113,219,2.0225,2.2326,0.1135,4.9713,0.1566,10.715
fCMR_Siemens_027,219,3.0496,0.4294,0.1449,0.4672,0.2407,3.2687
fCMR_Siemens_006,219,2.7788,2.4465,0.2682,4.8399,0.3101,10.9872
fCMR_Siemens_144,219,2.2628,3.0408,0.1075,0.6271,0.1611,3.1252
fCMR_Siemens_068,219,3.0149,2.6883,0.7041,5.1217,0.7063,12.551
fCMR_Siemens_198,219,3.0131,1.6337,0.2929,1.8982,0.2976,4.3508
fCMR_Siemens_018,220,2.5365,3.6211,0.3604,0.9514,0.3659,2.8536
fCMR_Siemens_113,220,2.9543,2.8439,0.0901,6.1383,0.1019,12.9082
fCMR_Siemens_027,220,2.3453,2.7208,0.2324,3.7033,0.2669,11.7681
fCMR_Siemens_006,220,2.7894,2.5213,0.4204,0.8313,0.5433,6.6514
fCMR_Siemens_144,220,1.3921,1.979,0.1711,0.8926,0.9082,3.2332
fCMR_Siemens_068,220,1.6956,2.0273,0.9462,0.5432,1.1363,4.7912
fCMR_Siemens_198,220,1.0097,2.6504,0.2765,0.9125,0.2802,3.0123
fCMR_Siemens_018,221,2.4479,3.3686,0.3411,1.0466,0.3613,3.1801
fCMR_Siemens_113,221,2.4785,2.283,0.0824,7.1199,0.1258,15.0338
fCMR_Siemens_027,221,2.7782,1.5235,0.0901,0.476,0.2605,4.0202
fCMR_Siemens_006,221,2.4208,3.5306,0.1841,4.0474,0.256,9.8024
fCMR_Siemens_144,221,1.9996,3.3493,0.1895,1.7164,0.2044,5.3416
fCMR_Siemens_068,221,1.0097,1.2629,0.4651,1.449,0.5275,4.4155
fCMR_Siemens_198,221,2.6431,1.9197,0.277,1.303,0.3007,3.4592
fCMR_Siemens_018,222,2.453,1.5692,0.4657,1.5306,0.4831,4.732
fCMR_Siemens_113,222,1.3413,1.9495,0.1202,10.6568,0.1429,23.0371
fCMR_Siemens_027,222,2.6593,1.8786,0.1342,2.4868,0.2046,6.3479
fCMR_Siemens_006,222,1.6111,2.0899,0.3199,4.225,0.664,12.2004
fCMR_Siemens_144,222,2.6263,2.6744,0.1146,1.3275,0.1489,3.9435
fCMR_Siemens_068,222,2.7964,2.7025,0.4859,3.1228,0.5049,8.6747
fCMR_Siemens_198,222,3.126,1.9837,0.3171,1.909,0.3251,4.82
fCMR_Siemens_018,223,1.9228,2.1061,0.2704,0.4254,0.3133,1.8507
fCMR_Siemens_113,223,0.9345,2.6096,0.0696,5.0358,0.105,11.7182
fCMR_Siemens_027,223,2.1746,2.4873,0.0852,2.2237,0.2879,6.4435
fCMR_Siemens_006,223,2.8844,2.8007,0.2504,3.7504,0.2777,9.9935
fCMR_Siemens_144,223,1.7778,2.2858,0.1678,3.3813,0.2255,8.606
fCMR_Siemens_068,223,1.889,1.2365,0.5799,3.3108,0.5971,9.1692
fCMR_Siemens_198,223,2.984,2.2638,0.3226,0.6562,0.3366,2.1287
fCMR_Siemens_018,224,2.795,3.4025,0.4146,1.0907,0.4514,3.3188
fCMR_Siemens_113,224,1.9543,1.5876,0.0571,7.4688,0.1407,15.5175
fCMR_Siemens_027,224,2.4864,3.2568,0.4855,2.6619,0.6166,7.4916
fCMR_Siemens_006,224,2.2472,2.0226,0.2824,6.0157,0.3005,13.5709
fCMR_Siemens_144,224,2.5658,2.2248,0.2602,2.3226,0.2776,5.8419
fCMR_Siemens_068,224,2.6168,1.3498,0.8712,0.788,0.8835,4.4794
fCMR_Siemens_198,224,1.8101,2.6191,0.3315,0.2617,0.3464,1.6782
fCMR_Siemens_018,225,2.5162,1.8566,0.2093,0.4614,0.2329,1.6437
fCMR_Siemens_113,225,2.6126,3.0203,0.0793,6.0412,0.0948,13.2529
fCMR_Siemens_027,225,2.254,2.5596,0.177,0.7488,0.2667,4.0376
fCMR_Siemens_006,225,2.8906,2.8829,0.184,3.7482,0.2204,9.4831
fCMR_Siemens_144,225,2.8484,3.219,0.1142,1.0128,0.2084,3.3545
fCMR_Siemens_068,225,2.968,2.4532,0.552,6.3809,0.5738,16.2556
fCMR_Siemens_198,225,3.0964,3.4337,0.1631,1.5656,0.1749,4.3027
fCMR_Siemens_018,226,1.525,2.2882,0.2249,0.6539,0.2672,2.6382
fCMR_Siemens_113,226,3.1063,1.9207,0.0512,5.5389,0.1158,11.8277
fCMR_Siemens_027,226,1.046,3.0236,0.1899,0.0572,0.2506,3.0824
fCMR_Siemens_006,226,2.8953,2.6174,0.2034,3.0046,0.2879,7.0991
fCMR_Siemens_144,226,2.2919,2.4449,0.1694,3.555,0.2047,9.1113
fCMR_Siemens_068,226,2.79,2.668,0.5876,0.6679,0.5985,2.854
fCMR_Siemens_198,226,2.6759,2.126,0.2048,1.3568,0.2623,3.8792
fCMR_Siemens_018,227,2.6364,3.0536,0.3246,0.935,0.3348,2.7721
fCMR_Siemens_113,227,2.0731,2.1529,0.0838,4.9625,0.1231,10.7305
fCMR_Siemens_027,227,0.7094,2.4231,0.2333,2.3586,0.2992,7.0167
fCMR_Siemens_006,227,2.0815,2.063,0.3158,2.9343,0.3452,8.3541
fCMR_Siemens_144,227,1.4986,1.5079,0.1401,1.6603,0.1756,4.7589
fCMR_Siemens_068,227,2.0987,1.9902,0.6389,0.9628,0.6451,3.5013
fCMR_Siemens_198,227,2.6487,2.2741,0.2152,0.6733,0.2602,2.3466
fCMR_Siemens_018,228,1.4549,1.5859,0.3523,1.3272,0.3959,4.5901
fCMR_Siemens_113,228,2.2514,2.6984,0.0744,4.6254,0.1011,10.0908
fCMR_Siemens_027,228,1.8327,2.4528,0.202,1.0821,0.2318,4.6323
fCMR_Siemens_006,228,2.9233,3.0749,0.3098,2.9179,0.4967,10.1904
fCMR_Siemens_144,228,2.7393,0.9236,0.0998,1.8509,0.1479,4.9655
fCMR_Siemens_068,228,1.9609,3.4319,0.5151,3.7317,0.5968,10.1427
fCMR_Siemens_198,228,1.4092,1.8702,0.239,2.7458,0.2709,7.9879
fCMR_Siemens_018,229,1.6129,1.7313,0.2424,1.2432,0.453,3.334
fCMR_Siemens_113,229,2.0517,2.7698,0.0608,6.6367,0.1217,14.9578
fCMR_Siemens_027,229,1.6784,1.5516,0.4437,1.8771,0.4932,5.9011
fCMR_Siemens_006,229,3.1265,3.0505,0.2996,2.499,0.3337,6.6497
fCMR_Siemens_144,229,1.9291,2.5658,0.2625,2.6861,0.2907,8.5138
fCMR_Siemens_068,229,1.0948,1.8947,0.7867,2.3682,0.8113,6.3389
fCMR_Siemens_198,229,1.6163,0.9465,0.177,1.5684,0.2181,4.479
fCMR_Siemens_018,230,2.9371,0.9508,0.3355,1.7739,0.8656,6.2914
fCMR_Siemens_113,230,3.0397,3.2178,0.0881,5.885,0.1341,13.3536
fCMR_Siemens_027,230,0.724,1.0018,0.2043,1.8471,0.2564,4.8242
fCMR_Siemens_006,230,2.8826,2.0731,0.291,3.0453,0.312,7.405
fCMR_Siemens_144,230,1.3803,3.3784,0.1912,3.7519,0.2319,8.5889
fCMR_Siemens_068,230,2.998,1.7493,0.6503,2.1298,0.6821,8.2502
fCMR_Siemens_198,230,2.4666,2.4733,0.339,0.4026,0.359,1.8942
fCMR_Siemens_018,231,2.2671,2.4358,0.3416,1.9119,0.4459,4.6937
fCMR_Siemens_113,231,2.3551,1.4695,0.1155,6.4212,0.1486,13.6506
fCMR_Siemens_027,231,3.0444,1.5302,0.158,1.1748,0.2592,2.9781
fCMR_Siemens_006,231,2.5809,1.8215,0.1512,2.9886,0.2305,6.8771
fCMR_Siemens_144,231,2.4167,2.1415,0.2077,1.9446,0.2239,6.0574
fCMR_Siemens_068,231,1.9407,2.9423,0.286,8.3911,0.3255,18.1468
fCMR_Siemens_198,231,1.1964,2.2909,0.2581,2.4374,0.3054,6.7144
fCMR_Siemens_018,232,1.2317,2.2627,0.3318,0.6299,0.3494,2.1765
fCMR_Siemens_113,232,1.944,2.5157,0.0711,6.2249,0.0977,13.803
fCMR_Siemens_027,232,1.7664,0.738,0.1673,0.2792,0.2816,1.2738
fCMR_Siemens_006,232,2.5961,2.2631,0.1915,2.3839,0.2858,7.2296
fCMR_Siemens_144,232,2.8775,2.4668,0.2656,1.5083,0.3578,5.5681
fCMR_Siemens_068,232,2.7657,2.9264,0.5097,2.4297,0.5179,6.0016
fCMR_Siemens_198,232,2.1006,2.458,0.2785,1.2067,0.3016,3.4611
fCMR_Siemens_018,233,2.9324,1.5475,0.3165,0.7676,0.3254,2.8473
fCMR_Siemens_113,233,2.9107,2.6905,0.1263,5.8347,0.1603,13.4527
fCMR_Siemens_027,233,1.5096,1.6772,0.1496,0.3394,0.1799,1.6708
fCMR_Siemens_006,233,1.3219,2.184,0.109,3.3727,0.1572,9.8092
fCMR_Siemens_144,233,2.8485,1.6989,0.1968,1.2702,0.3846,4.2265
fCMR_Siemens_068,233,2.657,3.309,0.7565,0.6878,0.7628,4.524
fCMR_Siemens_198,233,1.5532,2.8825,0.2749,1.7616,0.3243,4.8048
fCMR_Siemens_018,234,2.565,1.8542,0.2319,1.6238,0.3801,3.7638
fCMR_Siemens_113,234,2.2441,2.338,0.0458,9.1252,0.1317,20.022
fCMR_Siemens_027,234,2.482,2.2539,0.1454,1.2,0.1767,3.8246
fCMR_Siemens_006,234,2.5648,2.2683,0.3404,1.6231,0.3596,5.0198
fCMR_Siemens_144,234,2.5279,3.0691,0.0574,0.5611,0.1359,2.6142
fCMR_Siemens_068,234,1.2701,2.7294,0.7199,0.6339,0.7325,2.3678
fCMR_Siemens_198,234,2.9475,2.4043,0.2653,1.3878,0.2999,3.8046
fCMR_Siemens_018,235,2.231,2.0954,0.3584,1.327,0.3782,3.4123
fCMR_Siemens_113,235,2.8752,1.908,0.1145,4.1776,0.1755,11.9239
fCMR_Siemens_027,235,2.2832,2.6645,0.1457,2.1532,0.187,6.1424
fCMR_Siemens_006,235,1.597,3.0886,0.2893,1.0948,0.3253,4.3592
fCMR_Siemens_144,235,2.4532,2.4572,0.1667,1.6187,0.3985,7.4038
fCMR_Siemens_068,235,2.5722,2.9862,0.5096,1.3077,0.5193,3.1109
fCMR_Siemens_198,235,1.3538,2.6531,0.2135,1.1203,0.2349,3.2326
fCMR_Siemens_018,236,2.9629,2.5511,0.4125,0.7814,0.4527,3.8363
fCMR_Siemens_113,236,3.0616,2.541,0.045,9.0171,0.1065,19.2828
fCMR_Siemens_027,236,1.3955,3.9632,0.4425,2.6668,0.5162,7.8066
fCMR_Siemens_006,236,2.5542,3.1077,0.0579,3.238,0.2079,8.8019
fCMR_Siemens_144,236,1.9142,0.9866,0.1956,1.0989,0.3919,6.447
fCMR_Siemens_068,236,1.7495,3.1671,0.6536,1.1603,0.6608,3.7838
fCMR_Siemens_198,236,1.2082,2.9827,0.2563,0.8897,0.3015,3.3629
fCMR_Siemens_018,237,3.0066,1.5413,0.1395,1.635,0.1894,4.9628
fCMR_Siemens_113,237,1.354,3.277,0.0844,10.0213,0.1604,21.7401
fCMR_Siemens_027,237,1.9297,2.9551,0.2891,5.3002,0.3246,11.7556
fCMR_Siemens_006,237,1.2152,2.1116,0.2088,4.1282,0.7988,12.1345
fCMR_Siemens_144,237,2.9052,2.4156,0.0988,0.8478,0.1502,3.1387
fCMR_Siemens_068,237,1.7368,4.1254,0.5174,3.7974,1.0417,14.2689
fCMR_Siemens_198,237,1.8647,3.3582,0.2417,1.5533,0.2563,4.8494
fCMR_Siemens_018,238,2.2122,1.8045,0.2962,1.2646,0.3082,4.6046
fCMR_Siemens_113,238,2.2252,3.2799,0.0355,6.3091,0.1103,13.8686
fCMR_Siemens_027,238,1.7498,1.4037,0.199,0.6482,0.2217,3.1715
fCMR_Siemens_006,238,2.8818,2.8639,0.2096,3.0041,0.2441,8.7933
fCMR_Siemens_144,238,2.0552,1.2606,0.1386,1.7371,0.2162,4.8172
fCMR_Siemens_068,238,1.9469,1.9271,0.4591,3.3571,0.4657,10.2277
fCMR_Siemens_198,238,1.9592,2.7125,0.3272,0.5549,0.3437,1.99
fCMR_Siemens_018,239,2.9986,3.4852,0.3104,0.6288,0.3801,3.1117
fCMR_Siemens_113,239,1.7476,3.2804,0.0732,4.6238,0.1141,10.5458
fCMR_Siemens_027,239,2.6819,3.1844,0.3373,9.2615,0.3593,19.7117
fCMR_Siemens_006,239,1.7294,2.6663,0.1432,5.4489,0.1953,12.0713
fCMR_Siemens_144,239,2.9218,3.0983,0.0676,0.2963,0.4021,3.1292
fCMR_Siemens_068,239,2.3476,1.9769,0.635,3.2825,0.6478,8.8635
fCMR_Siemens_198,239,3.0378,2.8775,0.2574,1.4225,0.2674,3.965
fCMR_Siemens_018,240,2.9381,1.4813,0.5051,2.9652,0.8051,7.5247
fCMR_Siemens_113,240,1.892,3.0893,0.0929,5.2339,0.1305,12.219
fCMR_Siemens_027,240,2.0714,2.6718,0.2713,1.3155,0.2793,4.1817
fCMR_Siemens_006,240,2.3479,2.6997,0.1025,3.3034,0.6984,8.8697
fCMR_Siemens_144,240,0.3629,2.459,0.2907,2.7754,0.3091,7.7113
fCMR_Siemens_068,240,1.6121,2.9502,0.4732,3.6149,0.4998,10.5137
fCMR_Siemens_198,240,3.0855,1.949,0.2852,2.1182,0.2968,5.0636
fCMR_Siemens_018,241,2.4294,1.3792,0.3283,3.0505,0.3645,7.8057
fCMR_Siemens_113,241,2.4044,3.1324,0.1384,9.6071,0.1533,20.7224
fCMR_Siemens_027,241,2.691,2.5782,0.1525,0.3337,0.5894,4.1419
fCMR_Siemens_006,241,1.3885,2.5674,0.2533,1.9767,0.2979,5.7131
fCMR_Siemens_144,241,1.5127,3.6293,0.0417,0.8752,0.2602,5.019
fCMR_Siemens_068,241,2.0807,3.129,0.5607,1.9605,0.5788,6.4451
fCMR_Siemens_198,241,1.9655,3.1301,0.2937,1.2554,0.3001,3.8115
fCMR_Siemens_018,242,1.3371,2.8792,0.5802,1.8381,0.5879,5.5979
fCMR_Siemens_113,242,2.9583,2.6694,0.049,3.0981,0.0985,7.5698
fCMR_Siemens_027,242,0.4327,2.8661,0.0421,2.1976,0.1536,5.7568
fCMR_Siemens_006,242,2.7754,1.0833,0.2091,5.0947,0.2665,12.3742
fCMR_Siemens_144,242,3.1273,2.922,0.0966,1.4416,0.1394,4.6822
fCMR_Siemens_068,242,2.3773,1.7121,0.8292,0.9987,0.8432,5.5734
fCMR_Siemens_198,242,3.1089,1.3494,0.1809,1.1291,0.2037,2.9284
fCMR_Siemens_018,243,3.0734,3.5264,0.1331,1.536,0.3208,5.141
fCMR_Siemens_113,243,2.1485,2.1907,0.0715,7.242,0.1208,15.1946
fCMR_Siemens_027,243,2.6967,2.6387,0.2362,3.444,0.2812,10.5992
fCMR_Siemens_006,243,2.493,2.4502,0.1998,4.0284,0.248,10.4982
fCMR_Siemens_144,243,0.6995,2.8821,0.1663,1.8822,0.2349,5.267
fCMR_Siemens_068,243,2.7407,1.9483,0.5415,2.5465,0.5428,7.3121
fCMR_Siemens_198,243,1.9049,2.8383,0.1702,2.1555,0.2025,5.6406
fCMR_Siemens_018,244,2.6987,2.2396,0.2499,0.5404,0.2608,1.6515
fCMR_Siemens_113,244,0.9722,0.9943,0.0984,5.1494,0.1516,11.2826
fCMR_Siemens_027,244,2.6466,2.7243,0.1525,0.1818,0.1755,2.6138
fCMR_Siemens_006,244,2.6146,1.7418,0.2125,3.9683,0.2688,10.4328
fCMR_Siemens_144,244,2.9013,1.5722,0.1493,3.1477,0.1588,8.2184
fCMR_Siemens_068,244,2.7028,2.1495,0.6452,4.6168,1.1396,13.3893
fCMR_Siemens_198,244,1.7253,1.3224,0.3011,0.6296,0.3084,2.3054
fCMR_Siemens_018,245,1.9223,1.7055,0.1992,0.9618,0.2328,2.5172
fCMR_Siemens_113,245,2.5196,2.031,0.0973,11.385,0.1448,23.9821
fCMR_Siemens_027,245,2.8251,2.7307,0.2348,1.957,0.2534,5.2587
fCMR_Siemens_006,245,3.1271,1.9761,0.338,3.9394,0.6013,9.9429
fCMR_Siemens_144,245,2.8102,1.9216,0.2741,5.0779,0.3285,12.6618
fCMR_Siemens_068,245,0.7438,3.4156,0.3944,9.0736,0.4749,20.5149
fCMR_Siemens_198,245,3.0446,2.3457,0.2744,3.6676,0.2872,8.1894
fCMR_Siemens_018,246,0.8089,2.0797,0.25,0.7269,0.2746,2.359
fCMR_Siemens_113,246,1.2652,1.4283,0.048,6.8946,0.0668,14.8612
fCMR_Siemens_027,246,2.6641,2.9717,0.0967,0.0365,0.2125,1.3898
fCMR_Siemens_006,246,2.2757,2.0797,0.1281,2.8087,0.2366,11.3526
fCMR_Siemens_144,246,2.0972,3.425,0.1495,1.6742,0.1707,5.284
fCMR_Siemens_068,246,2.4941,1.6959,0.6894,0.8734,0.7036,4.9762
fCMR_Siemens_198,246,1.6436,2.721,0.2531,1.5698,0.2604,4.2699
fCMR_Siemens_018,247,2.2636,3.3509,0.4181,0.9349,0.4445,3.5471
fCMR_Siemens_113,247,2.9718,2.8502,0.0666,5.7645,0.1254,12.3882
fCMR_Siemens_027,247,2.9654,3.6943,0.526,3.7312,0.5766,10.8745
fCMR_Siemens_006,247,1.8274,1.5687,0.1795,8.9486,0.2215,18.9613
fCMR_Siemens_144,247,1.9733,2.1654,0.1949,2.3953,0.2161,5.4752
fCMR_Siemens_068,247,2.8,1.9337,0.6256,2.4028,0.6319,9.0056
fCMR_Siemens_198,247,1.5712,3.1299,0.2656,0.7054,0.2821,1.8437
fCMR_Siemens_018,248,2.2691,2.8031,0.2868,1.0254,0.2958,2.7794
fCMR_Siemens_113,248,2.8724,2.5059,0.0754,9.1574,0.1199,19.2712
fCMR_Siemens_027,248,2.6687,2.5984,0.1039,0.5718,0.3685,4.0266
fCMR_Siemens_006,248,3.0539,3.14,0.2709,1.5664,0.8218,7.4949
fCMR_Siemens_144,248,1.9842,3.1735,0.2244,1.2758,0.2743,4.7066
fCMR_Siemens_068,248,2.3755,3.5036,0.622,1.1683,0.6556,3.5271
fCMR_Siemens_198,248,2.5723,2.3233,0.2401,1.9823,0.274,5.3085
fCMR_Siemens_018,249,2.1598,1.4324,0.5091,3.096,1.0275,7.4032
fCMR_Siemens_113,249,1.5499,0.2567,0.0723,4.5315,0.1421,10.0651
fCMR_Siemens_027,249,2.8678,1.3656,0.1744,1.7475,0.231,5.3678
fCMR_Siemens_006,249,1.6966,2.6444,0.2305,3.5726,0.2673,9.6019
fCMR_Siemens_144,249,2.1098,2.9252,0.129,0.9316,0.1784,4.627
fCMR_Siemens_068,249,2.1945,1.9988,0.6401,0.7321,0.6521,2.3883
fCMR_Siemens_198,249,2.0809,1.8959,0.2705,0.6008,0.2838,2.4752
