subject_id,step,angle,translation,GD_EP,CD_EP,GD_IP,CD_IP
fCMR_Philips_117,0,2.4627,3.6442,0.0757,0.5575,0.1735,1.9707
fCMR_Philips_002,0,2.3572,2.4751,0.2442,1.6532,0.2926,3.8246
fCMR_Philips_052,0,2.5139,2.5289,0.354,0.3558,0.3702,1.1287
fCMR_Philips_123,0,0.3702,1.5476,0.0946,0.632,0.1632,2.0692
fCMR_Philips_079,0,1.3904,2.7458,0.1869,2.0521,0.2122,4.594
fCMR_Philips_041,0,1.7174,3.41,0.0608,0.9115,0.1432,2.5203
fCMR_Philips_090,0,1.7898,2.5602,0.1211,1.8365,0.1495,4.013
fCMR_Philips_114,0,2.2419,2.0095,0.2328,1.4719,0.25,3.701
fCMR_Philips_065,0,2.2427,3.2482,0.1519,0.4314,0.1748,1.4816
fCMR_Philips_132,0,3.0099,1.8142,0.3716,3.6956,0.3791,8.341
fCMR_Philips_031,0,2.9439,3.0428,0.1478,1.8107,0.1655,4.474
fCMR_Philips_104,0,1.8804,1.1887,0.0942,2.0585,0.1521,4.8948
fCMR_Philips_094,0,2.7336,3.0077,0.1554,1.3875,0.2242,3.7152
fCMR_Philips_136,0,2.8695,2.8175,0.0587,0.0798,0.1764,0.6518
fCMR_Philips_087,0,1.424,2.7904,0.4292,2.9751,0.4368,6.4446
fCMR_Philips_003,0,1.6737,1.7668,0.1885,0.6772,0.2006,1.7534
fCMR_Philips_047,0,2.421,3.1563,0.3703,5.2864,0.4277,12.5681
fCMR_Philips_057,0,3.0658,1.7021,0.1831,1.8646,0.1929,3.9876
fCMR_Philips_097,0,1.3901,2.802,0.595,0.2579,0.6068,1.2602
fCMR_Philips_070,0,3.1292,1.2046,0.3439,1.6657,0.3582,3.9287
fCMR_Philips_068,0,2.2382,2.5363,0.1669,0.6804,0.2093,2.38
fCMR_Philips_117,1,2.682,1.85,0.1103,0.2425,0.1783,0.9221
fCMR_Philips_002,1,2.0734,3.1166,0.2196,1.5169,0.2304,3.9614
fCMR_Philips_052,1,2.1944,2.1807,0.2294,0.4185,0.2517,1.1486
fCMR_Philips_123,1,1.84,2.6562,0.1044,0.9579,0.1411,2.5254
fCMR_Philips_079,1,2.2563,2.6121,0.1254,0.2302,0.2004,0.7646
fCMR_Philips_041,1,2.3746,3.308,0.1328,1.0738,0.1681,2.4138
fCMR_Philips_090,1,2.7802,3.1723,0.1442,2.6102,0.1612,6.1257
fCMR_Philips_114,1,1.2407,2.1905,0.2776,0.7185,0.293,2.3685
fCMR_Philips_065,1,1.5023,1.3778,0.12,1.2461,0.179,2.935
fCMR_Philips_132,1,1.4119,3.2066,0.2051,5.3232,0.2246,11.1791
fCMR_Philips_031,1,2.7529,2.914,0.1466,2.0869,0.1759,4.5858
fCMR_Philips_104,1,1.4345,1.6732,0.0805,0.8385,0.1197,2.2681
fCMR_Philips_094,1,1.9869,2.0976,0.1846,0.483,0.2074,1.7469
fCMR_Philips_136,1,2.6703,2.5459,0.2033,0.2281,0.2183,0.6416
fCMR_Philips_087,1,2.9069,3.2508,0.4161,2.7757,0.423,6.0825
fCMR_Philips_003,1,2.3217,3.0019,0.2081,0.2861,0.2185,1.2857
fCMR_Philips_047,1,2.2435,3.4201,0.3825,8.7907,0.4017,18.3595
fCMR_Philips_057,1,1.9621,1.2639,0.2516,2.3362,0.2587,4.9398
fCMR_Philips_097,1,0.8821,2.5274,0.4534,0.0812,0.4696,0.7451
fCMR_Philips_070,1,3.045,1.5085,0.4415,1.9298,0.4528,4.6154
fCMR_Philips_068,1,2.9759,3.1053,0.0613,1.0906,0.1618,2.9962
fCMR_Philips_117,2,1.0381,3.7669,0.2528,0.3316,0.2695,1.5454
fCMR_Philips_002,2,1.3345,2.4717,0.1932,0.6812,0.2123,1.7608
fCMR_Philips_052,2,2.4436,0.894,0.116,0.8885,0.1668,2.3239
fCMR_Philips_123,2,2.7614,2.8191,0.1403,0.5356,0.187,1.6544
fCMR_Philips_079,2,0.9319,1.4897,0.192,0.5411,0.2133,1.4411
fCMR_Philips_041,2,1.1475,2.3721,0.1759,0.9854,0.2378,2.901
fCMR_Philips_090,2,1.9684,2.9714,0.132,2.2579,0.1766,4.9828
fCMR_Philips_114,2,3.0408,2.9859,0.2655,1.5481,0.2958,3.546
fCMR_Philips_065,2,2.4417,2.5253,0.1325,1.3399,0.1847,3.2798
fCMR_Philips_132,2,1.3791,2.5303,0.2991,4.2905,0.3093,9.1482
fCMR_Philips_031,2,3.0447,2.2048,0.1515,1.992,0.1973,4.0696
fCMR_Philips_104,2,1.7503,2.0295,0.1133,1.8573,0.313,5.1721
fCMR_Philips_094,2,2.5463,2.767,0.2187,1.1159,0.2317,2.9104
fCMR_Philips_136,2,1.303,2.7509,0.0896,0.2003,0.1558,0.8854
fCMR_Philips_087,2,1.7648,2.4986,0.389,4.031,0.402,8.6447
fCMR_Philips_003,2,0.6138,2.0748,0.1404,0.7814,0.1925,2.0131
fCMR_Philips_047,2,2.31,1.345,0.3539,2.5135,0.3704,6.5349
fCMR_Philips_057,2,2.9045,1.5984,0.3105,1.8035,0.3306,4.2143
fCMR_Philips_097,2,0.7513,2.8568,0.3088,0.3728,0.3454,1.8426
fCMR_Philips_070,2,2.5759,3.0457,0.3991,1.9198,0.4262,4.3718
fCMR_Philips_068,2,2.1548,2.6703,0.1792,1.5229,0.2027,3.5904
fCMR_Philips_117,3,2.4751,1.1401,0.1227,0.8423,0.1847,2.2144
fCMR_Philips_002,3,0.7424,0.9909,0.1676,0.7339,0.1931,1.8759
fCMR_Philips_052,3,1.2814,1.611,0.1666,0.8056,0.199,2.0712
fCMR_Philips_123,3,2.257,3.0111,0.0887,0.6493,0.1194,1.9631
fCMR_Philips_079,3,2.7316,2.7136,0.088,2.6425,0.1224,5.9313
fCMR_Philips_041,3,2.3144,2.8132,0.1883,1.2715,0.2142,3.0484
fCMR_Philips_090,3,2.0477,2.4804,0.204,1.8101,0.2212,4.2178
fCMR_Philips_114,3,2.8339,2.2074,0.2316,2.4757,0.2728,5.2959
fCMR_Philips_065,3,2.3049,1.2375,0.1181,1.1615,0.1898,2.9416
fCMR_Philips_132,3,2.478,2.0486,0.2889,3.1477,0.3021,6.9936
fCMR_Philips_031,3,2.5688,2.5751,0.1734,1.9512,0.1883,4.4877
fCMR_Philips_104,3,2.0718,2.6105,0.1219,1.2168,0.182,2.777
fCMR_Philips_094,3,2.6673,3.7995,0.2285,2.2214,0.2794,5.4569
fCMR_Philips_136,3,0.9859,2.3864,0.1466,0.3718,0.211,1.2831
fCMR_Philips_087,3,3.1416,2.0611,0.3892,3.665,0.4015,7.8038
fCMR_Philips_003,3,1.0035,2.4716,0.2214,0.9556,0.2456,2.5556
fCMR_Philips_047,3,1.6605,2.7142,0.2189,6.5027,0.3333,13.7078
fCMR_Philips_057,3,3.0044,3.4689,0.146,0.9141,0.1626,2.2148
fCMR_Philips_097,3,2.9944,3.2581,0.5497,0.0794,0.5725,0.5126
fCMR_Philips_070,3,2.0229,1.998,0.4089,1.9539,0.4555,4.8482
fCMR_Philips_068,3,1.8014,2.4232,0.1199,0.8306,0.217,2.0761
fCMR_Philips_117,4,2.6803,2.684,0.177,0.9086,0.1967,2.5668
fCMR_Philips_002,4,3.0276,2.6999,0.2721,1.6975,0.2779,4.0256
fCMR_Philips_052,4,2.9812,1.3195,0.1816,0.2473,0.2486,1.1412
fCMR_Philips_123,4,2.892,3.1128,0.0702,1.3051,0.2037,3.3137
fCMR_Philips_079,4,0.8524,3.011,0.1908,1.7044,0.2075,4.2714
fCMR_Philips_041,4,0.5723,3.1596,0.2537,0.5924,0.3078,2.0286
fCMR_Philips_090,4,1.2042,0.6203,0.1122,1.9592,0.1852,4.5494
fCMR_Philips_114,4,3.1001,1.5231,0.3493,2.0004,0.396,4.4643
fCMR_Philips_065,4,1.326,2.0492,0.201,1.2097,0.2157,2.6527
fCMR_Philips_132,4,2.0498,2.5507,0.2738,4.92,0.276,10.7012
fCMR_Philips_031,4,2.9288,1.8507,0.1075,1.818,0.172,4.3648
fCMR_Philips_104,4,1.5865,1.3412,0.2967,1.1965,0.3393,2.9037
fCMR_Philips_094,4,0.8898,3.0815,0.1776,1.3863,0.2192,3.2735
fCMR_Philips_136,4,2.2512,1.9814,0.205,1.0495,0.2447,2.8494
fCMR_Philips_087,4,2.6129,2.9887,0.4802,3.3887,0.4823,7.4824
fCMR_Philips_003,4,2.4285,2.3169,0.1674,0.8016,0.1836,2.2473
fCMR_Philips_047,4,2.8615,3.0603,0.356,6.3276,0.3848,14.2166
fCMR_Philips_057,4,3.05,1.8323,0.3601,0.7363,0.3648,1.7336
fCMR_Philips_097,4,0.7463,2.6497,0.499,0.222,0.5095,1.1877
fCMR_Philips_070,4,2.4915,2.9893,0.5177,1.4696,0.5515,3.8876
fCMR_Philips_068,4,2.7026,3.1677,0.1503,1.0198,0.1751,2.5192
fCMR_Philips_117,5,1.3093,2.6505,0.2433,0.1673,0.2845,1.0865
fCMR_Philips_002,5,3.0318,1.4545,0.2372,1.6868,0.2596,3.6276
fCMR_Philips_052,5,2.1828,1.664,0.1523,0.7538,0.1809,2.1996
fCMR_Philips_123,5,2.0372,2.2006,0.1142,0.6553,0.1247,2.0943
fCMR_Philips_079,5,2.9329,2.529,0.2708,1.8877,0.4317,5.9202
fCMR_Philips_041,5,2.6717,2.8841,0.2238,3.6125,0.2615,8.484
fCMR_Philips_090,5,2.1063,3.5235,0.1228,0.8064,0.1393,2.1374
fCMR_Philips_114,5,2.8493,2.6053,0.2636,1.8114,0.3145,4.4601
fCMR_Philips_065,5,2.9813,2.4242,0.0464,1.1539,0.1619,2.7967
fCMR_Philips_132,5,3.1118,2.4177,0.2644,4.5983,0.2881,9.8458
fCMR_Philips_031,5,2.6184,2.5695,0.0776,2.4861,0.1087,5.8878
fCMR_Philips_104,5,1.477,2.9198,0.0949,1.8546,0.2951,4.7948
fCMR_Philips_094,5,2.5911,2.2206,0.2209,0.3333,0.2433,1.3544
fCMR_Philips_136,5,2.8067,2.3632,0.0899,0.2509,0.1619,0.7645
fCMR_Philips_087,5,3.1059,2.0913,0.4264,1.724,0.4524,3.807
fCMR_Philips_003,5,2.9478,2.005,0.211,0.2643,0.2302,0.9776
fCMR_Philips_047,5,2.2485,2.6442,0.3994,6.4628,0.4474,13.4216
fCMR_Philips_057,5,1.2741,2.7194,0.2872,1.0996,0.2934,2.84
fCMR_Philips_097,5,2.3848,2.6989,0.3629,0.5986,0.3987,2.037
fCMR_Philips_070,5,1.9351,2.8141,0.52,0.8621,0.5453,2.6718
fCMR_Philips_068,5,2.346,2.8881,0.1584,0.7665,0.2052,1.8018
fCMR_Philips_117,6,3.0206,2.6229,0.1835,1.2442,0.2093,3.1113
fCMR_Philips_002,6,3.0954,3.2779,0.2536,2.0316,0.2806,4.5508
fCMR_Philips_052,6,2.5048,2.8167,0.1351,0.7326,0.1588,2.2541
fCMR_Philips_123,6,1.8831,2.9773,0.238,0.7962,0.7969,2.4269
fCMR_Philips_079,6,1.4594,2.7995,0.2584,1.2037,0.2941,3.971
fCMR_Philips_041,6,2.3819,3.0389,0.1934,0.6674,0.2223,2.2065
fCMR_Philips_090,6,3.0398,2.7409,0.1589,1.4156,0.1896,3.2265
fCMR_Philips_114,6,2.0013,2.3013,0.2299,1.3516,0.2464,2.9138
fCMR_Philips_065,6,3.0,2.4023,0.2407,0.8888,0.2685,2.1887
fCMR_Philips_132,6,2.3763,1.9304,0.3061,4.3872,0.3263,9.3449
fCMR_Philips_031,6,2.6178,2.9366,0.1814,1.9524,0.2241,5.0634
fCMR_Philips_104,6,1.8828,2.0755,0.1519,2.6075,0.1803,6.236
fCMR_Philips_094,6,0.9968,2.5302,0.1414,1.778,0.1805,4.4198
fCMR_Philips_136,6,2.9908,2.5726,0.14,0.3856,0.1931,1.2254
fCMR_Philips_087,6,3.101,2.561,0.3745,3.9947,0.4002,8.661
fCMR_Philips_003,6,2.4343,2.3375,0.2964,0.8929,0.3081,2.9873
fCMR_Philips_047,6,2.8176,3.4353,0.2936,0.9888,0.31,3.0472
fCMR_Philips_057,6,2.769,3.0514,0.2841,0.5045,0.2913,1.3335
fCMR_Philips_097,6,1.2838,1.9633,0.2707,0.8637,0.3049,2.2943
fCMR_Philips_070,6,2.6859,2.7749,0.5285,2.6332,0.5399,5.8079
fCMR_Philips_068,6,2.3322,2.1564,0.1722,0.8607,0.1913,1.9866
fCMR_Philips_117,7,2.5937,0.5292,0.1515,0.5486,0.2178,1.5136
fCMR_Philips_002,7,3.0412,2.3987,0.2272,1.7294,0.2612,3.974
fCMR_Philips_052,7,2.5906,2.2903,0.1855,0.1665,0.2344,1.1012
fCMR_Philips_123,7,1.7936,2.1087,0.1235,0.4556,0.1773,1.5435
fCMR_Philips_079,7,1.775,2.9489,0.1731,1.7022,0.2186,3.7552
fCMR_Philips_041,7,2.2546,2.9437,0.196,0.6954,0.221,1.9123
fCMR_Philips_090,7,2.4948,2.0292,0.1865,1.8377,0.2106,3.9559
fCMR_Philips_114,7,2.1347,2.034,0.2743,2.214,0.2893,5.0782
fCMR_Philips_065,7,1.5523,1.8928,0.1497,0.9,0.2352,2.7471
fCMR_Philips_132,7,2.8689,2.7349,0.2452,2.7541,0.2751,5.9297
fCMR_Philips_031,7,1.711,2.3756,0.1319,1.5862,0.1592,3.7283
fCMR_Philips_104,7,2.639,2.3974,0.1079,3.8131,0.208,8.972
fCMR_Philips_094,7,3.0081,2.2715,0.1978,0.7014,0.2182,2.0312
fCMR_Philips_136,7,1.4319,3.1578,0.1417,0.3637,0.1997,1.0118
fCMR_Philips_087,7,1.0187,2.5841,0.551,1.9896,0.5567,4.809
fCMR_Philips_003,7,1.7515,2.261,0.2765,1.1706,0.2955,2.7935
fCMR_Philips_047,7,1.916,1.8615,0.2656,5.1906,0.3007,11.0706
fCMR_Philips_057,7,2.6023,3.3892,0.3073,1.1879,0.3144,2.7844
fCMR_Philips_097,7,2.3706,3.0276,0.407,0.165,0.4344,1.2789
fCMR_Philips_070,7,2.6483,2.838,0.4514,0.8751,0.489,2.7179
fCMR_Philips_068,7,2.7007,2.9163,0.2559,0.4832,0.271,1.7393
fCMR_Philips_117,8,1.5799,3.0452,0.1774,1.4756,0.2285,3.5629
fCMR_Philips_002,8,2.8435,2.1167,0.2156,1.4372,0.224,3.2298
fCMR_Philips_052,8,1.8045,2.3731,0.1298,0.4102,0.1636,1.1394
fCMR_Philips_123,8,2.2531,3.1525,0.1162,1.3775,0.162,3.349
fCMR_Philips_079,8,2.6494,2.9427,0.2261,1.6362,0.2647,3.5792
fCMR_Philips_041,8,1.3136,1.5997,0.1509,0.5462,0.1928,2.3836
fCMR_Philips_090,8,2.9783,0.9499,0.164,2.4668,0.2178,5.6513
fCMR_Philips_114,8,2.1181,2.0601,0.2698,1.5247,0.2949,3.3892
fCMR_Philips_065,8,0.9723,1.3809,0.0902,2.0566,0.1091,4.5138
fCMR_Philips_132,8,2.3456,3.1296,0.2985,4.7074,0.3035,10.7408
fCMR_Philips_031,8,1.5367,2.7396,0.1633,1.643,0.1844,4.1458
fCMR_Philips_104,8,1.2567,1.4938,0.0927,1.2448,0.217,3.7181
fCMR_Philips_094,8,1.235,2.7999,0.2128,1.2498,0.2441,3.354
fCMR_Philips_136,8,2.0643,1.8161,0.1243,0.0826,0.1313,0.5164
fCMR_Philips_087,8,1.3157,2.6456,0.3903,2.2359,0.405,5.0172
fCMR_Philips_003,8,2.7672,2.5346,0.1427,0.3888,0.1827,1.2266
fCMR_Philips_047,8,2.4685,2.7343,0.2348,4.209,0.2418,10.2209
fCMR_Philips_057,8,2.4882,2.0883,0.3598,0.9254,0.3751,2.1097
fCMR_Philips_097,8,2.1237,2.2949,0.4777,0.084,0.4918,0.4717
fCMR_Philips_070,8,2.8925,1.7255,0.3753,1.1286,0.398,2.7086
fCMR_Philips_068,8,1.9878,2.8874,0.1465,0.8365,0.1852,2.154
fCMR_Philips_117,9,1.5687,2.7388,0.2547,0.3014,0.2601,1.4679
fCMR_Philips_002,9,1.4535,2.4271,0.1332,0.9726,0.1659,2.8684
fCMR_Philips_052,9,1.1276,2.7093,0.1784,1.5083,0.2043,3.4603
fCMR_Philips_123,9,1.9528,0.7843,0.1427,0.5375,0.1873,2.3682
fCMR_Philips_079,9,1.3717,0.7612,0.2227,1.6505,0.2607,3.6272
fCMR_Philips_041,9,1.7233,2.5326,0.2664,0.9626,0.3169,2.1684
fCMR_Philips_090,9,3.0884,1.2515,0.1656,2.8308,0.1919,6.262
fCMR_Philips_114,9,2.9169,2.2641,0.2516,2.5161,0.2703,6.0797
fCMR_Philips_065,9,2.2551,1.1732,0.1404,1.318,0.1904,3.246
fCMR_Philips_132,9,1.9134,2.1414,0.2267,5.4694,0.2465,11.4801
fCMR_Philips_031,9,1.621,1.8878,0.2044,2.1947,0.2153,5.2274
fCMR_Philips_104,9,3.0464,2.29,0.1268,2.3818,0.1848,5.4104
fCMR_Philips_094,9,3.0011,3.5164,0.1341,1.3256,0.1392,3.1578
fCMR_Philips_136,9,2.4313,3.2521,0.0464,0.1594,0.139,0.8108
fCMR_Philips_087,9,2.9371,3.8883,0.3243,2.3595,0.3314,5.7591
fCMR_Philips_003,9,1.6392,3.1828,0.1636,0.7504,0.1852,1.9773
fCMR_Philips_047,9,2.6518,3.3619,0.3028,8.3632,0.3298,18.0868
fCMR_Philips_057,9,2.8942,3.1191,0.3357,1.3261,0.3453,3.2406
fCMR_Philips_097,9,1.8651,2.9115,0.4415,0.162,0.4493,0.8378
fCMR_Philips_070,9,3.0276,3.0457,0.4448,2.3689,0.4592,5.1952
fCMR_Philips_068,9,1.5363,3.1075,0.1318,0.7285,0.1881,2.141
fCMR_Philips_117,10,2.9117,3.3295,0.2745,0.7058,0.2983,2.2723
fCMR_Philips_002,10,2.9436,1.8089,0.2737,1.7179,0.2858,3.8667
fCMR_Philips_052,10,0.8878,2.7433,0.1165,1.298,0.1346,3.2234
fCMR_Philips_123,10,2.1198,0.489,0.1195,0.4147,0.155,2.4418
fCMR_Philips_079,10,2.6745,2.0116,0.1318,2.112,0.1587,4.8326
fCMR_Philips_041,10,3.0254,1.8133,0.0703,1.5617,0.1033,3.5246
fCMR_Philips_090,10,1.7987,2.0138,0.1237,1.2899,0.1327,3.1786
fCMR_Philips_114,10,2.8737,2.794,0.3054,1.1928,0.3264,2.8698
fCMR_Philips_065,10,2.5765,2.086,0.1342,1.31,0.1548,3.2232
fCMR_Philips_132,10,2.5915,0.2368,0.3265,4.286,0.3389,8.997
fCMR_Philips_031,10,3.069,2.7241,0.2027,1.3161,0.2196,3.0212
fCMR_Philips_104,10,2.3907,3.9404,0.1586,1.5039,0.2455,4.5037
fCMR_Philips_094,10,2.1639,2.918,0.1856,2.2098,0.1993,5.14
fCMR_Philips_136,10,2.5281,1.3241,0.1212,0.291,0.1488,1.0527
fCMR_Philips_087,10,3.0581,2.688,0.2918,3.1054,0.3196,6.9346
fCMR_Philips_003,10,1.7888,2.7443,0.1364,1.2088,0.1566,3.2123
fCMR_Philips_047,10,2.5548,2.8747,0.4345,10.733,0.4583,22.8713
fCMR_Philips_057,10,2.9178,2.8518,0.3423,1.4045,0.3509,3.2588
fCMR_Philips_097,10,2.4055,1.7805,0.2857,0.0351,0.3157,0.4192
fCMR_Philips_070,10,2.3264,2.3596,0.3862,1.6661,0.4285,4.0085
fCMR_Philips_068,10,1.2908,2.6499,0.222,0.6095,0.2456,1.804
fCMR_Philips_117,11,1.8664,3.0474,0.0877,0.6016,0.1763,2.1655
fCMR_Philips_002,11,2.7027,2.9494,0.1786,1.566,0.2095,4.0826
fCMR_Philips_052,11,2.6554,0.5593,0.232,0.5714,0.2507,1.9382
fCMR_Philips_123,11,1.3358,2.7896,0.1562,0.1249,0.1715,1.4138
fCMR_Philips_079,11,2.0391,2.3985,0.1978,0.9153,0.2629,2.5617
fCMR_Philips_041,11,1.3154,3.83,0.0592,0.5347,0.1174,1.801
fCMR_Philips_090,11,2.7254,2.5748,0.0985,0.756,0.1432,1.898
fCMR_Philips_114,11,2.4187,1.8465,0.3427,1.9524,0.3747,4.5852
fCMR_Philips_065,11,1.6994,2.888,0.1911,0.8156,0.2117,2.095
fCMR_Philips_132,11,1.9415,0.6014,0.3853,4.0884,0.3988,8.8505
fCMR_Philips_031,11,1.4279,1.8978,0.1274,1.5918,0.1383,3.8248
fCMR_Philips_104,11,1.3216,1.8861,0.2344,1.5172,0.2815,4.2997
fCMR_Philips_094,11,2.1782,2.4025,0.1111,0.3154,0.1452,1.1411
fCMR_Philips_136,11,2.7312,1.1687,0.1193,0.0162,0.1993,0.6968
fCMR_Philips_087,11,1.6273,3.0746,0.415,2.0218,0.4225,4.5564
fCMR_Philips_003,11,1.9824,1.9487,0.202,0.2392,0.2301,1.0176
fCMR_Philips_047,11,1.9163,2.0588,0.3181,1.206,0.373,3.4486
fCMR_Philips_057,11,2.2833,2.0026,0.3399,0.9412,0.3524,2.7891
fCMR_Philips_097,11,2.3504,2.5343,0.2545,0.0142,0.3288,1.298
fCMR_Philips_070,11,2.4089,2.1113,0.3611,2.1935,0.3828,5.1057
fCMR_Philips_068,11,2.3849,1.6664,0.1291,0.5326,0.174,1.7413
fCMR_Philips_117,12,2.6071,2.2372,0.2006,0.8876,0.2383,2.4426
fCMR_Philips_002,12,1.5838,1.4161,0.2038,0.9812,0.2231,2.5054
fCMR_Philips_052,12,1.881,2.7293,0.2128,0.9861,0.2209,2.679
fCMR_Philips_123,12,2.4699,2.1522,0.0646,0.7306,0.1735,2.5637
fCMR_Philips_079,12,0.9775,2.7204,0.2822,0.8971,0.3036,2.572
fCMR_Philips_041,12,2.885,2.6887,0.2224,0.4614,0.2683,2.5915
fCMR_Philips_090,12,1.1811,3.3919,0.1226,1.3605,0.1597,4.0164
fCMR_Philips_114,12,3.0948,1.3257,0.25,2.1085,0.2651,4.6726
fCMR_Philips_065,12,0.9389,2.3621,0.0924,0.8715,0.1873,2.6488
fCMR_Philips_132,12,1.1288,2.5753,0.2303,3.2359,0.2526,7.0244
fCMR_Philips_031,12,2.5465,2.3515,0.1057,2.2309,0.1458,4.9927
fCMR_Philips_104,12,2.4426,1.9922,0.0979,2.3667,0.2128,5.3759
fCMR_Philips_094,12,1.4556,2.0258,0.1475,1.127,0.1874,3.0357
fCMR_Philips_136,12,2.5518,2.4928,0.0929,0.1012,0.2273,0.9116
fCMR_Philips_087,12,2.9073,2.7932,0.3517,3.1277,0.3611,6.5746
fCMR_Philips_003,12,3.0912,2.6596,0.2178,0.853,0.2481,2.277
fCMR_Philips_047,12,3.0813,1.5018,0.1557,1.3082,0.2605,6.2274
fCMR_Philips_057,12,2.5116,0.8084,0.2712,0.776,0.2763,1.9718
fCMR_Philips_097,12,1.3332,2.48,0.5036,0.113,0.52,1.0022
fCMR_Philips_070,12,2.1982,1.8302,0.4346,1.4245,0.4583,3.301
fCMR_Philips_068,12,2.537,3.5928,0.1616,1.1396,0.1724,2.9929
fCMR_Philips_117,13,2.4095,2.479,0.2202,1.1359,0.2492,2.7762
fCMR_Philips_002,13,2.4002,2.533,0.2061,1.5382,0.7801,5.0551
fCMR_Philips_052,13,1.4451,2.3478,0.2158,0.0657,0.2249,0.7486
fCMR_Philips_123,13,0.7235,2.4725,0.1957,0.7573,0.2197,2.5162
fCMR_Philips_079,13,1.9074,1.1868,0.1848,0.7214,0.2805,2.3401
fCMR_Philips_041,13,1.176,2.9138,0.2323,1.7409,0.2497,4.0962
fCMR_Philips_090,13,2.253,0.9411,0.0378,1.989,0.1205,4.7415
fCMR_Philips_114,13,1.9991,2.0996,0.2752,1.7935,0.293,4.0356
fCMR_Philips_065,13,0.9794,3.5949,0.0642,0.5398,0.1659,2.1661
fCMR_Philips_132,13,2.8451,3.2763,0.2606,2.5838,0.2776,5.4448
fCMR_Philips_031,13,1.8275,2.1036,0.1841,1.9633,0.2139,4.7668
fCMR_Philips_104,13,1.7933,1.8137,0.1729,2.1792,0.2791,5.7878
fCMR_Philips_094,13,2.4258,2.8762,0.0985,1.265,0.153,2.7276
fCMR_Philips_136,13,1.7275,1.9008,0.1028,0.4813,0.1691,1.7504
fCMR_Philips_087,13,1.7687,2.7078,0.5135,2.1486,0.5197,4.7676
fCMR_Philips_003,13,3.0574,2.0044,0.1405,1.3187,0.1732,3.1821
fCMR_Philips_047,13,2.6144,3.0524,0.2449,3.6555,0.3085,10.3623
fCMR_Philips_057,13,2.7747,2.9518,0.316,1.3186,0.3213,2.8999
fCMR_Philips_097,13,2.5366,3.1238,0.4915,0.0661,0.5083,0.9702
fCMR_Philips_070,13,2.1055,2.9712,0.3409,1.407,0.3716,3.3942
fCMR_Philips_068,13,2.2743,3.8973,0.1979,1.1334,0.2271,2.6544
fCMR_Philips_117,14,3.0802,3.0268,0.2397,0.2347,0.2668,1.1684
fCMR_Philips_002,14,1.6238,1.2684,0.2353,1.5247,0.2467,3.8118
fCMR_Philips_052,14,2.1522,2.9904,0.3079,0.0133,0.3244,0.5393
fCMR_Philips_123,14,2.3391,2.3146,0.2252,0.2091,0.2429,1.1077
fCMR_Philips_079,14,3.0659,1.6951,0.2,0.8381,0.2498,2.744
fCMR_Philips_041,14,2.9379,3.2504,0.0643,1.008,0.1859,2.6563
fCMR_Philips_090,14,3.0427,1.259,0.1612,2.8718,0.1794,6.1469
fCMR_Philips_114,14,2.0591,2.1164,0.3013,1.2829,0.3574,3.4491
fCMR_Philips_065,14,2.8876,3.0975,0.0327,0.5247,0.115,2.0188
fCMR_Philips_132,14,1.9143,1.6371,0.2066,5.777,0.2168,11.8769
fCMR_Philips_031,14,3.0643,2.4084,0.1953,1.9306,0.2116,5.0169
fCMR_Philips_104,14,2.7073,1.3698,0.1679,1.6146,0.2303,3.6953
fCMR_Philips_094,14,0.8531,1.9193,0.1309,1.4022,0.1634,3.4052
fCMR_Philips_136,14,2.4294,2.4157,0.0869,0.6465,0.1295,1.6155
fCMR_Philips_087,14,1.765,2.0651,0.3772,3.3168,0.3828,7.2149
fCMR_Philips_003,14,1.871,3.288,0.2117,1.0532,0.2238,2.3995
fCMR_Philips_047,14,2.5158,3.0914,0.3799,2.6566,0.4052,6.9555
fCMR_Philips_057,14,2.696,1.7515,0.2882,1.1156,0.3018,2.4217
fCMR_Philips_097,14,1.8818,1.3882,0.4385,0.5412,0.4494,1.689
fCMR_Philips_070,14,3.0189,2.6191,0.3344,1.6946,0.351,4.3916
fCMR_Philips_068,14,2.6007,1.6257,0.2215,0.6674,0.2348,2.0213
fCMR_Philips_117,15,2.9295,2.0472,0.2489,0.3228,0.2805,1.0281
fCMR_Philips_002,15,2.8438,2.9065,0.1782,0.8159,0.1947,2.4587
fCMR_Philips_052,15,2.37,2.4447,0.1528,1.7948,0.1889,4.0039
fCMR_Philips_123,15,2.9264,3.3548,0.1064,0.7525,0.1633,1.9611
fCMR_Philips_079,15,0.9751,3.172,0.169,0.3798,0.198,1.0991
fCMR_Philips_041,15,2.8523,2.0041,0.0604,1.0698,0.1858,2.758
fCMR_Philips_090,15,2.8915,3.4231,0.1074,1.1475,0.1634,2.7433
fCMR_Philips_114,15,1.8111,2.6683,0.1828,2.0626,0.2319,5.0046
fCMR_Philips_065,15,1.8857,2.1506,0.1271,1.5195,0.1503,3.7304
fCMR_Philips_132,15,2.1297,2.4271,0.3221,4.3509,0.3283,8.8699
fCMR_Philips_031,15,1.7175,2.3963,0.1384,1.3046,0.1612,3.3222
fCMR_Philips_104,15,3.0784,2.9839,0.1923,1.6382,0.2746,4.1084
fCMR_Philips_094,15,2.7243,0.6785,0.1273,0.6888,0.1773,2.3263
fCMR_Philips_136,15,2.2815,2.957,0.1499,0.1465,0.1732,1.0326
fCMR_Philips_087,15,2.4918,1.3506,0.4827,3.3333,0.4938,7.7552
fCMR_Philips_003,15,0.8557,3.304,0.1929,0.9289,0.2031,2.9564
fCMR_Philips_047,15,2.7414,2.8106,0.222,5.1937,0.2894,11.7604
fCMR_Philips_057,15,2.9927,2.8678,0.2679,2.0279,0.2746,4.8146
fCMR_Philips_097,15,2.3167,2.6049,0.3671,0.3515,0.3831,0.9867
fCMR_Philips_070,15,2.7096,1.9059,0.3229,0.6333,0.3368,1.7051
fCMR_Philips_068,15,2.7993,1.2177,0.2339,1.3299,0.2561,3.2514
fCMR_Philips_117,16,2.8503,2.4622,0.2036,0.7073,0.2474,2.0742
fCMR_Philips_002,16,2.5975,2.0246,0.1474,1.2807,0.1597,2.9107
fCMR_Philips_052,16,1.3742,2.4912,0.143,1.0477,0.1606,3.4578
fCMR_Philips_123,16,1.9441,2.8638,0.1426,0.5395,0.1581,1.651
fCMR_Philips_079,16,1.386,1.3681,0.181,1.3045,0.2737,3.2355
fCMR_Philips_041,16,1.5749,1.8512,0.0844,0.5117,0.1606,2.0425
fCMR_Philips_090,16,3.0267,2.1957,0.0963,1.5544,0.1366,3.8081
fCMR_Philips_114,16,1.8246,2.7188,0.3162,0.8338,0.327,2.0655
fCMR_Philips_065,16,3.0689,2.734,0.0767,0.9085,0.2226,2.4068
fCMR_Philips_132,16,3.0574,0.8683,0.2217,4.1072,0.2308,8.8096
fCMR_Philips_031,16,2.3615,2.6669,0.1005,1.4865,0.1888,3.65
fCMR_Philips_104,16,2.1783,3.636,0.0921,1.7732,0.2754,4.7996
fCMR_Philips_094,16,2.6313,1.899,0.2025,1.3424,0.2342,3.1828
fCMR_Philips_136,16,2.0642,3.4678,0.1791,0.4766,0.2153,1.604
fCMR_Philips_087,16,3.0613,2.6682,0.396,2.6811,0.4166,5.7018
fCMR_Philips_003,16,3.1008,2.2315,0.2241,0.7506,0.2309,1.8934
fCMR_Philips_047,16,2.8653,2.564,0.2934,3.418,0.3414,8.4888
fCMR_Philips_057,16,1.2675,0.576,0.3081,1.2833,0.3106,3.3839
fCMR_Philips_097,16,2.6572,1.4822,0.4043,0.1456,0.4084,1.0757
fCMR_Philips_070,16,3.1378,1.4945,0.3743,2.0163,0.3904,4.4345
fCMR_Philips_068,16,1.0901,2.7051,0.3154,1.0554,0.3268,3.1179
fCMR_Philips_117,17,3.0583,2.25,0.2494,0.3304,0.28,0.9938
fCMR_Philips_002,17,1.9057,2.6394,0.201,1.832,0.2163,4.1195
fCMR_Philips_052,17,2.4619,2.5905,0.193,0.8613,0.2236,2.346
fCMR_Philips_123,17,1.2447,2.6859,0.0615,1.1916,0.1075,3.35
fCMR_Philips_079,17,2.6236,3.4425,0.0927,2.6043,0.1542,6.0126
fCMR_Philips_041,17,2.7488,2.3855,0.1207,0.7128,0.1489,1.6172
fCMR_Philips_090,17,1.9187,2.658,0.16,1.1875,0.1881,2.4379
fCMR_Philips_114,17,2.3734,1.9086,0.2821,2.5101,0.3055,5.7586
fCMR_Philips_065,17,1.4172,3.2091,0.0678,2.9029,0.1227,6.4739
fCMR_Philips_132,17,3.0422,2.0461,0.3067,5.6371,0.3101,11.8225
fCMR_Philips_031,17,1.4267,1.6779,0.172,2.1843,0.1809,4.8286
fCMR_Philips_104,17,1.9985,2.558,0.03,1.0425,0.1319,2.8614
fCMR_Philips_094,17,2.9469,2.2776,0.2408,0.419,0.2548,1.8198
fCMR_Philips_136,17,1.2527,3.5272,0.1563,0.3355,0.1771,1.321
fCMR_Philips_087,17,2.1771,2.7971,0.4461,5.7769,0.4499,12.0796
fCMR_Philips_003,17,2.2868,2.6606,0.2169,0.8965,0.2384,2.4472
fCMR_Philips_047,17,0.3992,3.3011,0.3152,4.9717,0.3365,10.2492
fCMR_Philips_057,17,2.3521,3.0604,0.3049,1.5042,0.3116,3.412
fCMR_Philips_097,17,2.0022,1.8086,0.3104,0.2453,0.3732,1.8244
fCMR_Philips_070,17,1.8601,2.8622,0.4019,0.6762,0.4471,2.4238
fCMR_Philips_068,17,2.0927,1.7725,0.2424,0.9623,0.2583,2.3928
fCMR_Philips_117,18,2.0934,2.2755,0.1667,0.7798,0.2011,2.1299
fCMR_Philips_002,18,1.6581,2.4889,0.1832,0.9979,0.1991,2.6239
fCMR_Philips_052,18,1.8937,1.8467,0.2142,0.2528,0.2402,0.8677
fCMR_Philips_123,18,2.1902,2.661,0.1347,0.2622,0.1755,1.254
fCMR_Philips_079,18,2.0322,1.5112,0.2966,1.9273,0.462,5.0912
fCMR_Philips_041,18,1.9479,2.5302,0.1933,0.9273,0.2185,2.7806
fCMR_Philips_090,18,2.7178,2.1302,0.1183,2.0229,0.1455,4.7813
fCMR_Philips_114,18,2.2576,2.9846,0.2149,2.2423,0.268,5.2924
fCMR_Philips_065,18,2.5781,0.4253,0.1206,1.8183,0.1568,3.9931
fCMR_Philips_132,18,2.9783,3.3986,0.3896,3.9813,0.391,8.3673
fCMR_Philips_031,18,2.844,2.724,0.1812,2.0689,0.2155,4.66
fCMR_Philips_104,18,0.8685,3.084,0.1824,2.5241,0.369,7.1267
fCMR_Philips_094,18,1.7489,2.7015,0.1162,0.3561,0.1476,1.0054
fCMR_Philips_136,18,3.0963,2.8263,0.1508,0.0055,0.2114,0.4842
fCMR_Philips_087,18,3.0385,1.4709,0.3818,3.0213,0.3913,6.365
fCMR_Philips_003,18,1.1124,2.3702,0.2798,0.7628,0.2914,2.1684
fCMR_Philips_047,18,2.9652,4.0164,0.3324,8.2592,0.341,17.2159
fCMR_Philips_057,18,2.9991,1.9451,0.3104,0.8,0.3257,1.8989
fCMR_Philips_097,18,0.3241,3.6778,0.3154,0.3919,0.3447,1.1616
fCMR_Philips_070,18,1.8196,1.3204,0.4742,1.6477,0.4872,3.6568
fCMR_Philips_068,18,2.0807,1.8149,0.1445,0.936,0.1579,2.2753
fCMR_Philips_117,19,1.8197,2.4957,0.206,0.2861,0.2595,1.5628
fCMR_Philips_002,19,2.1274,2.2411,0.3202,1.8888,0.3467,4.2916
fCMR_Philips_052,19,1.0192,1.72,0.2122,1.0058,0.2388,2.3838
fCMR_Philips_123,19,2.4334,2.6471,0.1481,0.4415,0.1723,1.3527
fCMR_Philips_079,19,3.0557,3.099,0.1377,2.8283,0.1615,6.2582
fCMR_Philips_041,19,2.3805,2.0223,0.2202,1.7433,0.286,3.7899
fCMR_Philips_090,19,0.9427,1.2672,0.1401,0.9184,0.1635,2.1709
fCMR_Philips_114,19,2.7536,1.8149,0.2521,1.6785,0.2771,4.0864
fCMR_Philips_065,19,2.457,1.9324,0.0783,1.8455,0.173,3.9156
fCMR_Philips_132,19,2.7442,4.0928,0.3286,3.0453,0.3459,6.4306
fCMR_Philips_031,19,1.2439,3.0379,0.1517,1.2725,0.2007,3.56
fCMR_Philips_104,19,3.1063,2.0058,0.0421,1.1508,0.1341,3.2449
fCMR_Philips_094,19,1.5909,2.5686,0.2301,0.8281,0.2533,2.4225
fCMR_Philips_136,19,2.9515,2.8021,0.0768,0.543,0.112,1.5403
fCMR_Philips_087,19,3.0995,2.4921,0.4123,2.3587,0.4213,5.3783
fCMR_Philips_003,19,2.6038,2.7136,0.2184,0.6221,0.2438,1.5373
fCMR_Philips_047,19,2.7222,1.8223,0.277,8.2672,0.336,19.0869
fCMR_Philips_057,19,2.418,2.087,0.3246,0.7754,0.3312,1.8096
fCMR_Philips_097,19,2.462,1.5418,0.3398,0.5117,0.3616,2.1787
fCMR_Philips_070,19,2.27,2.7018,0.6144,0.9553,0.6377,3.2631
fCMR_Philips_068,19,2.0585,2.8804,0.2541,1.6089,0.2759,3.6834
fCMR_Philips_117,20,1.5876,2.4834,0.2331,0.4369,0.2598,1.4685
fCMR_Philips_002,20,1.4411,1.8352,0.1287,1.7728,0.2041,4.463
fCMR_Philips_052,20,1.7018,1.3371,0.2024,0.4688,0.2159,1.7928
fCMR_Philips_123,20,1.9953,3.0466,0.0958,0.279,0.1432,1.4374
fCMR_Philips_079,20,2.6291,2.7491,0.1243,1.526,0.1695,3.7418
fCMR_Philips_041,20,2.781,0.6781,0.0985,0.5727,0.1475,1.5816
fCMR_Philips_090,20,2.224,3.7642,0.1083,0.7056,0.1654,2.447
fCMR_Philips_114,20,2.0198,2.842,0.3244,1.0137,0.3486,2.7938
fCMR_Philips_065,20,2.9599,2.5071,0.1245,1.9784,0.1463,4.2695
fCMR_Philips_132,20,2.0261,3.3253,0.2454,4.031,0.2605,8.5481
fCMR_Philips_031,20,1.1682,2.0036,0.1537,1.4937,0.1809,3.6899
fCMR_Philips_104,20,2.0268,1.4646,0.1942,3.8761,0.2338,8.5363
fCMR_Philips_094,20,2.9512,1.9919,0.0913,0.6181,0.1443,2.2753
fCMR_Philips_136,20,2.7164,3.1574,0.2773,0.3294,0.2878,1.2041
fCMR_Philips_087,20,2.6035,1.9905,0.4111,2.5412,0.4414,5.3218
fCMR_Philips_003,20,2.0338,2.122,0.2199,0.6452,0.2473,1.466
fCMR_Philips_047,20,2.837,2.3983,0.3699,3.5567,0.399,8.4995
fCMR_Philips_057,20,3.0814,1.2013,0.2778,1.4107,0.2987,3.1695
fCMR_Philips_097,20,2.2727,2.646,0.3747,0.1578,0.4006,0.9079
fCMR_Philips_070,20,2.7859,0.9541,0.4666,1.8714,0.5028,4.1122
fCMR_Philips_068,20,1.5748,2.7939,0.3096,0.697,0.3468,2.0276
fCMR_Philips_117,21,1.7259,1.929,0.2863,0.8265,0.2942,2.459
fCMR_Philips_002,21,2.5325,2.1919,0.2551,1.6551,0.2781,3.9787
fCMR_Philips_052,21,2.8287,2.3844,0.2246,1.0681,0.2331,2.937
fCMR_Philips_123,21,2.2021,1.5991,0.089,0.6062,0.148,2.0451
fCMR_Philips_079,21,2.6443,1.615,0.2552,1.8173,0.3073,4.3812
fCMR_Philips_041,21,2.5224,2.906,0.211,0.6066,0.2265,1.7126
fCMR_Philips_090,21,2.7927,1.7345,0.1459,1.5057,0.1655,3.6087
fCMR_Philips_114,21,1.782,1.7904,0.1737,0.9656,0.1942,2.5167
fCMR_Philips_065,21,1.6274,2.0342,0.1137,2.0661,0.1365,5.1723
fCMR_Philips_132,21,1.1321,2.6499,0.1797,6.403,0.2253,13.2539
fCMR_Philips_031,21,2.0408,1.7461,0.1204,2.3676,0.1683,5.1547
fCMR_Philips_104,21,0.7096,1.1115,0.1137,1.7013,0.2544,4.752
fCMR_Philips_094,21,2.4609,3.245,0.1584,0.7921,0.1814,2.5227
fCMR_Philips_136,21,1.7323,2.8607,0.0646,0.6008,0.1358,1.6744
fCMR_Philips_087,21,2.5628,2.6617,0.4428,4.0904,0.4481,8.9091
fCMR_Philips_003,21,2.2531,2.692,0.1465,0.5562,0.1762,1.7557
fCMR_Philips_047,21,2.928,1.7962,0.2174,3.5348,0.276,7.6668
fCMR_Philips_057,21,1.2733,2.9251,0.2455,1.3929,0.2715,3.2988
fCMR_Philips_097,21,2.2104,2.9312,0.3973,0.3701,0.4045,1.0857
fCMR_Philips_070,21,3.1006,3.0289,0.4211,1.8708,0.4321,3.9624
fCMR_Philips_068,21,1.0056,2.5518,0.0634,0.8343,0.1486,1.9675
fCMR_Philips_117,22,1.8518,1.1388,0.2228,0.5485,0.2398,1.6822
fCMR_Philips_002,22,2.268,2.2335,0.3405,1.4458,0.3509,3.2745
fCMR_Philips_052,22,2.1766,1.0134,0.1995,0.6749,0.2141,1.8704
fCMR_Philips_123,22,0.8465,3.0793,0.1242,0.4707,0.131,1.5136
fCMR_Philips_079,22,2.8578,3.0135,0.3073,1.608,0.3206,4.0007
fCMR_Philips_041,22,2.2279,2.2468,0.1687,0.5649,0.1861,1.61
fCMR_Philips_090,22,2.9177,2.6405,0.1098,1.3083,0.1848,3.4108
fCMR_Philips_114,22,2.2945,0.8348,0.2089,1.3724,0.2385,3.4605
fCMR_Philips_065,22,2.7537,2.1915,0.1385,0.929,0.1597,2.2782
fCMR_Philips_132,22,2.8667,2.4063,0.302,2.7796,0.3115,6.0413
fCMR_Philips_031,22,1.4589,1.3446,0.0952,2.5384,0.1279,5.6981
fCMR_Philips_104,22,1.0218,2.5216,0.236,3.1458,0.3208,7.42
fCMR_Philips_094,22,3.0662,3.248,0.1369,0.5663,0.1776,2.9478
fCMR_Philips_136,22,2.3014,2.314,0.129,1.6498,0.1859,3.8533
fCMR_Philips_087,22,2.6694,2.3723,0.4242,3.814,0.4393,8.0303
fCMR_Philips_003,22,2.2771,1.9537,0.2566,0.4912,0.2757,1.4673
fCMR_Philips_047,22,2.2822,3.3795,0.1107,3.4096,0.1977,7.4642
fCMR_Philips_057,22,2.9862,2.5224,0.2367,1.236,0.2582,2.8654
fCMR_Philips_097,22,0.9253,2.6494,0.4078,0.4173,0.4739,2.1929
fCMR_Philips_070,22,2.5849,1.608,0.3554,2.5239,0.3723,5.9152
fCMR_Philips_068,22,2.6194,1.5176,0.145,0.6909,0.1706,1.9781
fCMR_Philips_117,23,3.1092,3.5257,0.204,0.4864,0.2456,1.4876
fCMR_Philips_002,23,1.4625,0.996,0.1761,1.9661,0.1915,4.3377
fCMR_Philips_052,23,2.6078,2.2448,0.1021,1.0594,0.1169,2.5702
fCMR_Philips_123,23,1.7247,3.146,0.1202,0.4766,0.1678,1.6381
fCMR_Philips_079,23,2.0852,2.5748,0.1556,0.6693,0.1828,2.3916
fCMR_Philips_041,23,1.5919,1.5041,0.0705,0.4547,0.1262,1.6415
fCMR_Philips_090,23,2.878,2.8026,0.0754,1.4766,0.1287,3.4684
fCMR_Philips_114,23,2.7862,1.7199,0.3404,2.5443,0.3876,5.7373
fCMR_Philips_065,23,1.8995,2.9833,0.1223,1.0656,0.1567,2.3971
fCMR_Philips_132,23,2.8425,1.7893,0.2761,4.5279,0.2911,9.7508
fCMR_Philips_031,23,1.2655,1.4225,0.0956,1.1932,0.1635,2.8994
fCMR_Philips_104,23,3.073,1.9886,0.1374,2.0614,0.1674,5.4682
fCMR_Philips_094,23,1.4002,0.6963,0.17,0.6866,0.2093,2.3388
fCMR_Philips_136,23,2.9033,1.1506,0.0997,0.0082,0.1379,0.5174
fCMR_Philips_087,23,2.7617,1.3919,0.4391,2.5968,0.4475,5.7615
fCMR_Philips_003,23,2.3196,2.0665,0.1673,1.4269,0.1754,3.0642
fCMR_Philips_047,23,2.3473,2.642,0.2529,0.1173,0.2871,1.946
fCMR_Philips_057,23,2.3867,3.5533,0.3008,0.6197,0.3227,1.6542
fCMR_Philips_097,23,2.3608,2.7327,0.4843,0.3918,0.5023,1.711
fCMR_Philips_070,23,2.6057,2.7448,0.3537,1.2442,0.3814,4.1559
fCMR_Philips_068,23,2.8338,2.8312,0.1777,0.5723,0.2228,1.3368
fCMR_Philips_117,24,2.5589,2.3399,0.2749,0.747,0.2881,1.9525
fCMR_Philips_002,24,2.0675,2.7285,0.1844,0.9279,0.2084,2.2824
fCMR_Philips_052,24,1.1896,3.6029,0.2532,1.1049,0.2752,2.8799
fCMR_Philips_123,24,3.0171,3.4764,0.2995,0.347,0.3217,1.1971
fCMR_Philips_079,24,2.3818,2.7279,0.2015,1.3122,0.2484,3.1568
fCMR_Philips_041,24,2.8006,2.8734,0.1801,1.0081,0.2001,2.3446
fCMR_Philips_090,24,2.3092,1.6423,0.1073,1.6423,0.1748,3.6199
fCMR_Philips_114,24,2.8367,2.2496,0.3513,1.2787,0.3654,2.9378
fCMR_Philips_065,24,2.9165,1.0552,0.1843,2.0015,0.1917,4.3064
fCMR_Philips_132,24,2.5631,2.4298,0.3708,3.7689,0.3873,8.0346
fCMR_Philips_031,24,1.4676,1.5653,0.1369,2.8353,0.1649,6.0538
fCMR_Philips_104,24,1.8474,1.2132,0.1247,1.1826,0.2207,2.5452
fCMR_Philips_094,24,2.2993,1.6658,0.1709,1.0583,0.2397,3.3708
fCMR_Philips_136,24,1.6012,1.8722,0.1916,0.0939,0.2046,0.7011
fCMR_Philips_087,24,2.0715,3.3826,0.4188,0.7747,0.4327,2.0162
fCMR_Philips_003,24,2.7012,2.6704,0.1781,1.3277,0.213,2.982
fCMR_Philips_047,24,1.9777,2.3759,0.2891,1.3158,0.3667,3.3233
fCMR_Philips_057,24,1.8386,2.4753,0.2358,0.53,0.2586,1.5365
fCMR_Philips_097,24,2.1109,1.4071,0.3826,0.1623,0.4134,0.9635
fCMR_Philips_070,24,2.8568,2.456,0.5665,1.4133,0.5742,3.246
fCMR_Philips_068,24,1.8196,2.607,0.1419,1.1721,0.2015,2.5636
fCMR_Philips_117,25,2.6818,1.5385,0.3019,0.6672,0.3373,2.4637
fCMR_Philips_002,25,2.843,3.5227,0.2407,1.3584,0.2796,3.2971
fCMR_Philips_052,25,0.6085,1.5739,0.2019,1.3412,0.2368,3.2583
fCMR_Philips_123,25,2.0655,2.4622,0.121,0.2517,0.1893,1.2248
fCMR_Philips_079,25,1.9005,2.3741,0.2076,1.327,0.2266,3.4806
fCMR_Philips_041,25,1.0455,3.4435,0.1331,0.9452,0.1808,2.5184
fCMR_Philips_090,25,2.1947,1.7261,0.1431,1.9625,0.1569,4.6772
fCMR_Philips_114,25,3.1124,3.2009,0.2247,0.7216,0.232,1.8398
fCMR_Philips_065,25,2.4175,2.5033,0.1619,1.5275,0.2342,3.566
fCMR_Philips_132,25,2.4702,1.98,0.2766,3.6982,0.2972,7.7035
fCMR_Philips_031,25,2.3957,2.8308,0.2489,2.3589,0.2632,5.2162
fCMR_Philips_104,25,2.2944,2.0096,0.1726,2.0353,0.246,5.1476
fCMR_Philips_094,25,3.0473,1.8819,0.236,1.3711,0.2554,3.1427
fCMR_Philips_136,25,2.1195,3.2279,0.1892,0.1655,0.2331,0.7862
fCMR_Philips_087,25,0.7514,2.3761,0.4659,3.3599,0.4697,7.2884
fCMR_Philips_003,25,2.6988,1.8163,0.242,0.8823,0.2797,2.9424
fCMR_Philips_047,25,2.4055,2.098,0.2476,5.7626,0.3324,13.1851
fCMR_Philips_057,25,1.2586,2.0002,0.3009,0.7907,0.3092,2.0986
fCMR_Philips_097,25,2.817,3.0054,0.2976,0.2554,0.3208,1.3634
fCMR_Philips_070,25,1.401,3.0418,0.3158,0.8851,0.3306,2.473
fCMR_Philips_068,25,1.61,1.7062,0.1723,0.7677,0.1913,1.9896
fCMR_Philips_117,26,2.4914,2.6742,0.2325,0.4371,0.2708,1.8087
fCMR_Philips_002,26,1.751,1.9863,0.2731,0.5901,0.3083,2.3111
fCMR_Philips_052,26,2.8015,0.836,0.152,1.3672,0.1683,3.1382
fCMR_Philips_123,26,2.7067,1.8212,0.1316,0.2867,0.1737,1.0859
fCMR_Philips_079,26,1.8974,3.0718,0.233,0.5405,0.2442,2.0746
fCMR_Philips_041,26,2.5027,2.9824,0.0529,0.9529,0.1403,2.3135
fCMR_Philips_090,26,1.4382,2.3206,0.1413,2.2288,0.2134,4.6781
fCMR_Philips_114,26,3.059,2.6385,0.2067,1.3581,0.2361,3.292
fCMR_Philips_065,26,0.5121,1.3288,0.1656,2.2101,0.1921,5.1548
fCMR_Philips_132,26,1.7119,1.5556,0.3023,5.3247,0.316,11.2564
fCMR_Philips_031,26,1.7325,2.4835,0.221,1.2806,0.2502,3.6422
fCMR_Philips_104,26,1.0566,2.6677,0.3411,1.6514,0.3724,4.2488
fCMR_Philips_094,26,2.6577,2.3063,0.2741,1.8672,0.2907,4.5261
fCMR_Philips_136,26,1.6077,2.8726,0.1124,0.0127,0.1566,0.7015
fCMR_Philips_087,26,2.6076,3.5432,0.4506,2.5472,0.4749,6.0236
fCMR_Philips_003,26,2.0306,3.0579,0.2189,1.7061,0.2564,3.9086
fCMR_Philips_047,26,3.0164,2.7539,0.5259,6.5351,0.8161,22.6058
fCMR_Philips_057,26,1.4015,2.8191,0.3389,0.546,0.3532,1.5228
fCMR_Philips_097,26,2.4868,2.9589,0.4132,0.0268,0.433,1.1436
fCMR_Philips_070,26,2.9238,2.6758,0.3978,0.9389,0.4065,2.3931
fCMR_Philips_068,26,1.8792,2.3894,0.2341,1.1681,0.2519,2.7656
fCMR_Philips_117,27,1.8391,2.6569,0.1966,0.2304,0.2181,1.268
fCMR_Philips_002,27,2.9471,2.9527,0.2333,1.7576,0.2512,4.199
fCMR_Philips_052,27,2.965,1.138,0.2038,0.1999,0.2317,0.8142
fCMR_Philips_123,27,2.2706,1.8372,0.1544,0.0821,0.1931,0.9298
fCMR_Philips_079,27,2.2284,1.5921,0.1648,0.8897,0.1912,2.1592
fCMR_Philips_041,27,2.3315,1.6729,0.1365,0.7266,0.1943,2.1106
fCMR_Philips_090,27,1.8542,1.7479,0.126,1.914,0.1781,4.298
fCMR_Philips_114,27,2.9718,2.6705,0.2842,1.2533,0.3035,2.9902
fCMR_Philips_065,27,1.7975,3.3233,0.1461,0.2516,0.1768,0.919
fCMR_Philips_132,27,3.0209,3.7588,0.2451,2.5424,0.2782,5.9736
fCMR_Philips_031,27,2.7236,3.2826,0.1548,1.0174,0.1645,2.5969
fCMR_Philips_104,27,1.3152,2.4999,0.1519,2.1858,0.3271,5.5321
fCMR_Philips_094,27,1.6747,2.2198,0.1884,0.8401,0.2627,2.4962
fCMR_Philips_136,27,2.9472,1.1247,0.1752,0.3096,0.2099,1.468
fCMR_Philips_087,27,0.8734,1.4147,0.3815,2.3357,0.3859,5.1372
fCMR_Philips_003,27,2.0414,2.4403,0.2949,0.4823,0.3059,1.268
fCMR_Philips_047,27,1.6813,2.4097,0.2735,3.2088,0.3474,7.0408
fCMR_Philips_057,27,2.2007,2.7627,0.2945,1.0406,0.3138,2.6401
fCMR_Philips_097,27,1.4759,2.0494,0.4101,0.2839,0.442,1.0652
fCMR_Philips_070,27,2.3497,3.3004,0.4414,1.7379,0.451,4.5045
fCMR_Philips_068,27,1.7753,2.4735,0.1371,0.524,0.1506,1.2998
fCMR_Philips_117,28,2.1667,2.7955,0.201,0.6559,0.2217,1.7009
fCMR_Philips_002,28,1.9079,2.8781,0.2273,1.1073,0.2356,2.9136
fCMR_Philips_052,28,1.2899,2.2752,0.1754,0.1857,0.1875,1.1455
fCMR_Philips_123,28,2.3801,1.2423,0.0958,0.9282,0.1032,3.0079
fCMR_Philips_079,28,2.5792,3.3749,0.2567,1.5084,0.291,4.7921
fCMR_Philips_041,28,1.335,3.0605,0.0544,0.4999,0.1484,1.6602
fCMR_Philips_090,28,2.5871,2.6432,0.1383,1.7392,0.175,4.2743
fCMR_Philips_114,28,2.4638,2.2616,0.2564,0.9303,0.2899,2.9077
fCMR_Philips_065,28,2.9486,1.1198,0.1469,2.3505,0.1724,5.0559
fCMR_Philips_132,28,2.8528,1.7819,0.3481,4.7024,0.3631,10.5088
fCMR_Philips_031,28,1.8675,2.9281,0.1113,1.254,0.2056,3.1084
fCMR_Philips_104,28,2.6581,2.4464,0.0958,2.1893,0.1921,4.9122
fCMR_Philips_094,28,1.3185,3.0539,0.1966,0.2552,0.238,1.3778
fCMR_Philips_136,28,3.0298,2.8849,0.2146,0.0849,0.2542,0.5425
fCMR_Philips_087,28,1.8886,3.3924,0.3494,2.6525,0.3804,5.9536
fCMR_Philips_003,28,2.6128,2.7592,0.2193,0.3683,0.2513,1.1174
fCMR_Philips_047,28,1.2561,1.5766,0.3119,1.8245,0.3415,6.1326
fCMR_Philips_057,28,2.2925,2.4879,0.2962,0.6692,0.3011,1.5939
fCMR_Philips_097,28,3.0045,2.2775,0.5691,0.0303,0.5836,0.6638
fCMR_Philips_070,28,2.6674,0.9269,0.4987,1.7341,0.513,3.9018
fCMR_Philips_068,28,1.9757,1.4091,0.2533,1.0685,0.2684,2.4392
fCMR_Philips_117,29,2.0454,2.6817,0.1849,1.1494,0.2253,2.5688
fCMR_Philips_002,29,1.711,2.135,0.3414,1.3916,0.3526,3.4458
fCMR_Philips_052,29,2.7868,2.8384,0.236,0.0489,0.2617,0.8041
fCMR_Philips_123,29,2.5605,2.0948,0.1653,0.8922,0.1886,2.4192
fCMR_Philips_079,29,2.8562,2.7364,0.0666,1.9821,0.1187,4.3745
fCMR_Philips_041,29,3.1155,2.5301,0.2488,0.1199,0.6281,2.3233
fCMR_Philips_090,29,1.5914,2.9469,0.1846,1.5841,0.1961,3.7489
fCMR_Philips_114,29,2.4343,2.8781,0.237,1.3708,0.2586,3.4863
fCMR_Philips_065,29,2.027,1.1854,0.2385,1.8622,0.256,4.2886
fCMR_Philips_132,29,0.9276,2.2432,0.286,5.5257,0.2888,11.3706
fCMR_Philips_031,29,1.3543,2.3451,0.1211,1.1742,0.164,2.8351
fCMR_Philips_104,29,1.2152,3.1231,0.173,1.7544,0.2225,4.0695
fCMR_Philips_094,29,2.5625,3.153,0.1254,1.2139,0.1629,2.7769
fCMR_Philips_136,29,2.6056,3.3671,0.1281,0.622,0.1484,2.0143
fCMR_Philips_087,29,2.7184,2.9672,0.4667,2.966,0.4697,7.0178
fCMR_Philips_003,29,2.6784,2.8849,0.3124,0.9965,0.3231,2.7614
fCMR_Philips_047,29,2.3782,2.102,0.2643,7.9291,0.3428,16.5688
fCMR_Philips_057,29,1.5882,2.3784,0.2203,2.2813,0.2336,5.2344
fCMR_Philips_097,29,1.0598,2.2831,0.2915,0.9891,0.3069,2.7916
fCMR_Philips_070,29,2.9011,2.9146,0.401,1.5978,0.4135,3.5137
fCMR_Philips_068,29,0.6226,2.4385,0.2314,0.5903,0.2614,1.5779
fCMR_Philips_117,30,1.651,2.1845,0.2526,1.7857,0.267,3.988
fCMR_Philips_002,30,2.1681,1.9564,0.1557,0.6393,0.1998,2.0666
fCMR_Philips_052,30,2.0125,2.3237,0.2137,0.7517,0.2196,2.0252
fCMR_Philips_123,30,3.098,2.3142,0.2199,0.122,0.2346,0.8603
fCMR_Philips_079,30,1.5577,3.4873,0.3258,0.8791,0.3379,3.183
fCMR_Philips_041,30,0.484,2.213,0.1901,2.0615,0.2485,4.883
fCMR_Philips_090,30,1.7927,2.2686,0.1491,1.054,0.1826,3.22
fCMR_Philips_114,30,2.7143,2.43,0.2492,1.4068,0.2799,3.3212
fCMR_Philips_065,30,2.4812,3.2613,0.076,1.0316,0.1242,2.907
fCMR_Philips_132,30,2.3036,2.6004,0.3096,4.4096,0.3205,9.0733
fCMR_Philips_031,30,2.8245,0.6826,0.0499,2.3109,0.1178,5.384
fCMR_Philips_104,30,1.4851,2.336,0.3307,1.1623,0.3375,2.9693
fCMR_Philips_094,30,2.6909,3.1659,0.1551,0.6361,0.184,1.9309
fCMR_Philips_136,30,3.1374,2.4757,0.1913,0.0643,0.2138,0.5506
fCMR_Philips_087,30,2.0658,3.5908,0.3312,2.8833,0.3357,6.2127
fCMR_Philips_003,30,3.0769,3.2355,0.098,0.7799,0.1431,2.5612
fCMR_Philips_047,30,2.3619,2.9654,0.1616,2.6375,0.254,6.7115
fCMR_Philips_057,30,2.3058,1.6474,0.2884,0.6541,0.2964,1.8298
fCMR_Philips_097,30,2.5815,2.5908,0.3536,0.5939,0.3723,1.5343
fCMR_Philips_070,30,2.6556,1.6376,0.3327,0.8822,0.3515,2.292
fCMR_Philips_068,30,2.3785,1.3706,0.1465,0.4077,0.1809,1.3187
fCMR_Philips_117,31,2.3527,1.9106,0.2005,0.829,0.2146,2.0266
fCMR_Philips_002,31,3.1145,3.2993,0.2385,1.2497,0.2485,2.8478
fCMR_Philips_052,31,1.562,0.8783,0.2042,0.6927,0.2106,1.7543
fCMR_Philips_123,31,1.6731,1.262,0.0957,1.276,0.159,2.9979
fCMR_Philips_079,31,3.1415,2.0339,0.1114,1.2184,0.1644,2.6989
fCMR_Philips_041,31,0.5241,1.4088,0.2306,1.1025,0.315,3.0848
fCMR_Philips_090,31,2.1089,3.7242,0.1074,0.7273,0.1512,1.783
fCMR_Philips_114,31,3.0259,2.8961,0.1878,2.0453,0.2287,4.5647
fCMR_Philips_065,31,3.0906,2.2489,0.1272,1.3543,0.171,3.1452
fCMR_Philips_132,31,1.4033,1.6689,0.2281,5.9551,0.2518,12.491
fCMR_Philips_031,31,1.2864,3.0346,0.1758,1.9246,0.2018,4.3466
fCMR_Philips_104,31,3.1231,2.7453,0.3842,1.0726,0.4143,2.8698
fCMR_Philips_094,31,1.9792,2.8992,0.2157,1.1985,0.2328,3.2576
fCMR_Philips_136,31,2.7402,2.1115,0.1102,0.2495,0.1685,0.7181
fCMR_Philips_087,31,2.4508,2.1,0.4839,3.8114,0.4981,8.009
fCMR_Philips_003,31,1.0719,3.1561,0.1446,0.5604,0.1902,1.6722
fCMR_Philips_047,31,1.233,2.1178,0.0934,1.1446,0.1841,2.7354
fCMR_Philips_057,31,2.2248,2.3159,0.2,0.7172,0.2137,2.1777
fCMR_Philips_097,31,2.5362,1.777,0.3942,0.1843,0.4176,0.8694
fCMR_Philips_070,31,2.4957,2.5359,0.6477,1.8344,0.661,4.2081
fCMR_Philips_068,31,2.3542,3.3592,0.2545,0.9798,0.2798,2.3976
fCMR_Philips_117,32,2.6773,2.7429,0.2001,0.8372,0.2271,2.1987
fCMR_Philips_002,32,2.5924,2.8482,0.1914,2.2407,0.2093,4.7621
fCMR_Philips_052,32,1.6657,3.3789,0.1896,1.0446,0.2035,3.0802
fCMR_Philips_123,32,1.5576,2.5828,0.156,0.3061,0.1764,1.2078
fCMR_Philips_079,32,1.8477,3.8376,0.1257,3.204,0.159,8.1659
fCMR_Philips_041,32,2.5631,1.7531,0.1904,0.587,0.2037,1.8435
fCMR_Philips_090,32,2.5863,2.3995,0.1742,2.1313,0.233,5.0701
fCMR_Philips_114,32,1.6313,3.0585,0.1723,1.3558,0.1829,3.2222
fCMR_Philips_065,32,1.4066,1.9243,0.05,1.8032,0.1134,4.2022
fCMR_Philips_132,32,1.6182,2.5674,0.2954,4.5893,0.3123,9.7372
fCMR_Philips_031,32,2.7641,1.9977,0.1747,2.2351,0.1959,5.1418
fCMR_Philips_104,32,3.1145,2.3254,0.2531,1.6764,0.2755,3.7804
fCMR_Philips_094,32,2.1767,2.686,0.2573,0.8625,0.262,2.201
fCMR_Philips_136,32,2.279,1.9578,0.182,0.1965,0.2213,1.0942
fCMR_Philips_087,32,2.8951,1.9892,0.3829,2.66,0.3956,5.7542
fCMR_Philips_003,32,2.4676,2.1969,0.2386,0.7636,0.2459,2.1024
fCMR_Philips_047,32,2.039,3.0348,0.3718,1.7656,0.4102,4.0533
fCMR_Philips_057,32,2.2755,2.7784,0.281,0.9625,0.2964,2.277
fCMR_Philips_097,32,1.4692,1.1606,0.267,0.5982,0.3199,1.9498
fCMR_Philips_070,32,1.7826,2.8893,0.57,1.1247,0.5769,2.8867
fCMR_Philips_068,32,3.0681,2.3782,0.2101,0.9692,0.2451,2.539
fCMR_Philips_117,33,2.1504,2.339,0.1735,0.7161,0.2068,1.9156
fCMR_Philips_002,33,2.1068,2.8501,0.2118,2.2865,0.2395,5.0262
fCMR_Philips_052,33,3.1007,2.3096,0.2022,0.4095,0.2226,1.5206
fCMR_Philips_123,33,3.109,2.5588,0.1591,0.4559,0.3132,1.3518
fCMR_Philips_079,33,2.6221,2.5388,0.1017,1.0359,0.1636,2.6879
fCMR_Philips_041,33,2.9497,1.9095,0.0331,0.5223,0.1532,1.5586
fCMR_Philips_090,33,1.8966,2.6639,0.1068,1.5577,0.1487,3.5842
fCMR_Philips_114,33,1.7819,3.6606,0.3363,1.1178,0.3764,2.8018
fCMR_Philips_065,33,2.5659,2.4313,0.0851,0.7281,0.1394,2.0564
fCMR_Philips_132,33,2.8596,2.9796,0.3819,5.8332,0.3909,12.2104
fCMR_Philips_031,33,2.8209,2.4977,0.1016,1.4826,0.1503,3.6134
fCMR_Philips_104,33,2.1683,0.8625,0.1649,1.684,0.242,4.0928
fCMR_Philips_094,33,2.5236,3.3471,0.1536,0.7381,0.2033,2.2085
fCMR_Philips_136,33,2.6088,2.5208,0.1116,0.0289,0.1398,0.2762
fCMR_Philips_087,33,0.9996,2.9698,0.3885,4.2928,0.4247,9.3957
fCMR_Philips_003,33,1.803,2.2348,0.2299,0.6271,0.2495,1.649
fCMR_Philips_047,33,2.4597,3.0871,0.626,14.7845,0.7219,32.5606
fCMR_Philips_057,33,2.859,3.3506,0.2454,0.8524,0.258,2.209
fCMR_Philips_097,33,2.3685,3.7393,0.4273,0.0408,0.4372,1.2085
fCMR_Philips_070,33,3.014,4.0231,0.303,2.021,0.3363,4.7127
fCMR_Philips_068,33,1.443,3.2725,0.1983,0.4752,0.2246,1.707
fCMR_Philips_117,34,1.5915,3.4383,0.2432,0.3445,0.2687,1.6021
fCMR_Philips_002,34,2.1577,1.8674,0.1168,2.1121,0.1782,4.7734
fCMR_Philips_052,34,2.6998,2.7097,0.1956,0.6365,0.2141,1.8129
fCMR_Philips_123,34,2.6111,3.2504,0.2721,0.8005,0.3242,2.4334
fCMR_Philips_079,34,2.8612,2.6661,0.2538,0.6615,0.2935,1.8859
fCMR_Philips_041,34,2.6574,2.0093,0.1271,1.1137,0.1646,3.034
fCMR_Philips_090,34,2.311,2.5127,0.087,2.0254,0.1452,4.5961
fCMR_Philips_114,34,1.6741,2.4906,0.2469,1.5967,0.2516,3.667
fCMR_Philips_065,34,3.1146,3.2939,0.1983,1.5798,0.2349,3.7924
fCMR_Philips_132,34,2.2177,2.2397,0.2541,5.5313,0.285,11.4926
fCMR_Philips_031,34,1.0815,3.1037,0.1642,1.1269,0.19,2.5669
fCMR_Philips_104,34,1.2513,3.075,0.1845,1.5453,0.2348,3.6476
fCMR_Philips_094,34,2.8521,1.983,0.2544,0.9919,0.2633,2.2922
fCMR_Philips_136,34,3.1304,2.4894,0.0562,0.1832,0.1453,0.9621
fCMR_Philips_087,34,2.4972,2.9863,0.4443,2.066,0.4548,4.8371
fCMR_Philips_003,34,2.6088,2.984,0.2354,1.7658,0.2553,4.5345
fCMR_Philips_047,34,1.4745,2.1658,0.2941,2.5588,0.3576,6.537
fCMR_Philips_057,34,2.7416,2.1913,0.2688,0.6958,0.2993,1.9614
fCMR_Philips_097,34,2.1076,0.7842,0.3385,0.3163,0.3805,0.947
fCMR_Philips_070,34,3.0912,1.6244,0.3699,1.243,0.387,3.305
fCMR_Philips_068,34,2.1187,1.5827,0.2499,1.0163,0.2765,2.6684
fCMR_Philips_117,35,1.6407,2.8038,0.2225,0.2179,0.2477,0.958
fCMR_Philips_002,35,2.053,2.1649,0.1694,1.0374,0.1798,2.5511
fCMR_Philips_052,35,2.8489,2.7356,0.157,0.7905,0.1793,2.6099
fCMR_Philips_123,35,2.0996,1.7699,0.2399,0.1659,0.2666,0.7279
fCMR_Philips_079,35,2.4554,2.6457,0.1484,0.4084,0.2223,1.9952
fCMR_Philips_041,35,2.4717,3.0511,0.2018,2.5066,0.2117,5.4191
fCMR_Philips_090,35,1.6577,2.4499,0.037,2.7849,0.108,6.0766
fCMR_Philips_114,35,2.7451,1.5482,0.207,2.0849,0.2211,4.6296
fCMR_Philips_065,35,1.3292,2.7695,0.1025,1.275,0.1255,2.9349
fCMR_Philips_132,35,3.0187,3.7176,0.2709,4.5405,0.2847,10.0106
fCMR_Philips_031,35,2.5806,3.1687,0.1738,2.0743,0.201,5.093
fCMR_Philips_104,35,2.644,2.9995,0.1183,1.8361,0.1647,4.2942
fCMR_Philips_094,35,3.1105,1.6053,0.2491,0.2414,0.2676,0.8067
fCMR_Philips_136,35,1.9453,2.515,0.1218,0.0252,0.1605,0.4923
fCMR_Philips_087,35,2.7016,2.504,0.4497,3.9684,0.4717,8.7199
fCMR_Philips_003,35,3.0865,2.8597,0.1795,0.5469,0.231,1.6774
fCMR_Philips_047,35,1.2964,2.8783,0.4954,11.2563,1.1471,23.9419
fCMR_Philips_057,35,0.5339,2.9809,0.2374,0.8658,0.2589,2.0294
fCMR_Philips_097,35,2.9537,0.83,0.4059,0.1834,0.4122,1.2192
fCMR_Philips_070,35,1.7761,2.6846,0.3235,2.8463,0.3859,6.7291
fCMR_Philips_068,35,2.2221,2.4817,0.1927,0.6723,0.2167,1.5103
fCMR_Philips_117,36,1.6232,1.5791,0.2621,1.1391,0.2736,2.643
fCMR_Philips_002,36,1.7668,2.487,0.2096,1.291,0.239,3.701
fCMR_Philips_052,36,2.9986,2.953,0.2009,0.4585,0.2167,1.4776
fCMR_Philips_123,36,2.5512,2.4876,0.2027,0.6611,0.226,1.9983
fCMR_Philips_079,36,1.7046,3.1745,0.2282,0.9717,0.2617,2.6345
fCMR_Philips_041,36,2.7231,2.1195,0.144,0.6613,0.1778,2.3936
fCMR_Philips_090,36,2.4319,3.3011,0.1502,1.1398,0.195,3.7941
fCMR_Philips_114,36,1.8419,3.2007,0.2366,1.2546,0.2548,3.0298
fCMR_Philips_065,36,1.0937,2.305,0.086,1.1068,0.167,3.2138
fCMR_Philips_132,36,2.9462,3.7605,0.3283,5.7973,0.3405,12.1415
fCMR_Philips_031,36,2.0995,2.2891,0.1378,1.8529,0.193,4.0093
fCMR_Philips_104,36,1.7087,3.2634,0.1189,2.3859,0.1714,6.1544
fCMR_Philips_094,36,2.4927,1.5467,0.1676,1.1365,0.1901,2.6241
fCMR_Philips_136,36,3.1277,3.3272,0.1085,0.2462,0.1522,1.0942
fCMR_Philips_087,36,2.1073,2.9968,0.5028,1.9424,0.5252,4.1404
fCMR_Philips_003,36,2.4701,2.4463,0.2834,1.0006,0.2998,2.6004
fCMR_Philips_047,36,2.2583,2.6586,0.229,1.1985,0.2657,3.617
fCMR_Philips_057,36,1.9773,1.5047,0.2151,0.6566,0.2619,1.606
fCMR_Philips_097,36,2.4574,2.2709,0.2525,0.3358,0.2625,1.198
fCMR_Philips_070,36,1.5541,2.577,0.3806,1.5732,0.4041,4.4172
fCMR_Philips_068,36,3.0147,2.5594,0.1883,1.876,0.2065,4.0308
fCMR_Philips_117,37,3.0468,1.5707,0.0845,0.3044,0.1348,1.9283
fCMR_Philips_002,37,1.9499,2.4578,0.1867,0.7296,0.2252,1.7778
fCMR_Philips_052,37,2.7607,2.5529,0.1137,2.1994,0.1481,4.8432
fCMR_Philips_123,37,2.985,2.0061,0.1459,0.8165,0.1686,1.8803
fCMR_Philips_079,37,2.4893,1.9816,0.2117,1.3361,0.2623,3.1852
fCMR_Philips_041,37,2.7369,2.0194,0.0592,0.3381,0.1504,1.4322
fCMR_Philips_090,37,3.0252,2.1907,0.1895,1.7219,0.2201,3.7269
fCMR_Philips_114,37,1.5701,3.6391,0.287,1.4807,0.3061,3.2992
fCMR_Philips_065,37,2.4136,2.5602,0.0723,0.753,0.1253,2.1448
fCMR_Philips_132,37,1.8854,0.754,0.3324,5.4587,0.3362,11.5379
fCMR_Philips_031,37,2.4612,3.1485,0.1438,2.0287,0.1861,4.6431
fCMR_Philips_104,37,0.6355,2.5107,0.0726,1.8621,0.1416,4.11
fCMR_Philips_094,37,1.7146,3.2174,0.1686,0.362,0.1901,1.4913
fCMR_Philips_136,37,1.8336,1.6758,0.1401,0.3234,0.2099,1.3417
fCMR_Philips_087,37,2.1298,2.7406,0.4354,4.0628,0.4574,9.0878
fCMR_Philips_003,37,2.5264,1.6898,0.1989,1.1789,0.2423,2.9001
fCMR_Philips_047,37,2.3243,2.1907,0.1441,6.9861,0.268,16.201
fCMR_Philips_057,37,2.127,2.063,0.2718,2.1331,0.2825,4.7267
fCMR_Philips_097,37,2.6935,2.2291,0.4106,0.3849,0.4269,0.9922
fCMR_Philips_070,37,2.629,1.527,0.345,0.5401,0.3557,1.5954
fCMR_Philips_068,37,2.5516,2.6366,0.2261,0.9895,0.2577,2.5394
fCMR_Philips_117,38,2.6976,3.0024,0.139,1.0863,0.1729,3.0851
fCMR_Philips_002,38,2.6843,1.6313,0.2811,2.2318,0.3096,5.0706
fCMR_Philips_052,38,2.057,1.3079,0.136,0.6338,0.1664,1.9757
fCMR_Philips_123,38,2.0413,2.4096,0.2087,0.4294,0.2272,1.3724
fCMR_Philips_079,38,2.9611,2.1993,0.2064,0.4044,0.2429,1.5406
fCMR_Philips_041,38,1.8927,2.469,0.1417,1.0463,0.183,2.4848
fCMR_Philips_090,38,1.0496,1.4275,0.188,1.0336,0.2373,2.5065
fCMR_Philips_114,38,1.3615,2.039,0.2929,1.4434,0.3379,3.3942
fCMR_Philips_065,38,1.8675,3.5039,0.1518,1.2589,0.1832,3.0852
fCMR_Philips_132,38,2.7653,3.1621,0.3342,6.109,0.3452,12.452
fCMR_Philips_031,38,3.0321,3.2367,0.1062,1.7727,0.1659,4.2399
fCMR_Philips_104,38,3.0549,1.5338,0.3326,2.4949,0.3812,6.1333
fCMR_Philips_094,38,1.642,3.022,0.2065,1.3437,0.217,3.5095
fCMR_Philips_136,38,3.1302,2.8072,0.1829,0.454,0.2369,1.3313
fCMR_Philips_087,38,2.7896,0.7094,0.4111,3.9437,0.4342,8.3658
fCMR_Philips_003,38,2.2644,2.3496,0.1801,0.5695,0.1986,1.6455
fCMR_Philips_047,38,1.7855,2.4313,0.2583,1.6243,0.2767,4.0235
fCMR_Philips_057,38,1.5512,2.5523,0.3134,2.3946,0.322,5.5651
fCMR_Philips_097,38,2.123,3.1319,0.4428,0.2569,0.461,1.0804
fCMR_Philips_070,38,1.7154,2.3043,0.4072,1.1373,0.429,2.9634
fCMR_Philips_068,38,2.6296,2.0355,0.3074,0.9654,0.3146,2.8293
fCMR_Philips_117,39,2.4291,3.3204,0.2447,0.1447,0.2616,0.9204
fCMR_Philips_002,39,2.406,0.9549,0.2259,0.2505,0.262,0.9943
fCMR_Philips_052,39,2.6236,0.9787,0.1405,0.5399,0.1638,1.7362
fCMR_Philips_123,39,3.0424,2.7689,0.3618,0.4249,0.5257,1.9645
fCMR_Philips_079,39,2.0091,3.1558,0.2369,1.5906,0.2738,4.4002
fCMR_Philips_041,39,3.0788,2.7308,0.2335,1.4849,0.2588,3.5701
fCMR_Philips_090,39,2.733,1.2144,0.0926,2.0734,0.1394,4.644
fCMR_Philips_114,39,2.746,1.6293,0.2299,1.8156,0.2633,4.0937
fCMR_Philips_065,39,1.4794,1.4938,0.1231,2.8369,0.1589,6.0685
fCMR_Philips_132,39,2.5848,2.8464,0.3055,6.7908,0.3165,13.8739
fCMR_Philips_031,39,3.0773,2.1365,0.1963,3.7143,0.2286,8.0899
fCMR_Philips_104,39,3.0117,1.691,0.0933,2.4808,0.1811,5.7527
fCMR_Philips_094,39,2.6647,2.0614,0.197,1.0425,0.2265,2.3772
fCMR_Philips_136,39,1.1867,3.2218,0.0412,0.0776,0.1356,1.1928
fCMR_Philips_087,39,2.7373,2.1158,0.4116,3.0196,0.4211,7.1404
fCMR_Philips_003,39,1.2176,2.6041,0.1203,0.3058,0.1546,0.9173
fCMR_Philips_047,39,2.2826,1.5781,0.2593,5.0019,0.2948,11.6005
fCMR_Philips_057,39,2.6246,1.6781,0.2914,2.6812,0.2968,5.7751
fCMR_Philips_097,39,1.9385,2.9283,0.469,0.1785,0.4748,0.5587
fCMR_Philips_070,39,2.0903,2.2793,0.3041,0.8143,0.326,2.0586
fCMR_Philips_068,39,2.8427,3.3205,0.2794,1.1504,0.3036,2.8762
fCMR_Philips_117,40,2.6494,2.0252,0.1136,0.1738,0.1664,0.755
fCMR_Philips_002,40,2.334,2.8259,0.2404,2.8457,0.2833,6.031
fCMR_Philips_052,40,2.469,1.4612,0.2238,0.6634,0.2512,1.7002
fCMR_Philips_123,40,2.0234,2.0681,0.1862,0.5441,0.2179,1.7885
fCMR_Philips_079,40,0.8239,0.9249,0.1318,1.1068,0.1476,2.6554
fCMR_Philips_041,40,2.2415,1.3522,0.1301,0.916,0.1664,2.6116
fCMR_Philips_090,40,2.1473,1.6818,0.1197,1.0658,0.1597,3.0471
fCMR_Philips_114,40,2.0711,0.9269,0.2374,0.938,0.2457,2.5083
fCMR_Philips_065,40,0.9778,1.797,0.1557,1.1775,0.1953,3.0565
fCMR_Philips_132,40,3.1222,2.1439,0.2393,5.23,0.2512,11.3396
fCMR_Philips_031,40,2.3318,2.7297,0.1059,1.496,0.1527,4.1212
fCMR_Philips_104,40,1.9392,3.0823,0.3983,2.446,0.4088,6.4388
fCMR_Philips_094,40,1.4573,1.5786,0.1535,1.1414,0.1784,2.5994
fCMR_Philips_136,40,1.0025,2.0227,0.1656,0.3831,0.208,1.2086
fCMR_Philips_087,40,1.8168,2.4388,0.4224,2.7809,0.4338,6.0679
fCMR_Philips_003,40,2.0173,2.0742,0.2534,0.9852,0.283,2.499
fCMR_Philips_047,40,1.1375,3.6846,0.3881,0.6886,0.4995,3.3256
fCMR_Philips_057,40,2.6273,2.4246,0.3311,1.165,0.3368,3.2035
fCMR_Philips_097,40,2.7978,2.5249,0.3883,0.2773,0.4073,1.4508
fCMR_Philips_070,40,2.162,2.2221,0.3736,1.4395,0.4328,3.4901
fCMR_Philips_068,40,2.5817,1.7047,0.2927,1.2599,0.2999,2.7303
fCMR_Philips_117,41,2.6461,3.6214,0.1987,1.4628,0.2355,3.4784
fCMR_Philips_002,41,2.3472,2.8816,0.0935,0.9577,0.1674,2.2586
fCMR_Philips_052,41,1.8454,2.8937,0.1733,1.0798,0.1888,3.0443
fCMR_Philips_123,41,0.8831,1.439,0.1041,0.2297,0.1188,1.234
fCMR_Philips_079,41,2.6908,0.9304,0.318,2.1044,0.3734,5.302
fCMR_Philips_041,41,2.9274,2.2643,0.1805,1.2757,0.2203,3.3978
fCMR_Philips_090,41,1.7206,2.8392,0.1597,1.8609,0.2166,4.0411
fCMR_Philips_114,41,1.9474,2.7575,0.3193,1.1774,0.3346,2.7262
fCMR_Philips_065,41,1.9803,2.3768,0.1515,0.8962,0.1834,2.1237
fCMR_Philips_132,41,3.0916,2.2015,0.2684,3.915,0.2717,8.2318
fCMR_Philips_031,41,1.9016,3.0446,0.1218,1.6174,0.168,3.7318
fCMR_Philips_104,41,2.3748,2.6738,0.2785,2.5277,0.3111,5.5429
fCMR_Philips_094,41,3.1084,3.1474,0.1971,1.6812,0.2269,3.6673
fCMR_Philips_136,41,2.2774,2.2882,0.195,0.963,0.2242,2.6559
fCMR_Philips_087,41,2.4151,1.9819,0.4833,4.267,0.4945,9.3112
fCMR_Philips_003,41,2.019,3.1877,0.2813,0.6382,0.3024,1.6362
fCMR_Philips_047,41,2.6689,0.9936,0.1689,4.4043,0.2486,11.3886
fCMR_Philips_057,41,1.3778,2.4313,0.2993,1.2067,0.3097,2.8709
fCMR_Philips_097,41,2.3078,2.0053,0.493,0.1101,0.5063,0.7738
fCMR_Philips_070,41,2.5604,1.7802,0.3155,1.4508,0.3359,3.3201
fCMR_Philips_068,41,2.158,3.1063,0.2852,1.3716,0.3046,3.0971
fCMR_Philips_117,42,0.7979,3.3094,0.1145,1.4498,0.1843,4.0304
fCMR_Philips_002,42,1.115,0.702,0.204,0.7498,0.2215,1.959
fCMR_Philips_052,42,1.5771,2.0015,0.1873,0.9831,0.2018,2.5357
fCMR_Philips_123,42,3.0614,3.4566,0.1215,0.1555,0.1763,1.4456
fCMR_Philips_079,42,2.3075,2.0732,0.2005,0.1635,0.2497,0.833
fCMR_Philips_041,42,2.8899,1.2339,0.0676,0.7218,0.1466,2.619
fCMR_Philips_090,42,1.3954,0.9167,0.1151,1.4371,0.1331,3.274
fCMR_Philips_114,42,1.6645,2.56,0.2767,1.8779,0.2915,4.4524
fCMR_Philips_065,42,2.7936,0.8205,0.2209,1.7962,0.253,4.2368
fCMR_Philips_132,42,2.2715,3.1124,0.2416,1.6065,0.2624,3.8005
fCMR_Philips_031,42,1.4804,1.5403,0.1528,2.6356,0.1686,5.7316
fCMR_Philips_104,42,0.9875,2.0645,0.2146,3.4219,0.2963,7.664
fCMR_Philips_094,42,2.9928,3.0392,0.2667,1.8084,0.2977,5.0972
fCMR_Philips_136,42,2.481,1.0316,0.1071,0.281,0.1721,0.9453
fCMR_Philips_087,42,1.43,2.3452,0.499,3.0248,0.5074,6.3526
fCMR_Philips_003,42,2.1382,2.2396,0.1531,1.1435,0.1847,2.5381
fCMR_Philips_047,42,2.8644,2.3638,0.3608,3.2274,0.3917,7.5098
fCMR_Philips_057,42,3.0846,2.9299,0.4546,0.7561,0.4577,1.9793
fCMR_Philips_097,42,2.2444,3.0643,0.4436,0.0784,0.4659,0.604
fCMR_Philips_070,42,0.3693,2.6249,0.364,2.0974,0.3879,4.6224
fCMR_Philips_068,42,2.4765,1.9754,0.2032,0.9588,0.2311,2.0929
fCMR_Philips_117,43,1.7309,1.9705,0.2906,0.7354,0.302,2.3236
fCMR_Philips_002,43,2.4172,1.3464,0.2197,0.4539,0.2768,1.9162
fCMR_Philips_052,43,2.8621,2.5788,0.145,0.8725,0.1696,2.15
fCMR_Philips_123,43,2.4053,2.0056,0.1778,0.3198,0.2293,0.9847
fCMR_Philips_079,43,1.3064,2.848,0.1419,1.3468,0.2092,3.3576
fCMR_Philips_041,43,1.2745,3.5641,0.1141,0.3377,0.1499,1.4733
fCMR_Philips_090,43,2.5606,1.544,0.1985,1.6795,0.2541,3.5741
fCMR_Philips_114,43,2.1733,2.5846,0.1922,2.2673,0.2517,5.1106
fCMR_Philips_065,43,2.9269,2.5579,0.0666,1.0171,0.1465,2.3537
fCMR_Philips_132,43,2.8951,3.1926,0.3149,3.3394,0.3177,7.3649
fCMR_Philips_031,43,2.6792,2.6826,0.1586,1.8673,0.176,4.2054
fCMR_Philips_104,43,2.2876,3.0383,0.1341,1.7862,0.3088,4.9577
fCMR_Philips_094,43,1.2093,3.0102,0.2615,0.8458,0.2773,2.5655
fCMR_Philips_136,43,2.7783,2.5213,0.2097,0.2843,0.2251,1.1708
fCMR_Philips_087,43,2.1721,2.4929,0.4551,2.6053,0.469,5.952
fCMR_Philips_003,43,2.1221,1.4996,0.2419,1.273,0.2619,3.4006
fCMR_Philips_047,43,2.7686,1.0438,0.286,2.5174,0.472,7.6692
fCMR_Philips_057,43,2.0369,2.2745,0.3291,1.3909,0.3398,2.9747
fCMR_Philips_097,43,1.9484,2.0117,0.3312,0.5941,0.3415,1.5744
fCMR_Philips_070,43,2.5977,2.4248,0.3992,0.9758,0.4229,3.1495
fCMR_Philips_068,43,1.7331,1.8979,0.2559,0.7133,0.2727,1.9408
fCMR_Philips_117,44,1.3157,2.449,0.1948,0.4777,0.251,1.5862
fCMR_Philips_002,44,3.0353,1.2398,0.1753,1.6389,0.1897,3.7759
fCMR_Philips_052,44,2.7805,2.2595,0.2221,0.0372,0.2897,0.9056
fCMR_Philips_123,44,2.0966,2.8267,0.2304,0.7472,0.2522,1.7429
fCMR_Philips_079,44,2.5166,2.1172,0.1453,2.7636,0.1796,6.0119
fCMR_Philips_041,44,2.7731,2.4924,0.074,1.0821,0.1026,3.0421
fCMR_Philips_090,44,2.1612,2.1154,0.0973,1.4887,0.1552,3.5946
fCMR_Philips_114,44,2.3924,1.4611,0.2783,1.5749,0.289,3.4303
fCMR_Philips_065,44,2.9962,0.8782,0.0787,0.968,0.1551,2.5696
fCMR_Philips_132,44,3.0556,1.7184,0.2018,4.7982,0.2153,9.9385
fCMR_Philips_031,44,2.0665,2.6096,0.1947,1.3573,0.2115,4.0668
fCMR_Philips_104,44,2.9754,2.5681,0.0957,2.2035,0.2197,5.166
fCMR_Philips_094,44,2.3865,2.8202,0.2477,0.9238,0.2664,2.5522
fCMR_Philips_136,44,2.583,2.9449,0.1011,0.2999,0.1714,0.956
fCMR_Philips_087,44,2.4409,0.5032,0.4684,4.6832,0.4774,9.8226
fCMR_Philips_003,44,1.754,2.1264,0.1511,0.5062,0.1747,1.3664
fCMR_Philips_047,44,2.3137,2.5544,0.2157,2.5944,0.2373,6.2129
fCMR_Philips_057,44,2.325,3.6498,0.3643,0.7665,0.3687,1.8754
fCMR_Philips_097,44,2.8556,2.7522,0.4756,0.1507,0.4941,0.9757
fCMR_Philips_070,44,1.4331,2.4576,0.3617,0.8779,0.39,2.3253
fCMR_Philips_068,44,1.6647,2.4513,0.2126,0.8987,0.2489,2.4196
fCMR_Philips_117,45,3.0744,2.963,0.1952,0.5502,0.2453,1.7646
fCMR_Philips_002,45,1.1827,3.254,0.3503,0.4994,0.3581,1.5782
fCMR_Philips_052,45,1.9601,2.2331,0.1752,0.8828,0.2139,2.8202
fCMR_Philips_123,45,2.5115,3.1668,0.0902,0.7697,0.1274,2.4831
fCMR_Philips_079,45,1.7081,0.7686,0.0755,2.0653,0.1306,4.8776
fCMR_Philips_041,45,2.5512,1.531,0.217,1.0017,0.2669,2.3332
fCMR_Philips_090,45,2.1319,2.2414,0.1128,1.8208,0.1537,4.0999
fCMR_Philips_114,45,1.823,2.2839,0.2361,1.8155,0.2671,4.3459
fCMR_Philips_065,45,2.8524,2.7877,0.0298,1.5691,0.0917,3.6551
fCMR_Philips_132,45,2.6387,2.5817,0.2356,1.8003,0.2429,4.6183
fCMR_Philips_031,45,3.0909,2.5307,0.1374,1.8027,0.1624,4.7948
fCMR_Philips_104,45,2.5503,2.7353,0.2102,1.3515,0.4398,4.9062
fCMR_Philips_094,45,1.5714,2.4757,0.2335,0.6804,0.2614,2.7459
fCMR_Philips_136,45,2.3819,3.0542,0.1538,0.1779,0.2114,0.9586
fCMR_Philips_087,45,2.641,2.5008,0.4542,2.6405,0.4561,5.6758
fCMR_Philips_003,45,1.3049,2.8021,0.2779,0.7267,0.2935,2.1346
fCMR_Philips_047,45,0.6637,3.2769,0.2562,0.7232,0.3386,1.7122
fCMR_Philips_057,45,1.8741,2.435,0.3194,1.3064,0.3247,3.0719
fCMR_Philips_097,45,2.899,3.2246,0.4119,0.1977,0.4254,1.7786
fCMR_Philips_070,45,2.7658,2.2972,0.5387,0.7907,0.5599,2.2172
fCMR_Philips_068,45,2.642,3.2578,0.0866,0.5372,0.1208,1.5478
fCMR_Philips_117,46,2.4931,1.7892,0.3166,0.4264,0.3491,1.2373
fCMR_Philips_002,46,1.9545,2.6477,0.1967,0.8862,0.2165,2.3125
fCMR_Philips_052,46,3.0559,1.4496,0.1253,1.0109,0.162,2.2526
fCMR_Philips_123,46,2.3195,2.3566,0.1702,0.6375,0.2033,1.727
fCMR_Philips_079,46,2.8478,3.0809,0.1294,2.0207,0.1929,4.641
fCMR_Philips_041,46,2.3031,3.3526,0.1047,0.9101,0.1668,2.2377
fCMR_Philips_090,46,2.6574,2.7404,0.1844,2.4991,0.2007,5.2631
fCMR_Philips_114,46,3.1298,2.3137,0.3021,1.244,0.3096,3.2238
fCMR_Philips_065,46,2.4891,2.0439,0.0463,1.0874,0.096,2.7217
fCMR_Philips_132,46,2.485,1.6875,0.1946,3.1647,0.2072,6.7072
fCMR_Philips_031,46,0.7195,2.153,0.1529,1.8672,0.1813,4.4405
fCMR_Philips_104,46,2.1462,3.4225,0.0723,2.0749,0.3848,5.138
fCMR_Philips_094,46,2.9383,2.6904,0.2073,0.9217,0.2553,2.1574
fCMR_Philips_136,46,0.6432,1.1563,0.1884,0.4717,0.2428,1.3307
fCMR_Philips_087,46,3.0942,2.6479,0.3545,2.8511,0.3896,6.4436
fCMR_Philips_003,46,2.3764,3.3646,0.2296,0.6283,0.2428,1.4317
fCMR_Philips_047,46,2.3044,2.533,0.5406,9.5451,0.9412,24.4622
fCMR_Philips_057,46,2.9743,1.0807,0.315,1.3128,0.3365,3.1276
fCMR_Philips_097,46,1.9226,2.0774,0.3169,0.4623,0.3384,1.6677
fCMR_Philips_070,46,2.99,1.7027,0.4039,1.7447,0.4242,4.0992
fCMR_Philips_068,46,1.2948,3.6781,0.1615,0.9631,0.1737,2.1281
fCMR_Philips_117,47,2.9905,2.7061,0.1626,1.0779,0.1901,2.5462
fCMR_Philips_002,47,2.5988,1.1558,0.1688,1.9211,0.2176,4.1146
fCMR_Philips_052,47,2.3358,2.8019,0.2269,0.801,0.2462,1.9708
fCMR_Philips_123,47,2.2032,2.7967,0.139,0.8556,0.1997,2.8067
fCMR_Philips_079,47,2.33,3.008,0.2782,2.2675,0.3105,5.0647
fCMR_Philips_041,47,1.3232,2.4004,0.0464,0.3106,0.1493,1.0552
fCMR_Philips_090,47,2.3869,2.8708,0.1195,1.5054,0.1838,3.4398
fCMR_Philips_114,47,2.7791,1.8095,0.3541,1.7274,0.3936,4.0572
fCMR_Philips_065,47,3.0512,3.3822,0.1071,3.1478,0.1355,6.7964
fCMR_Philips_132,47,2.6871,3.1591,0.3721,3.0022,0.3798,6.5522
fCMR_Philips_031,47,2.6742,3.209,0.1339,1.5255,0.1429,3.5763
fCMR_Philips_104,47,2.8421,2.4681,0.2291,1.8512,0.2989,4.2818
fCMR_Philips_094,47,2.4535,2.8792,0.1613,0.7783,0.1904,3.3478
fCMR_Philips_136,47,2.9279,1.0841,0.2111,0.7641,0.2901,2.1167
fCMR_Philips_087,47,2.9524,3.0224,0.3606,2.4815,0.3702,5.1872
fCMR_Philips_003,47,2.9915,2.785,0.1357,0.8874,0.163,2.0532
fCMR_Philips_047,47,2.2704,2.46,0.2675,0.4814,0.3151,1.7398
fCMR_Philips_057,47,2.951,2.0052,0.2425,0.4144,0.2474,1.4591
fCMR_Philips_097,47,1.3911,2.1741,0.349,0.2507,0.3895,1.2974
fCMR_Philips_070,47,2.1272,3.7572,0.5201,1.7353,0.5273,4.0787
fCMR_Philips_068,47,0.7403,2.683,0.259,1.2333,0.2704,2.9818
fCMR_Philips_117,48,1.9381,2.769,0.1898,2.1158,0.2248,4.9195
fCMR_Philips_002,48,1.2485,1.8735,0.1545,0.5958,0.2008,1.5635
fCMR_Philips_052,48,1.788,1.6764,0.1441,1.6606,0.1942,4.3673
fCMR_Philips_123,48,1.5908,2.455,0.0549,1.1684,0.1045,3.3769
fCMR_Philips_079,48,1.2432,1.4344,0.1293,1.4728,0.1517,3.1834
fCMR_Philips_041,48,2.7358,2.9214,0.1431,1.0302,0.1638,2.789
fCMR_Philips_090,48,2.4539,2.4717,0.159,0.7631,0.1832,2.4773
fCMR_Philips_114,48,2.7914,2.7477,0.3059,0.9166,0.3119,2.5907
fCMR_Philips_065,48,2.0537,2.0938,0.1293,1.4722,0.147,3.3101
fCMR_Philips_132,48,1.7016,2.0405,0.242,5.0395,0.2693,10.4814
fCMR_Philips_031,48,1.5209,2.7245,0.1782,0.8222,0.2225,2.3096
fCMR_Philips_104,48,1.843,2.5455,0.1798,1.1215,0.2971,4.0644
fCMR_Philips_094,48,2.2214,3.0442,0.2928,1.9205,0.3233,5.1779
fCMR_Philips_136,48,3.1277,2.0854,0.1868,0.0402,0.2413,0.6459
fCMR_Philips_087,48,0.3345,1.8989,0.3723,3.0961,0.3918,6.7837
fCMR_Philips_003,48,1.2258,1.3717,0.2168,0.8042,0.2481,2.4832
fCMR_Philips_047,48,1.8161,2.9486,0.2177,3.0659,0.3016,8.4012
fCMR_Philips_057,48,2.9485,0.9951,0.3218,1.5324,0.3274,3.6482
fCMR_Philips_097,48,2.8152,3.3022,0.286,0.39,0.3174,1.2951
fCMR_Philips_070,48,1.5823,3.0531,0.474,1.3952,0.5033,3.7454
fCMR_Philips_068,48,2.7787,1.3307,0.1996,1.2367,0.2211,3.4521
fCMR_Philips_117,49,2.2556,3.5176,0.1391,0.7036,0.1738,1.838
fCMR_Philips_002,49,2.386,2.2429,0.2595,1.0057,0.2893,2.4222
fCMR_Philips_052,49,2.8443,3.2384,0.1509,0.5134,0.1751,2.4498
fCMR_Philips_123,49,2.3006,1.5556,0.1368,0.6035,0.171,1.6789
fCMR_Philips_079,49,2.6581,0.4551,0.0807,0.9246,0.1446,2.4922
fCMR_Philips_041,49,2.4596,2.3586,0.1444,1.3592,0.1684,3.8639
fCMR_Philips_090,49,2.1682,0.8805,0.1415,1.0539,0.1585,2.7251
fCMR_Philips_114,49,2.7191,1.5658,0.2101,0.7199,0.226,1.8466
fCMR_Philips_065,49,2.2858,0.7245,0.1198,1.8107,0.1711,4.0288
fCMR_Philips_132,49,2.0778,2.2679,0.2878,5.5231,0.2985,11.496
fCMR_Philips_031,49,2.808,2.3104,0.2647,4.0751,0.2741,8.6186
fCMR_Philips_104,49,2.6059,2.8687,0.3458,3.3513,0.3657,7.6513
fCMR_Philips_094,49,1.9206,3.2509,0.2061,0.6519,0.2194,2.2628
fCMR_Philips_136,49,2.7711,2.1456,0.0505,0.1036,0.1395,0.5717
fCMR_Philips_087,49,1.8449,2.92,0.4852,3.1774,0.4912,6.8488
fCMR_Philips_003,49,1.0737,2.114,0.1974,0.7812,0.225,1.9421
fCMR_Philips_047,49,2.7643,2.0365,0.2685,2.502,0.2989,5.9318
fCMR_Philips_057,49,3.0588,2.2078,0.355,1.172,0.3703,2.6994
fCMR_Philips_097,49,1.6302,1.7746,0.4229,0.2368,0.4458,0.8066
fCMR_Philips_070,49,1.0086,2.7782,0.453,1.5953,0.4684,3.552
fCMR_Philips_068,49,2.1924,2.0175,0.1274,0.4526,0.2142,1.2231
fCMR_Philips_117,50,3.1025,1.5023,0.2099,0.8555,0.249,2.2632
fCMR_Philips_002,50,0.8183,1.4181,0.17,0.897,0.1861,2.5895
fCMR_Philips_052,50,1.6688,0.8216,0.223,0.4693,0.2302,1.4498
fCMR_Philips_123,50,2.7104,2.3795,0.1452,0.0988,0.1832,0.8045
fCMR_Philips_079,50,2.8551,2.7021,0.1593,1.0579,0.1808,3.1731
fCMR_Philips_041,50,2.3523,1.8422,0.1043,0.4902,0.1615,2.0606
fCMR_Philips_090,50,1.6907,3.2973,0.3656,2.6158,0.3813,5.4669
fCMR_Philips_114,50,2.281,3.1403,0.2341,1.1342,0.2681,2.8504
fCMR_Philips_065,50,2.8253,3.4548,0.0816,0.4646,0.106,1.9167
fCMR_Philips_132,50,1.2768,1.5423,0.1843,4.1145,0.1955,8.9838
fCMR_Philips_031,50,2.2163,2.6148,0.1499,1.3987,0.1814,3.4109
fCMR_Philips_104,50,2.803,2.4396,0.2088,2.7383,0.2541,6.086
fCMR_Philips_094,50,1.9887,1.7154,0.1678,0.872,0.1962,2.6925
fCMR_Philips_136,50,1.6539,2.9604,0.1723,0.0707,0.2192,0.962
fCMR_Philips_087,50,2.5993,2.3386,0.4028,3.4781,0.4064,7.5938
fCMR_Philips_003,50,2.6074,1.7862,0.236,0.6273,0.2457,1.8852
fCMR_Philips_047,50,2.0886,2.132,0.1883,2.9049,0.2433,8.012
fCMR_Philips_057,50,1.6689,2.2553,0.3425,1.3508,0.3574,3.0114
fCMR_Philips_097,50,1.6425,2.3211,0.3302,0.3699,0.3421,1.1432
fCMR_Philips_070,50,3.0649,1.0447,0.4606,1.7249,0.474,4.1812
fCMR_Philips_068,50,2.4983,1.4329,0.185,1.0671,0.2036,3.1789
fCMR_Philips_117,51,1.4737,2.527,0.2817,0.7474,0.2944,1.9808
fCMR_Philips_002,51,2.965,2.7126,0.1888,1.9021,0.2022,4.274
fCMR_Philips_052,51,2.1503,2.8981,0.1982,0.2315,0.2071,0.9689
fCMR_Philips_123,51,1.0228,2.1547,0.0764,0.5044,0.1709,1.5204
fCMR_Philips_079,51,1.9998,2.085,0.1976,2.4089,0.2473,5.604
fCMR_Philips_041,51,1.6794,2.7695,0.0842,0.3881,0.1269,1.4509
fCMR_Philips_090,51,3.0319,3.0986,0.1484,2.4378,0.1705,5.8293
fCMR_Philips_114,51,3.138,2.2411,0.2073,1.7309,0.232,4.1229
fCMR_Philips_065,51,2.3624,2.7324,0.0698,0.4908,0.1375,1.3562
fCMR_Philips_132,51,2.5606,0.867,0.2608,5.054,0.2848,10.4516
fCMR_Philips_031,51,3.1058,1.9916,0.1877,2.2857,0.2129,5.2454
fCMR_Philips_104,51,2.3264,3.2083,0.1545,2.9715,0.4203,6.3982
fCMR_Philips_094,51,2.0722,3.1708,0.1707,2.0427,0.191,4.5158
fCMR_Philips_136,51,2.0723,1.2687,0.1465,0.171,0.161,0.809
fCMR_Philips_087,51,2.3674,2.0588,0.5224,2.2919,0.525,5.6247
fCMR_Philips_003,51,2.6202,3.246,0.2326,1.7808,0.254,3.8549
fCMR_Philips_047,51,2.8797,2.6819,0.3115,8.2761,0.4414,18.9445
fCMR_Philips_057,51,2.1807,1.5554,0.2169,0.5368,0.237,1.4083
fCMR_Philips_097,51,2.7807,2.9892,0.3981,0.0718,0.4434,0.8649
fCMR_Philips_070,51,1.1738,3.5143,0.4831,1.0571,0.5006,3.2778
fCMR_Philips_068,51,0.6596,3.0599,0.2694,0.628,0.2766,1.9098
fCMR_Philips_117,52,2.4781,1.713,0.2129,0.3801,0.2439,0.9602
fCMR_Philips_002,52,1.2696,2.8198,0.2873,0.9938,0.3084,2.2703
fCMR_Philips_052,52,2.9831,1.2318,0.173,0.1335,0.1906,0.8169
fCMR_Philips_123,52,2.6312,2.0768,0.1808,0.4436,0.2023,1.2435
fCMR_Philips_079,52,2.6814,2.4117,0.2724,0.3166,0.2914,1.6505
fCMR_Philips_041,52,1.8269,2.5764,0.074,0.3358,0.1057,1.0364
fCMR_Philips_090,52,1.3395,2.994,0.1008,2.297,0.126,4.8548
fCMR_Philips_114,52,1.3081,2.396,0.2104,0.8208,0.2245,2.2164
fCMR_Philips_065,52,2.4023,2.345,0.1107,0.4017,0.1554,1.2746
fCMR_Philips_132,52,1.9207,2.1084,0.3626,4.9248,0.3711,10.5996
fCMR_Philips_031,52,1.1833,2.0865,0.1208,1.4019,0.1676,3.6264
fCMR_Philips_104,52,2.7529,2.2651,0.2085,0.9298,0.2782,2.8674
fCMR_Philips_094,52,2.8883,2.0751,0.1497,0.9882,0.1748,2.9565
fCMR_Philips_136,52,1.4828,2.9231,0.0683,0.1456,0.1696,0.8684
fCMR_Philips_087,52,2.833,3.176,0.3825,3.5476,0.3997,7.4538
fCMR_Philips_003,52,1.3582,3.1276,0.2659,2.0862,0.2772,4.5753
fCMR_Philips_047,52,1.3933,2.0337,0.3853,10.8605,0.4224,23.3903
fCMR_Philips_057,52,1.8209,1.1729,0.3456,0.9393,0.3475,2.4964
fCMR_Philips_097,52,1.1818,2.4659,0.3533,0.5949,0.4184,1.6504
fCMR_Philips_070,52,2.0608,3.0654,0.3808,1.582,0.3902,3.5251
fCMR_Philips_068,52,2.7964,2.161,0.1975,0.7929,0.211,1.8413
fCMR_Philips_117,53,2.814,2.8699,0.2161,1.442,0.2419,3.8838
fCMR_Philips_002,53,2.2706,2.4605,0.2056,0.4631,0.249,2.1454
fCMR_Philips_052,53,1.7248,2.019,0.1709,0.4121,0.1906,1.2956
fCMR_Philips_123,53,2.4382,2.4212,0.1839,0.8202,0.1924,2.5724
fCMR_Philips_079,53,1.4756,2.0433,0.2148,1.4367,0.2465,3.5467
fCMR_Philips_041,53,3.0264,1.8861,0.1417,0.8563,0.1673,2.1875
fCMR_Philips_090,53,1.8391,1.637,0.188,2.038,0.1932,4.5928
fCMR_Philips_114,53,2.8151,2.8721,0.1679,1.0085,0.2007,2.7214
fCMR_Philips_065,53,2.6732,3.9973,0.1162,0.6438,0.1905,2.4533
fCMR_Philips_132,53,2.9398,3.1524,0.3418,2.2752,0.3518,5.1427
fCMR_Philips_031,53,1.5646,2.2702,0.1871,2.7424,0.2065,5.79
fCMR_Philips_104,53,3.0058,2.4773,0.1256,1.4634,0.2156,3.7361
fCMR_Philips_094,53,2.5321,3.3144,0.167,2.0372,0.2033,4.534
fCMR_Philips_136,53,2.7118,1.3355,0.1002,0.4541,0.1561,1.3448
fCMR_Philips_087,53,2.7668,1.5707,0.4635,3.4017,0.4681,7.2432
fCMR_Philips_003,53,2.5072,2.6372,0.1987,1.041,0.2104,2.5243
fCMR_Philips_047,53,2.9215,1.8815,0.2716,8.4399,0.3721,18.1648
fCMR_Philips_057,53,1.4621,2.9508,0.4029,0.652,0.4158,1.653
fCMR_Philips_097,53,3.0898,1.5044,0.5509,0.2872,0.5583,0.7979
fCMR_Philips_070,53,2.4734,3.2254,0.3834,1.5149,0.4402,3.2578
fCMR_Philips_068,53,1.9735,3.2442,0.0834,1.2018,0.1933,2.7088
fCMR_Philips_117,54,2.9247,3.2606,0.21,0.2362,0.2546,0.9423
fCMR_Philips_002,54,3.0127,2.6735,0.2825,0.8448,0.3062,2.1782
fCMR_Philips_052,54,2.2273,2.1909,0.1643,2.6052,0.1949,5.8002
fCMR_Philips_123,54,1.927,3.3575,0.1213,0.1608,0.1498,0.6584
fCMR_Philips_079,54,1.0109,3.8935,0.1422,0.4348,0.1584,2.0904
fCMR_Philips_041,54,2.7613,3.2945,0.0969,0.6742,0.1411,2.0934
fCMR_Philips_090,54,2.1248,1.9115,0.1331,2.0913,0.1756,4.5007
fCMR_Philips_114,54,0.9485,1.8375,0.2262,1.141,0.2527,2.6206
fCMR_Philips_065,54,2.6616,1.8519,0.0687,0.8594,0.1345,2.0651
fCMR_Philips_132,54,2.2661,2.9013,0.3032,3.8177,0.3355,8.2905
fCMR_Philips_031,54,3.1401,2.0745,0.1458,1.996,0.1886,4.3229
fCMR_Philips_104,54,2.5995,1.5963,0.1396,2.157,0.1712,4.5428
fCMR_Philips_094,54,1.436,3.8603,0.2455,0.9746,0.2688,2.642
fCMR_Philips_136,54,2.4481,1.8424,0.1454,0.2693,0.1786,1.193
fCMR_Philips_087,54,1.9027,3.3389,0.3312,2.9753,0.3505,6.2812
fCMR_Philips_003,54,2.4428,2.8115,0.2237,0.4615,0.2417,1.4705
fCMR_Philips_047,54,2.753,2.1245,0.3418,6.6243,0.3671,14.3059
fCMR_Philips_057,54,2.3667,2.5863,0.3561,0.8072,0.3618,1.9804
fCMR_Philips_097,54,1.4521,2.6939,0.2566,0.2802,0.2818,1.256
fCMR_Philips_070,54,2.4609,0.8379,0.3862,1.925,0.3986,4.8524
fCMR_Philips_068,54,1.5749,1.3911,0.2373,0.4895,0.2534,1.8915
fCMR_Philips_117,55,2.9601,2.0644,0.1596,0.2454,0.2102,1.3633
fCMR_Philips_002,55,1.9491,3.28,0.2086,0.7806,0.2522,2.1143
fCMR_Philips_052,55,1.7372,2.4534,0.2096,0.9932,0.2198,2.4998
fCMR_Philips_123,55,2.7139,1.6994,0.2105,0.3207,0.2563,1.2833
fCMR_Philips_079,55,2.1212,2.6119,0.1359,0.3414,0.1708,1.5464
fCMR_Philips_041,55,2.3889,1.8391,0.2352,2.4466,0.2613,5.3469
fCMR_Philips_090,55,2.9166,2.153,0.1425,2.1969,0.2064,5.0124
fCMR_Philips_114,55,2.4696,2.1222,0.2657,1.9533,0.2739,4.3615
fCMR_Philips_065,55,2.9016,2.1928,0.1859,0.9227,0.2386,2.4924
fCMR_Philips_132,55,1.4209,1.6971,0.2934,4.6198,0.3085,9.494
fCMR_Philips_031,55,1.5924,3.3807,0.08,1.5874,0.1431,3.968
fCMR_Philips_104,55,2.8228,2.2854,0.0486,1.9829,0.135,4.703
fCMR_Philips_094,55,2.7698,2.4652,0.2207,1.0367,0.2661,2.9284
fCMR_Philips_136,55,2.2683,0.925,0.1292,0.3281,0.2133,1.3787
fCMR_Philips_087,55,1.8785,0.9162,0.3654,3.8873,0.3759,8.1845
fCMR_Philips_003,55,1.031,2.4903,0.2127,0.4675,0.2316,1.223
fCMR_Philips_047,55,2.7133,2.3599,0.179,1.6399,0.3933,6.6542
fCMR_Philips_057,55,2.488,2.4123,0.3326,0.5013,0.342,1.4563
fCMR_Philips_097,55,1.9684,2.7669,0.4719,0.2648,0.4794,0.9195
fCMR_Philips_070,55,2.67,3.3412,0.4368,1.2782,0.4581,2.9769
fCMR_Philips_068,55,1.5665,1.8676,0.245,0.9371,0.2627,2.2969
fCMR_Philips_117,56,2.085,2.2711,0.2721,0.9205,0.2899,2.0973
fCMR_Philips_002,56,2.499,2.5545,0.2331,2.5343,0.2369,5.4201
fCMR_Philips_052,56,1.9579,3.4118,0.2318,0.7802,0.249,2.3618
fCMR_Philips_123,56,2.8627,2.894,0.0935,0.3034,0.1535,0.7963
fCMR_Philips_079,56,2.9497,2.5634,0.26,1.0146,0.2768,2.8479
fCMR_Philips_041,56,2.1386,2.1724,0.0997,0.7151,0.176,2.4033
fCMR_Philips_090,56,3.0341,3.5824,0.1687,2.4187,0.1935,5.4297
fCMR_Philips_114,56,2.5016,2.5848,0.2844,1.1321,0.3062,2.8102
fCMR_Philips_065,56,2.8233,3.3002,0.1303,1.4717,0.1636,3.374
fCMR_Philips_132,56,2.9681,0.6375,0.2073,3.9731,0.2308,8.2632
fCMR_Philips_031,56,2.8047,3.2206,0.1217,1.9123,0.2165,4.7013
fCMR_Philips_104,56,0.9242,4.0729,0.1199,2.7952,0.2855,5.8042
fCMR_Philips_094,56,2.4882,2.2479,0.1963,0.4577,0.2435,1.5394
fCMR_Philips_136,56,2.3971,3.4531,0.2586,0.5546,0.3088,1.7722
fCMR_Philips_087,56,2.6208,1.4274,0.3876,3.8667,0.3958,8.0787
fCMR_Philips_003,56,3.0675,2.6757,0.2056,0.7277,0.2182,1.944
fCMR_Philips_047,56,2.9876,2.6257,0.4817,4.4608,0.5151,11.8365
fCMR_Philips_057,56,3.0424,2.6156,0.25,1.0334,0.2555,2.6076
fCMR_Philips_097,56,2.6334,2.8559,0.2923,0.4795,0.3305,1.6192
fCMR_Philips_070,56,2.6344,3.5654,0.4668,2.3296,0.4702,4.9836
fCMR_Philips_068,56,2.6401,1.5127,0.226,0.7206,0.2632,1.7944
fCMR_Philips_117,57,1.5888,1.7927,0.1161,0.3187,0.1585,1.0374
fCMR_Philips_002,57,1.6562,2.8385,0.1223,0.8544,0.144,2.5148
fCMR_Philips_052,57,1.0952,2.1614,0.1907,0.6037,0.2061,1.7763
fCMR_Philips_123,57,2.6733,3.4234,0.1543,0.7142,0.1762,1.8225
fCMR_Philips_079,57,2.9089,2.6909,0.2066,3.0174,0.2515,6.4584
fCMR_Philips_041,57,2.6267,2.6956,0.0589,0.2934,0.1116,1.624
fCMR_Philips_090,57,2.5484,3.279,0.1325,1.6979,0.1605,3.6241
fCMR_Philips_114,57,1.8086,3.5086,0.2663,0.6067,0.2921,1.8811
fCMR_Philips_065,57,2.9931,2.2368,0.1236,1.644,0.1681,3.955
fCMR_Philips_132,57,2.6401,2.15,0.2831,3.7634,0.3132,8.0128
fCMR_Philips_031,57,2.0965,2.7392,0.0968,1.165,0.1447,2.7353
fCMR_Philips_104,57,3.0754,2.6383,0.1462,2.2472,0.2344,5.1603
fCMR_Philips_094,57,2.4298,1.2137,0.1504,0.4643,0.1849,1.7407
fCMR_Philips_136,57,2.8145,2.8271,0.1061,0.2807,0.1574,0.8867
fCMR_Philips_087,57,2.6879,2.5629,0.3777,1.8171,0.3915,4.6898
fCMR_Philips_003,57,2.9136,2.9978,0.2325,1.9229,0.249,4.2968
fCMR_Philips_047,57,2.2556,3.3653,0.2415,4.3024,0.2857,9.6114
fCMR_Philips_057,57,2.5962,2.1697,0.2941,0.78,0.3017,1.7208
fCMR_Philips_097,57,2.6273,2.0922,0.3611,0.3829,0.3722,1.3565
fCMR_Philips_070,57,2.6423,1.2183,0.5188,2.314,0.5326,5.3101
fCMR_Philips_068,57,3.0408,3.7573,0.166,0.9016,0.1884,2.593
fCMR_Philips_117,58,2.9801,2.5779,0.267,0.2482,0.277,1.0551
fCMR_Philips_002,58,2.7103,2.5394,0.2106,0.5503,0.2285,2.026
fCMR_Philips_052,58,2.9578,1.9488,0.2481,1.1601,0.2587,2.7762
fCMR_Philips_123,58,2.3344,3.0234,0.1217,0.075,0.6954,1.8263
fCMR_Philips_079,58,1.1854,2.1911,0.1537,1.4375,0.2184,3.6168
fCMR_Philips_041,58,3.0002,2.6581,0.1588,1.2825,0.189,3.0234
fCMR_Philips_090,58,2.6987,1.9393,0.1613,1.6817,0.186,3.7617
fCMR_Philips_114,58,1.4468,2.2176,0.2551,1.3078,0.2663,3.1744
fCMR_Philips_065,58,1.2887,2.7131,0.0522,0.2026,0.1334,0.8749
fCMR_Philips_132,58,2.6581,1.3785,0.2313,3.8675,0.245,8.7971
fCMR_Philips_031,58,2.1971,2.9307,0.048,1.6263,0.1196,3.7718
fCMR_Philips_104,58,2.2892,3.117,0.0786,1.7172,0.2005,4.1103
fCMR_Philips_094,58,2.6154,2.3243,0.2104,0.08,0.2415,1.1848
fCMR_Philips_136,58,2.0573,1.4652,0.109,0.3256,0.1397,1.3106
fCMR_Philips_087,58,1.2358,2.8764,0.4459,2.293,0.4607,5.6848
fCMR_Philips_003,58,2.2181,2.4732,0.1576,1.2927,0.1894,3.1856
fCMR_Philips_047,58,2.0771,2.1328,0.228,4.17,0.2818,9.3502
fCMR_Philips_057,58,1.7104,2.2696,0.3077,1.7103,0.3279,3.7553
fCMR_Philips_097,58,2.0341,2.2633,0.4714,0.1806,0.4806,0.7063
fCMR_Philips_070,58,2.2401,1.7352,0.4791,1.4686,0.4854,3.5224
fCMR_Philips_068,58,2.8865,2.2103,0.2699,1.1427,0.297,2.8948
fCMR_Philips_117,59,1.6156,3.3767,0.2125,0.7894,0.2291,2.2604
fCMR_Philips_002,59,1.9285,2.0027,0.1653,1.1628,0.1949,2.7906
fCMR_Philips_052,59,1.6099,3.1965,0.2519,0.1221,0.2702,0.5679
fCMR_Philips_123,59,1.6643,0.8338,0.15,0.1112,0.1911,1.4602
fCMR_Philips_079,59,2.8867,3.7864,0.1157,0.5022,0.1494,1.409
fCMR_Philips_041,59,1.3384,3.4066,0.2274,0.2937,0.2664,1.2306
fCMR_Philips_090,59,3.0873,1.2299,0.1732,0.7935,0.2079,2.5112
fCMR_Philips_114,59,1.5671,2.6903,0.2906,1.7208,0.3146,3.9984
fCMR_Philips_065,59,1.6896,0.7679,0.0641,1.9811,0.1053,4.445
fCMR_Philips_132,59,0.9989,0.9181,0.2624,4.7308,0.2822,10.0936
fCMR_Philips_031,59,2.91,2.6628,0.1871,1.8161,0.256,4.0498
fCMR_Philips_104,59,2.9833,2.3013,0.171,3.3626,0.2024,7.2858
fCMR_Philips_094,59,2.8866,2.534,0.1559,0.5996,0.2339,1.4092
fCMR_Philips_136,59,3.0065,3.0309,0.1387,0.4585,0.1833,1.3612
fCMR_Philips_087,59,2.4998,2.7722,0.4253,3.1078,0.4358,6.7783
fCMR_Philips_003,59,3.0673,2.852,0.2602,0.6216,0.2655,1.6197
fCMR_Philips_047,59,3.0418,2.3404,0.288,6.5696,0.3677,14.0972
fCMR_Philips_057,59,2.2221,2.2839,0.2605,1.3767,0.2782,3.4978
fCMR_Philips_097,59,2.0203,1.7663,0.4997,0.5813,0.5079,1.5302
fCMR_Philips_070,59,2.7412,1.6553,0.4065,2.0726,0.4144,4.4498
fCMR_Philips_068,59,3.1044,2.4243,0.1699,0.7334,0.2031,1.7506
fCMR_Philips_117,60,2.8573,2.1691,0.2508,0.6268,0.2684,2.255
fCMR_Philips_002,60,0.5941,3.108,0.2103,0.7769,0.2485,2.1681
fCMR_Philips_052,60,2.3303,2.0461,0.3045,0.3672,0.3166,1.2908
fCMR_Philips_123,60,2.7109,2.664,0.2043,0.4191,0.2273,1.1868
fCMR_Philips_079,60,2.2074,1.5032,0.182,1.5038,0.2013,3.6882
fCMR_Philips_041,60,2.6352,2.7573,0.1255,0.6119,0.1577,1.772
fCMR_Philips_090,60,1.5335,2.3824,0.1341,1.3333,0.214,3.1408
fCMR_Philips_114,60,1.1261,3.3569,0.2802,1.1225,0.2842,2.7842
fCMR_Philips_065,60,1.4944,2.7686,0.17,1.1206,0.1879,2.9278
fCMR_Philips_132,60,2.008,1.5299,0.1858,4.8459,0.1997,10.1208
fCMR_Philips_031,60,2.0023,2.7347,0.238,1.4548,0.256,3.6844
fCMR_Philips_104,60,1.2991,3.022,0.2075,0.9649,0.2686,2.5479
fCMR_Philips_094,60,1.8551,2.9049,0.0878,1.1514,0.1556,3.22
fCMR_Philips_136,60,3.0393,1.3403,0.1007,0.4461,0.1537,1.2493
fCMR_Philips_087,60,2.7205,2.0682,0.441,2.6704,0.4549,6.2894
fCMR_Philips_003,60,2.5875,2.6905,0.2096,1.1669,0.2364,2.6038
fCMR_Philips_047,60,1.1174,3.2588,0.3179,6.2877,0.3509,14.9623
fCMR_Philips_057,60,1.1492,3.8399,0.4202,0.8202,0.4289,2.2834
fCMR_Philips_097,60,2.7254,1.4267,0.4349,0.1428,0.447,0.6103
fCMR_Philips_070,60,1.2654,2.4964,0.3995,0.8487,0.4145,2.115
fCMR_Philips_068,60,1.1897,2.8818,0.2381,0.5796,0.2578,1.6483
fCMR_Philips_117,61,2.9622,2.2849,0.2022,0.6866,0.2209,1.8102
fCMR_Philips_002,61,3.0624,1.3124,0.2902,1.0237,0.329,2.7661
fCMR_Philips_052,61,2.3384,2.9324,0.2155,0.2938,0.2209,0.7386
fCMR_Philips_123,61,1.6088,3.9095,0.1859,0.5146,0.2118,1.6466
fCMR_Philips_079,61,2.2186,2.9732,0.2019,1.6116,0.2287,4.3698
fCMR_Philips_041,61,2.7494,3.4817,0.2143,2.005,0.2527,4.8561
fCMR_Philips_090,61,2.254,2.29,0.1658,1.206,0.2011,3.0036
fCMR_Philips_114,61,2.8679,1.2352,0.1954,1.0885,0.2278,2.8625
fCMR_Philips_065,61,2.0487,1.3789,0.1272,2.3453,0.1594,5.0422
fCMR_Philips_132,61,2.9095,2.4636,0.2604,3.1566,0.2746,6.6504
fCMR_Philips_031,61,1.8867,3.5448,0.1976,1.4899,0.2217,3.8443
fCMR_Philips_104,61,2.307,2.8617,0.1887,1.2242,0.4201,3.769
fCMR_Philips_094,61,2.3969,2.0533,0.2811,0.3777,0.305,1.1678
fCMR_Philips_136,61,2.4288,1.4522,0.1469,0.553,0.1567,1.4427
fCMR_Philips_087,61,2.271,2.3235,0.4177,1.7696,0.4453,4.1171
fCMR_Philips_003,61,2.6935,1.2039,0.2507,0.6224,0.2645,1.7254
fCMR_Philips_047,61,2.0777,2.8507,0.2981,10.438,0.3268,21.8964
fCMR_Philips_057,61,2.3543,2.9022,0.2696,0.4972,0.2825,1.7338
fCMR_Philips_097,61,2.3558,3.2644,0.2853,0.2,0.2961,1.2466
fCMR_Philips_070,61,2.5161,2.3411,0.2779,1.2076,0.3312,3.1485
fCMR_Philips_068,61,0.5801,3.0671,0.2162,0.8507,0.2286,2.1383
fCMR_Philips_117,62,3.0292,1.6643,0.2891,0.5879,0.305,1.5888
fCMR_Philips_002,62,3.1035,2.0225,0.1567,1.1939,0.1778,2.9
fCMR_Philips_052,62,1.1705,2.0423,0.2067,1.0676,0.234,2.7528
fCMR_Philips_123,62,2.4426,3.0365,0.0945,0.3849,0.1252,1.0354
fCMR_Philips_079,62,3.0993,2.9177,0.1468,2.1296,0.2193,4.763
fCMR_Philips_041,62,1.4292,1.7458,0.1967,0.303,0.2216,1.9077
fCMR_Philips_090,62,2.3229,1.215,0.11,1.1579,0.1484,2.8102
fCMR_Philips_114,62,1.839,2.1166,0.3088,1.6997,0.3258,3.6665
fCMR_Philips_065,62,2.0877,3.2309,0.0828,1.0625,0.1191,2.7614
fCMR_Philips_132,62,2.4024,1.5573,0.249,3.6282,0.2557,7.8604
fCMR_Philips_031,62,2.8733,2.4102,0.1685,1.3093,0.1864,3.2048
fCMR_Philips_104,62,1.5664,2.4872,0.1679,1.4268,0.2605,3.8341
fCMR_Philips_094,62,1.3689,2.6277,0.2187,0.7524,0.2529,1.8646
fCMR_Philips_136,62,1.7761,2.6138,0.1345,0.3601,0.1537,1.1524
fCMR_Philips_087,62,3.0444,2.5851,0.4519,2.7764,0.4588,6.1104
fCMR_Philips_003,62,0.7744,1.7757,0.2939,0.428,0.3066,1.2883
fCMR_Philips_047,62,2.2833,2.8333,0.4958,11.825,0.544,28.4731
fCMR_Philips_057,62,1.9161,2.6638,0.3875,1.2128,0.3923,2.7602
fCMR_Philips_097,62,2.089,3.0159,0.5122,0.1129,0.5514,0.7593
fCMR_Philips_070,62,2.3427,1.5787,0.4158,1.2186,0.4314,3.2726
fCMR_Philips_068,62,2.5198,2.7313,0.1566,1.1252,0.1762,2.8264
fCMR_Philips_117,63,1.9094,2.7354,0.1565,0.3446,0.1652,0.9544
fCMR_Philips_002,63,2.5713,2.1596,0.1812,1.8547,0.2109,4.3887
fCMR_Philips_052,63,2.903,2.3534,0.1135,1.2043,0.1331,2.63
fCMR_Philips_123,63,3.0916,1.95,0.1754,0.7215,0.1884,2.0292
fCMR_Philips_079,63,2.7369,2.1704,0.1783,1.868,0.2454,4.2344
fCMR_Philips_041,63,3.0678,2.7754,0.093,0.3106,0.1591,1.3976
fCMR_Philips_090,63,2.4261,1.3532,0.0822,2.426,0.1173,5.1586
fCMR_Philips_114,63,1.9856,0.9728,0.2658,1.1687,0.2928,3.1572
fCMR_Philips_065,63,2.7363,1.9756,0.155,1.3943,0.1691,3.087
fCMR_Philips_132,63,1.9757,1.8929,0.2427,3.8818,0.2578,8.2823
fCMR_Philips_031,63,2.3506,3.1228,0.0895,1.9012,0.119,4.5603
fCMR_Philips_104,63,2.4819,1.8399,0.2599,2.5184,0.3227,5.9791
fCMR_Philips_094,63,1.7018,2.6188,0.2558,1.4672,0.2864,3.2771
fCMR_Philips_136,63,2.9542,3.0863,0.1493,0.3077,0.2177,1.0981
fCMR_Philips_087,63,1.3009,2.593,0.3812,3.0308,0.3908,6.5346
fCMR_Philips_003,63,3.0679,2.3236,0.2137,1.0261,0.2319,2.5476
fCMR_Philips_047,63,2.4661,2.5304,0.2573,3.7234,0.2892,8.0182
fCMR_Philips_057,63,2.729,2.878,0.2267,1.2024,0.2471,3.4729
fCMR_Philips_097,63,1.7761,2.6114,0.4114,0.2046,0.4238,1.3248
fCMR_Philips_070,63,2.4808,2.4966,0.294,2.584,0.314,5.5641
fCMR_Philips_068,63,1.5933,2.3177,0.1413,1.4785,0.1637,3.2662
fCMR_Philips_117,64,1.8752,1.362,0.26,0.5448,0.2822,1.8335
fCMR_Philips_002,64,3.1081,2.9162,0.2219,0.5868,0.231,2.2695
fCMR_Philips_052,64,2.479,2.5029,0.1731,0.2928,0.1983,0.9758
fCMR_Philips_123,64,1.328,3.5269,0.1142,0.2491,0.1593,1.4718
fCMR_Philips_079,64,2.2533,1.7923,0.195,2.2591,0.2121,5.1842
fCMR_Philips_041,64,1.8051,2.1519,0.1014,0.7144,0.1616,1.8199
fCMR_Philips_090,64,1.5802,1.5562,0.1668,2.0198,0.187,4.4792
fCMR_Philips_114,64,2.8167,2.9018,0.2949,2.1123,0.3044,4.9066
fCMR_Philips_065,64,2.8136,3.328,0.0679,1.4673,0.1378,3.8527
fCMR_Philips_132,64,1.413,2.7312,0.3397,4.9478,0.3522,10.416
fCMR_Philips_031,64,2.3184,3.4358,0.2048,2.2926,0.2608,5.4107
fCMR_Philips_104,64,2.3192,2.404,0.2154,1.4515,0.2401,3.6944
fCMR_Philips_094,64,2.7885,2.68,0.1368,1.1531,0.1506,3.3683
fCMR_Philips_136,64,3.1357,2.6646,0.0785,0.2111,0.1609,1.0252
fCMR_Philips_087,64,2.7415,2.5012,0.3795,3.6261,0.4044,7.892
fCMR_Philips_003,64,2.9994,2.7032,0.1826,1.0494,0.1852,2.6602
fCMR_Philips_047,64,1.0055,1.9705,0.4,8.1764,0.5081,17.9264
fCMR_Philips_057,64,3.1221,0.3346,0.3533,0.8243,0.3685,2.0862
fCMR_Philips_097,64,2.8794,2.6071,0.2279,0.3122,0.2548,1.2688
fCMR_Philips_070,64,0.5955,3.1359,0.3506,1.9717,0.3707,4.3725
fCMR_Philips_068,64,2.7001,2.7778,0.2172,0.8918,0.2312,2.2259
fCMR_Philips_117,65,0.8085,2.5656,0.159,0.1527,0.6415,1.6698
fCMR_Philips_002,65,1.8462,1.1206,0.2056,1.1688,0.218,2.8373
fCMR_Philips_052,65,1.776,3.2252,0.1722,1.5081,0.1842,3.7007
fCMR_Philips_123,65,2.5419,2.7333,0.265,0.5074,0.2878,1.7175
fCMR_Philips_079,65,2.2635,2.6735,0.1378,0.9515,0.1758,2.8861
fCMR_Philips_041,65,2.7691,0.9398,0.0663,0.3223,0.1838,1.1811
fCMR_Philips_090,65,2.6268,2.2258,0.1877,2.9137,0.2392,6.5925
fCMR_Philips_114,65,1.9664,2.8965,0.2168,0.8631,0.2402,2.2326
fCMR_Philips_065,65,3.0346,2.433,0.0504,0.7975,0.1747,2.2055
fCMR_Philips_132,65,2.0849,2.7283,0.155,3.2361,0.1733,7.0973
fCMR_Philips_031,65,1.8827,3.6921,0.1339,1.9056,0.2013,4.7403
fCMR_Philips_104,65,1.6356,2.9939,0.1195,1.5922,0.2899,4.5784
fCMR_Philips_094,65,1.5926,1.8191,0.146,1.2852,0.2078,3.211
fCMR_Philips_136,65,3.1349,2.823,0.1845,0.3111,0.2115,1.3683
fCMR_Philips_087,65,2.2734,2.0686,0.3808,2.7771,0.3884,5.8858
fCMR_Philips_003,65,2.6061,2.964,0.3109,1.8315,0.3261,3.8701
fCMR_Philips_047,65,2.978,3.2298,0.3767,4.7963,0.4482,10.6726
fCMR_Philips_057,65,2.75,1.3865,0.253,1.9604,0.2755,4.3938
fCMR_Philips_097,65,2.1163,2.4205,0.3858,0.1003,0.419,0.9875
fCMR_Philips_070,65,3.0359,2.8411,0.3762,2.934,0.3868,6.58
fCMR_Philips_068,65,2.7564,2.7749,0.2814,0.9018,0.3183,2.3449
fCMR_Philips_117,66,3.112,1.9403,0.2077,1.0288,0.23,2.3533
fCMR_Philips_002,66,2.2963,1.2036,0.1791,1.7139,0.215,4.1616
fCMR_Philips_052,66,2.7379,2.8088,0.168,1.0552,0.1945,2.6883
fCMR_Philips_123,66,2.7997,2.1901,0.1595,0.6652,0.1889,1.6333
fCMR_Philips_079,66,1.0158,1.5819,0.2306,1.3826,0.2655,3.1732
fCMR_Philips_041,66,1.7382,1.7075,0.1245,1.0252,0.1938,2.9968
fCMR_Philips_090,66,2.8155,2.6187,0.1605,1.3143,0.2145,3.3139
fCMR_Philips_114,66,1.6216,2.9273,0.2307,1.5685,0.2463,3.4086
fCMR_Philips_065,66,1.5896,2.4553,0.0779,1.8316,0.1127,4.2245
fCMR_Philips_132,66,0.8372,1.3179,0.2531,5.6835,0.2847,11.8019
fCMR_Philips_031,66,2.8668,0.9127,0.2582,3.2529,0.2744,7.2822
fCMR_Philips_104,66,1.7172,1.8648,0.0777,0.8453,0.2407,2.6269
fCMR_Philips_094,66,1.2797,3.059,0.2431,1.3143,0.2744,3.4863
fCMR_Philips_136,66,2.9182,1.2277,0.0529,0.4996,0.1446,1.4542
fCMR_Philips_087,66,2.9694,1.5969,0.2998,3.0747,0.306,6.3724
fCMR_Philips_003,66,0.6373,2.1675,0.2786,0.3051,0.2985,1.2302
fCMR_Philips_047,66,2.1486,2.0524,0.2831,4.783,0.3654,11.7882
fCMR_Philips_057,66,2.8174,1.975,0.2886,1.3215,0.3025,3.0055
fCMR_Philips_097,66,2.1001,2.4582,0.3351,0.3399,0.347,1.3063
fCMR_Philips_070,66,1.4311,3.2932,0.3786,0.5162,0.3998,1.3425
fCMR_Philips_068,66,1.1302,2.6355,0.2067,0.4007,0.2221,1.1252
fCMR_Philips_117,67,1.2708,1.1293,0.1816,1.0339,0.1944,2.4604
fCMR_Philips_002,67,3.1013,2.5702,0.2519,0.8286,0.286,2.6903
fCMR_Philips_052,67,2.4283,2.7743,0.2141,0.5543,0.228,1.5544
fCMR_Philips_123,67,2.918,2.4773,0.1119,0.6576,0.155,1.6053
fCMR_Philips_079,67,1.3573,2.3299,0.1227,0.5711,0.2076,1.6625
fCMR_Philips_041,67,2.9822,1.8981,0.1337,0.2966,0.1576,0.9894
fCMR_Philips_090,67,1.6214,2.4108,0.1221,1.5614,0.1514,3.7243
fCMR_Philips_114,67,2.7862,3.3641,0.2237,1.4613,0.2312,3.443
fCMR_Philips_065,67,2.1311,2.1074,0.0435,2.2811,0.1158,4.9489
fCMR_Philips_132,67,2.6322,2.0575,0.3321,3.702,0.3385,7.7244
fCMR_Philips_031,67,2.9377,2.5422,0.132,1.6679,0.1861,4.0428
fCMR_Philips_104,67,2.8424,2.3773,0.2249,1.4046,0.3122,4.2654
fCMR_Philips_094,67,3.1292,2.2092,0.188,1.035,0.2191,2.6044
fCMR_Philips_136,67,1.5003,2.7922,0.1434,0.1436,0.1652,0.6529
fCMR_Philips_087,67,2.7626,2.2213,0.381,3.4607,0.3984,7.4476
fCMR_Philips_003,67,2.5021,0.6627,0.262,0.7844,0.2905,1.9858
fCMR_Philips_047,67,2.8881,2.5872,0.3672,5.3811,0.4701,13.093
fCMR_Philips_057,67,2.8649,2.015,0.3181,1.1542,0.3267,2.5794
fCMR_Philips_097,67,1.9362,2.3487,0.3955,0.2339,0.429,1.1242
fCMR_Philips_070,67,2.1623,3.0426,0.4597,1.5467,0.4721,3.817
fCMR_Philips_068,67,2.5031,2.5863,0.2753,0.9666,0.2866,2.6247
fCMR_Philips_117,68,2.1999,2.6601,0.2087,1.0567,0.2218,2.3171
fCMR_Philips_002,68,3.0214,2.8316,0.1964,2.4965,0.2177,5.6268
fCMR_Philips_052,68,2.0449,3.1285,0.2374,0.3331,0.2437,1.1088
fCMR_Philips_123,68,2.4939,3.2237,0.1731,0.3618,0.1992,0.9308
fCMR_Philips_079,68,2.4345,2.2344,0.2804,0.9595,0.3284,2.6806
fCMR_Philips_041,68,1.5544,1.7174,0.1132,0.6897,0.1638,2.272
fCMR_Philips_090,68,3.0588,2.9081,0.0963,1.6446,0.1531,3.8472
fCMR_Philips_114,68,1.7383,2.3043,0.266,1.0224,0.2961,2.3816
fCMR_Philips_065,68,1.6498,2.9894,0.1683,0.5938,0.1998,1.7071
fCMR_Philips_132,68,2.0096,2.1408,0.1633,4.7488,0.2163,9.9814
fCMR_Philips_031,68,2.5721,2.6415,0.0759,1.2288,0.1373,2.9175
fCMR_Philips_104,68,0.7185,2.7394,0.189,1.3233,0.2151,3.7271
fCMR_Philips_094,68,2.3343,2.4193,0.2224,0.681,0.2461,2.2316
fCMR_Philips_136,68,3.109,1.9661,0.063,0.0681,0.1499,1.0028
fCMR_Philips_087,68,2.6496,2.5222,0.4273,3.235,0.4374,6.8686
fCMR_Philips_003,68,1.5662,2.4526,0.1172,1.3539,0.1423,3.1025
fCMR_Philips_047,68,1.8123,2.4868,0.3501,9.4064,0.3627,20.3129
fCMR_Philips_057,68,2.7725,2.684,0.2426,2.5599,0.284,5.5778
fCMR_Philips_097,68,2.3497,2.7012,0.4068,0.0723,0.4188,0.6701
fCMR_Philips_070,68,1.8366,2.2345,0.3261,1.173,0.3467,3.0103
fCMR_Philips_068,68,1.5777,2.2425,0.1771,0.866,0.1997,2.2605
fCMR_Philips_117,69,2.6598,2.7835,0.2292,1.6658,0.236,4.035
fCMR_Philips_002,69,1.6132,3.0664,0.2004,1.0933,0.2168,2.8348
fCMR_Philips_052,69,2.3437,1.442,0.2251,0.4441,0.2533,1.82
fCMR_Philips_123,69,2.878,2.8342,0.1212,0.033,0.1716,0.9927
fCMR_Philips_079,69,2.3583,2.8659,0.1037,1.3266,0.1695,3.9944
fCMR_Philips_041,69,2.0366,0.9235,0.2901,1.2326,0.3394,3.773
fCMR_Philips_090,69,3.051,2.2012,0.1901,1.2379,0.2613,3.0564
fCMR_Philips_114,69,3.0713,3.1211,0.2082,1.4837,0.2403,3.436
fCMR_Philips_065,69,2.6219,2.8338,0.1278,0.8108,0.195,2.7012
fCMR_Philips_132,69,1.0689,1.8677,0.1975,5.1568,0.2216,10.9302
fCMR_Philips_031,69,2.0564,2.0015,0.121,1.7135,0.1572,4.0273
fCMR_Philips_104,69,2.1823,0.5867,0.5199,1.987,0.6075,5.4452
fCMR_Philips_094,69,2.0173,1.8317,0.1914,0.5336,0.2284,1.6882
fCMR_Philips_136,69,2.0811,2.4864,0.1583,0.261,0.1737,1.2312
fCMR_Philips_087,69,0.8917,3.1336,0.4432,1.898,0.4563,4.1974
fCMR_Philips_003,69,1.9845,2.3908,0.1837,0.872,0.201,2.3162
fCMR_Philips_047,69,2.6069,2.6959,0.3133,2.2421,0.3642,5.4729
fCMR_Philips_057,69,2.5532,1.9603,0.3471,1.0516,0.3497,2.4715
fCMR_Philips_097,69,1.0136,2.8225,0.3378,0.7752,0.3711,1.9206
fCMR_Philips_070,69,1.3728,1.9466,0.3689,2.3144,0.3804,5.0449
fCMR_Philips_068,69,2.2123,1.2647,0.1926,1.0004,0.2186,2.3628
fCMR_Philips_117,70,3.0363,2.288,0.2219,0.3018,0.2343,1.1147
fCMR_Philips_002,70,2.0464,1.6023,0.2236,2.9189,0.2418,6.6968
fCMR_Philips_052,70,2.2835,2.1387,0.2707,0.5084,0.2811,1.2976
fCMR_Philips_123,70,1.1263,2.8208,0.2362,0.3079,0.2651,1.4164
fCMR_Philips_079,70,1.9162,2.9706,0.1103,1.483,0.1806,3.4804
fCMR_Philips_041,70,1.8576,3.0326,0.1552,1.0368,0.2035,3.0001
fCMR_Philips_090,70,1.4136,3.3667,0.1976,2.0803,0.2377,4.7871
fCMR_Philips_114,70,2.4686,1.0773,0.3347,1.3167,0.3676,3.3982
fCMR_Philips_065,70,2.4908,2.1035,0.0692,0.4869,0.1599,1.143
fCMR_Philips_132,70,2.748,2.7917,0.2874,5.5665,0.2944,11.672
fCMR_Philips_031,70,2.5493,3.0833,0.1438,2.1124,0.2086,4.6444
fCMR_Philips_104,70,2.7418,3.2613,0.1034,2.0404,0.2239,4.8557
fCMR_Philips_094,70,2.4683,2.8784,0.1753,0.8858,0.2025,2.4768
fCMR_Philips_136,70,3.0753,1.3204,0.1238,0.4157,0.1709,1.3746
fCMR_Philips_087,70,1.4284,2.1924,0.3788,1.7686,0.3931,4.1742
fCMR_Philips_003,70,2.2458,1.137,0.1964,1.2622,0.2183,2.9235
fCMR_Philips_047,70,1.3924,1.9727,0.1621,0.8783,0.1813,3.3852
fCMR_Philips_057,70,1.8977,1.5653,0.2207,1.7681,0.2293,3.7704
fCMR_Philips_097,70,1.5977,0.7573,0.3923,0.3992,0.445,1.302
fCMR_Philips_070,70,1.046,3.3176,0.2835,1.1777,0.3003,2.8953
fCMR_Philips_068,70,1.9294,2.4887,0.1851,1.121,0.226,2.8948
fCMR_Philips_117,71,1.9266,2.6356,0.2223,0.66,0.2926,1.9674
fCMR_Philips_002,71,3.0806,2.0015,0.1667,1.2294,0.1863,3.6512
fCMR_Philips_052,71,1.7458,2.575,0.2203,0.7856,0.2373,1.9774
fCMR_Philips_123,71,2.356,2.8506,0.1844,0.4048,0.2433,2.6057
fCMR_Philips_079,71,1.9339,2.9804,0.243,1.9652,0.2588,4.8264
fCMR_Philips_041,71,3.0658,2.7611,0.324,1.7695,0.3479,4.1786
fCMR_Philips_090,71,2.4474,2.3001,0.0549,3.046,0.1068,6.4962
fCMR_Philips_114,71,1.9495,3.2362,0.326,1.3705,0.341,3.4476
fCMR_Philips_065,71,1.2363,2.5737,0.1378,1.3062,0.1743,3.3033
fCMR_Philips_132,71,2.1863,2.3453,0.2078,4.0147,0.2297,8.6646
fCMR_Philips_031,71,2.0409,1.5541,0.2082,1.5331,0.215,3.6858
fCMR_Philips_104,71,1.3877,3.1511,0.1614,2.0769,0.2329,5.3315
fCMR_Philips_094,71,1.1515,3.1841,0.1649,0.9086,0.2441,2.5736
fCMR_Philips_136,71,2.1547,2.4362,0.1666,0.0413,0.2677,0.4836
fCMR_Philips_087,71,2.5726,2.6906,0.3737,2.9343,0.3846,6.5932
fCMR_Philips_003,71,1.3208,2.0338,0.163,0.686,0.1875,1.6286
fCMR_Philips_047,71,1.2095,1.0795,0.3256,1.6142,0.3406,4.6416
fCMR_Philips_057,71,3.0656,1.4089,0.3583,1.6845,0.3698,3.8808
fCMR_Philips_097,71,2.1728,2.1669,0.3835,0.6811,0.3956,1.5469
fCMR_Philips_070,71,2.4402,1.8197,0.4475,1.5937,0.462,3.9576
fCMR_Philips_068,71,2.725,3.2106,0.3069,0.7449,0.3268,2.242
fCMR_Philips_117,72,2.9436,2.3135,0.2359,0.4975,0.2568,1.6741
fCMR_Philips_002,72,2.2948,0.7705,0.1437,0.7196,0.1715,2.0784
fCMR_Philips_052,72,2.0495,2.6495,0.2482,0.6111,0.2569,1.784
fCMR_Philips_123,72,2.7751,2.1447,0.0879,0.234,0.1839,1.2204
fCMR_Philips_079,72,2.2637,3.32,0.1594,2.7823,0.2364,6.373
fCMR_Philips_041,72,1.8844,3.7717,0.0965,1.0469,0.1181,2.4562
fCMR_Philips_090,72,2.3355,2.1746,0.1953,1.4246,0.2183,3.1796
fCMR_Philips_114,72,2.9022,2.5385,0.2981,2.0903,0.3349,4.8419
fCMR_Philips_065,72,2.7965,1.7794,0.1406,1.0242,0.1616,2.5981
fCMR_Philips_132,72,2.8846,1.8053,0.2507,4.9721,0.2646,10.6951
fCMR_Philips_031,72,3.0097,3.9411,0.1145,0.9765,0.1365,2.2863
fCMR_Philips_104,72,2.6516,2.553,0.0507,2.4947,0.1358,5.7278
fCMR_Philips_094,72,1.3995,3.3644,0.1803,1.8707,0.1954,4.2807
fCMR_Philips_136,72,2.7469,2.65,0.0924,0.2908,0.1768,0.904
fCMR_Philips_087,72,2.7791,3.2095,0.4309,3.2801,0.4464,7.2228
fCMR_Philips_003,72,2.5905,2.9134,0.2266,0.9856,0.2477,2.6816
fCMR_Philips_047,72,2.9261,2.3976,0.3792,10.9367,0.391,23.0356
fCMR_Philips_057,72,2.8135,2.7974,0.3207,1.4437,0.334,3.284
fCMR_Philips_097,72,2.3692,2.5687,0.3702,0.1359,0.4053,1.2167
fCMR_Philips_070,72,2.9793,2.0523,0.3984,0.7733,0.4128,2.4025
fCMR_Philips_068,72,0.8452,2.4413,0.2542,1.2654,0.2732,3.1372
fCMR_Philips_117,73,2.985,2.198,0.1877,1.0538,0.228,2.5991
fCMR_Philips_002,73,2.0225,2.2326,0.2907,1.9106,0.2941,4.711
fCMR_Philips_052,73,3.0496,0.4294,0.1465,0.7857,0.1607,2.5052
fCMR_Philips_123,73,2.7788,2.4465,0.1266,1.3815,0.1357,3.0764
fCMR_Philips_079,73,2.2628,3.0408,0.1471,1.6693,0.1993,4.1328
fCMR_Philips_041,73,3.0149,2.6883,0.0847,0.2765,0.1661,1.6424
fCMR_Philips_090,73,3.0131,1.6337,0.1163,2.0394,0.1589,5.4704
fCMR_Philips_114,73,2.5365,3.6211,0.3095,1.7739,0.3252,3.8238
fCMR_Philips_065,73,2.9543,2.8439,0.115,0.73,0.1579,1.739
fCMR_Philips_132,73,2.3453,2.7208,0.3198,4.6725,0.3382,9.5531
fCMR_Philips_031,73,2.7894,2.5213,0.1807,2.1159,0.2334,4.9398
fCMR_Philips_104,73,1.3921,1.979,0.2815,1.6433,0.33,3.6722
fCMR_Philips_094,73,1.6956,2.0273,0.2035,0.3648,0.2293,1.3287
fCMR_Philips_136,73,1.0097,2.6504,0.153,0.2902,0.1767,0.8492
fCMR_Philips_087,73,2.4479,3.3686,0.3654,2.1128,0.3852,5.124
fCMR_Philips_003,73,2.4785,2.283,0.171,0.8837,0.1937,2.1418
fCMR_Philips_047,73,2.7782,1.5235,0.6598,12.6696,0.6628,26.3258
fCMR_Philips_057,73,2.4208,3.5306,0.162,0.8747,0.2021,2.6514
fCMR_Philips_097,73,1.9996,3.3493,0.4359,0.0841,0.461,0.7478
fCMR_Philips_070,73,1.0097,1.2629,0.3402,1.1928,0.3655,2.9576
fCMR_Philips_068,73,2.6431,1.9197,0.2345,1.0982,0.25,2.6252
fCMR_Philips_117,74,2.453,1.5692,0.1941,0.3988,0.2204,1.1774
fCMR_Philips_002,74,1.3413,1.9495,0.139,0.7771,0.1833,2.0193
fCMR_Philips_052,74,2.6593,1.8786,0.2148,1.9963,0.2288,4.7007
fCMR_Philips_123,74,1.6111,2.0899,0.2302,0.7139,0.2528,1.9345
fCMR_Philips_079,74,2.6263,2.6744,0.1546,2.4654,0.1796,5.6426
fCMR_Philips_041,74,2.7964,2.7025,0.3695,1.5631,0.3991,4.106
fCMR_Philips_090,74,3.126,1.9837,0.1625,2.305,0.1954,5.8627
fCMR_Philips_114,74,1.9228,2.1061,0.2831,2.2293,0.3069,4.8615
fCMR_Philips_065,74,0.9345,2.6096,0.1446,1.8812,0.1734,4.6815
fCMR_Philips_132,74,2.1746,2.4873,0.204,2.7888,0.2112,6.3067
fCMR_Philips_031,74,2.8844,2.8007,0.1149,1.4289,0.1378,3.4192
fCMR_Philips_104,74,1.7778,2.2858,0.1217,1.3008,0.2447,3.4215
fCMR_Philips_094,74,1.889,1.2365,0.1013,0.3714,0.2058,2.03
fCMR_Philips_136,74,2.984,2.2638,0.1771,0.1152,0.223,1.0172
fCMR_Philips_087,74,2.795,3.4025,0.4234,1.4788,0.4333,3.8121
fCMR_Philips_003,74,1.9543,1.5876,0.1452,1.2319,0.165,3.2598
fCMR_Philips_047,74,2.4864,3.2568,0.4567,7.706,0.4682,16.3714
fCMR_Philips_057,74,2.2472,2.0226,0.2817,0.324,0.2891,0.8618
fCMR_Philips_097,74,2.5658,2.2248,0.3935,0.121,0.4469,1.1627
fCMR_Philips_070,74,2.6168,1.3498,0.3358,1.3557,0.3581,2.96
fCMR_Philips_068,74,1.8101,2.6191,0.1936,0.8595,0.2482,2.2739
fCMR_Philips_117,75,2.5162,1.8566,0.2404,0.721,0.2621,1.795
fCMR_Philips_002,75,2.6126,3.0203,0.2701,2.0033,0.2981,4.6631
fCMR_Philips_052,75,2.254,2.5596,0.1561,1.6079,0.174,3.6458
fCMR_Philips_123,75,2.8906,2.8829,0.2131,0.2412,0.2503,1.1646
fCMR_Philips_079,75,2.8484,3.219,0.2422,0.8997,0.2794,2.3998
fCMR_Philips_041,75,2.968,2.4532,0.0549,0.6263,0.1336,1.7987
fCMR_Philips_090,75,3.0964,3.4337,0.1593,2.2607,0.1882,4.8219
fCMR_Philips_114,75,1.525,2.2882,0.2705,1.7302,0.2888,3.8786
fCMR_Philips_065,75,3.1063,1.9207,0.1316,2.3779,0.1596,4.9601
fCMR_Philips_132,75,1.046,3.0236,0.2316,4.4434,0.2483,9.5951
fCMR_Philips_031,75,2.8953,2.6174,0.2091,2.436,0.2418,5.237
fCMR_Philips_104,75,2.2919,2.4449,0.1035,2.7751,0.1861,5.9969
fCMR_Philips_094,75,2.79,2.668,0.1338,1.0556,0.1903,3.0395
fCMR_Philips_136,75,2.6759,2.126,0.1525,0.2576,0.1829,1.2393
fCMR_Philips_087,75,2.6364,3.0536,0.4641,2.6742,0.4721,5.7808
fCMR_Philips_003,75,2.0731,2.1529,0.2447,0.8335,0.2503,1.8547
fCMR_Philips_047,75,0.7094,2.4231,0.2072,6.1367,0.2893,13.2084
fCMR_Philips_057,75,2.0815,2.063,0.2384,1.2426,0.2611,2.9992
fCMR_Philips_097,75,1.4986,1.5079,0.5235,0.4126,0.5331,1.3679
fCMR_Philips_070,75,2.0987,1.9902,0.5093,1.5418,0.5489,4.2088
fCMR_Philips_068,75,2.6487,2.2741,0.1338,0.4312,0.1604,1.354
fCMR_Philips_117,76,1.4549,1.5859,0.1444,0.8123,0.1662,1.946
fCMR_Philips_002,76,2.2514,2.6984,0.2445,1.0679,0.3189,3.4081
fCMR_Philips_052,76,1.8327,2.4528,0.1501,0.875,0.1671,2.2008
fCMR_Philips_123,76,2.9233,3.0749,0.2205,0.5886,0.2371,1.554
fCMR_Philips_079,76,2.7393,0.9236,0.232,0.9978,0.2576,2.85
fCMR_Philips_041,76,1.9609,3.4319,0.0866,0.2528,0.1144,1.1962
fCMR_Philips_090,76,1.4092,1.8702,0.1135,1.3869,0.125,3.1797
fCMR_Philips_114,76,1.6129,1.7313,0.2704,0.7897,0.2936,1.7471
fCMR_Philips_065,76,2.0517,2.7698,0.0729,1.6569,0.1389,3.7551
fCMR_Philips_132,76,1.6784,1.5516,0.1805,5.4739,0.1937,11.4863
fCMR_Philips_031,76,3.1265,3.0505,0.0927,1.2589,0.14,2.9569
fCMR_Philips_104,76,1.9291,2.5658,0.269,1.4097,0.3284,3.4819
fCMR_Philips_094,76,1.0948,1.8947,0.1851,0.8224,0.199,2.3842
fCMR_Philips_136,76,1.6163,0.9465,0.0873,0.4543,0.1215,1.426
fCMR_Philips_087,76,2.9371,0.9508,0.3982,3.9686,0.4189,8.085
fCMR_Philips_003,76,3.0397,3.2178,0.1521,0.7069,0.2114,2.2184
fCMR_Philips_047,76,0.724,1.0018,0.1979,1.6281,0.2548,4.6949
fCMR_Philips_057,76,2.8826,2.0731,0.2486,0.8738,0.2534,2.3088
fCMR_Philips_097,76,1.3803,3.3784,0.3764,0.2,0.408,1.4525
fCMR_Philips_070,76,2.998,1.7493,0.5592,2.1873,0.5659,4.8724
fCMR_Philips_068,76,2.4666,2.4733,0.1697,0.9447,0.1947,2.5819
fCMR_Philips_117,77,2.2671,2.4358,0.3051,0.7744,0.3336,2.4723
fCMR_Philips_002,77,2.3551,1.4695,0.1875,1.0293,0.2431,2.8758
fCMR_Philips_052,77,3.0444,1.5302,0.2328,1.3857,0.2381,3.2865
fCMR_Philips_123,77,2.5809,1.8215,0.1009,0.5499,0.1334,1.313
fCMR_Philips_079,77,2.4167,2.1415,0.2262,2.2398,0.2702,5.1003
fCMR_Philips_041,77,1.9407,2.9423,0.1478,1.2119,0.1767,2.7408
fCMR_Philips_090,77,1.1964,2.2909,0.1507,1.5492,0.1806,3.7671
fCMR_Philips_114,77,1.2317,2.2627,0.2182,1.0783,0.2249,2.3697
fCMR_Philips_065,77,1.944,2.5157,0.1623,1.4464,0.1815,3.2508
fCMR_Philips_132,77,1.7664,0.738,0.2339,4.5302,0.2609,9.587
fCMR_Philips_031,77,2.5961,2.2631,0.1312,1.2132,0.149,2.7481
fCMR_Philips_104,77,2.8775,2.4668,0.0806,2.9873,0.1787,6.5976
fCMR_Philips_094,77,2.7657,2.9264,0.2392,0.1999,0.2732,0.7636
fCMR_Philips_136,77,2.1006,2.458,0.2686,0.7036,0.3052,2.986
fCMR_Philips_087,77,2.9324,1.5475,0.4963,2.4592,0.5009,5.4874
fCMR_Philips_003,77,2.9107,2.6905,0.165,1.0351,0.1912,2.6148
fCMR_Philips_047,77,1.5096,1.6772,0.2692,2.4353,0.3025,5.71
fCMR_Philips_057,77,1.3219,2.184,0.4313,0.6704,0.4406,1.629
fCMR_Philips_097,77,2.8485,1.6989,0.5569,0.1292,0.5682,0.9731
fCMR_Philips_070,77,2.657,3.309,0.3853,2.1114,0.411,4.6777
fCMR_Philips_068,77,1.5532,2.8825,0.2284,1.4505,0.2455,3.5235
fCMR_Philips_117,78,2.565,1.8542,0.1818,0.3598,0.2076,1.4161
fCMR_Philips_002,78,2.2441,2.338,0.146,1.7801,0.1689,4.135
fCMR_Philips_052,78,2.482,2.2539,0.2474,0.2049,0.2571,1.1606
fCMR_Philips_123,78,2.5648,2.2683,0.095,0.4923,0.1767,1.4449
fCMR_Philips_079,78,2.5279,3.0691,0.0742,1.1234,0.1185,2.5437
fCMR_Philips_041,78,1.2701,2.7294,0.2086,1.0601,0.2159,2.6756
fCMR_Philips_090,78,2.9475,2.4043,0.149,1.1661,0.1847,3.0051
fCMR_Philips_114,78,2.231,2.0954,0.2297,1.3157,0.2521,3.249
fCMR_Philips_065,78,2.8752,1.908,0.0886,1.1172,0.1467,2.5329
fCMR_Philips_132,78,2.2832,2.6645,0.2383,3.1981,0.2518,6.95
fCMR_Philips_031,78,1.597,3.0886,0.0631,1.7382,0.1236,3.8633
fCMR_Philips_104,78,2.4532,2.4572,0.2076,1.6492,0.2843,4.0592
fCMR_Philips_094,78,2.5722,2.9862,0.1917,1.0281,0.2339,3.0553
fCMR_Philips_136,78,1.3538,2.6531,0.1693,0.0243,0.1894,0.8394
fCMR_Philips_087,78,2.9629,2.5511,0.366,2.5819,0.389,5.5827
fCMR_Philips_003,78,3.0616,2.541,0.1856,1.2542,0.2364,2.8756
fCMR_Philips_047,78,1.3955,3.9632,0.2051,3.3805,0.271,8.0572
fCMR_Philips_057,78,2.5542,3.1077,0.3699,0.9572,0.3768,2.1563
fCMR_Philips_097,78,1.9142,0.9866,0.3617,0.031,0.3751,0.755
fCMR_Philips_070,78,1.7495,3.1671,0.5182,1.9116,0.5319,4.1863
fCMR_Philips_068,78,1.2082,2.9827,0.2158,1.127,0.241,2.849
fCMR_Philips_117,79,3.0066,1.5413,0.1906,0.779,0.2037,2.4601
fCMR_Philips_002,79,1.354,3.277,0.2203,1.119,0.2565,2.6293
fCMR_Philips_052,79,1.9297,2.9551,0.1593,0.5553,0.1718,1.7185
fCMR_Philips_123,79,1.2152,2.1116,0.7875,0.4658,0.9737,1.8103
fCMR_Philips_079,79,2.9052,2.4156,0.1961,0.8754,0.7896,4.54
fCMR_Philips_041,79,1.7368,4.1254,0.1626,0.4954,0.1824,1.5514
fCMR_Philips_090,79,1.8647,3.3582,0.1196,0.9702,0.1718,2.6226
fCMR_Philips_114,79,2.2122,1.8045,0.3147,1.3573,0.3418,3.8389
fCMR_Philips_065,79,2.2252,3.2799,0.1889,2.2588,0.2005,5.017
fCMR_Philips_132,79,1.7498,1.4037,0.3152,4.9343,0.3296,10.8839
fCMR_Philips_031,79,2.8818,2.8639,0.1243,2.4134,0.1535,5.6293
fCMR_Philips_104,79,2.0552,1.2606,0.2185,0.8045,0.2526,2.3399
fCMR_Philips_094,79,1.9469,1.9271,0.1877,0.3736,0.1979,1.902
fCMR_Philips_136,79,1.9592,2.7125,0.1054,0.1099,0.1486,1.1301
fCMR_Philips_087,79,2.9986,3.4852,0.5275,2.8429,0.5388,6.2913
fCMR_Philips_003,79,1.7476,3.2804,0.2884,0.8068,0.2995,1.9753
fCMR_Philips_047,79,2.6819,3.1844,0.2603,2.9727,0.3033,6.7912
fCMR_Philips_057,79,1.7294,2.6663,0.2545,0.5705,0.2823,1.5202
fCMR_Philips_097,79,2.9218,3.0983,0.3008,0.0477,0.3097,0.6131
fCMR_Philips_070,79,2.3476,1.9769,0.3942,1.6111,0.4178,3.7515
fCMR_Philips_068,79,3.0378,2.8775,0.2364,0.6335,0.252,1.9081
fCMR_Philips_117,80,2.9381,1.4813,0.1763,0.7076,0.2129,2.0446
fCMR_Philips_002,80,1.892,3.0893,0.1928,1.008,0.213,2.4848
fCMR_Philips_052,80,2.0714,2.6718,0.0856,1.6818,0.1468,3.8086
fCMR_Philips_123,80,2.3479,2.6997,0.1118,0.883,0.1956,2.6556
fCMR_Philips_079,80,0.3629,2.459,0.08,1.7734,0.134,3.8883
fCMR_Philips_041,80,1.6121,2.9502,0.036,0.5642,0.1644,1.9287
fCMR_Philips_090,80,3.0855,1.949,0.1421,1.4354,0.1886,3.8588
fCMR_Philips_114,80,2.4294,1.3792,0.244,2.6693,0.2536,6.0317
fCMR_Philips_065,80,2.4044,3.1324,0.0629,1.0341,0.1157,2.4976
fCMR_Philips_132,80,2.691,2.5782,0.2777,2.7379,0.2969,5.967
fCMR_Philips_031,80,1.3885,2.5674,0.1981,1.5528,0.2612,3.7945
fCMR_Philips_104,80,1.5127,3.6293,0.1059,0.8272,0.1945,2.7907
fCMR_Philips_094,80,2.0807,3.129,0.135,1.394,0.1924,3.4335
fCMR_Philips_136,80,1.9655,3.1301,0.1229,0.2402,0.1444,1.2278
fCMR_Philips_087,80,1.3371,2.8792,0.3192,3.8623,0.3355,8.1452
fCMR_Philips_003,80,2.9583,2.6694,0.3011,2.0916,0.3144,4.9056
fCMR_Philips_047,80,0.4327,2.8661,0.31,6.458,0.3371,13.8664
fCMR_Philips_057,80,2.7754,1.0833,0.2718,1.5652,0.2884,3.792
fCMR_Philips_097,80,3.1273,2.922,0.4315,0.2023,0.4661,1.4815
fCMR_Philips_070,80,2.3773,1.7121,0.3785,0.7235,0.4037,2.0341
fCMR_Philips_068,80,3.1089,1.3494,0.1866,0.4441,0.2109,1.255
fCMR_Philips_117,81,3.0734,3.5264,0.1833,1.0369,0.2088,2.8729
fCMR_Philips_002,81,2.1485,2.1907,0.1837,3.113,0.2099,6.5911
fCMR_Philips_052,81,2.6967,2.6387,0.1869,1.0964,0.2222,3.0727
fCMR_Philips_123,81,2.493,2.4502,0.2009,0.0696,0.2179,0.6581
fCMR_Philips_079,81,0.6995,2.8821,0.1402,1.1591,0.1678,3.1022
fCMR_Philips_041,81,2.7407,1.9483,0.1515,1.3604,0.1927,4.1164
fCMR_Philips_090,81,1.9049,2.8383,0.132,1.8268,0.1858,4.1062
fCMR_Philips_114,81,2.6987,2.2396,0.2973,1.5556,0.3212,3.7534
fCMR_Philips_065,81,0.9722,0.9943,0.1027,1.9529,0.1234,4.3808
fCMR_Philips_132,81,2.6466,2.7243,0.3446,5.7675,0.3527,11.8861
fCMR_Philips_031,81,2.6146,1.7418,0.1101,1.6081,0.1936,3.8697
fCMR_Philips_104,81,2.9013,1.5722,0.2618,2.3092,0.3414,5.311
fCMR_Philips_094,81,2.7028,2.1495,0.141,0.7591,0.1637,2.3526
fCMR_Philips_136,81,1.7253,1.3224,0.1553,0.2783,0.2286,1.4764
fCMR_Philips_087,81,1.9223,1.7055,0.4275,3.3179,0.4434,6.8702
fCMR_Philips_003,81,2.5196,2.031,0.3032,0.745,0.3449,1.8701
fCMR_Philips_047,81,2.8251,2.7307,0.4828,10.5474,0.5655,22.0738
fCMR_Philips_057,81,3.1271,1.9761,0.3245,1.3532,0.338,3.279
fCMR_Philips_097,81,2.8102,1.9216,0.4341,0.0995,0.4634,0.6665
fCMR_Philips_070,81,0.7438,3.4156,0.4848,1.2936,0.4959,3.6841
fCMR_Philips_068,81,3.0446,2.3457,0.2665,0.8344,0.2851,2.1629
fCMR_Philips_117,82,0.8089,2.0797,0.1466,0.3514,0.1938,1.1577
fCMR_Philips_002,82,1.2652,1.4283,0.1972,0.7043,0.2276,1.7911
fCMR_Philips_052,82,2.6641,2.9717,0.2232,0.7047,0.2397,2.5562
fCMR_Philips_123,82,2.2757,2.0797,0.2247,0.771,0.248,2.2043
fCMR_Philips_079,82,2.0972,3.425,0.216,1.1804,0.2855,4.5703
fCMR_Philips_041,82,2.4941,1.6959,0.2371,2.0298,0.2515,4.7507
fCMR_Philips_090,82,1.6436,2.721,0.1078,2.1774,0.1401,4.987
fCMR_Philips_114,82,2.2636,3.3509,0.2928,0.2463,0.3205,0.9092
fCMR_Philips_065,82,2.9718,2.8502,0.086,0.8707,0.1332,2.0989
fCMR_Philips_132,82,2.9654,3.6943,0.243,3.2042,0.2518,6.822
fCMR_Philips_031,82,1.8274,1.5687,0.2623,1.4496,0.2705,3.6818
fCMR_Philips_104,82,1.9733,2.1654,0.3104,0.865,0.3903,2.3959
fCMR_Philips_094,82,2.8,1.9337,0.2114,0.3579,0.2325,1.5845
fCMR_Philips_136,82,1.5712,3.1299,0.1159,0.3346,0.2051,0.9135
fCMR_Philips_087,82,2.2691,2.8031,0.4605,2.2137,0.4749,5.0826
fCMR_Philips_003,82,2.8724,2.5059,0.2248,1.0561,0.2455,2.2795
fCMR_Philips_047,82,2.6687,2.5984,0.3465,9.2555,0.3705,20.2388
fCMR_Philips_057,82,3.0539,3.14,0.2978,1.4693,0.3151,3.5014
fCMR_Philips_097,82,1.9842,3.1735,0.4242,0.0792,0.4289,0.7228
fCMR_Philips_070,82,2.3755,3.5036,0.4683,2.286,0.4815,5.1781
fCMR_Philips_068,82,2.5723,2.3233,0.2626,0.8498,0.2828,2.1048
fCMR_Philips_117,83,2.1598,1.4324,0.1938,0.64,0.228,1.9036
fCMR_Philips_002,83,1.5499,0.2567,0.1849,2.1068,0.1991,5.1959
fCMR_Philips_052,83,2.8678,1.3656,0.2319,0.4993,0.2522,1.89
fCMR_Philips_123,83,1.6966,2.6444,0.1709,0.3507,0.1834,1.1101
fCMR_Philips_079,83,2.1098,2.9252,0.1642,1.4533,0.2101,3.6457
fCMR_Philips_041,83,2.1945,1.9988,0.0716,0.5097,0.1439,1.7614
fCMR_Philips_090,83,2.0809,1.8959,0.1337,1.0503,0.187,2.9009
fCMR_Philips_114,83,2.5398,2.0691,0.2462,1.962,0.2763,4.2306
fCMR_Philips_065,83,2.0411,2.7741,0.0656,0.3928,0.086,1.6159
fCMR_Philips_132,83,1.2429,1.73,0.3018,5.5533,0.3196,11.5628
fCMR_Philips_031,83,2.1806,0.8639,0.1442,2.1277,0.1778,4.8
fCMR_Philips_104,83,2.6156,2.7403,0.3974,1.7992,0.4361,4.8435
fCMR_Philips_094,83,2.1501,3.0929,0.0898,0.4762,0.1703,1.3179
fCMR_Philips_136,83,2.5567,1.7027,0.1645,0.168,0.2025,0.8118
fCMR_Philips_087,83,2.8811,3.1456,0.4792,2.1523,0.499,5.0285
fCMR_Philips_003,83,1.9357,2.675,0.233,1.0526,0.2414,2.7203
fCMR_Philips_047,83,2.7473,2.52,0.436,10.8449,0.4563,22.9485
fCMR_Philips_057,83,2.5256,3.4979,0.3742,1.0835,0.3857,2.5489
fCMR_Philips_097,83,2.9223,2.3156,0.4449,0.0924,0.4614,0.8621
fCMR_Philips_070,83,2.7051,3.2061,0.4136,1.5645,0.4364,3.5715
fCMR_Philips_068,83,3.0873,2.0642,0.2848,1.1815,0.2957,2.8901
fCMR_Philips_117,84,2.5958,2.5719,0.1757,1.0397,0.2859,2.8971
fCMR_Philips_002,84,2.7623,3.1961,0.1295,0.7759,0.1424,2.4285
fCMR_Philips_052,84,0.6315,2.3315,0.2397,0.7049,0.2594,1.7734
fCMR_Philips_123,84,1.2916,2.8051,0.173,0.9904,0.2032,2.539
fCMR_Philips_079,84,1.198,2.76,0.1334,1.3851,0.2076,3.3432
fCMR_Philips_041,84,1.8871,2.5313,0.1175,0.6191,0.1898,2.1698
fCMR_Philips_090,84,1.5407,1.9774,0.1301,1.6943,0.1696,4.1338
fCMR_Philips_114,84,2.4349,2.4648,0.2017,1.2191,0.2373,2.9708
fCMR_Philips_065,84,0.6977,3.3415,0.1084,1.362,0.1702,3.5768
fCMR_Philips_132,84,2.7815,2.124,0.2552,5.8619,0.2687,12.014
fCMR_Philips_031,84,1.6945,3.095,0.1577,0.8232,0.1818,2.0034
fCMR_Philips_104,84,2.3995,3.0639,0.0712,2.145,0.1396,4.8031
fCMR_Philips_094,84,3.0462,2.2571,0.2234,0.7154,0.2422,1.9418
fCMR_Philips_136,84,2.1861,2.5388,0.1369,0.3368,0.1502,1.2444
fCMR_Philips_087,84,2.3961,2.4437,0.4441,3.0849,0.4475,6.3328
fCMR_Philips_003,84,2.6205,1.3667,0.2721,1.5172,0.2828,3.3271
fCMR_Philips_047,84,2.0052,2.9765,0.453,9.2577,0.4761,19.0288
fCMR_Philips_057,84,2.2337,0.7563,0.299,0.9357,0.3054,2.3142
fCMR_Philips_097,84,2.8063,3.3185,0.4446,0.1861,0.4579,1.1667
fCMR_Philips_070,84,1.8666,2.7404,0.3658,1.5162,0.3784,3.5349
fCMR_Philips_068,84,2.7739,2.443,0.2254,0.9293,0.2782,3.1137
fCMR_Philips_117,85,2.2896,2.1754,0.1612,0.5779,0.1795,1.9273
fCMR_Philips_002,85,2.6122,1.62,0.23,0.7435,0.2553,2.4922
fCMR_Philips_052,85,1.2305,2.5166,0.1986,0.6475,0.206,1.9916
fCMR_Philips_123,85,1.1138,2.3602,0.1239,0.6713,0.1545,2.1664
fCMR_Philips_079,85,1.4127,1.9431,0.1033,2.7858,0.1721,6.2679
fCMR_Philips_041,85,0.3367,2.5099,0.1183,0.4012,0.1432,1.6102
fCMR_Philips_090,85,1.7684,1.4612,0.104,2.3827,0.1162,5.2903
fCMR_Philips_114,85,1.0575,2.2917,0.2632,1.0644,0.2801,3.5548
fCMR_Philips_065,85,0.8835,2.8667,0.0239,1.3398,0.1013,3.0629
fCMR_Philips_132,85,1.8616,2.0137,0.2578,4.1867,0.2835,8.9366
fCMR_Philips_031,85,2.4154,2.6982,0.1754,1.2518,0.2151,3.0872
fCMR_Philips_104,85,2.5386,2.1263,0.2681,1.7545,0.322,5.1497
fCMR_Philips_094,85,2.07,1.3026,0.1516,0.9872,0.1729,2.2364
fCMR_Philips_136,85,3.0686,2.4765,0.2416,0.3896,0.2649,2.1158
fCMR_Philips_087,85,2.5471,3.7257,0.3521,2.7909,0.3629,5.8228
fCMR_Philips_003,85,1.2974,2.365,0.2568,0.1898,0.2787,1.0786
fCMR_Philips_047,85,2.5627,2.729,0.3466,0.6244,0.3926,2.1662
fCMR_Philips_057,85,1.7384,4.059,0.4148,1.0428,0.4176,2.6416
fCMR_Philips_097,85,1.1196,2.3687,0.3614,0.1699,0.3787,0.5912
fCMR_Philips_070,85,3.0559,2.913,0.4053,2.4248,0.4213,5.8641
fCMR_Philips_068,85,2.8657,1.8963,0.2031,1.4851,0.223,3.3073
fCMR_Philips_117,86,3.039,2.575,0.1653,0.0768,0.199,1.0053
fCMR_Philips_002,86,1.1622,2.0834,0.2448,0.8888,0.2822,2.5572
fCMR_Philips_052,86,2.2737,3.2453,0.2302,0.1622,0.2541,0.4927
fCMR_Philips_123,86,2.4321,3.249,0.098,0.5174,0.184,1.4612
fCMR_Philips_079,86,2.3479,2.8531,0.119,1.2463,0.1545,3.3564
fCMR_Philips_041,86,3.1316,2.7954,0.102,0.3265,0.1333,1.425
fCMR_Philips_090,86,2.046,2.6191,0.0224,1.9956,0.13,4.2219
fCMR_Philips_114,86,2.5974,2.6148,0.3714,1.8072,0.395,4.337
fCMR_Philips_065,86,2.0441,3.2424,0.0707,0.7135,0.1197,1.7975
fCMR_Philips_132,86,2.0604,2.5713,0.3785,3.9313,0.3838,8.2786
fCMR_Philips_031,86,2.0514,2.7846,0.2483,1.4173,0.2613,3.638
fCMR_Philips_104,86,2.3959,3.0676,0.1111,2.6975,0.4063,6.5248
fCMR_Philips_094,86,1.2478,3.8704,0.2108,1.3619,0.2349,3.5384
fCMR_Philips_136,86,2.6457,2.1099,0.1198,0.1028,0.1575,0.4558
fCMR_Philips_087,86,2.1485,2.784,0.4529,3.3479,0.4562,7.0012
fCMR_Philips_003,86,0.4318,3.2022,0.2402,1.0595,0.2553,2.692
fCMR_Philips_047,86,1.5474,2.9739,0.2947,7.3627,0.3218,15.2658
fCMR_Philips_057,86,2.7114,1.4824,0.2081,1.804,0.2755,4.2494
fCMR_Philips_097,86,1.4387,2.9617,0.3404,0.4699,0.3704,1.2626
fCMR_Philips_070,86,3.0053,2.8173,0.4026,0.6442,0.4297,2.1604
fCMR_Philips_068,86,2.6811,0.5284,0.2197,0.8895,0.2745,2.5846
fCMR_Philips_117,87,2.3787,3.2449,0.2681,0.4407,0.2871,1.1496
fCMR_Philips_002,87,0.3498,2.6759,0.2402,1.1901,0.2547,3.2899
fCMR_Philips_052,87,1.7484,2.0743,0.1234,0.9085,0.1655,2.4927
fCMR_Philips_123,87,1.4586,3.3775,0.2031,0.4005,0.229,1.7629
fCMR_Philips_079,87,2.6398,2.8157,0.2336,1.2456,0.3004,3.1386
fCMR_Philips_041,87,2.4483,2.5424,0.11,0.6041,0.1426,2.2084
fCMR_Philips_090,87,2.3653,1.851,0.0463,1.1582,0.1542,3.3341
fCMR_Philips_114,87,2.4871,0.8996,0.2075,0.7556,0.2581,1.8656
fCMR_Philips_065,87,2.7691,2.7333,0.0793,0.91,0.1289,2.5024
fCMR_Philips_132,87,0.7174,2.2972,0.2229,5.4419,0.2449,11.4629
fCMR_Philips_031,87,1.95,1.7664,0.2601,2.7741,0.284,6.3358
fCMR_Philips_104,87,1.311,2.8362,0.2372,3.2957,0.2781,7.4372
fCMR_Philips_094,87,3.0768,1.833,0.1973,0.5713,0.246,1.4678
fCMR_Philips_136,87,2.2392,2.9878,0.0893,0.0938,0.2153,0.8322
fCMR_Philips_087,87,2.409,1.1226,0.4645,3.186,0.4794,6.7551
fCMR_Philips_003,87,2.1587,3.6257,0.2494,0.5939,0.2691,1.6614
fCMR_Philips_047,87,1.957,3.1229,0.5285,9.2516,0.5496,19.6756
fCMR_Philips_057,87,3.0472,2.6812,0.1893,2.8769,0.2098,6.0484
fCMR_Philips_097,87,2.9242,2.43,0.3569,0.7661,0.3599,1.8487
fCMR_Philips_070,87,2.5625,1.5264,0.4047,0.6446,0.4173,2.0325
fCMR_Philips_068,87,2.9481,2.9994,0.2351,0.6206,0.2518,1.6509
fCMR_Philips_117,88,2.5013,2.1506,0.1421,0.8045,0.1578,2.2872
fCMR_Philips_002,88,1.7917,1.3842,0.2464,1.0555,0.2644,2.8724
fCMR_Philips_052,88,2.1641,2.4694,0.2034,0.5424,0.2309,1.4628
fCMR_Philips_123,88,2.0084,2.4885,0.153,0.5503,0.1687,1.7102
fCMR_Philips_079,88,1.4138,3.0061,0.1771,1.4778,0.1949,3.5532
fCMR_Philips_041,88,0.9075,2.5671,0.1017,0.4228,0.1481,1.5451
fCMR_Philips_090,88,2.6009,2.461,0.1759,1.9008,0.1993,4.2428
fCMR_Philips_114,88,2.8223,2.3876,0.1638,3.3946,0.206,7.8041
fCMR_Philips_065,88,2.9827,2.2346,0.2471,1.2062,0.2548,2.578
fCMR_Philips_132,88,1.0798,0.2327,0.2236,5.5324,0.2486,11.4704
fCMR_Philips_031,88,1.4168,2.4855,0.1051,1.2856,0.1671,3.4256
fCMR_Philips_104,88,2.2483,3.1352,0.1525,2.74,0.1697,6.2287
fCMR_Philips_094,88,3.0613,2.8627,0.2105,1.5032,0.226,3.9456
fCMR_Philips_136,88,1.967,2.2546,0.1286,0.4326,0.151,1.104
fCMR_Philips_087,88,3.114,2.4515,0.4038,3.2665,0.4245,6.9842
fCMR_Philips_003,88,2.7142,1.5671,0.2874,1.2274,0.3088,2.8459
fCMR_Philips_047,88,2.1814,2.9542,0.3459,10.238,0.3647,21.4705
fCMR_Philips_057,88,2.0162,2.9519,0.3013,2.172,0.3172,4.6096
fCMR_Philips_097,88,2.1599,3.1807,0.4124,0.1403,0.4355,0.8796
fCMR_Philips_070,88,2.2675,2.6013,0.5003,1.4225,0.5098,3.5832
fCMR_Philips_068,88,1.7621,1.9362,0.16,1.4574,0.1934,3.6334
fCMR_Philips_117,89,2.6324,1.1352,0.3066,0.7132,0.3193,2.3474
fCMR_Philips_002,89,1.7784,3.2728,0.2936,0.8424,0.3154,2.203
fCMR_Philips_052,89,1.4368,2.6184,0.1927,1.7007,0.2106,3.7136
fCMR_Philips_123,89,1.7155,3.0914,0.1667,0.9593,0.208,2.314
fCMR_Philips_079,89,1.9083,1.2758,0.1455,1.5881,0.1656,3.7296
fCMR_Philips_041,89,1.3421,2.7089,0.0375,0.072,0.1061,0.4137
fCMR_Philips_090,89,1.8746,0.9963,0.0965,1.2173,0.1798,3.2106
fCMR_Philips_114,89,2.1108,2.1151,0.3006,1.3771,0.3187,3.3281
fCMR_Philips_065,89,2.9001,3.1138,0.1379,0.3155,0.2104,1.1019
fCMR_Philips_132,89,2.0691,2.4901,0.1998,4.9882,0.2356,10.2388
fCMR_Philips_031,89,2.0532,2.8437,0.1283,0.8908,0.1488,2.1923
fCMR_Philips_104,89,0.922,1.7283,0.2672,2.1316,0.2878,4.7774
fCMR_Philips_094,89,2.8704,2.3774,0.1952,1.06,0.2456,2.5112
fCMR_Philips_136,89,2.6264,2.6262,0.1725,0.4979,0.2264,1.4701
fCMR_Philips_087,89,2.5672,2.9274,0.3943,5.0745,0.4106,10.7744
fCMR_Philips_003,89,2.6936,2.8709,0.2621,0.6713,0.307,1.9428
fCMR_Philips_047,89,2.5537,3.3772,0.4278,1.0473,0.4806,5.7846
fCMR_Philips_057,89,2.4658,3.7632,0.1348,1.2395,0.1519,2.8354
fCMR_Philips_097,89,1.8481,2.9818,0.2902,0.6704,0.31,1.5822
fCMR_Philips_070,89,1.4934,2.3229,0.6043,1.6184,0.6511,3.9016
fCMR_Philips_068,89,2.9169,2.2128,0.2164,1.1805,0.2594,3.2185
fCMR_Philips_117,90,1.0802,1.8574,0.0728,1.0744,0.1674,2.3085
fCMR_Philips_002,90,2.7081,3.0042,0.2093,0.9263,0.2309,2.3095
fCMR_Philips_052,90,2.8038,2.0758,0.1279,1.6933,0.164,4.1384
fCMR_Philips_123,90,2.977,3.7774,0.0727,0.2075,0.15,1.0726
fCMR_Philips_079,90,1.9034,3.0633,0.1579,1.1153,0.1948,2.8566
fCMR_Philips_041,90,0.9369,2.1539,0.1624,0.1876,0.1865,1.0925
fCMR_Philips_090,90,1.3989,1.5432,0.2052,1.8957,0.2408,4.2765
fCMR_Philips_114,90,2.5529,3.1033,0.2168,0.9998,0.2342,2.3187
fCMR_Philips_065,90,2.7366,2.3369,0.0694,0.692,0.1628,2.0514
fCMR_Philips_132,90,2.9299,3.0145,0.351,4.8088,0.3707,9.9858
fCMR_Philips_031,90,2.9048,1.9322,0.12,1.6348,0.1566,4.2902
fCMR_Philips_104,90,1.5413,1.2526,0.1326,1.0601,0.168,2.8781
fCMR_Philips_094,90,2.5707,1.9757,0.1668,0.9911,0.1962,3.068
fCMR_Philips_136,90,2.4067,2.5486,0.0946,0.1553,0.1343,1.4256
fCMR_Philips_087,90,2.5061,1.6787,0.3772,2.9666,0.3912,6.1667
fCMR_Philips_003,90,2.8402,1.716,0.2641,1.0139,0.2722,2.3605
fCMR_Philips_047,90,2.831,1.4994,0.4357,12.6891,0.4944,28.138
fCMR_Philips_057,90,3.1162,2.2263,0.3673,1.4648,0.3735,3.8001
fCMR_Philips_097,90,1.3814,3.2203,0.4637,0.0447,0.4782,0.8167
fCMR_Philips_070,90,2.9519,3.4314,0.3888,4.0284,0.4074,8.8102
fCMR_Philips_068,90,2.1609,2.222,0.1832,1.9171,0.1942,4.6645
fCMR_Philips_117,91,2.1738,3.0671,0.2694,2.0219,0.2992,4.4935
fCMR_Philips_002,91,1.5602,1.4976,0.1631,1.0085,0.2012,2.4385
fCMR_Philips_052,91,2.5639,2.8609,0.1287,1.1696,0.1604,2.7113
fCMR_Philips_123,91,0.5622,2.1308,0.2922,0.5142,0.5904,1.609
fCMR_Philips_079,91,1.4942,1.757,0.0846,1.1407,0.1513,2.9632
fCMR_Philips_041,91,2.7733,2.4838,0.1358,1.9146,0.1679,4.7134
fCMR_Philips_090,91,2.625,2.611,0.0985,1.9556,0.1171,4.264
fCMR_Philips_114,91,1.7314,2.6379,0.2807,1.6264,0.3015,3.9974
fCMR_Philips_065,91,1.6567,2.8837,0.1133,0.6023,0.1801,1.8529
fCMR_Philips_132,91,2.7296,3.4635,0.255,3.5582,0.2931,7.6876
fCMR_Philips_031,91,2.582,1.5387,0.0736,2.6862,0.1593,6.1166
fCMR_Philips_104,91,2.7054,2.51,0.2114,1.7086,0.2297,4.5679
fCMR_Philips_094,91,1.6234,2.4186,0.2351,1.1361,0.2511,3.0694
fCMR_Philips_136,91,3.1179,2.4754,0.0967,0.1965,0.1549,0.8387
fCMR_Philips_087,91,1.7074,3.3164,0.4315,2.2876,0.4388,4.933
fCMR_Philips_003,91,2.9188,3.0924,0.2339,0.8683,0.2505,2.179
fCMR_Philips_047,91,2.829,1.7084,0.2803,6.6899,0.3148,14.545
fCMR_Philips_057,91,3.0236,2.1187,0.3822,1.3717,0.3936,3.1554
fCMR_Philips_097,91,2.4517,3.5768,0.6085,0.1314,0.6195,1.1336
fCMR_Philips_070,91,2.6378,3.2518,0.4278,1.2861,0.4365,2.9448
fCMR_Philips_068,91,2.1297,2.7003,0.2412,0.5731,0.2632,2.1195
fCMR_Philips_117,92,2.1963,0.9732,0.25,0.4565,0.2662,1.3781
fCMR_Philips_002,92,2.7467,1.0744,0.2482,0.8611,0.2673,2.0712
fCMR_Philips_052,92,2.742,3.1351,0.2946,0.2952,0.3201,0.9721
fCMR_Philips_123,92,2.7467,2.2866,0.1315,0.2457,0.1995,1.4971
fCMR_Philips_079,92,3.0475,2.5574,0.2,0.5739,0.2307,2.0819
fCMR_Philips_041,92,0.5664,3.6774,0.0887,0.5003,0.1528,1.6343
fCMR_Philips_090,92,2.3348,3.1282,0.1018,1.3357,0.1375,3.1154
fCMR_Philips_114,92,2.0061,1.1187,0.2585,0.9772,0.271,2.1986
fCMR_Philips_065,92,2.2339,2.6543,0.0721,1.9093,0.119,4.3392
fCMR_Philips_132,92,1.7799,3.3074,0.3027,3.9222,0.3211,8.6998
fCMR_Philips_031,92,1.8452,2.6951,0.087,0.9979,0.1057,2.7488
fCMR_Philips_104,92,2.5751,4.0192,0.19,1.9147,0.3661,4.6243
fCMR_Philips_094,92,2.8082,1.4664,0.2334,0.6697,0.2452,2.4036
fCMR_Philips_136,92,1.1989,3.3126,0.1251,0.0531,0.1898,0.5132
fCMR_Philips_087,92,1.2152,1.7318,0.418,3.6194,0.4239,7.9329
fCMR_Philips_003,92,1.6006,2.9398,0.2043,0.7769,0.2468,1.829
fCMR_Philips_047,92,2.7799,2.5347,0.3162,6.9299,0.3755,15.734
fCMR_Philips_057,92,2.0949,3.3394,0.2859,1.4946,0.2923,3.306
fCMR_Philips_097,92,1.2946,1.8208,0.4836,0.2484,0.5009,0.8633
fCMR_Philips_070,92,2.781,2.7,0.3707,1.5067,0.3977,3.6444
fCMR_Philips_068,92,1.3662,3.414,0.2916,0.8202,0.3095,2.0528
fCMR_Philips_117,93,1.6041,2.4094,0.1637,1.2698,0.1787,2.8534
fCMR_Philips_002,93,2.2563,2.9859,0.2164,0.9553,0.2526,2.5573
fCMR_Philips_052,93,3.1033,2.3027,0.1985,0.2887,0.2038,1.2942
fCMR_Philips_123,93,1.0116,3.1264,0.2064,1.4513,0.2441,3.7183
fCMR_Philips_079,93,1.3661,3.0082,0.1132,1.0431,0.1836,3.6135
fCMR_Philips_041,93,2.0627,1.0066,0.2231,0.5473,0.2548,1.9548
fCMR_Philips_090,93,3.061,2.5339,0.1785,2.2983,0.2085,4.9463
fCMR_Philips_114,93,2.8856,1.7139,0.2598,1.9132,0.2847,4.5746
fCMR_Philips_065,93,1.7718,3.0704,0.0476,0.8281,0.1096,1.9993
fCMR_Philips_132,93,1.8259,1.6828,0.271,3.0554,0.283,6.3646
fCMR_Philips_031,93,1.5257,3.2453,0.2315,1.6971,0.2562,3.7406
fCMR_Philips_104,93,2.4031,2.2985,0.32,2.6116,0.3721,5.9401
fCMR_Philips_094,93,1.4439,2.7442,0.1401,2.0205,0.1647,4.7579
fCMR_Philips_136,93,2.6877,2.9859,0.1898,0.1964,0.2725,0.7696
fCMR_Philips_087,93,1.6797,2.5302,0.412,3.9145,0.4207,8.2662
fCMR_Philips_003,93,3.1137,1.9467,0.1353,1.7947,0.1622,3.879
fCMR_Philips_047,93,2.2137,2.2827,0.2413,3.3221,0.2831,10.4339
fCMR_Philips_057,93,2.436,1.5644,0.341,1.2488,0.3456,2.9237
fCMR_Philips_097,93,2.9037,2.1567,0.3496,0.7706,0.3616,2.4236
fCMR_Philips_070,93,2.7634,1.4969,0.3386,1.3412,0.3564,3.2402
fCMR_Philips_068,93,2.2287,2.4591,0.2498,1.1879,0.2599,3.1518
fCMR_Philips_117,94,1.3861,1.8765,0.2553,0.5587,0.2889,1.9556
fCMR_Philips_002,94,1.9411,1.2253,0.2327,0.6808,0.2476,2.1935
fCMR_Philips_052,94,2.3725,2.4084,0.1956,0.5916,0.2148,1.7248
fCMR_Philips_123,94,2.9904,1.7699,0.1155,0.4488,0.1884,1.5947
fCMR_Philips_079,94,2.8729,1.5553,0.0409,1.184,0.1143,2.8112
fCMR_Philips_041,94,2.4597,2.0252,0.0612,1.0526,0.1452,2.8038
fCMR_Philips_090,94,2.7193,0.3268,0.2028,2.3724,0.2311,5.1436
fCMR_Philips_114,94,3.0199,2.5819,0.2663,1.6508,0.2745,3.537
fCMR_Philips_065,94,2.8333,2.6964,0.0578,1.3416,0.0887,3.1177
fCMR_Philips_132,94,3.0654,1.7074,0.1993,3.516,0.2264,7.6852
fCMR_Philips_031,94,1.0642,2.4531,0.1602,1.9071,0.2062,4.5562
fCMR_Philips_104,94,2.6477,2.8755,0.3006,1.9927,0.3415,4.8839
fCMR_Philips_094,94,2.6373,1.2344,0.1688,1.3731,0.191,3.5944
fCMR_Philips_136,94,2.4479,2.3774,0.1085,0.3504,0.1651,1.2559
fCMR_Philips_087,94,1.6043,0.3907,0.3974,2.275,0.4068,5.0552
fCMR_Philips_003,94,2.97,2.2253,0.2214,0.3701,0.2359,1.2999
fCMR_Philips_047,94,2.0629,1.7909,0.4273,8.4675,0.6641,26.2649
fCMR_Philips_057,94,2.2695,1.757,0.3066,0.4527,0.3178,1.2626
fCMR_Philips_097,94,1.6764,0.847,0.394,0.3303,0.4084,1.016
fCMR_Philips_070,94,1.1257,3.1777,0.5143,0.8438,0.5345,2.5187
fCMR_Philips_068,94,2.5954,1.7719,0.2907,0.6725,0.3012,2.0894
fCMR_Philips_117,95,2.9158,2.8589,0.26,0.8008,0.2967,2.1167
fCMR_Philips_002,95,3.1277,3.5016,0.2324,0.7182,0.2554,1.8503
fCMR_Philips_052,95,2.9284,2.1611,0.2073,0.0909,0.2223,1.0112
fCMR_Philips_123,95,2.2131,3.3413,0.169,0.5466,0.2008,1.7447
fCMR_Philips_079,95,2.6262,2.6639,0.1591,1.1687,0.2107,3.5664
fCMR_Philips_041,95,1.8282,1.9292,0.0782,0.6071,0.2021,2.3574
fCMR_Philips_090,95,1.7233,2.383,0.1305,1.4548,0.168,3.4025
fCMR_Philips_114,95,1.7007,2.5399,0.2696,1.0687,0.2837,2.6652
fCMR_Philips_065,95,1.4,2.9961,0.1243,1.4878,0.204,3.3722
fCMR_Philips_132,95,0.3122,2.5221,0.2311,4.3101,0.2605,9.0904
fCMR_Philips_031,95,0.6684,3.2449,0.1232,1.316,0.1674,2.9805
fCMR_Philips_104,95,2.9475,1.7672,0.1332,1.4533,0.1478,3.3478
fCMR_Philips_094,95,2.5363,2.4716,0.2933,2.0184,0.3046,4.8084
fCMR_Philips_136,95,2.8862,2.9608,0.1271,0.1566,0.1584,0.6759
fCMR_Philips_087,95,2.6745,2.4562,0.4508,3.0913,0.4669,6.6431
fCMR_Philips_003,95,3.1048,1.3317,0.1544,0.9563,0.186,2.3441
fCMR_Philips_047,95,2.9348,3.0592,0.4787,8.9497,0.5272,19.5255
fCMR_Philips_057,95,1.6735,2.3671,0.2947,1.3737,0.304,3.2812
fCMR_Philips_097,95,2.677,1.9142,0.4428,0.0799,0.4715,0.9736
fCMR_Philips_070,95,1.266,3.2863,0.4195,1.7686,0.475,5.181
fCMR_Philips_068,95,2.2691,3.9001,0.2087,1.2804,0.2398,3.0698
fCMR_Philips_117,96,3.0143,2.2814,0.1635,1.2089,0.1764,3.2064
fCMR_Philips_002,96,1.928,2.789,0.2126,1.3482,0.2404,3.5174
fCMR_Philips_052,96,1.0376,1.3222,0.1496,0.1292,0.1791,0.5951
fCMR_Philips_123,96,1.02,2.2509,0.0966,0.9087,0.1325,2.1717
fCMR_Philips_079,96,2.316,1.3603,0.245,1.1806,0.262,3.4592
fCMR_Philips_041,96,2.8077,2.7211,0.096,0.1351,0.174,0.7328
fCMR_Philips_090,96,2.866,2.0457,0.0616,1.9095,0.1268,4.3988
fCMR_Philips_114,96,1.2095,3.0787,0.3626,0.9738,0.3715,2.2193
fCMR_Philips_065,96,1.7215,3.3568,0.1646,1.8827,0.1768,4.3396
fCMR_Philips_132,96,1.9182,2.9706,0.3202,4.674,0.3253,10.0104
fCMR_Philips_031,96,1.9458,2.056,0.172,2.3652,0.1893,5.0512
fCMR_Philips_104,96,3.0043,2.6327,0.2093,1.8048,0.2403,4.7706
fCMR_Philips_094,96,1.6835,0.3747,0.0785,1.4993,0.1305,4.4162
fCMR_Philips_136,96,3.0673,3.0496,0.1628,0.009,0.2415,1.0187
fCMR_Philips_087,96,1.5112,2.8468,0.3666,3.1134,0.3714,6.9347
fCMR_Philips_003,96,2.779,2.7243,0.2112,1.2445,0.2379,2.9996
fCMR_Philips_047,96,2.2405,1.2235,0.3136,6.8461,0.3902,16.562
fCMR_Philips_057,96,3.1415,2.0158,0.2998,0.3655,0.3085,0.9196
fCMR_Philips_097,96,3.0415,1.9911,0.4079,0.0808,0.4207,1.2059
fCMR_Philips_070,96,2.228,2.3698,0.3434,0.7545,0.3484,1.9505
fCMR_Philips_068,96,2.3522,1.0793,0.2448,1.1212,0.2835,3.0484
fCMR_Philips_117,97,0.5993,0.8939,0.1592,0.9117,0.1892,2.534
fCMR_Philips_002,97,2.5808,3.3313,0.2715,1.5449,0.2828,3.6155
fCMR_Philips_052,97,1.9395,3.5055,0.1472,1.6415,0.167,3.6461
fCMR_Philips_123,97,1.814,2.4816,0.1124,0.1937,0.1293,1.035
fCMR_Philips_079,97,2.3937,2.4928,0.1661,1.4872,0.2067,3.4691
fCMR_Philips_041,97,2.2652,2.1369,0.1623,0.8952,0.198,2.4531
fCMR_Philips_090,97,2.31,2.3085,0.2149,2.9349,0.2593,6.4275
fCMR_Philips_114,97,2.7292,2.3515,0.28,1.5384,0.2919,3.3417
fCMR_Philips_065,97,1.828,1.9732,0.0663,1.2811,0.1242,3.1577
fCMR_Philips_132,97,2.4088,1.0354,0.2876,4.0424,0.2958,8.8154
fCMR_Philips_031,97,3.092,2.7247,0.2138,3.4478,0.2319,7.974
fCMR_Philips_104,97,2.1738,2.5008,0.1829,3.1508,0.2163,7.2449
fCMR_Philips_094,97,2.3994,2.6521,0.1209,0.9033,0.1725,2.1696
fCMR_Philips_136,97,1.6564,2.5136,0.1047,0.4273,0.1566,2.1315
fCMR_Philips_087,97,2.6395,2.3691,0.366,4.7667,0.373,10.0797
fCMR_Philips_003,97,1.6443,2.9457,0.2265,1.2603,0.2448,3.4138
fCMR_Philips_047,97,2.064,2.2116,0.4172,5.5378,0.6115,14.7993
fCMR_Philips_057,97,1.3559,2.6844,0.2431,1.4318,0.2553,3.3379
fCMR_Philips_097,97,3.0702,2.8587,0.501,0.6941,0.5414,1.8304
fCMR_Philips_070,97,2.5145,2.7549,0.3038,1.0189,0.3345,2.8722
fCMR_Philips_068,97,2.5613,2.7533,0.2572,0.7509,0.2648,1.7124
fCMR_Philips_117,98,2.0419,2.0828,0.182,0.7116,0.2318,2.5763
fCMR_Philips_002,98,2.4707,2.7229,0.1566,2.2431,0.2021,5.1458
fCMR_Philips_052,98,2.3595,0.7201,0.0753,0.4387,0.1452,1.2482
fCMR_Philips_123,98,2.1739,3.3272,0.1582,0.8476,0.1913,1.9963
fCMR_Philips_079,98,2.5043,2.55,0.1006,0.5451,0.1431,1.4946
fCMR_Philips_041,98,2.4833,2.4531,0.1018,0.4397,0.1484,1.413
fCMR_Philips_090,98,2.0116,2.6886,0.2059,1.4542,0.2392,3.3978
fCMR_Philips_114,98,3.1178,3.0611,0.2643,1.4918,0.2908,3.5642
fCMR_Philips_065,98,1.3833,2.5273,0.0832,2.3609,0.1174,5.3384
fCMR_Philips_132,98,2.0891,2.8264,0.2923,4.9192,0.3006,10.5623
fCMR_Philips_031,98,2.0074,1.1622,0.1735,1.7413,0.2039,4.2647
fCMR_Philips_104,98,2.9741,2.1296,0.3925,1.3922,0.4324,4.0881
fCMR_Philips_094,98,2.5815,3.3308,0.233,1.0138,0.2399,2.9234
fCMR_Philips_136,98,2.1734,2.5655,0.1269,0.2607,0.1706,0.9201
fCMR_Philips_087,98,2.3604,2.5208,0.2566,2.8684,0.2684,6.8377
fCMR_Philips_003,98,2.4275,2.5737,0.1792,1.0296,0.2046,2.3015
fCMR_Philips_047,98,2.2296,1.0042,0.3324,3.8799,0.3708,8.2751
fCMR_Philips_057,98,0.9233,2.7801,0.3631,0.7146,0.3741,2.2239
fCMR_Philips_097,98,2.272,2.6629,0.4496,0.1747,0.4686,0.7796
fCMR_Philips_070,98,2.4045,2.3705,0.5711,2.0063,0.5855,4.9401
fCMR_Philips_068,98,2.0812,0.5074,0.2445,0.4681,0.2559,1.282
fCMR_Philips_117,99,2.3134,3.1485,0.3126,0.6687,0.3221,1.8084
fCMR_Philips_002,99,1.4746,1.9763,0.2247,1.3627,0.2426,3.0427
fCMR_Philips_052,99,2.6485,0.8449,0.2461,0.2239,0.2717,0.8879
fCMR_Philips_123,99,1.6313,1.6752,0.0721,1.2459,0.1166,3.2377
fCMR_Philips_079,99,1.8807,2.6126,0.1509,2.5192,0.1626,6.1833
fCMR_Philips_041,99,2.0455,2.1949,0.2106,1.1498,0.2194,3.2307
fCMR_Philips_090,99,1.5478,2.8536,0.2028,1.7385,0.2243,3.7977
fCMR_Philips_114,99,2.7796,2.2748,0.3227,1.2277,0.3467,3.2478
fCMR_Philips_065,99,2.2447,2.7366,0.1654,0.688,0.2079,2.1687
fCMR_Philips_132,99,2.4768,2.2202,0.3086,5.3759,0.3135,11.2696
fCMR_Philips_031,99,1.603,2.5321,0.0929,1.4105,0.1185,3.3792
fCMR_Philips_104,99,1.3519,1.4352,0.0397,2.4019,0.3629,5.7388
fCMR_Philips_094,99,1.095,1.8842,0.1359,1.0818,0.181,2.8808
fCMR_Philips_136,99,1.6127,2.5949,0.117,0.4415,0.1637,1.132
fCMR_Philips_087,99,1.5477,2.8304,0.3802,1.3396,0.4041,3.3459
fCMR_Philips_003,99,2.4712,1.8397,0.2054,1.81,0.2398,3.9203
fCMR_Philips_047,99,1.9125,3.2491,0.3714,9.1267,0.4107,20.366
fCMR_Philips_057,99,1.3014,2.9267,0.2793,2.1226,0.3006,4.7312
fCMR_Philips_097,99,2.0496,2.3089,0.5605,0.4022,0.5846,1.229
fCMR_Philips_070,99,3.0948,1.3455,0.3583,2.0431,0.3619,4.5093
fCMR_Philips_068,99,2.7531,1.3424,0.1988,1.9461,0.2115,4.1813
fCMR_Philips_117,100,1.7601,2.5719,0.2195,1.5179,0.2534,3.2571
fCMR_Philips_002,100,2.3452,2.8706,0.1763,0.8787,0.1996,2.4314
fCMR_Philips_052,100,2.0083,2.6662,0.2505,0.4511,0.2605,1.5016
fCMR_Philips_123,100,2.4674,3.1623,0.1627,0.3877,0.1898,1.3748
fCMR_Philips_079,100,1.4346,3.1968,0.1921,1.6236,0.2256,4.7229
fCMR_Philips_041,100,3.0309,2.8332,0.1142,1.607,0.242,4.1773
fCMR_Philips_090,100,1.6398,1.8022,0.1098,1.4429,0.1336,3.1278
fCMR_Philips_114,100,2.7031,1.427,0.3072,1.7158,0.3138,3.981
fCMR_Philips_065,100,1.4315,2.1732,0.1544,2.1836,0.179,4.6331
fCMR_Philips_132,100,3.1135,3.0048,0.2246,2.9774,0.2633,6.561
fCMR_Philips_031,100,1.1197,2.8475,0.234,1.1915,0.281,3.4201
fCMR_Philips_104,100,1.8907,1.2643,0.2235,1.8097,0.33,4.0738
fCMR_Philips_094,100,2.2578,1.864,0.2587,2.4132,0.2801,5.3819
fCMR_Philips_136,100,2.9954,1.9683,0.1685,0.0583,0.221,1.0582
fCMR_Philips_087,100,2.9461,3.0532,0.4074,2.8483,0.4121,6.1362
fCMR_Philips_003,100,2.3357,3.0207,0.2341,1.1943,0.2629,2.7393
fCMR_Philips_047,100,2.4869,3.4172,0.6107,11.2373,0.6331,23.5178
fCMR_Philips_057,100,1.8099,3.1961,0.3744,0.978,0.3929,2.3777
fCMR_Philips_097,100,2.356,3.3099,0.3958,0.2642,0.4168,1.1138
fCMR_Philips_070,100,2.3088,2.2397,0.2434,2.6085,0.2785,5.6832
fCMR_Philips_068,100,2.3589,3.1091,0.2222,0.6156,0.2633,1.9464
fCMR_Philips_117,101,2.1059,1.709,0.2017,0.6117,0.2374,1.7415
fCMR_Philips_002,101,2.6566,2.4391,0.1465,0.5041,0.1566,1.5516
fCMR_Philips_052,101,1.0041,2.7561,0.1659,0.799,0.1882,2.2228
fCMR_Philips_123,101,1.7876,2.6051,0.1121,0.8146,0.1598,2.3557
fCMR_Philips_079,101,2.9675,1.7536,0.0863,3.1819,0.117,6.7829
fCMR_Philips_041,101,1.7616,2.8847,0.2551,0.5746,0.2677,2.4294
fCMR_Philips_090,101,2.8215,2.3591,0.047,1.52,0.0857,3.8522
fCMR_Philips_114,101,1.7028,2.3372,0.2894,0.9052,0.32,2.2498
fCMR_Philips_065,101,1.471,1.4267,0.0985,0.4015,0.1452,1.3244
fCMR_Philips_132,101,3.1159,2.2357,0.2695,4.439,0.2974,9.264
fCMR_Philips_031,101,2.5948,2.7417,0.1559,1.7909,0.1898,4.3692
fCMR_Philips_104,101,2.5941,1.5965,0.1362,1.4014,0.1492,3.362
fCMR_Philips_094,101,2.8743,1.9874,0.1535,0.3189,0.2412,2.2532
fCMR_Philips_136,101,2.8682,2.9769,0.1822,0.4435,0.225,1.4127
fCMR_Philips_087,101,1.8753,3.3183,0.4864,1.1067,0.4917,2.7424
fCMR_Philips_003,101,2.352,1.8211,0.2206,1.0202,0.2506,2.9983
fCMR_Philips_047,101,0.9846,2.4862,0.2793,3.0012,0.3527,6.9332
fCMR_Philips_057,101,2.9842,3.1811,0.2669,1.5121,0.2858,3.6217
fCMR_Philips_097,101,1.1761,1.1558,0.4144,0.2927,0.4351,0.873
fCMR_Philips_070,101,1.4855,2.0447,0.3228,1.5132,0.3381,4.0486
fCMR_Philips_068,101,1.9673,2.5796,0.2731,1.3481,0.2816,3.1493
fCMR_Philips_117,102,2.8282,2.1648,0.1593,1.2859,0.1794,3.3354
fCMR_Philips_002,102,2.3065,3.4414,0.2289,1.4706,0.2625,3.4342
fCMR_Philips_052,102,3.1086,2.6728,0.1561,0.665,0.169,1.8506
fCMR_Philips_123,102,2.5345,2.8012,0.0949,0.9397,0.1251,3.1824
fCMR_Philips_079,102,2.8303,1.847,0.1072,2.159,0.1656,4.7271
fCMR_Philips_041,102,2.1585,2.5705,0.171,1.9422,0.239,4.6919
fCMR_Philips_090,102,2.0482,2.1419,0.1375,0.9242,0.1716,2.4392
fCMR_Philips_114,102,1.6703,1.5334,0.2836,1.403,0.2924,3.5199
fCMR_Philips_065,102,3.0992,2.5214,0.1641,1.1028,0.2217,2.5116
fCMR_Philips_132,102,1.7377,1.4985,0.3325,5.5077,0.3416,11.1604
fCMR_Philips_031,102,2.8273,1.9483,0.1772,1.8312,0.2297,3.9483
fCMR_Philips_104,102,2.4582,2.7789,0.0832,2.9039,0.2882,7.6411
fCMR_Philips_094,102,2.5752,2.5559,0.1645,0.7123,0.216,1.8891
fCMR_Philips_136,102,2.8705,3.2419,0.2058,0.3899,0.2415,1.7763
fCMR_Philips_087,102,2.9501,1.2633,0.4256,4.3458,0.4365,9.5232
fCMR_Philips_003,102,0.6263,2.0034,0.2173,0.4009,0.2325,1.6258
fCMR_Philips_047,102,1.0909,2.3462,0.3421,2.9297,0.4036,7.9838
fCMR_Philips_057,102,3.1199,1.5014,0.2574,0.8321,0.2675,1.8686
fCMR_Philips_097,102,1.595,3.3865,0.3837,0.131,0.4041,0.8664
fCMR_Philips_070,102,2.3356,2.8351,0.3748,0.8336,0.3851,2.8364
fCMR_Philips_068,102,2.0163,3.2588,0.3081,0.7953,0.3164,1.7632
fCMR_Philips_117,103,2.3138,1.7457,0.2007,0.6368,0.2359,1.5822
fCMR_Philips_002,103,2.7134,2.7408,0.2031,0.8782,0.2164,1.9371
fCMR_Philips_052,103,2.836,1.7188,0.2924,0.3442,0.3021,1.3588
fCMR_Philips_123,103,2.2049,2.5883,0.1011,0.4193,0.1458,1.5707
fCMR_Philips_079,103,1.6876,2.414,0.1559,1.7892,0.2026,4.0937
fCMR_Philips_041,103,1.4171,2.6153,0.0994,0.2549,0.156,0.8098
fCMR_Philips_090,103,2.4093,2.3704,0.1139,1.751,0.146,4.3214
fCMR_Philips_114,103,2.3712,2.2199,0.3938,1.2572,0.4088,3.2476
fCMR_Philips_065,103,1.6732,1.2533,0.1006,1.9033,0.131,4.505
fCMR_Philips_132,103,3.1144,2.5047,0.2275,3.6959,0.2481,7.8311
fCMR_Philips_031,103,2.6835,1.6137,0.0898,1.5838,0.1716,4.1506
fCMR_Philips_104,103,1.9548,1.1202,0.1872,1.3469,0.2184,3.138
fCMR_Philips_094,103,2.4419,2.0464,0.1399,0.9379,0.1685,2.2908
fCMR_Philips_136,103,2.8958,3.3995,0.1174,0.4677,0.1623,1.3995
fCMR_Philips_087,103,2.7928,3.3325,0.3993,3.1021,0.4103,6.8047
fCMR_Philips_003,103,2.5811,0.6616,0.2447,0.9537,0.2771,2.3853
fCMR_Philips_047,103,0.8821,2.7907,0.209,0.5655,0.2232,2.042
fCMR_Philips_057,103,2.4164,2.123,0.3489,1.2383,0.3519,2.7165
fCMR_Philips_097,103,1.8986,2.4525,0.4282,0.0363,0.443,0.4906
fCMR_Philips_070,103,1.4846,2.7775,0.3602,0.8077,0.3706,1.9479
fCMR_Philips_068,103,1.3427,2.9767,0.2395,0.3712,0.2425,1.6093
fCMR_Philips_117,104,2.3657,3.2623,0.1282,0.3261,0.1812,1.5416
fCMR_Philips_002,104,1.9514,2.3533,0.1982,1.846,0.2131,4.0477
fCMR_Philips_052,104,1.6548,3.102,0.156,0.7549,0.1724,1.9983
fCMR_Philips_123,104,0.554,1.8299,0.0836,0.5278,0.184,1.4412
fCMR_Philips_079,104,3.0025,3.6991,0.2488,2.5572,0.2905,5.8707
fCMR_Philips_041,104,2.3102,3.5767,0.1931,0.8065,0.2302,2.6647
fCMR_Philips_090,104,2.0657,2.8284,0.1577,1.5492,0.2091,3.6442
fCMR_Philips_114,104,2.2852,1.3646,0.2226,2.3313,0.2416,5.1668
fCMR_Philips_065,104,1.5656,1.2927,0.0898,0.6828,0.1299,2.3202
fCMR_Philips_132,104,2.8401,1.9825,0.1931,3.7674,0.2132,7.9147
fCMR_Philips_031,104,2.4458,2.7243,0.1118,2.155,0.175,4.8262
fCMR_Philips_104,104,1.8793,1.6004,0.1405,1.0619,0.2428,3.0794
fCMR_Philips_094,104,1.3932,2.2407,0.1539,1.6905,0.1769,4.0432
fCMR_Philips_136,104,2.4905,2.8642,0.1546,0.1931,0.2074,1.0759
fCMR_Philips_087,104,2.4713,3.3135,0.3856,3.2298,0.4247,7.0156
fCMR_Philips_003,104,2.1147,3.0282,0.1864,0.9618,0.2145,2.4857
fCMR_Philips_047,104,0.8363,2.1244,0.3521,5.9182,0.3782,12.3309
fCMR_Philips_057,104,2.9239,2.7743,0.2068,1.6036,0.2138,3.8881
fCMR_Philips_097,104,2.093,2.0761,0.5306,0.1947,0.5397,1.1516
fCMR_Philips_070,104,1.5693,1.319,0.47,1.2212,0.4759,3.1306
fCMR_Philips_068,104,2.5866,2.3081,0.2355,1.2975,0.2718,3.2273
fCMR_Philips_117,105,2.9328,2.6849,0.1633,1.1495,0.2038,2.7988
fCMR_Philips_002,105,2.4819,3.6558,0.2461,1.1065,0.2595,2.9882
fCMR_Philips_052,105,2.0446,2.6079,0.2173,0.6464,0.2302,2.0708
fCMR_Philips_123,105,1.7425,3.4163,0.1719,0.0149,0.1914,0.4853
fCMR_Philips_079,105,2.1868,3.4054,0.1772,1.2555,0.2211,3.2807
fCMR_Philips_041,105,1.9446,2.3904,0.1038,0.2661,0.1387,1.3481
fCMR_Philips_090,105,1.7588,1.4821,0.2132,1.9969,0.2249,4.3184
fCMR_Philips_114,105,2.1383,1.2506,0.2199,1.4319,0.2476,3.1004
fCMR_Philips_065,105,1.7838,1.3523,0.1153,1.3237,0.1478,3.1752
fCMR_Philips_132,105,2.6696,1.6539,0.254,5.1297,0.2691,10.6806
fCMR_Philips_031,105,2.5505,3.6204,0.1725,1.664,0.2393,3.8224
fCMR_Philips_104,105,3.1091,3.233,0.1586,2.412,0.2553,5.7043
fCMR_Philips_094,105,3.0573,1.7133,0.2197,0.5042,0.2357,1.8653
fCMR_Philips_136,105,2.4984,3.2633,0.1603,0.7815,0.1957,2.6801
fCMR_Philips_087,105,2.1899,2.6259,0.4314,3.4677,0.4538,7.4494
fCMR_Philips_003,105,2.3882,2.0364,0.1642,0.4729,0.1763,1.4345
fCMR_Philips_047,105,1.5425,1.7201,0.2238,7.0324,0.3655,15.9602
fCMR_Philips_057,105,2.0276,1.8908,0.2897,0.5682,0.2972,1.4309
fCMR_Philips_097,105,1.7568,1.5705,0.2492,0.8785,0.2838,2.1642
fCMR_Philips_070,105,1.7626,3.4012,0.4927,2.0311,0.5105,5.0515
fCMR_Philips_068,105,2.503,2.0563,0.1947,0.4483,0.219,1.473
fCMR_Philips_117,106,1.6882,3.5825,0.1477,0.8156,0.1736,2.168
fCMR_Philips_002,106,2.4377,1.8938,0.1824,1.4378,0.2132,3.3293
fCMR_Philips_052,106,1.4939,3.0028,0.1727,0.2775,0.1951,1.4974
fCMR_Philips_123,106,3.111,2.7831,0.1476,1.1168,0.1963,2.8178
fCMR_Philips_079,106,1.8107,2.7291,0.1564,1.8095,0.1963,5.2262
fCMR_Philips_041,106,2.842,2.014,0.1015,0.6889,0.1527,1.881
fCMR_Philips_090,106,2.1942,3.1552,0.1139,0.6093,0.1474,2.094
fCMR_Philips_114,106,2.2868,3.5963,0.3582,0.4113,0.3923,1.4512
fCMR_Philips_065,106,3.001,2.5346,0.0593,1.8879,0.1589,4.2937
fCMR_Philips_132,106,3.1222,2.3614,0.2949,3.8548,0.3094,8.075
fCMR_Philips_031,106,1.1133,2.5664,0.1853,1.7619,0.193,3.9226
fCMR_Philips_104,106,2.6951,3.0793,0.2052,1.1364,0.3085,2.7579
fCMR_Philips_094,106,2.4151,1.848,0.1161,2.8048,0.1482,6.1485
fCMR_Philips_136,106,2.6262,1.19,0.2289,0.2679,0.2399,1.3072
fCMR_Philips_087,106,1.5086,2.3603,0.4541,2.071,0.4632,4.613
fCMR_Philips_003,106,3.032,2.7209,0.229,0.4499,0.2446,1.2016
fCMR_Philips_047,106,2.0721,2.891,0.2033,0.55,0.283,1.819
fCMR_Philips_057,106,0.7825,2.4057,0.2477,1.1666,0.2613,3.0197
fCMR_Philips_097,106,1.3157,2.8967,0.3658,0.3353,0.3802,1.2801
fCMR_Philips_070,106,1.9901,3.7595,0.4257,0.9396,0.4389,2.9724
fCMR_Philips_068,106,1.7693,1.7651,0.1955,1.1421,0.2121,3.0223
fCMR_Philips_117,107,1.2222,3.3187,0.2198,0.5625,0.2378,1.6574
fCMR_Philips_002,107,1.2323,3.0749,0.1928,0.314,0.2161,1.5429
fCMR_Philips_052,107,2.116,3.3049,0.1739,2.1283,0.2182,4.9176
fCMR_Philips_123,107,1.9662,1.8604,0.1257,0.5248,0.1699,1.3955
fCMR_Philips_079,107,2.0933,3.6694,0.2043,2.2211,0.2248,5.1923
fCMR_Philips_041,107,0.6251,1.369,0.1875,0.9641,0.2162,2.4352
fCMR_Philips_090,107,2.6788,1.5156,0.1405,0.8036,0.2002,2.6615
fCMR_Philips_114,107,2.8611,2.0586,0.3235,1.3653,0.3282,3.381
fCMR_Philips_065,107,2.8434,2.5987,0.1175,2.1567,0.1555,5.2824
fCMR_Philips_132,107,2.98,1.8408,0.3458,5.3232,0.3558,11.0666
fCMR_Philips_031,107,2.8059,2.3988,0.1405,0.77,0.1911,2.2027
fCMR_Philips_104,107,2.9294,1.7864,0.1404,1.9052,0.2139,4.1456
fCMR_Philips_094,107,2.4048,2.7171,0.2191,0.4002,0.2419,1.4936
fCMR_Philips_136,107,1.9072,0.5719,0.0925,0.1261,0.1454,0.9145
fCMR_Philips_087,107,2.0892,2.142,0.4108,3.7246,0.4231,7.9419
fCMR_Philips_003,107,2.897,1.9913,0.2014,0.6767,0.208,1.6648
fCMR_Philips_047,107,2.2497,3.5677,0.1988,3.344,0.2334,7.8002
fCMR_Philips_057,107,2.9864,1.9521,0.3088,1.2894,0.3171,2.821
fCMR_Philips_097,107,2.6758,2.7234,0.3815,0.4982,0.4008,1.6932
fCMR_Philips_070,107,0.8892,2.9234,0.5781,2.0391,0.6063,4.5281
fCMR_Philips_068,107,2.0403,3.814,0.2515,0.9195,0.2614,2.9735
fCMR_Philips_117,108,1.4908,2.5053,0.3121,0.8428,0.3232,2.2769
fCMR_Philips_002,108,2.7697,3.1492,0.1944,2.2745,0.2224,4.9488
fCMR_Philips_052,108,2.036,3.2027,0.2524,1.1591,0.2671,2.692
fCMR_Philips_123,108,2.1447,3.1507,0.1891,0.4745,0.2297,1.3365
fCMR_Philips_079,108,1.8511,2.2441,0.2092,1.0716,0.2371,2.8693
fCMR_Philips_041,108,2.4375,1.3523,0.1439,0.4596,0.1805,1.4921
fCMR_Philips_090,108,2.5197,2.8017,0.1118,1.8431,0.1453,4.2319
fCMR_Philips_114,108,2.1944,1.9032,0.3342,1.1671,0.3486,2.982
fCMR_Philips_065,108,0.3257,1.6458,0.1166,1.8389,0.1727,4.6635
fCMR_Philips_132,108,2.9784,2.2828,0.389,6.1115,0.3918,12.5078
fCMR_Philips_031,108,2.7911,1.2074,0.1305,2.0106,0.2229,4.882
fCMR_Philips_104,108,2.2121,3.4674,0.1562,2.4451,0.2761,6.1273
fCMR_Philips_094,108,2.5636,1.1274,0.1194,1.5296,0.1768,3.4717
fCMR_Philips_136,108,1.7756,2.8089,0.1354,1.1505,0.1963,2.7418
fCMR_Philips_087,108,1.9936,1.4675,0.3458,4.5706,0.3587,9.8103
fCMR_Philips_003,108,2.4066,1.5399,0.2172,1.429,0.2367,3.459
fCMR_Philips_047,108,1.2167,2.0726,0.2151,4.3795,0.2514,9.6664
fCMR_Philips_057,108,0.6122,2.3906,0.4812,1.009,0.4909,2.4175
fCMR_Philips_097,108,2.5281,1.7275,0.487,0.0413,0.4979,0.3375
fCMR_Philips_070,108,1.6734,3.0886,0.3769,1.0645,0.394,2.7101
fCMR_Philips_068,108,1.502,1.2791,0.2258,0.4002,0.2529,1.1096
fCMR_Philips_117,109,1.5616,2.5143,0.2053,0.6977,0.2358,2.0014
fCMR_Philips_002,109,2.2444,2.4503,0.1192,1.8978,0.2075,4.2939
fCMR_Philips_052,109,2.9257,0.9039,0.2038,0.5669,0.247,1.7721
fCMR_Philips_123,109,0.8213,2.5743,0.0649,1.0416,0.1113,2.9776
fCMR_Philips_079,109,2.9071,3.1211,0.1084,2.3855,0.1281,4.9392
fCMR_Philips_041,109,1.6254,1.8827,0.1785,1.6598,0.22,3.977
fCMR_Philips_090,109,1.1189,1.6896,0.1401,1.3691,0.1633,2.9336
fCMR_Philips_114,109,2.5083,2.4364,0.2762,1.6218,0.2917,3.8267
fCMR_Philips_065,109,1.4044,3.164,0.0653,1.5719,0.1501,3.7224
fCMR_Philips_132,109,2.4697,1.9422,0.3418,5.3969,0.3685,11.4402
fCMR_Philips_031,109,2.5013,1.7018,0.131,1.5916,0.1779,4.2906
fCMR_Philips_104,109,2.6727,2.0217,0.2843,2.0169,0.3357,5.0874
fCMR_Philips_094,109,1.9662,2.5834,0.1836,0.1926,0.2013,1.8752
fCMR_Philips_136,109,2.7986,2.6172,0.1292,0.3333,0.1537,1.0792
fCMR_Philips_087,109,3.1316,2.3764,0.4271,2.2798,0.4395,4.9923
fCMR_Philips_003,109,1.2115,1.4416,0.1852,0.6745,0.2218,1.6915
fCMR_Philips_047,109,1.4116,1.7267,0.2754,7.5935,0.3593,17.6157
fCMR_Philips_057,109,2.0792,1.9147,0.3296,1.922,0.3346,4.2584
fCMR_Philips_097,109,2.5642,3.3342,0.3943,0.0878,0.4331,0.6369
fCMR_Philips_070,109,2.0372,3.1452,0.4994,1.3227,0.538,3.9406
fCMR_Philips_068,109,2.9846,2.29,0.1899,0.8813,0.2296,2.2838
fCMR_Philips_117,110,1.0405,0.957,0.2355,0.3731,0.2563,1.4623
fCMR_Philips_002,110,1.5879,3.4891,0.1935,1.403,0.2273,3.2946
fCMR_Philips_052,110,2.2126,2.4848,0.3333,0.3953,0.3512,1.8769
fCMR_Philips_123,110,2.5098,1.8055,0.1749,1.2693,0.1863,3.1417
fCMR_Philips_079,110,2.4138,3.0498,0.1867,1.3894,0.2127,3.1875
fCMR_Philips_041,110,2.6613,1.2924,0.1415,1.6462,0.1764,4.2443
fCMR_Philips_090,110,1.9805,2.9497,0.1659,1.6878,0.1997,3.7087
fCMR_Philips_114,110,2.2297,3.4963,0.2719,1.5092,0.2837,3.1602
fCMR_Philips_065,110,1.7862,2.8871,0.0665,0.1942,0.1262,0.9985
fCMR_Philips_132,110,2.7685,1.7827,0.2897,3.9312,0.3031,8.5275
fCMR_Philips_031,110,0.7122,2.6247,0.1094,0.7906,0.1524,2.2094
fCMR_Philips_104,110,2.3081,2.0184,0.0393,1.39,0.251,4.0858
fCMR_Philips_094,110,1.5182,2.2827,0.1347,0.707,0.1775,2.3136
fCMR_Philips_136,110,2.1078,2.7322,0.1958,0.1949,0.2099,1.0528
fCMR_Philips_087,110,1.7762,2.0739,0.3382,2.5883,0.3563,5.3501
fCMR_Philips_003,110,0.9924,1.7715,0.2869,1.3132,0.3066,2.9416
fCMR_Philips_047,110,3.1373,2.2368,0.3334,4.5518,0.4277,11.4306
fCMR_Philips_057,110,2.232,2.2991,0.3332,1.5553,0.3446,3.4052
fCMR_Philips_097,110,2.6693,3.1242,0.5295,0.2246,0.5443,0.6844
fCMR_Philips_070,110,2.5733,1.6979,0.4128,1.7207,0.4211,4.2093
fCMR_Philips_068,110,2.2444,2.5658,0.2518,0.8757,0.2951,2.1783
fCMR_Philips_117,111,2.6519,2.3665,0.1851,0.8946,0.2243,2.412
fCMR_Philips_002,111,2.533,3.9714,0.1398,1.5233,0.1648,3.5798
fCMR_Philips_052,111,2.6688,2.9037,0.2091,0.3644,0.2324,1.0952
fCMR_Philips_123,111,2.4366,3.4918,0.1603,0.7452,0.1823,1.9366
fCMR_Philips_079,111,2.7008,3.3308,0.2073,0.965,0.2363,2.6632
fCMR_Philips_041,111,2.4313,2.5832,0.1603,0.548,0.1939,1.9002
fCMR_Philips_090,111,2.2956,1.5443,0.0698,0.9349,0.1107,2.21
fCMR_Philips_114,111,2.1501,1.9074,0.2622,1.2451,0.2873,3.2631
fCMR_Philips_065,111,1.084,2.5445,0.0843,0.3663,0.143,1.3318
fCMR_Philips_132,111,1.8126,2.5994,0.2552,3.3677,0.2661,6.936
fCMR_Philips_031,111,1.602,1.5153,0.1663,2.7036,0.1822,6.1271
fCMR_Philips_104,111,1.5715,1.6122,0.1214,1.3,0.1408,3.4318
fCMR_Philips_094,111,2.0913,1.9957,0.17,0.3775,0.2162,1.7594
fCMR_Philips_136,111,2.8475,2.3342,0.2089,0.3241,0.2666,0.9376
fCMR_Philips_087,111,2.5248,3.3738,0.4933,2.6811,0.5136,5.9137
fCMR_Philips_003,111,1.7954,2.6355,0.1868,0.6433,0.2091,1.5675
fCMR_Philips_047,111,0.7235,1.9031,0.2079,5.4103,0.3272,11.7952
fCMR_Philips_057,111,2.167,2.8054,0.2866,0.8205,0.2898,2.1623
fCMR_Philips_097,111,3.1336,2.2099,0.3782,0.616,0.396,1.7194
fCMR_Philips_070,111,2.8496,3.0187,0.4198,1.8566,0.4588,4.343
fCMR_Philips_068,111,2.9324,3.345,0.1489,0.8135,0.2251,2.8536
fCMR_Philips_117,112,2.2177,2.661,0.2677,1.2916,0.2973,3.4098
fCMR_Philips_002,112,2.8875,1.1306,0.1474,1.4028,0.209,3.8014
fCMR_Philips_052,112,2.301,1.8371,0.1233,0.995,0.1553,2.7034
fCMR_Philips_123,112,1.4423,2.737,0.1786,0.011,0.2092,0.2983
fCMR_Philips_079,112,2.1349,2.0206,0.166,4.2651,0.2175,9.1584
fCMR_Philips_041,112,3.0105,2.1561,0.1279,0.5443,0.189,1.9561
fCMR_Philips_090,112,1.5776,2.8471,0.1171,1.745,0.2072,4.1339
fCMR_Philips_114,112,1.4049,2.4357,0.2007,1.9518,0.2327,4.6962
fCMR_Philips_065,112,0.9251,3.1478,0.0662,0.9572,0.1673,2.5528
fCMR_Philips_132,112,3.1339,2.2722,0.2675,4.4996,0.2793,9.7074
fCMR_Philips_031,112,1.9066,2.4349,0.2391,1.9334,0.2879,4.338
fCMR_Philips_104,112,2.0027,1.0639,0.1362,0.8041,0.233,2.5161
fCMR_Philips_094,112,3.1056,2.3031,0.157,0.4523,0.1758,1.6242
fCMR_Philips_136,112,2.4231,2.252,0.0793,0.2077,0.1239,0.7402
fCMR_Philips_087,112,2.177,1.8611,0.3401,3.0605,0.372,6.5844
fCMR_Philips_003,112,2.5335,2.222,0.1828,0.5477,0.2019,1.6151
fCMR_Philips_047,112,2.6287,3.2671,0.1883,2.8542,0.3362,7.1014
fCMR_Philips_057,112,0.5484,2.0578,0.3414,1.2029,0.3485,3.1168
fCMR_Philips_097,112,1.4417,2.45,0.2518,0.5358,0.3079,1.7297
fCMR_Philips_070,112,2.4203,0.701,0.3733,1.5449,0.406,3.793
fCMR_Philips_068,112,2.5361,2.5623,0.2047,0.749,0.2225,2.4584
fCMR_Philips_117,113,1.5556,3.5531,0.2695,0.4724,0.2889,1.5266
fCMR_Philips_002,113,2.6513,2.6008,0.308,0.203,0.319,0.8981
fCMR_Philips_052,113,2.7236,2.2089,0.2174,1.3817,0.2317,3.2066
fCMR_Philips_123,113,0.785,1.2855,0.1489,0.4875,0.2059,1.7037
fCMR_Philips_079,113,2.7186,0.3988,0.1678,1.1782,0.2349,3.0353
fCMR_Philips_041,113,1.998,3.1223,0.1309,0.8443,0.1834,2.7548
fCMR_Philips_090,113,2.529,2.4915,0.1049,0.9733,0.1933,2.3059
fCMR_Philips_114,113,2.1235,1.8631,0.1825,2.2426,0.2052,4.718
fCMR_Philips_065,113,1.52,2.4721,0.0639,1.3653,0.0926,3.35
fCMR_Philips_132,113,1.9742,2.1624,0.3351,6.2308,0.3435,12.9816
fCMR_Philips_031,113,1.4927,2.735,0.1872,0.9317,0.2187,2.7568
fCMR_Philips_104,113,1.4456,1.9726,0.1662,1.8011,0.2867,4.7381
fCMR_Philips_094,113,2.2482,2.2691,0.2091,1.0403,0.2367,2.755
fCMR_Philips_136,113,2.2937,2.25,0.1925,0.2147,0.2188,0.8463
fCMR_Philips_087,113,1.4947,2.358,0.4805,3.0846,0.4972,7.0217
fCMR_Philips_003,113,2.6355,2.5391,0.277,1.3544,0.3106,3.2125
fCMR_Philips_047,113,2.7618,2.5022,0.2557,5.5566,0.3959,12.8148
fCMR_Philips_057,113,2.7602,3.6781,0.2126,1.6634,0.237,4.0691
fCMR_Philips_097,113,2.2601,2.3903,0.3428,0.0073,0.3868,0.6505
fCMR_Philips_070,113,1.7141,2.472,0.3767,0.9475,0.3985,2.638
fCMR_Philips_068,113,2.467,2.373,0.1931,0.6106,0.2213,1.4733
fCMR_Philips_117,114,1.999,2.0708,0.1874,0.6567,0.2117,1.4836
fCMR_Philips_002,114,2.6313,1.6784,0.1176,0.7308,0.1605,1.9079
fCMR_Philips_052,114,1.4118,1.2526,0.0994,0.9909,0.1271,2.2812
fCMR_Philips_123,114,1.4459,1.7842,0.1206,0.3365,0.1561,1.4622
fCMR_Philips_079,114,2.4914,2.1252,0.1986,1.5865,0.2481,3.919
fCMR_Philips_041,114,1.7297,1.3612,0.1288,0.9374,0.2008,2.3631
fCMR_Philips_090,114,0.7503,1.5778,0.123,2.1219,0.1695,4.8268
fCMR_Philips_114,114,1.2385,2.2342,0.289,1.0215,0.3074,2.4138
fCMR_Philips_065,114,2.0926,2.6491,0.0606,0.6727,0.1064,1.8986
fCMR_Philips_132,114,1.236,3.021,0.2338,2.7485,0.237,5.9805
fCMR_Philips_031,114,2.9486,2.6373,0.1423,1.3134,0.1856,3.9967
fCMR_Philips_104,114,2.9061,1.7281,0.0881,2.8254,0.2811,6.3676
fCMR_Philips_094,114,2.6325,3.225,0.1029,1.3173,0.1535,3.163
fCMR_Philips_136,114,3.0751,3.3149,0.0811,0.1001,0.1333,0.6395
fCMR_Philips_087,114,2.4195,2.2189,0.3971,2.7221,0.4112,5.8984
fCMR_Philips_003,114,2.2734,2.6057,0.2053,1.9067,0.2425,4.1722
fCMR_Philips_047,114,0.8082,2.0663,0.551,7.0926,0.5817,15.3792
fCMR_Philips_057,114,2.6294,3.844,0.3464,1.5978,0.3572,3.4865
fCMR_Philips_097,114,2.4992,1.0854,0.5011,0.2209,0.5058,0.8867
fCMR_Philips_070,114,2.9153,1.075,0.4582,1.4341,0.4636,3.1032
fCMR_Philips_068,114,2.8278,1.4927,0.2262,0.7615,0.2553,1.934
fCMR_Philips_117,115,1.7621,2.1245,0.248,0.3928,0.2796,1.2626
fCMR_Philips_002,115,2.9284,1.955,0.1589,1.4337,0.2364,4.0584
fCMR_Philips_052,115,1.5475,1.4029,0.1817,1.098,0.1983,2.6697
fCMR_Philips_123,115,1.0485,1.654,0.055,0.8119,0.1413,2.3502
fCMR_Philips_079,115,1.9565,2.9846,0.1424,1.0332,0.2129,2.3226
fCMR_Philips_041,115,2.808,2.7255,0.0645,0.6603,0.1165,1.8813
fCMR_Philips_090,115,1.8297,2.321,0.0882,1.5175,0.1554,3.9256
fCMR_Philips_114,115,2.6349,1.4459,0.2804,2.6096,0.2902,6.0889
fCMR_Philips_065,115,2.5199,3.2022,0.0513,1.9887,0.1203,4.8326
fCMR_Philips_132,115,1.7481,1.5897,0.275,5.5455,0.2835,11.5653
fCMR_Philips_031,115,2.4427,1.3699,0.1655,2.2085,0.1888,4.5806
fCMR_Philips_104,115,1.4177,2.5032,0.1197,2.1788,0.2902,5.3128
fCMR_Philips_094,115,1.3809,2.9814,0.0744,1.3316,0.1578,3.1812
fCMR_Philips_136,115,2.7447,2.9327,0.2134,0.423,0.2944,1.2702
fCMR_Philips_087,115,2.8313,2.652,0.3779,2.3316,0.3856,4.9099
fCMR_Philips_003,115,1.4434,3.0222,0.1899,1.1521,0.2165,2.7464
fCMR_Philips_047,115,1.4301,1.6981,0.3406,7.5584,0.4091,16.6502
fCMR_Philips_057,115,2.2677,2.878,0.3307,1.5958,0.3372,3.8528
fCMR_Philips_097,115,2.3583,3.3215,0.2831,0.0495,0.3395,1.0376
fCMR_Philips_070,115,1.9622,1.6453,0.4317,0.8943,0.4537,2.6726
fCMR_Philips_068,115,2.4727,2.5083,0.1821,0.6061,0.2188,1.6827
fCMR_Philips_117,116,3.0208,2.8334,0.2543,1.2878,0.296,2.8588
fCMR_Philips_002,116,2.6642,2.5722,0.2149,0.9325,0.223,2.4374
fCMR_Philips_052,116,1.9549,2.0216,0.1655,0.3326,0.2031,1.4257
fCMR_Philips_123,116,3.0531,2.3723,0.2642,0.5094,0.2801,1.6545
fCMR_Philips_079,116,3.1252,2.631,0.1976,1.0011,0.2153,2.4109
fCMR_Philips_041,116,2.1629,3.3256,0.1339,0.6614,0.1524,1.7484
fCMR_Philips_090,116,1.7768,1.9102,0.1406,1.6195,0.2023,3.7943
fCMR_Philips_114,116,2.5495,3.1712,0.3054,2.5573,0.3442,5.8802
fCMR_Philips_065,116,2.8315,2.1598,0.1335,2.9588,0.1545,6.3048
fCMR_Philips_132,116,1.148,2.421,0.2494,5.5554,0.2637,11.3281
fCMR_Philips_031,116,1.6486,3.6629,0.2035,1.945,0.2228,4.3998
fCMR_Philips_104,116,0.9969,1.3106,0.2179,1.4443,0.3537,4.8167
fCMR_Philips_094,116,2.0301,2.1584,0.1095,0.4426,0.1736,1.5515
fCMR_Philips_136,116,2.4332,2.9436,0.1038,0.2387,0.1827,1.0526
fCMR_Philips_087,116,2.2035,1.6546,0.4417,2.3955,0.4556,5.1895
fCMR_Philips_003,116,1.9619,1.8879,0.1648,0.8745,0.1752,2.1067
fCMR_Philips_047,116,2.7101,2.472,0.319,10.5674,0.3834,23.5859
fCMR_Philips_057,116,3.1297,2.1019,0.2429,1.2265,0.2746,3.025
fCMR_Philips_097,116,1.027,2.5891,0.3358,0.6878,0.3595,1.9683
fCMR_Philips_070,116,2.5283,2.8435,0.4142,0.7491,0.4234,2.3197
fCMR_Philips_068,116,1.3828,1.2028,0.3209,1.0605,0.3282,2.6785
fCMR_Philips_117,117,2.0549,3.9431,0.2243,0.6703,0.2488,2.0124
fCMR_Philips_002,117,2.7915,1.3413,0.2506,0.6692,0.272,2.2144
fCMR_Philips_052,117,1.7257,2.7675,0.188,0.1792,0.1983,1.0947
fCMR_Philips_123,117,1.8465,2.6054,0.1209,0.3965,0.194,1.3183
fCMR_Philips_079,117,2.939,1.999,0.0961,2.3814,0.1669,6.391
fCMR_Philips_041,117,2.7549,3.0733,0.167,1.1539,0.1943,3.0843
fCMR_Philips_090,117,2.6861,2.0459,0.1666,1.2842,0.1762,3.2929
fCMR_Philips_114,117,2.362,2.0448,0.2804,1.5561,0.2845,3.2795
fCMR_Philips_065,117,2.2149,1.471,0.1668,2.1775,0.1902,4.6604
fCMR_Philips_132,117,2.1798,3.4237,0.2266,3.4525,0.2345,7.5552
fCMR_Philips_031,117,2.4829,2.2837,0.1887,1.6401,0.2174,3.7142
fCMR_Philips_104,117,1.4087,2.3174,0.3447,1.9314,0.3501,5.0411
fCMR_Philips_094,117,3.1083,1.5787,0.2186,1.3875,0.2332,3.2711
fCMR_Philips_136,117,2.6084,3.0239,0.1243,0.043,0.1851,0.6014
fCMR_Philips_087,117,2.7796,2.034,0.4522,3.4485,0.466,7.2327
fCMR_Philips_003,117,2.0213,1.9231,0.2566,1.5839,0.2712,3.3844
fCMR_Philips_047,117,3.0822,2.4399,0.275,0.1828,0.3149,1.7796
fCMR_Philips_057,117,1.8229,2.726,0.2529,1.2496,0.2671,2.9764
fCMR_Philips_097,117,1.7196,1.9994,0.3425,0.9178,0.3782,2.264
fCMR_Philips_070,117,1.6098,2.1374,0.3548,0.7478,0.3837,2.0231
fCMR_Philips_068,117,2.567,1.2735,0.2346,1.077,0.2604,3.1816
fCMR_Philips_117,118,2.5893,2.579,0.1557,0.1777,0.2067,1.1034
fCMR_Philips_002,118,1.1377,2.1245,0.2087,0.8054,0.2346,2.6099
fCMR_Philips_052,118,2.3072,2.8326,0.2267,0.2322,0.2518,1.2851
fCMR_Philips_123,118,1.4848,2.2333,0.1453,0.7467,0.1519,2.0659
fCMR_Philips_079,118,1.7446,3.2186,0.23,1.3248,0.2642,3.7769
fCMR_Philips_041,118,1.4945,1.8701,0.0521,0.5208,0.1079,1.6438
fCMR_Philips_090,118,2.2539,2.7164,0.059,1.7998,0.0955,4.2042
fCMR_Philips_114,118,2.3692,2.1453,0.2848,2.5077,0.2958,5.5658
fCMR_Philips_065,118,2.2285,2.6241,0.1386,1.0694,0.1903,2.7566
fCMR_Philips_132,118,1.763,2.1691,0.2623,3.6487,0.2719,7.7304
fCMR_Philips_031,118,2.5745,3.2261,0.103,1.6682,0.162,3.7293
fCMR_Philips_104,118,2.1988,2.3071,0.1973,2.1825,0.3331,5.2903
fCMR_Philips_094,118,1.5764,2.3742,0.2169,0.5456,0.2561,2.04
fCMR_Philips_136,118,2.2392,2.5129,0.0906,0.5577,0.1494,1.9347
fCMR_Philips_087,118,2.7087,1.8431,0.4081,4.4568,0.4171,9.311
fCMR_Philips_003,118,2.4855,2.521,0.2257,0.7373,0.2291,1.8144
fCMR_Philips_047,118,2.0317,2.1455,0.2929,5.1308,0.3074,11.0236
fCMR_Philips_057,118,2.7222,2.0736,0.4072,1.1205,0.4125,2.7148
fCMR_Philips_097,118,1.8732,2.8896,0.4103,0.2568,0.4326,1.1173
fCMR_Philips_070,118,1.1004,1.7078,0.4233,1.3946,0.4297,3.261
fCMR_Philips_068,118,0.6535,2.0989,0.2571,1.7537,0.287,4.3178
fCMR_Philips_117,119,1.6705,3.3625,0.2738,0.4644,0.2853,1.482
fCMR_Philips_002,119,2.0273,1.2602,0.1373,1.0783,0.177,3.1641
fCMR_Philips_052,119,2.6061,3.4839,0.1505,0.7913,0.1855,1.83
fCMR_Philips_123,119,2.6747,2.1175,0.1714,0.394,0.2147,1.18
fCMR_Philips_079,119,1.6814,1.5936,0.0835,0.9796,0.1864,2.9856
fCMR_Philips_041,119,1.826,2.0625,0.2408,1.1824,0.2785,3.2343
fCMR_Philips_090,119,1.5362,2.2046,0.1372,1.2677,0.1875,2.888
fCMR_Philips_114,119,2.8452,3.468,0.2078,2.4361,0.2232,5.3717
fCMR_Philips_065,119,1.8472,2.5439,0.0944,0.7203,0.1585,2.193
fCMR_Philips_132,119,2.8429,3.3566,0.3039,5.0261,0.3301,10.836
fCMR_Philips_031,119,3.0605,2.3484,0.1694,2.4624,0.1863,5.2956
fCMR_Philips_104,119,1.2682,1.0575,0.1568,1.5393,0.1852,4.3136
fCMR_Philips_094,119,1.8007,2.1,0.1252,0.6109,0.1477,1.8116
fCMR_Philips_136,119,2.7686,3.0296,0.1298,0.3053,0.1938,1.1225
fCMR_Philips_087,119,1.9196,3.1487,0.4169,2.9446,0.4261,6.2784
fCMR_Philips_003,119,2.9019,3.374,0.2503,1.1215,0.2764,2.687
fCMR_Philips_047,119,2.6159,2.5222,0.2126,5.5369,0.233,11.7608
fCMR_Philips_057,119,2.1545,3.5373,0.2856,1.4025,0.3083,3.4857
fCMR_Philips_097,119,2.4886,2.3719,0.3771,0.084,0.3984,0.5017
fCMR_Philips_070,119,2.912,1.5841,0.3912,1.3224,0.3985,3.1445
fCMR_Philips_068,119,1.3874,2.8085,0.1036,0.8269,0.1355,2.792
fCMR_Philips_117,120,2.8673,2.9455,0.2448,1.381,0.2851,3.4307
fCMR_Philips_002,120,1.9661,1.1552,0.2866,1.3345,0.3141,3.2696
fCMR_Philips_052,120,2.8639,3.4365,0.1848,0.3511,0.2057,1.1926
fCMR_Philips_123,120,2.6726,2.6228,0.1812,1.224,0.2044,2.9162
fCMR_Philips_079,120,2.2545,2.9488,0.2764,1.0896,0.2911,3.5211
fCMR_Philips_041,120,2.8012,1.5645,0.1018,0.8,0.1727,2.3836
fCMR_Philips_090,120,2.7381,3.7819,0.2004,0.8571,0.2304,1.9354
fCMR_Philips_114,120,2.7574,2.1373,0.2924,1.1937,0.3141,3.0132
fCMR_Philips_065,120,2.8866,3.068,0.166,1.8635,0.193,4.2527
fCMR_Philips_132,120,2.6332,2.5556,0.2358,3.6801,0.2786,7.5836
fCMR_Philips_031,120,1.7061,2.4794,0.1518,1.5452,0.1586,3.7103
fCMR_Philips_104,120,1.7075,1.4913,0.2469,2.6386,0.2922,5.624
fCMR_Philips_094,120,2.501,1.8366,0.2063,0.9835,0.2715,3.2258
fCMR_Philips_136,120,1.8869,1.7583,0.253,1.1837,0.2899,2.7386
fCMR_Philips_087,120,2.9857,1.4305,0.3615,3.4214,0.3783,7.0641
fCMR_Philips_003,120,3.0494,2.5121,0.2232,1.054,0.2601,2.7164
fCMR_Philips_047,120,2.9756,3.7276,0.1696,2.9781,0.2331,7.8149
fCMR_Philips_057,120,2.9543,3.2274,0.2415,0.7123,0.2546,1.9538
fCMR_Philips_097,120,2.5812,2.6243,0.2641,0.7097,0.316,1.8186
fCMR_Philips_070,120,1.0783,3.6197,0.2942,0.2023,0.3716,1.1632
fCMR_Philips_068,120,3.072,2.9257,0.2108,1.8027,0.2381,4.4087
fCMR_Philips_117,121,3.1405,1.6467,0.2095,0.5467,0.2289,1.7807
fCMR_Philips_002,121,2.8907,1.5109,0.2477,1.4363,0.2603,3.6489
fCMR_Philips_052,121,2.113,1.6316,0.1581,0.8726,0.2069,2.2569
fCMR_Philips_123,121,2.2122,2.2475,0.2023,0.5763,0.2264,1.804
fCMR_Philips_079,121,2.1962,2.9635,0.2153,0.8824,0.2577,2.2706
fCMR_Philips_041,121,2.1401,1.7739,0.1428,0.4244,0.16,1.4643
fCMR_Philips_090,121,2.1538,1.6666,0.0632,1.6065,0.1222,3.833
fCMR_Philips_114,121,2.3806,2.8777,0.2389,1.4374,0.2966,3.4389
fCMR_Philips_065,121,1.3641,2.8675,0.1184,1.3384,0.1575,3.2041
fCMR_Philips_132,121,2.1517,2.0363,0.3347,4.5269,0.3636,9.322
fCMR_Philips_031,121,2.6608,1.4037,0.0993,2.6061,0.1349,5.5495
fCMR_Philips_104,121,2.3626,2.4875,0.1171,1.9183,0.2105,4.5042
fCMR_Philips_094,121,2.0657,2.3181,0.2401,1.8652,0.2656,5.0002
fCMR_Philips_136,121,1.8953,1.762,0.1091,0.4723,0.1356,2.4362
fCMR_Philips_087,121,1.6494,1.095,0.3953,3.3514,0.4074,7.008
fCMR_Philips_003,121,1.1597,1.7409,0.2447,0.5663,0.2567,1.3703
fCMR_Philips_047,121,2.6688,2.1448,0.196,1.1562,0.2907,3.2237
fCMR_Philips_057,121,3.0405,3.8,0.2191,1.0796,0.2474,3.1958
fCMR_Philips_097,121,2.2617,2.4713,0.4429,0.2048,0.4702,0.8309
fCMR_Philips_070,121,3.1356,2.9538,0.3448,1.4991,0.3751,3.3756
fCMR_Philips_068,121,2.1265,2.2713,0.1172,0.9226,0.1449,2.3032
fCMR_Philips_117,122,1.3422,2.7252,0.1766,0.4827,0.1898,1.9162
fCMR_Philips_002,122,2.3344,3.0684,0.2226,2.0785,0.2445,4.8067
fCMR_Philips_052,122,2.2698,3.002,0.2518,0.2069,0.2651,0.6553
fCMR_Philips_123,122,0.8715,2.788,0.016,2.7916,0.6834,6.209
fCMR_Philips_079,122,1.4548,2.4602,0.1904,1.5138,0.218,3.8455
fCMR_Philips_041,122,3.055,2.3734,0.1259,1.6419,0.1718,3.6702
fCMR_Philips_090,122,2.1321,2.0414,0.1141,1.2803,0.1503,3.0796
fCMR_Philips_114,122,1.6852,2.2296,0.2131,2.1287,0.2582,4.4748
fCMR_Philips_065,122,2.9365,3.8317,0.0471,0.9438,0.1728,2.3101
fCMR_Philips_132,122,2.7402,1.7509,0.2017,4.1694,0.2482,8.901
fCMR_Philips_031,122,2.598,2.4677,0.1135,1.9134,0.1506,4.3976
fCMR_Philips_104,122,2.2501,2.5092,0.1257,1.5885,0.2734,3.626
fCMR_Philips_094,122,1.7921,1.6924,0.2485,1.1034,0.2554,3.0002
fCMR_Philips_136,122,0.7807,2.3404,0.0848,0.0048,0.1465,0.8227
fCMR_Philips_087,122,2.7953,1.3512,0.3521,1.7161,0.3883,4.5065
fCMR_Philips_003,122,1.9585,2.7132,0.177,0.8065,0.2157,2.2097
fCMR_Philips_047,122,3.0844,3.8829,0.2113,0.2952,0.2474,1.627
fCMR_Philips_057,122,2.4504,2.4883,0.2765,1.9453,0.2877,4.4091
fCMR_Philips_097,122,2.0668,2.7227,0.3834,0.3905,0.4095,1.3248
fCMR_Philips_070,122,2.7433,1.7671,0.4102,2.1611,0.4149,5.6766
fCMR_Philips_068,122,2.1657,2.533,0.1452,0.4616,0.1686,1.3373
fCMR_Philips_117,123,3.0007,3.1071,0.1648,1.6622,0.1953,3.6973
fCMR_Philips_002,123,1.7886,2.9628,0.1967,0.8992,0.2269,2.8893
fCMR_Philips_052,123,1.8603,3.3813,0.2149,0.3325,0.2363,1.1753
fCMR_Philips_123,123,2.0558,3.5625,0.1115,0.486,0.1412,1.6144
fCMR_Philips_079,123,2.8199,1.5426,0.1051,2.1978,0.1284,4.894
fCMR_Philips_041,123,2.8297,1.4068,0.1687,1.3905,0.1875,3.5338
fCMR_Philips_090,123,1.9581,2.4152,0.097,2.2562,0.1499,4.9316
fCMR_Philips_114,123,2.9885,2.337,0.1918,2.4162,0.2157,5.4101
fCMR_Philips_065,123,2.7751,2.6922,0.1889,1.2354,0.2076,2.7466
fCMR_Philips_132,123,2.3397,2.4829,0.2783,4.1044,0.3033,8.9072
fCMR_Philips_031,123,1.0927,1.4911,0.1771,2.0815,0.2239,5.6858
fCMR_Philips_104,123,1.2057,2.6148,0.2189,1.486,0.2723,3.7874
fCMR_Philips_094,123,2.4008,2.9556,0.2116,1.0609,0.254,2.8999
fCMR_Philips_136,123,2.3401,2.1835,0.0979,0.0666,0.1367,0.5776
fCMR_Philips_087,123,1.1107,1.4065,0.3261,3.6262,0.3403,7.7503
fCMR_Philips_003,123,2.5108,2.8262,0.2319,0.7141,0.2431,2.5618
fCMR_Philips_047,123,1.8254,2.9662,0.2219,8.6199,0.265,18.0069
fCMR_Philips_057,123,0.9676,2.8896,0.3196,1.2004,0.3254,2.7571
fCMR_Philips_097,123,2.2018,3.2902,0.4047,0.1457,0.412,1.2296
fCMR_Philips_070,123,2.7991,2.3802,0.4704,1.9888,0.4881,4.6356
fCMR_Philips_068,123,2.9646,3.1339,0.1986,0.7763,0.2183,2.0446
fCMR_Philips_117,124,2.0512,1.7709,0.1584,0.1574,0.1911,0.956
fCMR_Philips_002,124,0.9432,1.6241,0.2557,0.5939,0.2916,1.915
fCMR_Philips_052,124,1.5676,2.3852,0.1668,1.2935,0.2091,3.728
fCMR_Philips_123,124,0.8554,3.2631,0.158,0.4537,0.2203,1.2794
fCMR_Philips_079,124,2.9908,2.6065,0.162,1.4046,0.181,3.4946
fCMR_Philips_041,124,1.7029,0.3082,0.1059,0.3357,0.1336,1.1224
fCMR_Philips_090,124,2.628,2.2877,0.1482,0.932,0.1916,2.7234
fCMR_Philips_114,124,1.949,2.6776,0.2406,1.5777,0.2691,3.8378
fCMR_Philips_065,124,2.1172,0.9907,0.126,1.3552,0.1651,3.1142
fCMR_Philips_132,124,3.1037,1.8896,0.2764,2.1952,0.2968,5.2279
fCMR_Philips_031,124,1.2327,2.6894,0.1309,0.9297,0.1976,2.338
fCMR_Philips_104,124,3.132,3.875,0.0218,2.1114,0.0847,4.7866
fCMR_Philips_094,124,2.7006,2.6724,0.1265,0.5482,0.1712,2.1242
fCMR_Philips_136,124,1.9405,2.6579,0.1304,0.2451,0.183,1.2336
fCMR_Philips_087,124,2.7516,1.7217,0.393,3.3634,0.4096,7.0287
fCMR_Philips_003,124,2.0392,2.209,0.1994,0.5867,0.2664,2.1089
fCMR_Philips_047,124,2.9652,3.9994,0.3323,3.0248,0.3545,6.534
fCMR_Philips_057,124,1.4017,2.8524,0.218,1.4398,0.2327,3.1778
fCMR_Philips_097,124,1.3964,2.2587,0.3604,0.5173,0.403,1.7679
fCMR_Philips_070,124,2.6585,1.9832,0.433,2.1209,0.442,4.6609
fCMR_Philips_068,124,1.6117,1.6371,0.2025,1.0765,0.2286,2.9083
fCMR_Philips_117,125,1.8705,3.5044,0.2118,1.0903,0.2373,2.764
fCMR_Philips_002,125,1.0856,3.0841,0.19,0.952,0.2135,3.2274
fCMR_Philips_052,125,1.2632,2.808,0.2137,0.4886,0.2294,1.7092
fCMR_Philips_123,125,0.7365,2.8367,0.0852,0.7756,0.1527,1.9951
fCMR_Philips_079,125,2.2612,3.5872,0.2171,1.109,0.2611,3.3748
fCMR_Philips_041,125,1.1734,3.3473,0.2816,0.6254,0.3007,1.8562
fCMR_Philips_090,125,1.0908,3.0141,0.1992,1.7799,0.2221,3.9632
fCMR_Philips_114,125,3.1185,2.5906,0.3149,2.0677,0.3189,4.804
fCMR_Philips_065,125,1.5408,3.7722,0.0838,0.5957,0.1445,1.5809
fCMR_Philips_132,125,2.183,3.5681,0.2678,5.6027,0.2834,11.9972
fCMR_Philips_031,125,2.2927,2.7232,0.1339,1.6969,0.1611,3.8803
fCMR_Philips_104,125,2.9476,3.149,0.1546,2.4459,0.5588,6.9287
fCMR_Philips_094,125,2.5637,3.0709,0.2161,2.5526,0.2463,5.8411
fCMR_Philips_136,125,1.7723,2.2475,0.2329,0.4245,0.2603,1.942
fCMR_Philips_087,125,3.0888,1.6557,0.3465,1.9812,0.3622,4.5117
fCMR_Philips_003,125,2.8956,2.995,0.1744,0.7234,0.1962,1.8741
fCMR_Philips_047,125,2.6806,2.8521,0.3629,4.5545,0.4018,9.5108
fCMR_Philips_057,125,2.7034,2.4097,0.3418,0.3686,0.3527,1.4808
fCMR_Philips_097,125,2.9413,2.7011,0.4951,0.5473,0.5022,1.6218
fCMR_Philips_070,125,2.2766,1.6238,0.3893,2.3581,0.4016,4.8868
fCMR_Philips_068,125,2.0148,1.0701,0.1455,0.5637,0.2031,1.6808
fCMR_Philips_117,126,2.613,2.8742,0.2059,0.7204,0.2132,1.8527
fCMR_Philips_002,126,1.4918,1.8858,0.2193,0.7567,0.253,2.547
fCMR_Philips_052,126,1.6433,2.8154,0.2675,0.3115,0.2904,1.025
fCMR_Philips_123,126,3.0334,1.3927,0.1517,0.4861,0.1886,1.3271
fCMR_Philips_079,126,2.9764,3.3191,0.2996,0.9701,0.3276,2.9884
fCMR_Philips_041,126,2.8277,2.8264,0.2036,2.5106,0.2264,6.0091
fCMR_Philips_090,126,2.0261,2.9798,0.1958,0.6695,0.2251,2.1296
fCMR_Philips_114,126,1.5685,1.6232,0.2323,2.0907,0.247,4.2756
fCMR_Philips_065,126,2.1735,2.33,0.0552,0.7061,0.1503,2.4265
fCMR_Philips_132,126,2.9918,1.5716,0.2663,6.5886,0.2707,13.3794
fCMR_Philips_031,126,1.0393,1.9369,0.1093,1.9519,0.16,4.6952
fCMR_Philips_104,126,1.3915,2.7816,0.4806,2.1977,0.5096,5.2835
fCMR_Philips_094,126,2.2522,2.7672,0.179,0.2653,0.2097,1.0539
fCMR_Philips_136,126,2.7739,2.7081,0.1155,0.0766,0.1361,0.8388
fCMR_Philips_087,126,2.9759,2.0034,0.4128,4.031,0.4353,8.403
fCMR_Philips_003,126,1.7755,2.9175,0.2288,0.4209,0.2557,1.4733
fCMR_Philips_047,126,2.7635,2.8616,0.362,4.7582,0.4507,11.0951
fCMR_Philips_057,126,1.2998,2.5003,0.3231,0.883,0.3362,2.1828
fCMR_Philips_097,126,3.0242,3.2679,0.3174,0.7626,0.3345,2.3742
fCMR_Philips_070,126,1.2544,2.5437,0.403,1.3545,0.4237,3.4056
fCMR_Philips_068,126,3.0473,2.2782,0.1782,1.0478,0.2112,2.5062
fCMR_Philips_117,127,2.9995,2.6942,0.2818,0.4399,0.2946,1.3936
fCMR_Philips_002,127,2.618,2.6673,0.2114,0.4484,0.2296,1.3558
fCMR_Philips_052,127,2.165,1.7783,0.2636,0.2005,0.2868,0.7602
fCMR_Philips_123,127,2.5036,1.7101,0.165,0.1618,0.2164,1.066
fCMR_Philips_079,127,2.6753,3.1547,0.1418,2.5852,0.1737,6.0228
fCMR_Philips_041,127,1.2294,2.3911,0.0408,0.3154,0.1662,1.6325
fCMR_Philips_090,127,2.869,3.1959,0.1307,0.8896,0.1531,2.1457
fCMR_Philips_114,127,2.933,2.8953,0.3077,1.8154,0.3521,4.3454
fCMR_Philips_065,127,2.0724,2.5782,0.1049,0.7756,0.1684,1.8869
fCMR_Philips_132,127,2.0432,2.2668,0.3218,4.0703,0.3497,8.8467
fCMR_Philips_031,127,1.786,1.7561,0.0936,1.4848,0.1313,3.6633
fCMR_Philips_104,127,2.5568,2.4743,0.1107,3.2384,0.2481,7.5506
fCMR_Philips_094,127,3.0187,2.5203,0.1671,0.6894,0.1868,2.5615
fCMR_Philips_136,127,1.7811,3.1935,0.132,0.4249,0.1747,2.0215
fCMR_Philips_087,127,3.1053,3.1728,0.5584,3.3908,0.5787,7.2368
fCMR_Philips_003,127,2.0353,3.5184,0.2102,1.4465,0.2146,3.7879
fCMR_Philips_047,127,2.672,2.3128,0.2335,3.9227,0.2603,11.7324
fCMR_Philips_057,127,3.1214,1.6939,0.2367,0.6591,0.2541,2.0904
fCMR_Philips_097,127,1.3426,2.5187,0.4141,0.0355,0.421,0.6096
fCMR_Philips_070,127,2.4558,2.4256,0.4066,1.3083,0.422,3.2234
fCMR_Philips_068,127,1.4626,3.416,0.2771,1.6954,0.2878,3.7475
fCMR_Philips_117,128,3.0889,1.4187,0.1779,0.4105,0.2041,1.4528
fCMR_Philips_002,128,0.7332,3.046,0.2474,1.5808,0.2565,3.5989
fCMR_Philips_052,128,1.2359,2.2776,0.1585,0.2147,0.1962,1.0869
fCMR_Philips_123,128,2.6947,3.3521,0.1543,0.3307,0.19,1.1624
fCMR_Philips_079,128,2.3972,2.2688,0.1532,0.8723,0.1962,2.4757
fCMR_Philips_041,128,1.7236,0.4728,0.1092,0.7042,0.199,1.9036
fCMR_Philips_090,128,1.6052,3.0154,0.1619,1.705,0.1891,3.8614
fCMR_Philips_114,128,2.799,3.1465,0.2618,1.8324,0.2795,3.9835
fCMR_Philips_065,128,2.3658,3.4619,0.1377,1.1277,0.1831,2.8051
fCMR_Philips_132,128,2.7472,2.4589,0.2866,3.8387,0.3232,8.4025
fCMR_Philips_031,128,1.517,3.1495,0.1943,1.2297,0.207,3.4685
fCMR_Philips_104,128,2.9256,2.3291,0.0801,2.2024,0.2141,5.272
fCMR_Philips_094,128,3.0164,2.7809,0.1511,1.2689,0.1726,2.9931
fCMR_Philips_136,128,2.5481,2.995,0.1167,0.0804,0.1724,0.4196
fCMR_Philips_087,128,2.7172,2.1608,0.4566,1.9385,0.4674,4.3764
fCMR_Philips_003,128,2.8816,2.7582,0.1853,1.4928,0.2126,3.4474
fCMR_Philips_047,128,2.5777,2.224,0.1721,4.6029,0.2011,10.8523
fCMR_Philips_057,128,2.8468,2.1808,0.291,1.1681,0.3028,2.6438
fCMR_Philips_097,128,2.0824,3.8407,0.2729,0.7133,0.3264,2.0109
fCMR_Philips_070,128,2.7854,3.1057,0.3419,1.2951,0.3598,3.9102
fCMR_Philips_068,128,2.5226,1.8427,0.1852,1.0579,0.204,2.9252
fCMR_Philips_117,129,2.3475,1.8746,0.2262,0.0051,0.246,0.8376
fCMR_Philips_002,129,2.5257,1.8501,0.1739,2.1528,0.1917,4.6802
fCMR_Philips_052,129,1.7267,1.5934,0.1817,1.2784,0.1949,3.6538
fCMR_Philips_123,129,2.8338,2.7219,0.1188,0.2762,0.1687,1.281
fCMR_Philips_079,129,2.4387,3.0386,0.242,1.2462,0.2954,3.1054
fCMR_Philips_041,129,2.2987,2.7706,0.1041,0.8971,0.1788,2.1973
fCMR_Philips_090,129,2.9707,0.3959,0.1879,1.4257,0.2108,3.2447
fCMR_Philips_114,129,1.1513,3.1261,0.2062,1.4686,0.23,3.3087
fCMR_Philips_065,129,2.3117,2.0702,0.1274,1.2331,0.2027,3.0892
fCMR_Philips_132,129,2.7724,2.6391,0.2837,3.913,0.2938,8.365
fCMR_Philips_031,129,1.9676,2.8755,0.1691,0.7669,0.1919,2.2522
fCMR_Philips_104,129,2.2879,1.3467,0.0639,1.7106,0.2524,4.8488
fCMR_Philips_094,129,1.5211,1.1023,0.1931,0.5938,0.2267,1.9274
fCMR_Philips_136,129,1.7748,1.4916,0.1052,0.4491,0.1169,1.2603
fCMR_Philips_087,129,2.4296,2.2869,0.4311,2.9069,0.4338,6.5243
fCMR_Philips_003,129,3.0234,1.0151,0.2104,1.1736,0.232,2.8103
fCMR_Philips_047,129,1.1393,2.2263,0.2554,2.939,0.3096,7.1072
fCMR_Philips_057,129,2.8256,3.0398,0.3493,0.9107,0.3672,2.1009
fCMR_Philips_097,129,3.0034,3.0947,0.4306,0.4622,0.4424,1.8559
fCMR_Philips_070,129,0.3696,1.5714,0.4099,1.4558,0.4324,3.2211
fCMR_Philips_068,129,2.2471,3.4601,0.2153,1.3055,0.2486,3.3127
fCMR_Philips_117,130,2.9755,2.4346,0.1245,0.9771,0.1991,2.441
fCMR_Philips_002,130,2.1188,2.7016,0.1448,1.7428,0.1827,3.9605
fCMR_Philips_052,130,0.9535,1.5875,0.1451,1.414,0.1841,3.166
fCMR_Philips_123,130,2.2889,2.6387,0.158,0.3873,0.1907,1.4559
fCMR_Philips_079,130,1.8551,2.0231,0.3571,1.6404,0.55,4.9933
fCMR_Philips_041,130,2.0858,3.626,0.0709,0.4601,0.1764,1.9436
fCMR_Philips_090,130,2.8171,1.5277,0.1905,2.2516,0.225,5.28
fCMR_Philips_114,130,2.4979,1.8456,0.3552,2.1379,0.3653,4.8577
fCMR_Philips_065,130,3.0921,0.305,0.1067,1.704,0.1447,3.615
fCMR_Philips_132,130,1.301,2.8873,0.1661,4.0178,0.1844,8.4605
fCMR_Philips_031,130,2.0896,3.3566,0.1493,1.8505,0.1883,4.6577
fCMR_Philips_104,130,2.7728,2.1946,0.1075,1.567,0.2914,4.5088
fCMR_Philips_094,130,2.2074,2.614,0.2102,0.3184,0.2337,1.7462
fCMR_Philips_136,130,1.7778,1.5286,0.1571,0.235,0.1684,0.6188
fCMR_Philips_087,130,2.8831,0.9982,0.3211,2.4785,0.3425,5.2806
fCMR_Philips_003,130,2.1748,1.9001,0.3123,0.9384,0.3283,2.2966
fCMR_Philips_047,130,0.9302,0.6945,0.223,3.3173,0.2406,7.7776
fCMR_Philips_057,130,2.6241,2.3708,0.3594,1.4914,0.3684,3.3365
fCMR_Philips_097,130,2.7931,2.9194,0.3725,0.0635,0.3815,0.6729
fCMR_Philips_070,130,2.1248,2.5079,0.4447,1.0127,0.4758,2.8562
fCMR_Philips_068,130,1.6381,2.9467,0.2089,0.9697,0.2216,2.3563
fCMR_Philips_117,131,2.5099,1.0625,0.2019,1.0475,0.2347,3.3794
fCMR_Philips_002,131,2.6391,2.8076,0.2126,2.9392,0.233,6.7366
fCMR_Philips_052,131,1.6522,1.9617,0.2136,1.0912,0.2304,2.358
fCMR_Philips_123,131,2.9318,2.9278,0.1866,0.0877,0.2379,0.935
fCMR_Philips_079,131,2.3647,1.2629,0.1991,0.454,0.2335,1.3444
fCMR_Philips_041,131,2.0947,2.6568,0.1419,0.7007,0.1828,2.1369
fCMR_Philips_090,131,2.6189,2.2083,0.091,0.6928,0.1863,1.9328
fCMR_Philips_114,131,1.8667,2.0964,0.2568,1.3704,0.2747,3.0682
fCMR_Philips_065,131,1.5793,3.3488,0.1174,1.2668,0.1487,2.91
fCMR_Philips_132,131,3.0375,2.2067,0.1914,3.2967,0.2122,6.9033
fCMR_Philips_031,131,2.7804,2.4612,0.2459,2.8264,0.2583,6.4482
fCMR_Philips_104,131,2.7911,2.4071,0.154,2.0601,0.2095,4.5635
fCMR_Philips_094,131,2.608,2.9415,0.1391,0.2956,0.1777,1.3354
fCMR_Philips_136,131,2.9578,1.7278,0.1348,0.3814,0.1969,1.2027
fCMR_Philips_087,131,2.167,3.0831,0.4813,3.2834,0.4877,6.9636
fCMR_Philips_003,131,0.5424,2.6972,0.2642,1.8693,0.274,4.1302
fCMR_Philips_047,131,2.7927,3.5585,0.4322,10.7145,0.4552,22.4778
fCMR_Philips_057,131,2.6572,3.2533,0.3062,1.8874,0.3154,4.3126
fCMR_Philips_097,131,0.7112,3.1366,0.3915,0.4896,0.4018,1.7006
fCMR_Philips_070,131,2.0707,1.6776,0.4471,1.4682,0.4635,4.038
fCMR_Philips_068,131,2.8499,0.8813,0.214,0.9592,0.2379,2.351
fCMR_Philips_117,132,2.2186,3.0072,0.211,0.6313,0.235,1.7432
fCMR_Philips_002,132,2.6728,1.5511,0.1691,0.8908,0.1832,2.534
fCMR_Philips_052,132,2.8842,2.4047,0.1462,0.989,0.1494,2.6846
fCMR_Philips_123,132,2.2079,2.1466,0.1205,0.1822,0.1467,0.7976
fCMR_Philips_079,132,2.6639,1.9248,0.2684,0.8429,0.307,2.1587
fCMR_Philips_041,132,2.8167,2.0821,0.0948,1.3269,0.1209,3.177
fCMR_Philips_090,132,3.0542,3.1308,0.1113,2.8413,0.1931,5.934
fCMR_Philips_114,132,2.4756,2.2124,0.2584,1.6428,0.2776,4.466
fCMR_Philips_065,132,3.1221,2.2672,0.0919,1.1547,0.1607,2.6624
fCMR_Philips_132,132,2.4792,2.7365,0.2841,4.4269,0.2978,9.2248
fCMR_Philips_031,132,2.7293,1.0749,0.1063,1.5677,0.1383,3.2778
fCMR_Philips_104,132,2.6047,3.4286,0.1276,1.1632,0.2521,3.4615
fCMR_Philips_094,132,1.9552,2.3956,0.2275,1.8166,0.2732,4.8089
fCMR_Philips_136,132,2.7143,4.0164,0.164,0.1145,0.2061,0.857
fCMR_Philips_087,132,2.1935,2.524,0.399,3.9854,0.4085,8.4163
fCMR_Philips_003,132,1.0788,2.5291,0.2469,0.6488,0.2646,1.9355
fCMR_Philips_047,132,2.0239,2.7332,0.33,3.965,0.3371,8.5349
fCMR_Philips_057,132,2.8847,2.4356,0.4012,0.6889,0.4111,1.6463
fCMR_Philips_097,132,2.0816,3.3127,0.3432,0.4698,0.3621,1.7242
fCMR_Philips_070,132,2.3978,3.0882,0.3313,2.071,0.3574,4.6168
fCMR_Philips_068,132,2.8945,1.6967,0.1132,1.7717,0.1925,4.0303
fCMR_Philips_117,133,3.1046,2.0322,0.28,0.4663,0.302,1.4789
fCMR_Philips_002,133,0.9317,2.2531,0.1683,0.8081,0.21,2.3502
fCMR_Philips_052,133,2.9395,2.4102,0.2053,0.1563,0.2208,1.003
fCMR_Philips_123,133,2.6209,2.8313,0.1388,0.4564,0.1551,1.2498
fCMR_Philips_079,133,2.3252,1.5036,0.1503,0.8755,0.2196,2.3638
fCMR_Philips_041,133,2.879,2.0919,0.0768,1.1781,0.1485,2.7574
fCMR_Philips_090,133,1.8292,2.8641,0.065,2.4507,0.1794,5.442
fCMR_Philips_114,133,3.0142,1.8649,0.2567,1.5685,0.2645,3.6844
fCMR_Philips_065,133,2.0141,1.005,0.1843,1.3566,0.2214,3.3858
fCMR_Philips_132,133,1.4751,3.6225,0.2564,1.8726,0.2761,4.3055
fCMR_Philips_031,133,1.9605,1.4247,0.1438,2.4677,0.1753,5.4527
fCMR_Philips_104,133,1.1513,3.0152,0.3475,2.6418,0.3625,5.8143
fCMR_Philips_094,133,1.9728,1.8765,0.1849,0.5046,0.2125,1.507
fCMR_Philips_136,133,1.2477,1.5547,0.1277,0.218,0.1861,0.7902
fCMR_Philips_087,133,3.0349,2.7196,0.3506,3.1618,0.3652,6.7503
fCMR_Philips_003,133,2.3307,2.32,0.2184,1.5128,0.2301,3.4721
fCMR_Philips_047,133,1.8018,1.5075,0.2468,1.8228,0.2646,5.0454
fCMR_Philips_057,133,2.5307,1.7179,0.3568,0.9856,0.3714,2.2762
fCMR_Philips_097,133,2.9564,1.4657,0.3124,0.1214,0.3556,0.5612
fCMR_Philips_070,133,0.806,1.7396,0.416,1.1877,0.4319,2.9209
fCMR_Philips_068,133,2.8747,0.4536,0.1034,0.7945,0.1527,1.9811
fCMR_Philips_117,134,1.8085,2.5795,0.2287,1.9763,0.2573,4.7259
fCMR_Philips_002,134,1.542,1.753,0.1224,1.4848,0.1509,3.5605
fCMR_Philips_052,134,2.7702,2.6681,0.1679,0.0796,0.2063,1.0749
fCMR_Philips_123,134,2.7139,3.0037,0.036,0.5714,0.1195,2.2521
fCMR_Philips_079,134,2.0146,1.6161,0.2954,1.4426,0.3253,3.1846
fCMR_Philips_041,134,1.7378,1.3883,0.0988,0.6031,0.1187,1.8999
fCMR_Philips_090,134,1.3166,3.6069,0.2164,1.4677,0.2287,3.4309
fCMR_Philips_114,134,2.8951,2.1163,0.1954,0.9955,0.2181,2.7205
fCMR_Philips_065,134,1.4392,1.2835,0.0589,1.7651,0.0989,4.0136
fCMR_Philips_132,134,3.0876,3.289,0.3498,3.9086,0.3596,8.3474
fCMR_Philips_031,134,2.2635,2.5409,0.1935,1.0542,0.2076,2.6989
fCMR_Philips_104,134,1.7792,1.7743,0.1842,1.5676,0.1941,3.773
fCMR_Philips_094,134,1.6262,1.6281,0.1581,0.4344,0.1897,1.5577
fCMR_Philips_136,134,2.9078,3.1048,0.1088,0.1605,0.1602,0.5557
fCMR_Philips_087,134,2.7831,1.6782,0.3611,3.1712,0.3795,6.8704
fCMR_Philips_003,134,2.2057,2.8381,0.2051,0.7104,0.2139,1.7096
fCMR_Philips_047,134,2.2069,2.7704,0.2707,3.4327,0.3411,8.8024
fCMR_Philips_057,134,1.4008,2.933,0.328,0.5603,0.3303,1.4292
fCMR_Philips_097,134,1.1858,1.5798,0.4028,0.3454,0.4359,1.2944
fCMR_Philips_070,134,2.1068,2.5258,0.4749,1.4978,0.4841,3.4942
fCMR_Philips_068,134,2.0888,2.4701,0.1686,0.5624,0.1924,1.8923
fCMR_Philips_117,135,2.6719,1.9398,0.1859,0.4564,0.2312,1.4615
fCMR_Philips_002,135,2.6001,0.6856,0.2645,0.6232,0.3173,2.3762
fCMR_Philips_052,135,2.7245,3.5917,0.1671,0.9364,0.1892,2.5874
fCMR_Philips_123,135,2.0327,1.9437,0.1865,0.4781,0.2117,1.2504
fCMR_Philips_079,135,2.1927,2.899,0.1237,0.5825,0.139,1.6647
fCMR_Philips_041,135,2.9763,1.0826,0.0978,0.8887,0.1328,2.3021
fCMR_Philips_090,135,2.2559,1.7158,0.172,2.9653,0.1978,6.7665
fCMR_Philips_114,135,2.6774,3.8756,0.1751,1.6805,0.2047,3.9616
fCMR_Philips_065,135,2.1903,2.4323,0.1395,2.992,0.1666,6.4397
fCMR_Philips_132,135,2.5036,2.4504,0.2769,3.247,0.3004,7.0532
fCMR_Philips_031,135,3.0255,2.6894,0.1406,1.4302,0.177,3.6307
fCMR_Philips_104,135,2.9128,2.8236,0.1226,2.9781,0.3051,6.8162
fCMR_Philips_094,135,2.1706,2.2076,0.1493,1.105,0.1797,2.7214
fCMR_Philips_136,135,1.7893,3.1467,0.0613,0.096,0.1343,0.9506
fCMR_Philips_087,135,1.5806,2.797,0.3326,3.5344,0.3411,7.8869
fCMR_Philips_003,135,1.8628,1.8921,0.1826,1.2929,0.1992,2.9212
fCMR_Philips_047,135,1.2085,2.1746,0.2331,3.773,0.304,8.0318
fCMR_Philips_057,135,1.7255,1.3959,0.2558,1.9055,0.2625,4.6256
fCMR_Philips_097,135,1.0753,2.708,0.3586,0.496,0.3783,1.6496
fCMR_Philips_070,135,1.2929,2.2428,0.3316,1.6442,0.3667,3.7768
fCMR_Philips_068,135,2.8122,1.2492,0.2224,1.2907,0.239,3.1479
fCMR_Philips_117,136,1.609,2.2015,0.1461,1.0103,0.1996,2.6434
fCMR_Philips_002,136,1.9134,2.3032,0.237,1.4172,0.2578,3.4219
fCMR_Philips_052,136,2.2222,3.0692,0.2575,0.832,0.2753,2.3001
fCMR_Philips_123,136,2.5827,3.3091,0.1748,0.4429,0.2057,1.5806
fCMR_Philips_079,136,3.0826,2.5096,0.1418,1.2317,0.1822,2.5922
fCMR_Philips_041,136,1.4401,2.0162,0.088,0.3889,0.1321,1.3484
fCMR_Philips_090,136,2.6567,2.3233,0.1314,0.811,0.2079,2.2159
fCMR_Philips_114,136,1.9071,2.7115,0.3246,0.6784,0.3341,1.8008
fCMR_Philips_065,136,1.9007,2.7605,0.0876,1.0703,0.128,2.6309
fCMR_Philips_132,136,2.9561,2.6903,0.2821,3.9802,0.2976,8.699
fCMR_Philips_031,136,2.6629,2.1367,0.1749,1.5249,0.1897,3.8636
fCMR_Philips_104,136,2.5995,0.9561,0.2146,2.4319,0.3026,5.8182
fCMR_Philips_094,136,3.0053,2.2955,0.1839,0.6224,0.2036,2.0217
fCMR_Philips_136,136,2.5047,1.5955,0.0783,0.1026,0.1261,0.686
fCMR_Philips_087,136,2.2877,2.4198,0.369,1.7375,0.3947,4.0874
fCMR_Philips_003,136,2.1085,1.3401,0.2709,1.0874,0.2794,2.3477
fCMR_Philips_047,136,1.0384,2.6078,0.2515,1.3082,0.2807,4.3697
fCMR_Philips_057,136,2.8143,1.8377,0.362,0.556,0.3701,1.5886
fCMR_Philips_097,136,1.8961,1.4656,0.6249,0.1044,0.6673,2.1711
fCMR_Philips_070,136,1.1842,1.6911,0.4154,0.9661,0.4336,2.2313
fCMR_Philips_068,136,1.8957,2.972,0.2458,0.4532,0.269,1.3502
fCMR_Philips_117,137,0.736,3.5325,0.2627,0.3064,0.3055,1.3883
fCMR_Philips_002,137,0.5348,1.6362,0.1363,0.6605,0.162,1.8426
fCMR_Philips_052,137,1.6955,2.1902,0.2248,0.1838,0.2297,0.6501
fCMR_Philips_123,137,2.4439,1.6343,0.102,0.6143,0.1768,2.5347
fCMR_Philips_079,137,0.7892,2.628,0.0879,0.8633,0.1433,2.5386
fCMR_Philips_041,137,1.7876,1.7871,0.1261,0.6111,0.185,2.5513
fCMR_Philips_090,137,1.5558,1.9264,0.1937,2.0249,0.2139,4.3774
fCMR_Philips_114,137,0.9352,2.5323,0.3077,0.85,0.3299,2.347
fCMR_Philips_065,137,2.9819,2.1668,0.0949,2.2851,0.1705,5.1544
fCMR_Philips_132,137,1.4621,2.5884,0.2553,4.4765,0.2593,9.5702
fCMR_Philips_031,137,2.3129,3.0556,0.134,2.0474,0.1762,4.4192
fCMR_Philips_104,137,3.0358,3.5206,0.0771,2.6236,0.1266,5.7882
fCMR_Philips_094,137,1.598,2.4368,0.1043,1.3107,0.1359,3.4651
fCMR_Philips_136,137,2.1829,1.8899,0.1683,0.189,0.1869,0.7263
fCMR_Philips_087,137,0.3532,1.741,0.4394,3.2967,0.4468,7.4339
fCMR_Philips_003,137,2.0521,0.4851,0.1901,0.488,0.2065,1.0957
fCMR_Philips_047,137,2.0896,2.2475,0.2995,8.0418,0.3299,16.6574
fCMR_Philips_057,137,2.3594,1.3341,0.2613,1.1593,0.2791,2.7251
fCMR_Philips_097,137,2.7039,2.0582,0.34,0.0593,0.3643,0.6542
fCMR_Philips_070,137,2.9336,3.0405,0.5215,2.3462,0.53,5.2406
fCMR_Philips_068,137,0.7157,2.3694,0.2343,0.5953,0.2667,1.8165
fCMR_Philips_117,138,2.9043,3.6768,0.2701,0.6702,0.2981,1.9048
fCMR_Philips_002,138,2.6624,0.5506,0.1091,0.9954,0.1785,3.0474
fCMR_Philips_052,138,2.9337,1.815,0.2246,0.1761,0.2334,0.8351
fCMR_Philips_123,138,2.2411,3.0731,0.1157,0.4949,0.1437,1.262
fCMR_Philips_079,138,2.2951,2.3862,0.178,1.2817,0.228,3.0233
fCMR_Philips_041,138,2.9591,2.7124,0.1507,1.7985,0.2103,4.2544
fCMR_Philips_090,138,2.1483,1.734,0.1753,1.2661,0.1993,3.0486
fCMR_Philips_114,138,2.0633,2.2413,0.2653,1.8842,0.2831,4.1032
fCMR_Philips_065,138,1.5985,2.8105,0.1516,1.7514,0.1707,3.8272
fCMR_Philips_132,138,2.9971,2.9913,0.2395,4.0115,0.259,8.6067
fCMR_Philips_031,138,2.4067,2.8764,0.1779,1.7071,0.2285,3.9772
fCMR_Philips_104,138,3.0994,2.8428,0.1975,2.4993,0.2396,5.6871
fCMR_Philips_094,138,3.1404,0.8764,0.2298,1.2302,0.2434,2.8242
fCMR_Philips_136,138,0.972,2.6685,0.0888,0.5058,0.1373,1.5354
fCMR_Philips_087,138,1.606,2.675,0.388,3.6736,0.3972,7.6808
fCMR_Philips_003,138,2.0783,2.4991,0.2188,1.3197,0.2327,3.232
fCMR_Philips_047,138,2.9113,1.496,0.3221,1.1966,0.392,4.6685
fCMR_Philips_057,138,1.4982,0.785,0.3986,1.1128,0.4021,3.0233
fCMR_Philips_097,138,1.796,2.0993,0.4566,0.0898,0.4714,0.6258
fCMR_Philips_070,138,2.6773,0.7245,0.3912,1.4907,0.4035,3.708
fCMR_Philips_068,138,1.9382,1.8273,0.2493,0.9308,0.2898,2.5948
fCMR_Philips_117,139,2.4976,2.3886,0.1639,0.6805,0.1719,1.8816
fCMR_Philips_002,139,2.7267,1.4534,0.1907,2.3323,0.225,5.4615
fCMR_Philips_052,139,3.1145,2.1113,0.2047,0.6144,0.2235,2.0225
fCMR_Philips_123,139,2.6553,3.1073,0.0894,1.6715,0.1607,4.0648
fCMR_Philips_079,139,2.8633,2.9714,0.2346,1.0804,0.2884,2.8274
fCMR_Philips_041,139,2.1332,2.2729,0.0955,0.565,0.1308,1.8568
fCMR_Philips_090,139,2.9857,1.6478,0.1181,2.4113,0.1589,4.9871
fCMR_Philips_114,139,3.0777,3.2777,0.2924,1.7545,0.3182,4.7012
fCMR_Philips_065,139,2.4692,3.3334,0.08,0.8477,0.1177,2.2481
fCMR_Philips_132,139,2.9716,3.7555,0.2352,2.066,0.2639,5.2038
fCMR_Philips_031,139,2.2723,1.9227,0.1607,1.0367,0.1839,2.7446
fCMR_Philips_104,139,2.1616,2.7994,0.2113,2.407,0.2543,5.3892
fCMR_Philips_094,139,2.6736,1.9629,0.144,1.2819,0.1678,3.2721
fCMR_Philips_136,139,1.1405,3.2457,0.1934,0.094,0.2472,0.3975
fCMR_Philips_087,139,2.4468,1.472,0.4902,2.8484,0.4992,6.1416
fCMR_Philips_003,139,1.7952,3.0008,0.1611,0.1825,0.1956,0.6553
fCMR_Philips_047,139,2.6461,3.2045,0.3115,8.9778,0.3513,18.6713
fCMR_Philips_057,139,2.3715,2.4783,0.3005,2.3522,0.3071,5.1883
fCMR_Philips_097,139,2.5795,3.0241,0.4843,0.0697,0.4911,0.3682
fCMR_Philips_070,139,2.2793,2.6064,0.4537,1.7029,0.4704,3.6642
fCMR_Philips_068,139,2.3623,2.7651,0.2306,0.8503,0.2639,2.842
fCMR_Philips_117,140,2.5449,1.6034,0.2055,1.2048,0.2249,3.2565
fCMR_Philips_002,140,2.12,1.1543,0.158,1.4366,0.2116,3.5748
fCMR_Philips_052,140,3.0864,2.6926,0.1968,0.1985,0.2157,1.4297
fCMR_Philips_123,140,1.5955,0.4345,0.1579,0.1075,0.2039,0.6874
fCMR_Philips_079,140,3.0164,3.0184,0.1734,2.2983,0.2189,5.3431
fCMR_Philips_041,140,2.9053,2.7375,0.2069,0.8991,0.2517,2.1985
fCMR_Philips_090,140,3.0451,2.2091,0.138,1.0429,0.1476,2.693
fCMR_Philips_114,140,0.8537,1.0094,0.2091,1.8471,0.2292,4.4493
fCMR_Philips_065,140,2.1728,0.716,0.1496,1.6363,0.1703,3.811
fCMR_Philips_132,140,3.1219,2.2519,0.3416,4.1213,0.3494,9.097
fCMR_Philips_031,140,1.6562,2.6305,0.094,2.6422,0.16,5.7037
fCMR_Philips_104,140,2.3649,2.9137,0.2203,2.9111,0.487,6.8261
fCMR_Philips_094,140,1.5699,2.7116,0.1897,0.576,0.217,2.1304
fCMR_Philips_136,140,1.8257,2.7407,0.0385,0.5869,0.1129,1.8796
fCMR_Philips_087,140,2.3548,2.8976,0.4497,2.0604,0.4641,4.3478
fCMR_Philips_003,140,1.758,3.1082,0.1767,1.0479,0.2061,3.0033
fCMR_Philips_047,140,2.9584,1.9063,0.1565,8.1876,0.5857,22.1899
fCMR_Philips_057,140,2.7556,3.3172,0.2921,1.7818,0.3041,4.2308
fCMR_Philips_097,140,2.5657,3.5575,0.2352,0.2514,0.2681,1.3807
fCMR_Philips_070,140,2.7285,2.0274,0.3997,0.979,0.4293,2.3919
fCMR_Philips_068,140,1.2825,3.7188,0.1607,0.8772,0.1841,2.0135
fCMR_Philips_117,141,1.8808,2.5142,0.1315,0.4948,0.1632,1.2511
fCMR_Philips_002,141,0.9578,1.5204,0.2832,1.7671,0.3019,4.2784
fCMR_Philips_052,141,3.0592,2.2451,0.1197,1.1298,0.1531,2.5124
fCMR_Philips_123,141,2.8549,1.9267,0.13,0.9111,0.1973,2.1163
fCMR_Philips_079,141,1.8091,3.36,0.1643,4.6097,0.2169,10.0333
fCMR_Philips_041,141,2.2942,2.172,0.2044,0.7939,0.2297,2.1994
fCMR_Philips_090,141,2.2154,3.7861,0.1441,1.0284,0.1913,2.4169
fCMR_Philips_114,141,1.7847,2.0974,0.3758,1.3421,0.3957,3.3056
fCMR_Philips_065,141,2.4308,1.8153,0.1023,0.968,0.1382,2.284
fCMR_Philips_132,141,2.9317,2.7736,0.218,1.2395,0.2245,2.9527
fCMR_Philips_031,141,2.1251,1.4837,0.1806,1.7588,0.2074,4.2345
fCMR_Philips_104,141,2.8613,2.6479,0.1464,2.0141,0.2175,4.6452
fCMR_Philips_094,141,2.8842,2.6304,0.2853,1.4238,0.2978,3.3827
fCMR_Philips_136,141,2.2965,2.9253,0.0789,0.4543,0.142,1.7842
fCMR_Philips_087,141,2.0217,2.3037,0.4467,2.7583,0.466,5.9
fCMR_Philips_003,141,1.8792,3.1191,0.2169,0.8114,0.2458,2.1143
fCMR_Philips_047,141,1.9761,2.8051,0.2381,8.1854,0.2488,17.1568
fCMR_Philips_057,141,2.3076,2.2917,0.2881,1.5269,0.298,3.3968
fCMR_Philips_097,141,1.26,3.013,0.3692,0.1154,0.4014,1.2698
fCMR_Philips_070,141,3.0889,3.3303,0.4003,1.7437,0.4077,3.9546
fCMR_Philips_068,141,2.2469,3.6484,0.2441,1.7109,0.2582,3.7827
fCMR_Philips_117,142,3.0396,1.6584,0.1931,0.6461,0.2249,2.2791
fCMR_Philips_002,142,2.366,1.7409,0.2584,1.7449,0.296,4.1873
fCMR_Philips_052,142,2.7207,2.5183,0.1284,0.7804,0.1744,1.7285
fCMR_Philips_123,142,2.4189,3.2033,0.1673,0.3732,0.1804,1.3581
fCMR_Philips_079,142,0.5445,2.6125,0.0571,0.835,0.1139,2.6863
fCMR_Philips_041,142,0.4725,2.0722,0.1533,0.1412,0.1774,1.0433
fCMR_Philips_090,142,1.7595,2.786,0.0641,1.5786,0.223,4.4745
fCMR_Philips_114,142,1.0455,3.5973,0.2788,1.4217,0.3027,3.5123
fCMR_Philips_065,142,1.3414,3.5402,0.0575,1.6595,0.105,3.731
fCMR_Philips_132,142,2.0825,1.9965,0.3177,4.9245,0.3232,10.4021
fCMR_Philips_031,142,2.825,3.18,0.2238,2.132,0.2433,4.4626
fCMR_Philips_104,142,2.9012,2.3663,0.3802,1.8753,0.3932,4.0556
fCMR_Philips_094,142,2.3413,3.0338,0.1292,0.4168,0.1671,1.3251
fCMR_Philips_136,142,2.156,2.3935,0.1639,0.6914,0.1895,1.8632
fCMR_Philips_087,142,2.0224,3.4584,0.4641,4.0773,0.4684,9.093
fCMR_Philips_003,142,0.8567,3.2427,0.2869,0.8487,0.304,1.9751
fCMR_Philips_047,142,2.9932,1.9168,0.2642,2.9491,0.3105,7.0282
fCMR_Philips_057,142,1.1449,2.7519,0.2102,1.888,0.226,4.4696
fCMR_Philips_097,142,2.5772,3.2247,0.4309,0.3637,0.4433,1.2551
fCMR_Philips_070,142,2.9288,1.6326,0.3389,1.0243,0.369,2.7102
fCMR_Philips_068,142,2.8515,1.1036,0.1709,0.8157,0.2013,2.6689
fCMR_Philips_117,143,2.5869,1.3145,0.2137,0.9771,0.2559,2.436
fCMR_Philips_002,143,2.7481,2.6871,0.1083,0.6518,0.1428,2.3072
fCMR_Philips_052,143,1.6389,2.7577,0.2023,0.57,0.2117,1.5036
fCMR_Philips_123,143,2.6015,3.1542,0.1221,0.5796,0.1665,2.2276
fCMR_Philips_079,143,1.9107,2.6558,0.1068,2.3443,0.1982,5.4119
fCMR_Philips_041,143,2.4602,1.7338,0.1185,0.3189,0.1938,1.2736
fCMR_Philips_090,143,2.8509,1.9293,0.1419,2.5709,0.1615,5.6621
fCMR_Philips_114,143,0.7881,2.1839,0.2475,0.8898,0.2877,2.2993
fCMR_Philips_065,143,2.8797,2.7286,0.0677,1.382,0.1287,3.5557
fCMR_Philips_132,143,2.9196,2.3875,0.267,6.1348,0.3021,12.5745
fCMR_Philips_031,143,2.9173,3.5122,0.1315,1.5159,0.1769,3.5239
fCMR_Philips_104,143,2.2468,3.0329,0.2148,1.2287,0.4592,3.8692
fCMR_Philips_094,143,1.2074,2.3896,0.2095,0.6894,0.236,2.283
fCMR_Philips_136,143,3.0648,2.7355,0.0786,0.5035,0.1428,1.3263
fCMR_Philips_087,143,0.9727,2.4845,0.3824,2.0799,0.3914,4.4846
fCMR_Philips_003,143,2.9876,2.9443,0.3304,1.8915,0.343,4.3937
fCMR_Philips_047,143,2.4403,2.7408,0.1602,8.4635,0.2057,18.7207
fCMR_Philips_057,143,2.6293,1.5273,0.3314,0.6563,0.3363,1.9323
fCMR_Philips_097,143,2.5129,1.3904,0.4349,0.2582,0.4573,1.3736
fCMR_Philips_070,143,3.0996,2.1087,0.3327,1.775,0.3431,4.5379
fCMR_Philips_068,143,1.4113,3.2614,0.222,0.4038,0.2357,1.2168
fCMR_Philips_117,144,2.8307,2.1799,0.1552,1.0858,0.2017,2.6574
fCMR_Philips_002,144,1.127,1.8852,0.2018,1.1801,0.2488,3.54
fCMR_Philips_052,144,2.2189,2.5339,0.2623,0.2916,0.271,1.1415
fCMR_Philips_123,144,2.0275,1.7657,0.1034,0.4383,0.1268,1.3002
fCMR_Philips_079,144,3.122,3.086,0.2738,1.5222,0.2978,3.6351
fCMR_Philips_041,144,2.9329,0.8156,0.0318,0.8971,0.0961,2.0578
fCMR_Philips_090,144,2.3748,3.6109,0.0278,1.9125,0.1281,4.1996
fCMR_Philips_114,144,2.3585,1.4989,0.247,1.8062,0.2655,3.8068
fCMR_Philips_065,144,3.0737,2.4252,0.0422,1.6774,0.0952,3.6914
fCMR_Philips_132,144,2.5128,2.1496,0.3558,6.3453,0.3677,13.0587
fCMR_Philips_031,144,1.6729,3.5083,0.1892,2.198,0.2084,4.7254
fCMR_Philips_104,144,2.893,2.3943,0.0646,2.407,0.2991,6.2181
fCMR_Philips_094,144,2.7219,3.5833,0.182,0.6039,0.2177,1.9765
fCMR_Philips_136,144,1.9505,2.3183,0.1301,0.0299,0.1819,0.6009
fCMR_Philips_087,144,2.8724,3.4618,0.4122,1.9625,0.4311,4.2118
fCMR_Philips_003,144,1.7152,2.5558,0.2239,0.9494,0.2347,2.2968
fCMR_Philips_047,144,2.5429,2.4656,0.3538,8.1018,0.3816,16.7012
fCMR_Philips_057,144,2.3232,2.1586,0.2351,1.5153,0.2586,3.8026
fCMR_Philips_097,144,1.251,3.2204,0.4054,0.1927,0.4252,0.8893
fCMR_Philips_070,144,2.6489,1.4607,0.4784,0.9494,0.4884,2.6462
fCMR_Philips_068,144,2.9802,2.6634,0.24,0.6537,0.2677,2.0447
fCMR_Philips_117,145,2.6516,2.78,0.2491,0.6736,0.2741,1.6842
fCMR_Philips_002,145,2.4833,2.9966,0.2977,2.1647,0.3075,4.6635
fCMR_Philips_052,145,2.1018,2.065,0.218,0.4237,0.2407,1.6277
fCMR_Philips_123,145,2.2369,2.5629,0.1589,1.0735,0.2018,2.4872
fCMR_Philips_079,145,1.6785,2.8132,0.1495,0.6211,0.2441,2.1357
fCMR_Philips_041,145,2.9943,2.1356,0.1414,1.4476,0.1617,3.6986
fCMR_Philips_090,145,2.5835,2.9904,0.1426,1.5119,0.2318,3.814
fCMR_Philips_114,145,0.9513,3.2693,0.2626,1.081,0.2806,2.4517
fCMR_Philips_065,145,3.0743,2.39,0.1883,2.8735,0.2304,6.3275
fCMR_Philips_132,145,1.3768,1.3881,0.2802,5.0252,0.2891,10.457
fCMR_Philips_031,145,1.8977,2.4139,0.2636,1.7669,0.2708,4.0761
fCMR_Philips_104,145,2.0647,2.6253,0.2878,1.8105,0.3009,4.5816
fCMR_Philips_094,145,2.8742,2.957,0.1282,0.9676,0.1802,2.5883
fCMR_Philips_136,145,1.7595,3.3477,0.1876,0.2807,0.2223,1.0857
fCMR_Philips_087,145,2.9583,3.4308,0.4966,3.6229,0.5088,7.9246
fCMR_Philips_003,145,1.4368,1.4549,0.2618,0.6655,0.2775,1.6589
fCMR_Philips_047,145,3.137,1.4899,0.2558,4.917,0.3389,10.6854
fCMR_Philips_057,145,2.9639,3.4211,0.3463,0.8161,0.3669,2.4972
fCMR_Philips_097,145,1.2967,1.6922,0.3591,0.4025,0.3836,1.3916
fCMR_Philips_070,145,2.403,0.9802,0.2599,1.1435,0.275,2.7008
fCMR_Philips_068,145,2.1629,2.439,0.1954,1.0365,0.2149,2.4742
fCMR_Philips_117,146,1.3382,2.4657,0.3016,0.0321,0.3349,0.9555
fCMR_Philips_002,146,2.7571,2.4854,0.1455,1.2657,0.1706,2.9376
fCMR_Philips_052,146,2.6842,1.7908,0.2383,0.3827,0.2435,1.2711
fCMR_Philips_123,146,1.118,2.9166,0.1497,0.803,0.1744,2.2155
fCMR_Philips_079,146,2.8594,2.1794,0.1619,0.8776,0.1988,2.41
fCMR_Philips_041,146,3.0339,2.3832,0.1256,1.0071,0.1535,2.3035
fCMR_Philips_090,146,2.6909,3.3264,0.0346,0.9305,0.0868,2.3836
fCMR_Philips_114,146,2.4468,2.5976,0.3552,0.9729,0.3911,2.7884
fCMR_Philips_065,146,2.4035,2.7365,0.1606,0.6749,0.1747,1.911
fCMR_Philips_132,146,1.6775,3.1022,0.2587,3.7474,0.2662,8.3509
fCMR_Philips_031,146,2.6833,2.4003,0.1978,3.2724,0.2136,6.8433
fCMR_Philips_104,146,2.9749,2.4212,0.1173,1.8078,0.1587,4.4
fCMR_Philips_094,146,3.0963,3.1312,0.2044,0.3121,0.2274,1.0945
fCMR_Philips_136,146,3.0493,3.3184,0.1701,0.3248,0.2242,1.3155
fCMR_Philips_087,146,1.6535,2.9471,0.3719,2.2027,0.4012,4.824
fCMR_Philips_003,146,2.245,1.0503,0.3025,0.7878,0.3417,1.9829
fCMR_Philips_047,146,2.9245,3.0202,0.5115,5.2648,0.5341,13.5449
fCMR_Philips_057,146,1.37,1.9494,0.3267,1.2645,0.3334,2.7968
fCMR_Philips_097,146,2.1213,2.1074,0.5531,0.2537,0.6066,1.5529
fCMR_Philips_070,146,1.7751,3.2462,0.3466,1.6843,0.3718,3.7874
fCMR_Philips_068,146,3.003,2.1056,0.2045,1.1978,0.2294,2.8661
fCMR_Philips_117,147,2.4184,2.5054,0.2209,0.4048,0.2409,1.8543
fCMR_Philips_002,147,1.3965,2.0395,0.2236,1.0588,0.2712,2.7614
fCMR_Philips_052,147,2.7076,2.7284,0.0922,1.3494,0.1577,3.0768
fCMR_Philips_123,147,2.3149,1.9486,0.1421,0.6916,0.1827,2.3068
fCMR_Philips_079,147,3.1285,3.069,0.1129,0.9485,0.1939,3.0759
fCMR_Philips_041,147,2.0161,2.6607,0.1215,0.3946,0.1619,1.0638
fCMR_Philips_090,147,2.654,3.0917,0.0616,0.7651,0.1203,1.8861
fCMR_Philips_114,147,2.5258,2.4632,0.2159,1.8137,0.227,3.9708
fCMR_Philips_065,147,2.3938,2.0274,0.1579,1.4145,0.1939,3.2854
fCMR_Philips_132,147,2.9968,2.8128,0.3291,2.6161,0.3338,5.9492
fCMR_Philips_031,147,2.2877,3.1777,0.1294,1.163,0.178,2.811
fCMR_Philips_104,147,2.5038,3.1949,0.0559,1.9154,0.2687,5.1604
fCMR_Philips_094,147,1.9645,2.7532,0.2062,1.3684,0.2363,3.3093
fCMR_Philips_136,147,2.9672,1.0836,0.1658,0.2756,0.2018,1.4504
fCMR_Philips_087,147,3.0535,2.1635,0.4391,2.799,0.4555,6.5255
fCMR_Philips_003,147,1.7377,3.4766,0.2556,1.0829,0.2636,2.6207
fCMR_Philips_047,147,2.397,0.8224,0.2583,4.2653,0.336,10.1822
fCMR_Philips_057,147,0.9432,2.9687,0.2305,0.9893,0.2426,2.7425
fCMR_Philips_097,147,0.6245,1.5936,0.3694,0.2773,0.3754,1.2138
fCMR_Philips_070,147,3.067,1.9372,0.3847,1.2777,0.4062,3.5049
fCMR_Philips_068,147,3.084,2.0229,0.1634,1.3424,0.2628,3.2208
fCMR_Philips_117,148,2.8071,1.8944,0.3038,0.5764,0.3225,1.6539
fCMR_Philips_002,148,2.5764,2.5401,0.1047,0.5796,0.1386,1.5064
fCMR_Philips_052,148,2.6572,2.8564,0.1463,0.1322,0.1745,0.7714
fCMR_Philips_123,148,2.2788,3.8098,0.1026,0.5272,0.1188,1.8281
fCMR_Philips_079,148,2.4374,3.3173,0.1928,0.9524,0.254,2.6307
fCMR_Philips_041,148,2.712,2.3988,0.2,0.6598,0.2299,2.2049
fCMR_Philips_090,148,1.7398,2.0145,0.1666,2.1258,0.1842,4.646
fCMR_Philips_114,148,3.0683,2.3857,0.2636,1.8852,0.2849,4.122
fCMR_Philips_065,148,2.504,2.3498,0.031,0.8265,0.0934,1.9302
fCMR_Philips_132,148,2.6406,3.4291,0.2199,2.6496,0.2431,5.9718
fCMR_Philips_031,148,2.4233,2.1299,0.0527,2.2407,0.1583,5.443
fCMR_Philips_104,148,2.5214,2.2344,0.0902,2.1595,0.1609,4.9752
fCMR_Philips_094,148,1.1907,2.7764,0.1811,1.4351,0.2122,5.1278
fCMR_Philips_136,148,1.0685,2.0938,0.0698,0.7009,0.1094,2.1544
fCMR_Philips_087,148,2.8973,2.8919,0.3608,4.1052,0.3797,9.2342
fCMR_Philips_003,148,2.3759,2.7142,0.3072,0.7343,0.3112,1.8428
fCMR_Philips_047,148,2.6911,1.0189,0.4098,13.8386,0.4846,29.0254
fCMR_Philips_057,148,2.0962,3.3974,0.271,1.1263,0.2897,2.7928
fCMR_Philips_097,148,2.4961,0.9741,0.4764,0.5934,0.4952,1.6589
fCMR_Philips_070,148,2.0062,1.8487,0.3607,1.1788,0.3839,2.7096
fCMR_Philips_068,148,2.481,2.2093,0.1152,1.01,0.1398,2.7308
fCMR_Philips_117,149,2.6339,3.5436,0.1799,0.7369,0.2122,2.2253
fCMR_Philips_002,149,2.7999,0.9153,0.1722,2.3525,0.1985,4.9829
fCMR_Philips_052,149,2.0634,2.4459,0.2529,0.405,0.265,1.4535
fCMR_Philips_123,149,2.5812,2.4312,0.0993,0.4115,0.1647,1.4605
fCMR_Philips_079,149,1.7816,2.5606,0.1877,2.1557,0.7707,7.4169
fCMR_Philips_041,149,1.2927,3.2606,0.178,0.5089,0.2309,2.0668
fCMR_Philips_090,149,2.9708,3.017,0.1198,2.4089,0.1527,5.2482
fCMR_Philips_114,149,2.1363,1.5925,0.2643,1.7529,0.2864,4.0106
fCMR_Philips_065,149,2.9163,1.3342,0.0802,1.0113,0.127,2.3872
fCMR_Philips_132,149,1.7521,1.7369,0.3129,3.2848,0.3214,6.97
fCMR_Philips_031,149,2.0535,2.9827,0.1051,1.8531,0.1206,4.3045
fCMR_Philips_104,149,1.2512,1.9749,0.3118,0.862,0.3843,2.5967
fCMR_Philips_094,149,3.0807,0.8551,0.1471,0.8418,0.1777,2.7686
fCMR_Philips_136,149,2.2913,0.8698,0.1559,0.1768,0.1798,0.6027
fCMR_Philips_087,149,2.3101,1.9831,0.4503,2.5294,0.4579,5.4496
fCMR_Philips_003,149,1.0422,2.1034,0.2561,0.3479,0.2689,1.0723
fCMR_Philips_047,149,2.885,2.5101,0.3739,3.8361,0.3894,8.3449
fCMR_Philips_057,149,1.0872,3.0367,0.2561,1.4761,0.2637,3.512
fCMR_Philips_097,149,2.2189,3.5774,0.4119,0.4984,0.426,2.1255
fCMR_Philips_070,149,1.8486,1.9315,0.4222,1.3835,0.4735,3.4424
fCMR_Philips_068,149,1.9775,2.3545,0.2573,0.9566,0.2707,2.351
fCMR_Philips_117,150,2.3036,2.4732,0.2539,0.5234,0.2618,1.6377
fCMR_Philips_002,150,1.6093,2.9844,0.2517,0.5793,0.2659,2.3734
fCMR_Philips_052,150,2.5482,1.3699,0.1669,1.0613,0.1904,2.4926
fCMR_Philips_123,150,1.086,2.7634,0.086,0.6369,0.1264,2.3138
fCMR_Philips_079,150,2.3224,2.9124,0.1523,2.7439,0.1655,5.7922
fCMR_Philips_041,150,1.9136,2.1542,0.035,0.5199,0.1266,1.9762
fCMR_Philips_090,150,2.3899,0.5079,0.1055,1.3134,0.1825,3.0409
fCMR_Philips_114,150,1.4574,2.5492,0.2306,1.4262,0.2775,3.3681
fCMR_Philips_065,150,1.2153,0.5253,0.1162,2.0725,0.1557,4.5612
fCMR_Philips_132,150,2.3045,2.1813,0.2842,4.8258,0.2923,10.0008
fCMR_Philips_031,150,2.9633,1.1582,0.128,1.9286,0.1827,4.2925
fCMR_Philips_104,150,2.1908,3.3013,0.2964,2.3192,0.3143,5.0016
fCMR_Philips_094,150,2.9825,1.3771,0.2616,1.5054,0.2701,4.4314
fCMR_Philips_136,150,2.6362,2.8811,0.0942,0.1878,0.1368,0.832
fCMR_Philips_087,150,1.5347,3.2932,0.3301,2.5196,0.3414,5.5333
fCMR_Philips_003,150,1.978,0.4224,0.2083,1.1392,0.2149,2.6182
fCMR_Philips_047,150,1.9084,2.6313,0.3698,7.7373,0.3974,16.2812
fCMR_Philips_057,150,1.9465,2.7875,0.3499,1.6497,0.3582,3.713
fCMR_Philips_097,150,2.4117,1.5054,0.3271,0.2495,0.3656,1.1692
fCMR_Philips_070,150,1.8134,2.4633,0.3713,1.1999,0.3794,2.9439
fCMR_Philips_068,150,1.7339,1.7539,0.2186,1.3504,0.2345,3.0021
fCMR_Philips_117,151,2.7281,1.3323,0.3273,0.3308,0.335,1.2905
fCMR_Philips_002,151,2.8847,3.0667,0.1385,2.7914,0.1952,6.132
fCMR_Philips_052,151,3.0374,1.4059,0.1285,0.5221,0.1459,1.2828
fCMR_Philips_123,151,2.5149,2.3369,0.1243,0.7266,0.1768,2.2792
fCMR_Philips_079,151,1.6987,3.1331,0.1219,0.2837,0.1491,1.4256
fCMR_Philips_041,151,2.5271,2.7574,0.3006,1.728,0.3124,4.6865
fCMR_Philips_090,151,1.9139,3.1284,0.1735,2.0559,0.2047,4.6474
fCMR_Philips_114,151,2.1901,1.8883,0.3328,1.6116,0.3472,3.7434
fCMR_Philips_065,151,1.3578,2.4013,0.1436,1.091,0.204,2.8356
fCMR_Philips_132,151,1.6324,2.7233,0.2454,3.8225,0.2486,8.2356
fCMR_Philips_031,151,2.9239,2.5933,0.1958,1.9599,0.2305,4.5653
fCMR_Philips_104,151,2.2729,2.9317,0.1683,2.6443,0.2161,5.9828
fCMR_Philips_094,151,1.9848,1.8551,0.2067,0.6799,0.232,2.8957
fCMR_Philips_136,151,2.7257,1.4309,0.114,0.2409,0.1972,0.9314
fCMR_Philips_087,151,2.3899,3.0134,0.4477,3.1692,0.4603,6.8846
fCMR_Philips_003,151,2.4581,2.0396,0.2288,0.6564,0.2348,1.7334
fCMR_Philips_047,151,1.3291,2.6328,0.12,1.0274,0.1569,2.4974
fCMR_Philips_057,151,2.9523,2.8004,0.2727,2.0101,0.2968,4.7686
fCMR_Philips_097,151,1.4048,2.5293,0.3884,0.3168,0.4458,1.0421
fCMR_Philips_070,151,2.5815,1.3229,0.363,1.5257,0.3902,4.1549
fCMR_Philips_068,151,2.3048,3.0941,0.156,0.3653,0.1757,1.4307
fCMR_Philips_117,152,2.0656,2.6933,0.2627,0.9849,0.2772,2.4264
fCMR_Philips_002,152,3.0609,1.5277,0.2193,2.011,0.2316,4.3019
fCMR_Philips_052,152,2.6624,2.2509,0.2122,0.8517,0.2266,2.1675
fCMR_Philips_123,152,2.659,2.324,0.1567,0.0184,0.1725,0.6716
fCMR_Philips_079,152,1.2189,2.4035,0.1455,1.1256,0.1659,2.7459
fCMR_Philips_041,152,1.5204,1.0692,0.0642,0.3365,0.1197,1.7742
fCMR_Philips_090,152,1.8693,3.6277,0.0642,0.5212,0.1132,2.1162
fCMR_Philips_114,152,3.027,0.8675,0.2281,1.6534,0.2406,3.9379
fCMR_Philips_065,152,2.9278,3.2567,0.0463,1.769,0.1384,3.9344
fCMR_Philips_132,152,3.0828,3.2602,0.3187,4.9852,0.3387,10.5052
fCMR_Philips_031,152,0.717,3.0278,0.2558,2.7602,0.2645,6.0156
fCMR_Philips_104,152,1.5345,2.4764,0.2201,2.1706,0.3175,4.7509
fCMR_Philips_094,152,2.8493,3.0509,0.1873,2.3073,0.2359,5.937
fCMR_Philips_136,152,1.4773,3.8557,0.0919,0.4438,0.1162,1.2384
fCMR_Philips_087,152,1.0872,2.5723,0.4857,2.4889,0.4927,5.9585
fCMR_Philips_003,152,3.0556,3.0457,0.1759,0.4509,0.2067,1.6166
fCMR_Philips_047,152,2.414,3.4421,0.421,5.2061,0.4499,11.0447
fCMR_Philips_057,152,2.827,2.7175,0.4139,0.8761,0.4183,2.5022
fCMR_Philips_097,152,1.6751,2.485,0.3716,0.4426,0.3895,1.2242
fCMR_Philips_070,152,3.1333,2.0871,0.3864,2.4658,0.3894,5.7502
fCMR_Philips_068,152,2.284,2.3792,0.1187,0.8532,0.2053,2.5011
fCMR_Philips_117,153,2.6358,1.1569,0.2022,0.6032,0.219,1.4511
fCMR_Philips_002,153,2.0343,2.0815,0.2962,1.2873,0.3021,3.2121
fCMR_Philips_052,153,2.9117,2.2332,0.166,1.4577,0.1889,3.2327
fCMR_Philips_123,153,1.1368,2.4471,0.2156,0.1199,0.2344,1.3676
fCMR_Philips_079,153,1.2002,2.2178,0.1824,0.9858,0.2558,2.3733
fCMR_Philips_041,153,1.8479,1.9595,0.0849,0.7011,0.1094,2.6027
fCMR_Philips_090,153,1.931,1.6673,0.1392,1.8174,0.1611,4.1767
fCMR_Philips_114,153,2.0213,3.0044,0.2183,0.7026,0.2581,2.1584
fCMR_Philips_065,153,2.9362,3.1384,0.0643,0.986,0.1684,2.8898
fCMR_Philips_132,153,1.664,2.1302,0.2843,5.5054,0.2954,11.1827
fCMR_Philips_031,153,2.0313,2.4132,0.183,3.0356,0.195,6.9896
fCMR_Philips_104,153,1.5356,2.8066,0.1782,1.184,0.2898,3.3266
fCMR_Philips_094,153,2.1558,1.8666,0.1332,0.1341,0.2142,0.862
fCMR_Philips_136,153,1.4723,3.2289,0.136,0.3209,0.1785,1.1027
fCMR_Philips_087,153,3.1397,3.2512,0.3489,2.2563,0.3629,5.1424
fCMR_Philips_003,153,2.4564,2.5254,0.1952,0.5107,0.2174,1.465
fCMR_Philips_047,153,1.7123,2.5335,0.2332,4.1402,0.2464,8.8417
fCMR_Philips_057,153,2.5085,2.7541,0.3033,0.8979,0.3299,2.4791
fCMR_Philips_097,153,2.6194,1.8762,0.3625,0.0811,0.3831,0.8871
fCMR_Philips_070,153,2.7221,2.794,0.4891,1.1234,0.5069,2.8181
fCMR_Philips_068,153,1.8287,1.9954,0.2662,0.7412,0.2891,1.9651
fCMR_Philips_117,154,1.686,2.0344,0.188,0.8934,0.2508,2.4771
fCMR_Philips_002,154,2.2472,2.9527,0.2464,1.7889,0.2598,4.2932
fCMR_Philips_052,154,1.5756,1.5323,0.2053,0.6289,0.2177,2.2504
fCMR_Philips_123,154,2.0793,0.3152,0.1546,0.4662,0.1823,2.9248
fCMR_Philips_079,154,2.0743,3.6372,0.1646,1.3621,0.1859,3.7231
fCMR_Philips_041,154,2.2742,2.6648,0.2005,0.8796,0.2249,2.8356
fCMR_Philips_090,154,2.4704,1.8479,0.2241,1.9477,0.2641,4.4631
fCMR_Philips_114,154,2.8239,2.9991,0.2613,1.961,0.2707,4.5515
fCMR_Philips_065,154,2.2344,1.9859,0.151,1.5108,0.1862,3.9969
fCMR_Philips_132,154,1.6508,2.8598,0.3541,6.0894,0.3632,12.7512
fCMR_Philips_031,154,3.0566,2.7486,0.1246,1.4237,0.161,4.0182
fCMR_Philips_104,154,1.5069,2.4914,0.1905,2.7749,0.2402,6.4664
fCMR_Philips_094,154,0.9567,2.1018,0.1729,1.1402,0.2112,2.7314
fCMR_Philips_136,154,2.1548,2.8613,0.1944,0.137,0.2216,0.4876
fCMR_Philips_087,154,2.7032,2.9286,0.4517,2.2618,0.4703,5.6101
fCMR_Philips_003,154,2.71,1.8988,0.2351,1.1207,0.2548,2.4182
fCMR_Philips_047,154,2.0861,1.1507,0.6398,13.6657,0.7589,30.1358
fCMR_Philips_057,154,0.7805,3.1875,0.3938,1.043,0.4177,2.4083
fCMR_Philips_097,154,3.0607,2.6534,0.4029,0.1676,0.4084,1.1324
fCMR_Philips_070,154,2.9014,3.3692,0.3775,1.9533,0.398,4.4075
fCMR_Philips_068,154,2.1132,3.087,0.253,0.735,0.271,2.2007
fCMR_Philips_117,155,1.731,2.3237,0.1153,0.6632,0.1485,1.9125
fCMR_Philips_002,155,0.4082,3.0652,0.2936,1.4045,0.3053,4.0514
fCMR_Philips_052,155,2.5394,2.3715,0.1649,0.2168,0.1857,0.7252
fCMR_Philips_123,155,2.1477,2.2235,0.1263,0.6,0.1796,1.7591
fCMR_Philips_079,155,1.845,1.3809,0.1304,2.0742,0.1496,5.0696
fCMR_Philips_041,155,2.9699,1.7692,0.1513,1.3185,0.1986,3.2215
fCMR_Philips_090,155,2.2517,1.8795,0.156,1.7499,0.1834,4.1667
fCMR_Philips_114,155,1.6157,3.3254,0.284,1.5108,0.2945,3.5355
fCMR_Philips_065,155,2.5995,3.1524,0.1202,0.759,0.1869,2.0296
fCMR_Philips_132,155,2.978,2.9243,0.3012,3.5895,0.3138,7.4095
fCMR_Philips_031,155,1.3824,0.9116,0.1049,1.9057,0.1631,4.2099
fCMR_Philips_104,155,2.1259,1.8596,0.1811,0.8436,0.2805,1.9405
fCMR_Philips_094,155,2.4772,2.5615,0.1256,1.7068,0.1708,4.1395
fCMR_Philips_136,155,2.4494,2.8186,0.0744,0.1051,0.1889,0.725
fCMR_Philips_087,155,2.858,2.8572,0.3985,3.8949,0.4163,8.5684
fCMR_Philips_003,155,1.6509,0.6169,0.2382,1.4824,0.2499,3.4683
fCMR_Philips_047,155,2.6465,2.5755,0.2659,5.5202,0.3828,17.9943
fCMR_Philips_057,155,2.3577,1.4762,0.3547,0.6687,0.3571,1.6814
fCMR_Philips_097,155,2.6923,2.214,0.3813,0.1102,0.4391,1.0765
fCMR_Philips_070,155,2.0551,2.5811,0.3702,1.8396,0.4044,4.5592
fCMR_Philips_068,155,2.0389,1.5971,0.2455,0.6468,0.2612,1.7558
fCMR_Philips_117,156,2.3149,2.4852,0.2007,0.2828,0.2223,1.0599
fCMR_Philips_002,156,2.8317,2.4381,0.1985,2.4063,0.2114,5.2156
fCMR_Philips_052,156,2.8361,1.6597,0.182,0.6363,0.19,1.8978
fCMR_Philips_123,156,3.0511,2.7488,0.2199,0.5322,0.2634,1.9674
fCMR_Philips_079,156,2.8515,1.4526,0.1787,2.0888,0.2104,4.7427
fCMR_Philips_041,156,2.3444,0.9951,0.1094,0.5905,0.1837,1.7724
fCMR_Philips_090,156,2.9047,2.2677,0.0816,1.9362,0.1395,4.624
fCMR_Philips_114,156,1.055,2.8904,0.2328,1.1935,0.2478,2.8711
fCMR_Philips_065,156,2.8372,1.9456,0.127,1.4695,0.1591,3.289
fCMR_Philips_132,156,2.103,1.2966,0.3248,4.7071,0.3379,9.9781
fCMR_Philips_031,156,1.7257,2.4279,0.0613,1.4157,0.136,3.6778
fCMR_Philips_104,156,2.0472,2.5435,0.1358,2.2112,0.2647,5.681
fCMR_Philips_094,156,2.549,2.5951,0.282,2.0438,0.3008,4.8332
fCMR_Philips_136,156,2.4789,2.2738,0.1392,0.2229,0.1714,1.1692
fCMR_Philips_087,156,1.3695,2.4097,0.5734,1.8226,0.5844,4.0761
fCMR_Philips_003,156,2.4846,3.0071,0.275,0.9076,0.2925,2.8708
fCMR_Philips_047,156,3.0892,3.0551,0.1543,1.2903,0.2515,3.6207
fCMR_Philips_057,156,2.659,2.7895,0.2937,1.0573,0.3038,2.6315
fCMR_Philips_097,156,1.1878,1.2322,0.3961,0.1193,0.4538,0.7225
fCMR_Philips_070,156,3.1285,2.5257,0.4188,0.8395,0.4313,2.2927
fCMR_Philips_068,156,1.8228,2.4686,0.1881,0.9598,0.2252,2.3747
fCMR_Philips_117,157,2.666,1.7852,0.2683,1.248,0.2792,3.2604
fCMR_Philips_002,157,2.9632,2.5229,0.2637,0.2613,0.2846,1.169
fCMR_Philips_052,157,1.6536,3.1521,0.1525,0.7091,0.1957,2.0382
fCMR_Philips_123,157,1.1492,1.012,0.1126,0.4366,0.1578,1.5307
fCMR_Philips_079,157,1.0122,1.709,0.2795,0.9457,0.3017,2.6704
fCMR_Philips_041,157,2.7814,1.7777,0.2068,0.6264,0.2336,1.9738
fCMR_Philips_090,157,2.9085,1.9845,0.1737,1.6056,0.2144,3.9202
fCMR_Philips_114,157,3.0462,2.0731,0.2633,2.076,0.2797,4.4868
fCMR_Philips_065,157,1.7189,2.3177,0.0864,1.5371,0.1534,3.8367
fCMR_Philips_132,157,2.416,2.4906,0.2487,4.2886,0.264,9.4626
fCMR_Philips_031,157,2.6025,2.4525,0.1405,2.4221,0.2099,5.4512
fCMR_Philips_104,157,2.7314,3.2624,0.2683,2.0016,0.3314,4.9402
fCMR_Philips_094,157,2.6256,2.8441,0.3473,1.1642,0.3672,3.6434
fCMR_Philips_136,157,1.9802,1.6413,0.0841,0.0854,0.1476,0.7099
fCMR_Philips_087,157,2.0037,2.192,0.35,3.2827,0.3635,6.9366
fCMR_Philips_003,157,0.8449,2.2989,0.2115,0.9107,0.2363,2.3344
fCMR_Philips_047,157,2.9331,2.1495,0.6156,6.2096,0.6397,14.1595
fCMR_Philips_057,157,2.5391,3.0718,0.1922,1.4333,0.2054,3.3955
fCMR_Philips_097,157,2.148,3.3697,0.2918,0.1685,0.3112,1.3011
fCMR_Philips_070,157,2.0157,1.2374,0.4304,1.3412,0.4451,3.5555
fCMR_Philips_068,157,2.8007,2.1084,0.2246,1.5221,0.2382,3.6557
fCMR_Philips_117,158,1.7876,3.5867,0.2232,0.8303,0.2285,2.1412
fCMR_Philips_002,158,1.8874,2.4674,0.2523,0.6403,0.2636,2.3832
fCMR_Philips_052,158,1.5061,3.4741,0.1923,0.1184,0.1978,0.5866
fCMR_Philips_123,158,2.8789,2.5613,0.1573,0.8041,0.1817,2.0062
fCMR_Philips_079,158,2.9333,2.0334,0.2603,0.6663,0.2879,2.5219
fCMR_Philips_041,158,1.5095,2.4216,0.0646,0.3388,0.0753,1.2833
fCMR_Philips_090,158,2.9252,2.2279,0.1089,2.3946,0.1476,5.595
fCMR_Philips_114,158,2.2126,2.8236,0.2625,0.5404,0.2738,1.8409
fCMR_Philips_065,158,2.9427,2.0082,0.0786,1.0858,0.1574,2.4433
fCMR_Philips_132,158,3.0412,2.1494,0.2181,2.7949,0.2347,6.5657
fCMR_Philips_031,158,2.9522,1.5575,0.2393,2.2596,0.2749,5.5529
fCMR_Philips_104,158,1.7922,1.2866,0.1949,0.9773,0.221,3.0917
fCMR_Philips_094,158,2.5296,2.4582,0.2036,0.1501,0.2276,0.7132
fCMR_Philips_136,158,2.815,3.4913,0.089,0.1318,0.1071,0.5129
fCMR_Philips_087,158,2.7983,2.4451,0.3631,3.8323,0.3716,8.0456
fCMR_Philips_003,158,1.704,1.3914,0.2621,0.6163,0.2728,1.4202
fCMR_Philips_047,158,1.9852,3.2895,0.3483,4.4191,0.402,10.1081
fCMR_Philips_057,158,2.4515,3.1498,0.2576,1.2029,0.2692,2.7675
fCMR_Philips_097,158,0.6536,0.8899,0.3304,0.3331,0.3421,1.0802
fCMR_Philips_070,158,1.8432,2.7925,0.3411,1.4123,0.3442,3.3155
fCMR_Philips_068,158,1.6569,2.3585,0.2204,1.5766,0.2417,3.9992
fCMR_Philips_117,159,2.7693,1.8661,0.2319,1.1099,0.2506,2.8316
fCMR_Philips_002,159,1.7387,2.096,0.2123,1.8761,0.2353,4.6547
fCMR_Philips_052,159,1.9015,1.3359,0.14,0.465,0.1567,1.2934
fCMR_Philips_123,159,2.0977,2.6987,0.0973,0.1108,0.1849,0.9943
fCMR_Philips_079,159,0.7133,3.318,0.3417,0.5528,0.3518,2.6341
fCMR_Philips_041,159,2.2504,2.7391,0.1076,0.9895,0.1608,2.6151
fCMR_Philips_090,159,2.3869,3.5754,0.1327,1.4386,0.2409,4.0806
fCMR_Philips_114,159,2.0345,3.3688,0.329,1.3355,0.3717,3.6892
fCMR_Philips_065,159,2.9546,2.6262,0.1689,1.7277,0.2182,3.8077
fCMR_Philips_132,159,0.5571,2.2272,0.2637,5.8236,0.2725,11.8421
fCMR_Philips_031,159,3.0472,2.7882,0.2223,3.7198,0.2317,8.3031
fCMR_Philips_104,159,1.8475,2.9321,0.1312,2.2255,0.2871,5.217
fCMR_Philips_094,159,2.4257,2.4282,0.1312,1.8652,0.1904,4.4448
fCMR_Philips_136,159,3.0088,2.3912,0.1777,0.1744,0.1994,0.8189
fCMR_Philips_087,159,2.4487,3.1744,0.3657,3.9794,0.3827,8.7835
fCMR_Philips_003,159,2.7424,2.3425,0.272,0.5965,0.2944,1.5953
fCMR_Philips_047,159,2.0394,0.6281,0.2297,1.6053,0.274,8.1174
fCMR_Philips_057,159,2.1181,1.8729,0.3272,0.5579,0.338,1.7602
fCMR_Philips_097,159,2.2725,2.4317,0.5497,0.0364,0.5739,0.663
fCMR_Philips_070,159,2.5248,2.5569,0.3813,1.6905,0.3958,4.346
fCMR_Philips_068,159,2.4687,0.6823,0.2489,0.8596,0.2917,2.6072
fCMR_Philips_117,160,2.9669,2.32,0.2617,1.3187,0.2767,3.1273
fCMR_Philips_002,160,2.0387,2.5699,0.1257,2.0068,0.1818,4.6069
fCMR_Philips_052,160,1.3254,2.992,0.2109,0.0723,0.2301,0.6382
fCMR_Philips_123,160,1.6396,1.7843,0.0713,0.439,0.1181,1.2566
fCMR_Philips_079,160,2.5739,3.7869,0.1459,0.3335,0.191,1.2212
fCMR_Philips_041,160,2.3552,2.444,0.15,0.9168,0.2013,2.6324
fCMR_Philips_090,160,2.8625,2.593,0.2163,2.5006,0.2459,5.342
fCMR_Philips_114,160,1.2038,1.5607,0.3212,1.5718,0.3452,3.7573
fCMR_Philips_065,160,1.763,2.5359,0.1471,2.0652,0.1641,4.4408
fCMR_Philips_132,160,2.692,2.2463,0.3685,6.5445,0.3744,14.1438
fCMR_Philips_031,160,1.8843,2.6954,0.1429,1.097,0.1648,3.0066
fCMR_Philips_104,160,1.9402,1.9112,0.1371,2.2556,0.3834,6.301
fCMR_Philips_094,160,2.6177,2.5156,0.1726,0.5146,0.2098,1.7546
fCMR_Philips_136,160,2.9029,2.4891,0.142,0.3514,0.1549,1.6407
fCMR_Philips_087,160,2.5838,1.8422,0.4571,3.4268,0.4696,7.3463
fCMR_Philips_003,160,3.0527,0.9424,0.1209,0.4517,0.167,1.2158
fCMR_Philips_047,160,2.7592,1.6937,0.4032,8.638,0.4432,18.8408
fCMR_Philips_057,160,2.9981,2.2731,0.2781,0.9142,0.2899,2.4495
fCMR_Philips_097,160,3.141,2.3435,0.2783,0.1912,0.316,0.9049
fCMR_Philips_070,160,3.1412,2.4468,0.3959,1.5044,0.4019,4.2245
fCMR_Philips_068,160,2.8215,2.1132,0.2092,0.7107,0.2353,2.5059
fCMR_Philips_117,161,3.0801,2.4118,0.2048,0.9882,0.219,2.889
fCMR_Philips_002,161,1.6721,1.4632,0.1962,0.988,0.2074,2.5188
fCMR_Philips_052,161,2.155,2.6811,0.19,0.9141,0.2075,2.7129
fCMR_Philips_123,161,2.1922,1.7933,0.1128,0.4805,0.1551,1.6624
fCMR_Philips_079,161,1.0658,2.6491,0.1443,1.3201,0.7818,3.6412
fCMR_Philips_041,161,2.2023,3.3728,0.1104,0.303,0.1741,1.1747
fCMR_Philips_090,161,2.2901,2.7941,0.1354,2.0922,0.1527,4.9017
fCMR_Philips_114,161,3.0206,2.0894,0.172,2.3889,0.2255,5.2402
fCMR_Philips_065,161,1.8419,1.623,0.1289,1.7848,0.1435,3.9598
fCMR_Philips_132,161,1.4533,3.272,0.1365,2.7343,0.1491,5.8515
fCMR_Philips_031,161,2.1422,2.5001,0.1179,1.2008,0.1395,3.6104
fCMR_Philips_104,161,2.3584,3.0164,0.2129,1.2506,0.3607,3.1429
fCMR_Philips_094,161,0.7125,0.4948,0.2319,1.7458,0.256,4.679
fCMR_Philips_136,161,2.6903,2.6592,0.1333,0.0959,0.1726,0.4946
fCMR_Philips_087,161,2.8891,3.0701,0.4723,2.2698,0.4954,5.011
fCMR_Philips_003,161,1.9424,3.1141,0.2703,1.0863,0.2908,2.5641
fCMR_Philips_047,161,1.6309,1.7158,0.2667,6.8524,0.2852,14.1299
fCMR_Philips_057,161,2.2692,2.1111,0.2879,0.8499,0.306,2.1776
fCMR_Philips_097,161,2.8565,2.9098,0.633,0.1766,0.6394,0.9025
fCMR_Philips_070,161,1.4063,2.3369,0.505,2.0321,0.5359,4.8806
fCMR_Philips_068,161,1.7434,1.7855,0.2175,1.3528,0.2557,3.384
fCMR_Philips_117,162,1.6947,1.9908,0.1537,0.7482,0.1796,1.9044
fCMR_Philips_002,162,1.3671,2.7475,0.2244,2.3086,0.2697,5.2528
fCMR_Philips_052,162,1.9338,3.3652,0.2541,0.5139,0.276,1.8132
fCMR_Philips_123,162,1.6805,2.9766,0.1609,0.2237,0.2279,0.9732
fCMR_Philips_079,162,3.053,2.4719,0.1751,0.9931,0.2096,3.3028
fCMR_Philips_041,162,1.7443,2.4163,0.0559,0.5548,0.1738,1.411
fCMR_Philips_090,162,2.8629,2.5407,0.1569,2.3509,0.2221,5.3616
fCMR_Philips_114,162,1.0353,2.7414,0.3118,0.6045,0.3335,2.3817
fCMR_Philips_065,162,2.7691,1.3979,0.0759,2.3488,0.1683,5.1969
fCMR_Philips_132,162,2.5076,2.2417,0.2736,2.2736,0.2852,5.1177
fCMR_Philips_031,162,2.8282,3.1692,0.1772,2.3816,0.1945,5.1057
fCMR_Philips_104,162,1.4949,1.5081,0.1043,1.6678,0.1723,4.1536
fCMR_Philips_094,162,2.0222,3.1275,0.2679,2.3882,0.2733,5.3989
fCMR_Philips_136,162,1.0297,2.6352,0.1605,0.3489,0.178,0.8812
fCMR_Philips_087,162,3.0764,1.8278,0.4345,1.8958,0.4503,4.3158
fCMR_Philips_003,162,2.1638,1.8708,0.2019,0.7738,0.223,2.1976
fCMR_Philips_047,162,2.9773,1.1784,0.1847,2.6698,0.1968,7.1786
fCMR_Philips_057,162,3.0704,3.1291,0.288,0.7699,0.301,1.815
fCMR_Philips_097,162,3.1392,1.7887,0.2766,0.4621,0.287,1.4222
fCMR_Philips_070,162,0.5927,1.1292,0.4303,1.7826,0.4431,3.895
fCMR_Philips_068,162,2.3157,2.0477,0.1816,0.9255,0.2156,2.8273
fCMR_Philips_117,163,2.3587,2.1315,0.1814,0.7614,0.2409,2.6011
fCMR_Philips_002,163,3.0684,2.4243,0.2703,1.3264,0.3267,3.1862
fCMR_Philips_052,163,2.7731,1.4315,0.2503,0.8295,0.3022,2.6814
fCMR_Philips_123,163,2.3569,2.399,0.1881,0.4127,0.2175,1.2452
fCMR_Philips_079,163,2.432,2.2538,0.1633,1.1719,0.1732,3.133
fCMR_Philips_041,163,1.6559,2.8831,0.1307,0.8732,0.1644,2.4382
fCMR_Philips_090,163,2.6631,2.923,0.1227,1.7198,0.1462,4.1694
fCMR_Philips_114,163,2.8197,3.2831,0.3465,0.7862,0.3664,2.075
fCMR_Philips_065,163,2.8987,2.4733,0.1056,1.5035,0.1313,3.6834
fCMR_Philips_132,163,2.1182,3.408,0.2452,3.6582,0.2607,8.5318
fCMR_Philips_031,163,2.9214,2.2226,0.1039,3.1344,0.1438,6.7489
fCMR_Philips_104,163,2.4367,1.7567,0.3737,2.3586,0.4059,5.3566
fCMR_Philips_094,163,3.1088,2.9147,0.2379,0.4273,0.2537,1.5679
fCMR_Philips_136,163,3.0356,1.5665,0.3188,0.6534,0.3236,2.2548
fCMR_Philips_087,163,2.9986,3.2318,0.3079,4.8195,0.3203,10.2677
fCMR_Philips_003,163,0.6512,1.5758,0.2127,0.2663,0.2294,0.6918
fCMR_Philips_047,163,1.9277,2.4516,0.308,3.0775,0.3754,7.3684
fCMR_Philips_057,163,1.392,1.4811,0.354,0.7332,0.3617,1.9813
fCMR_Philips_097,163,2.0022,3.4912,0.2942,0.3821,0.3306,1.2792
fCMR_Philips_070,163,2.2511,1.7254,0.4356,1.352,0.4543,3.5072
fCMR_Philips_068,163,2.3198,2.6171,0.2322,0.9592,0.2423,2.3589
fCMR_Philips_117,164,2.6874,1.4945,0.1138,1.3248,0.1315,3.1678
fCMR_Philips_002,164,2.91,3.6703,0.3251,2.317,0.3656,5.561
fCMR_Philips_052,164,2.4526,2.3631,0.2483,0.2292,0.2596,0.9114
fCMR_Philips_123,164,1.9004,1.5356,0.1033,0.8477,0.1407,2.1896
fCMR_Philips_079,164,2.9489,3.2901,0.0542,0.4956,0.1273,1.5054
fCMR_Philips_041,164,1.9247,2.6777,0.2866,1.8219,0.3291,4.449
fCMR_Philips_090,164,2.4754,2.7436,0.0893,1.9262,0.1707,5.0729
fCMR_Philips_114,164,1.8562,3.6252,0.309,0.6046,0.3503,1.8713
fCMR_Philips_065,164,2.7268,2.8777,0.118,0.9623,0.1725,2.1411
fCMR_Philips_132,164,2.6963,2.5446,0.2992,3.7458,0.3122,7.7476
fCMR_Philips_031,164,2.9445,1.0825,0.0522,1.8332,0.1081,4.1964
fCMR_Philips_104,164,1.2819,3.005,0.3152,2.3126,0.3618,5.4897
fCMR_Philips_094,164,2.9035,1.8653,0.1641,0.9017,0.2088,2.146
fCMR_Philips_136,164,0.7631,3.2357,0.2121,0.1446,0.2336,0.7492
fCMR_Philips_087,164,1.1064,2.5147,0.4532,2.8623,0.4635,5.9388
fCMR_Philips_003,164,2.6178,3.3098,0.1397,1.3157,0.1646,3.0866
fCMR_Philips_047,164,1.9757,0.9564,0.2338,2.3514,0.3253,7.9111
fCMR_Philips_057,164,0.9006,2.2382,0.2895,1.517,0.3021,3.3167
fCMR_Philips_097,164,2.2546,2.0996,0.2967,0.3723,0.344,1.2728
fCMR_Philips_070,164,0.9631,1.1934,0.3892,0.9165,0.4132,2.8618
fCMR_Philips_068,164,1.9276,0.8278,0.2398,1.3711,0.2579,3.4701
fCMR_Philips_117,165,2.6286,3.2314,0.1809,1.9993,0.2158,4.5834
fCMR_Philips_002,165,2.2165,3.2986,0.1781,1.5439,0.1935,3.7771
fCMR_Philips_052,165,1.7328,2.1363,0.2729,0.762,0.2851,2.2134
fCMR_Philips_123,165,3.0086,1.3522,0.2089,0.2069,0.2775,0.788
fCMR_Philips_079,165,1.8697,2.8875,0.1498,1.0796,0.2371,2.645
fCMR_Philips_041,165,1.9297,3.0864,0.2551,1.0429,0.2698,2.4686
fCMR_Philips_090,165,1.6282,3.0459,0.1126,1.0653,0.1543,3.3786
fCMR_Philips_114,165,2.4444,2.5368,0.2531,1.466,0.2802,3.3448
fCMR_Philips_065,165,2.9638,2.5556,0.1005,1.7484,0.1653,4.1228
fCMR_Philips_132,165,1.0519,2.5571,0.1952,4.7405,0.2164,10.323
fCMR_Philips_031,165,1.3795,2.5318,0.1501,1.383,0.1888,3.2336
fCMR_Philips_104,165,2.6828,2.6466,0.1652,2.0923,0.2337,5.2354
fCMR_Philips_094,165,2.9006,2.3843,0.2897,1.1876,0.312,2.982
fCMR_Philips_136,165,2.0575,3.3715,0.1095,0.1674,0.1674,0.6577
fCMR_Philips_087,165,2.094,3.1959,0.4383,2.9614,0.4472,7.3734
fCMR_Philips_003,165,2.6459,1.9009,0.3187,1.2361,0.3366,2.7241
fCMR_Philips_047,165,1.8549,2.8672,0.3852,8.2337,0.4136,17.5243
fCMR_Philips_057,165,3.0019,3.1953,0.3095,1.3421,0.3199,3.3294
fCMR_Philips_097,165,2.0728,1.6764,0.3543,0.4534,0.3742,1.2524
fCMR_Philips_070,165,1.6384,2.1611,0.3195,1.0383,0.3492,2.7222
fCMR_Philips_068,165,2.3681,2.4275,0.1885,1.116,0.2081,2.7418
fCMR_Philips_117,166,2.7889,1.9632,0.1753,1.071,0.2136,2.552
fCMR_Philips_002,166,2.9549,1.634,0.2329,1.2509,0.2659,2.8505
fCMR_Philips_052,166,3.0198,2.1898,0.2585,0.3815,0.2823,0.9353
fCMR_Philips_123,166,2.9723,2.9666,0.0682,0.2562,0.153,1.0929
fCMR_Philips_079,166,2.5646,1.6993,0.186,2.4832,0.2523,5.6833
fCMR_Philips_041,166,2.5516,0.7426,0.1046,0.4979,0.1618,1.8712
fCMR_Philips_090,166,2.7431,2.5672,0.1023,1.9457,0.1556,4.307
fCMR_Philips_114,166,2.3664,3.0488,0.3611,0.9148,0.3828,2.7755
fCMR_Philips_065,166,0.8962,2.0509,0.097,0.7798,0.1196,2.5843
fCMR_Philips_132,166,2.4194,2.8985,0.2559,5.5654,0.2698,11.7241
fCMR_Philips_031,166,0.4227,2.9358,0.1553,2.4169,0.1928,5.7102
fCMR_Philips_104,166,1.2114,3.2428,0.0191,1.3263,0.0963,3.2976
fCMR_Philips_094,166,1.872,2.2848,0.1583,0.749,0.2142,1.7629
fCMR_Philips_136,166,2.2809,2.8182,0.1265,0.4921,0.2046,1.417
fCMR_Philips_087,166,2.7671,1.9182,0.3516,2.7539,0.3617,6.3937
fCMR_Philips_003,166,1.1853,2.6795,0.1949,0.5127,0.2321,1.3553
fCMR_Philips_047,166,2.1966,1.7178,0.2193,2.4269,0.2702,8.3776
fCMR_Philips_057,166,1.3132,3.0476,0.2343,0.5464,0.2522,1.4818
fCMR_Philips_097,166,2.8232,0.6324,0.3581,0.2485,0.3802,1.5544
fCMR_Philips_070,166,2.9679,2.7749,0.3879,1.3468,0.4052,2.9981
fCMR_Philips_068,166,1.8386,2.9037,0.2337,1.1878,0.2875,3.1452
fCMR_Philips_117,167,1.8123,3.1032,0.2406,0.688,0.2518,1.9975
fCMR_Philips_002,167,2.5512,1.5291,0.1562,0.5519,0.2066,2.842
fCMR_Philips_052,167,2.7509,1.4631,0.2702,0.1018,0.2881,0.7951
fCMR_Philips_123,167,2.7856,1.2907,0.1451,0.4042,0.1955,1.6049
fCMR_Philips_079,167,1.6968,1.8469,0.1178,2.0889,0.1524,5.0444
fCMR_Philips_041,167,2.9302,2.7331,0.1578,0.1392,0.1717,0.8581
fCMR_Philips_090,167,1.8749,1.1755,0.1562,1.7998,0.182,3.8973
fCMR_Philips_114,167,2.408,2.298,0.3168,0.8074,0.3297,2.1943
fCMR_Philips_065,167,2.9604,2.888,0.0961,0.6545,0.1788,1.4523
fCMR_Philips_132,167,1.1586,3.2379,0.2236,4.286,0.2354,9.0755
fCMR_Philips_031,167,2.2497,2.7598,0.0697,2.6343,0.1201,5.8192
fCMR_Philips_104,167,1.9025,2.0567,0.0315,2.4559,0.3774,6.6877
fCMR_Philips_094,167,2.7628,2.4924,0.1403,1.2453,0.1752,3.6245
fCMR_Philips_136,167,1.2243,2.356,0.1134,0.373,0.1633,1.2662
fCMR_Philips_087,167,3.1208,2.9229,0.4148,2.9955,0.4252,6.7995
fCMR_Philips_003,167,0.6411,2.4338,0.1453,0.4919,0.1781,1.9633
fCMR_Philips_047,167,3.0149,3.2755,0.2002,4.7117,0.3344,13.565
fCMR_Philips_057,167,2.8381,3.1693,0.2263,0.7714,0.2469,1.9714
fCMR_Philips_097,167,1.8049,2.4226,0.452,0.1302,0.4667,0.8138
fCMR_Philips_070,167,2.3245,2.6133,0.4912,1.0405,0.501,2.6462
fCMR_Philips_068,167,1.7779,2.2534,0.169,0.9681,0.1796,2.3861
fCMR_Philips_117,168,1.87,2.1376,0.1182,1.0874,0.1936,2.5757
fCMR_Philips_002,168,1.279,1.1953,0.2798,1.4168,0.299,3.2792
fCMR_Philips_052,168,2.4475,3.5213,0.2518,1.0895,0.2589,3.0704
fCMR_Philips_123,168,2.4586,3.1021,0.1582,0.9125,0.2196,2.3546
fCMR_Philips_079,168,2.0079,2.4927,0.1982,0.706,0.2375,1.7884
fCMR_Philips_041,168,3.0979,2.304,0.17,1.4292,0.2309,3.2038
fCMR_Philips_090,168,2.1589,2.9236,0.1068,1.4928,0.1569,3.3964
fCMR_Philips_114,168,2.7,2.1347,0.2642,0.8947,0.2744,2.4317
fCMR_Philips_065,168,1.6931,2.1831,0.1538,1.1003,0.1729,2.5904
fCMR_Philips_132,168,2.8876,3.2184,0.1911,1.7721,0.2076,4.1363
fCMR_Philips_031,168,2.0848,2.5795,0.0469,1.9269,0.1249,4.1361
fCMR_Philips_104,168,2.5054,2.2635,0.1533,1.45,0.2362,3.9507
fCMR_Philips_094,168,1.6133,1.3839,0.2309,0.5999,0.2594,1.8055
fCMR_Philips_136,168,2.1581,2.6008,0.2263,0.0997,0.2593,0.8366
fCMR_Philips_087,168,1.2283,1.0292,0.408,3.0155,0.4132,6.6073
fCMR_Philips_003,168,2.9066,1.8166,0.219,2.1074,0.2409,4.6131
fCMR_Philips_047,168,2.47,2.9542,0.3347,1.6335,0.3499,4.6608
fCMR_Philips_057,168,2.5066,2.8124,0.31,0.9546,0.3162,2.1915
fCMR_Philips_097,168,2.7141,2.0731,0.4063,0.1779,0.4275,0.9492
fCMR_Philips_070,168,2.209,2.3724,0.3538,1.4962,0.3738,3.8585
fCMR_Philips_068,168,1.8367,1.8673,0.242,1.0414,0.2731,3.1315
fCMR_Philips_117,169,2.4861,2.6182,0.2641,1.0049,0.2751,2.4876
fCMR_Philips_002,169,3.0811,3.6878,0.1691,1.2962,0.1948,3.269
fCMR_Philips_052,169,2.3791,2.4847,0.1653,1.4791,0.1799,3.3105
fCMR_Philips_123,169,2.9865,2.9437,0.159,0.1317,0.1893,0.589
fCMR_Philips_079,169,2.7588,2.2202,0.2165,1.6694,0.232,4.1741
fCMR_Philips_041,169,1.1882,3.2175,0.0885,0.4592,0.1344,1.4147
fCMR_Philips_090,169,3.0379,1.1534,0.121,2.6201,0.1528,6.108
fCMR_Philips_114,169,2.6139,2.7953,0.264,1.1426,0.2858,2.7564
fCMR_Philips_065,169,2.8498,2.9185,0.1139,1.3778,0.1364,3.41
fCMR_Philips_132,169,1.9891,2.9009,0.3732,6.708,0.3777,14.108
fCMR_Philips_031,169,2.7289,2.3071,0.1128,1.938,0.1331,4.5875
fCMR_Philips_104,169,2.5595,2.7764,0.0708,1.2517,0.1865,3.6752
fCMR_Philips_094,169,0.4502,1.3936,0.2154,1.0605,0.2326,3.0428
fCMR_Philips_136,169,0.9963,2.7513,0.1292,0.099,0.1713,0.8085
fCMR_Philips_087,169,2.8013,2.1273,0.4587,3.2893,0.4675,6.8726
fCMR_Philips_003,169,1.5572,2.9302,0.1349,1.2616,0.1648,2.9083
fCMR_Philips_047,169,3.1272,1.2984,0.1391,4.6514,0.191,11.7086
fCMR_Philips_057,169,1.8236,2.6385,0.2072,0.9004,0.2312,2.3136
fCMR_Philips_097,169,1.86,1.8493,0.5589,0.1005,0.5653,0.4701
fCMR_Philips_070,169,2.5169,1.9804,0.4346,1.6407,0.4468,3.8906
fCMR_Philips_068,169,2.194,3.6411,0.2662,1.0453,0.303,2.7309
fCMR_Philips_117,170,2.3128,1.6212,0.209,0.3195,0.2413,1.0014
fCMR_Philips_002,170,1.3311,2.9494,0.2207,0.6511,0.2349,2.0731
fCMR_Philips_052,170,2.3216,1.598,0.2638,0.5739,0.2744,1.6094
fCMR_Philips_123,170,2.0082,3.8852,0.1695,0.3068,0.1984,0.9853
fCMR_Philips_079,170,2.2015,1.7148,0.1416,1.0463,0.1813,3.1444
fCMR_Philips_041,170,1.9699,1.8515,0.1066,1.1062,0.1583,3.7143
fCMR_Philips_090,170,2.7199,3.5992,0.2545,2.7944,0.2722,5.9781
fCMR_Philips_114,170,1.1367,1.4945,0.3612,1.1108,0.3925,2.4619
fCMR_Philips_065,170,2.3135,0.5757,0.1133,1.864,0.1514,4.2278
fCMR_Philips_132,170,2.1201,2.4942,0.2844,4.7345,0.3083,9.9688
fCMR_Philips_031,170,2.7037,3.4395,0.1318,2.0524,0.1826,4.4444
fCMR_Philips_104,170,1.8519,2.8011,0.1911,1.6014,0.2603,3.8873
fCMR_Philips_094,170,3.057,3.3544,0.1333,0.4389,0.1884,1.579
fCMR_Philips_136,170,1.7098,2.8096,0.1496,0.059,0.1895,0.6171
fCMR_Philips_087,170,2.064,1.7857,0.3788,4.0206,0.3943,8.3751
fCMR_Philips_003,170,2.0598,2.2988,0.2122,1.138,0.2415,2.94
fCMR_Philips_047,170,2.5069,1.1737,0.2264,4.1588,0.2416,9.3482
fCMR_Philips_057,170,1.0864,1.4295,0.2629,1.5092,0.2727,3.3256
fCMR_Philips_097,170,1.8557,2.3089,0.5213,0.0787,0.5426,0.4709
fCMR_Philips_070,170,2.3066,2.4519,0.3431,0.8214,0.3461,2.71
fCMR_Philips_068,170,2.8099,1.3227,0.2095,0.8875,0.2498,2.202
fCMR_Philips_117,171,1.8796,2.8418,0.1788,0.4432,0.2323,1.592
fCMR_Philips_002,171,2.3891,2.2444,0.2636,0.6893,0.2803,2.1891
fCMR_Philips_052,171,3.0938,3.9233,0.2331,1.1962,0.2568,2.6569
fCMR_Philips_123,171,1.3324,2.6398,0.1566,0.8378,0.1837,2.6514
fCMR_Philips_079,171,1.5071,1.3545,0.0906,1.3284,0.1633,3.4189
fCMR_Philips_041,171,2.4953,2.557,0.1513,0.6944,0.1886,1.629
fCMR_Philips_090,171,1.8746,0.9111,0.1706,2.8076,0.206,6.06
fCMR_Philips_114,171,1.8439,2.9199,0.2809,1.8637,0.3001,3.9418
fCMR_Philips_065,171,2.5965,2.0697,0.0799,0.9269,0.1283,2.3438
fCMR_Philips_132,171,3.0703,2.5087,0.2014,2.6813,0.2126,6.0349
fCMR_Philips_031,171,2.9257,3.3515,0.2295,1.7524,0.2803,3.9084
fCMR_Philips_104,171,3.1176,3.1042,0.1124,2.192,0.1416,4.6867
fCMR_Philips_094,171,2.0453,3.0215,0.1999,0.7225,0.2172,2.8513
fCMR_Philips_136,171,1.0746,3.3514,0.1567,0.5749,0.2292,1.8783
fCMR_Philips_087,171,2.7637,2.455,0.3857,3.1288,0.4019,6.6134
fCMR_Philips_003,171,1.0084,1.8466,0.1784,0.7276,0.2003,1.9658
fCMR_Philips_047,171,1.4794,3.4211,0.1501,0.7998,0.1885,2.0143
fCMR_Philips_057,171,2.0309,1.7711,0.3405,0.7247,0.3482,1.7842
fCMR_Philips_097,171,2.6074,2.6077,0.4641,0.1958,0.4971,0.8146
fCMR_Philips_070,171,2.4894,1.5015,0.3256,2.9674,0.352,6.6641
fCMR_Philips_068,171,2.6538,1.7642,0.2615,1.4378,0.265,3.3307
fCMR_Philips_117,172,1.8984,2.2552,0.1267,1.0217,0.2044,2.5299
fCMR_Philips_002,172,1.5408,3.5121,0.2255,0.6865,0.2398,1.9619
fCMR_Philips_052,172,2.4725,1.7211,0.2262,0.0732,0.2417,0.7804
fCMR_Philips_123,172,2.8418,2.7816,0.1112,1.18,0.1786,2.7446
fCMR_Philips_079,172,2.5719,3.3643,0.2532,2.6361,0.3402,6.4698
fCMR_Philips_041,172,2.4685,2.7392,0.1315,0.5341,0.1436,1.5736
fCMR_Philips_090,172,2.5988,2.0342,0.0286,1.5048,0.143,3.4808
fCMR_Philips_114,172,1.7622,2.421,0.2632,2.1463,0.276,4.4489
fCMR_Philips_065,172,1.9569,2.3566,0.1044,0.5422,0.1879,1.6291
fCMR_Philips_132,172,1.8116,2.5979,0.1894,2.7261,0.2431,6.051
fCMR_Philips_031,172,2.8819,1.0006,0.1576,1.5218,0.1952,3.8366
fCMR_Philips_104,172,2.6314,2.6262,0.218,2.1516,0.2562,5.0823
fCMR_Philips_094,172,1.5316,1.8079,0.2263,1.12,0.2341,3.1717
fCMR_Philips_136,172,1.7567,2.7198,0.1124,0.3241,0.1334,1.1122
fCMR_Philips_087,172,2.2227,2.3473,0.4418,2.4385,0.4459,5.1018
fCMR_Philips_003,172,1.3036,2.5799,0.2857,1.3028,0.2952,2.8017
fCMR_Philips_047,172,2.5077,2.5933,0.2182,5.0979,0.8741,13.3034
fCMR_Philips_057,172,2.9789,2.2816,0.3316,1.0949,0.3388,2.7185
fCMR_Philips_097,172,2.3227,3.4672,0.3229,0.3357,0.3293,0.8795
fCMR_Philips_070,172,2.7374,2.6622,0.3626,1.686,0.3883,4.1789
fCMR_Philips_068,172,1.9951,2.6551,0.1747,0.8127,0.2147,1.9503
fCMR_Philips_117,173,1.5761,3.1711,0.2222,0.7561,0.2365,2.291
fCMR_Philips_002,173,2.9961,2.6794,0.3071,1.3936,0.3372,3.346
fCMR_Philips_052,173,1.9456,2.421,0.2365,0.6746,0.2473,1.721
fCMR_Philips_123,173,2.7246,2.7255,0.1819,0.8212,0.1926,2.1987
fCMR_Philips_079,173,2.0368,2.0633,0.168,1.1534,0.2216,2.895
fCMR_Philips_041,173,2.231,2.7436,0.1335,0.4477,0.1617,1.5857
fCMR_Philips_090,173,0.8254,3.1359,0.0929,1.9013,0.1503,4.4727
fCMR_Philips_114,173,1.8447,2.2294,0.2633,1.2775,0.2953,2.8096
fCMR_Philips_065,173,2.2548,2.8048,0.1612,1.456,0.1866,3.4024
fCMR_Philips_132,173,2.5458,3.365,0.3004,3.4196,0.3117,7.7498
fCMR_Philips_031,173,2.9639,2.9569,0.1214,1.667,0.1555,4.0721
fCMR_Philips_104,173,3.0256,1.8997,0.0681,2.8668,0.2482,6.4421
fCMR_Philips_094,173,1.321,3.4912,0.1654,1.548,0.2096,3.5407
fCMR_Philips_136,173,2.0947,2.3665,0.1448,0.0714,0.1656,0.883
fCMR_Philips_087,173,1.3705,2.9957,0.4256,1.4434,0.4422,3.4168
fCMR_Philips_003,173,2.1724,3.3089,0.2715,0.793,0.2858,1.858
fCMR_Philips_047,173,2.6205,2.0583,0.3038,1.3867,0.3304,5.8656
fCMR_Philips_057,173,2.429,2.1085,0.2588,2.0164,0.2717,4.9313
fCMR_Philips_097,173,2.1651,1.7575,0.4327,0.1936,0.4872,1.0609
fCMR_Philips_070,173,1.7874,1.9585,0.3619,1.2471,0.3742,3.4385
fCMR_Philips_068,173,3.0931,2.7812,0.0955,0.9296,0.1601,2.359
fCMR_Philips_117,174,1.8988,2.8739,0.2212,1.2099,0.2357,3.7542
fCMR_Philips_002,174,1.5213,2.7738,0.202,0.5768,0.2292,1.7045
fCMR_Philips_052,174,2.1102,3.3577,0.2785,0.0433,0.2998,0.5665
fCMR_Philips_123,174,1.3268,0.9003,0.1993,0.555,0.2162,1.9954
fCMR_Philips_079,174,1.4761,2.5252,0.1479,1.2152,0.1658,2.7711
fCMR_Philips_041,174,2.4669,1.9796,0.1015,0.567,0.1475,2.1043
fCMR_Philips_090,174,1.917,3.5416,0.1757,1.6101,0.238,4.1524
fCMR_Philips_114,174,2.8762,2.5449,0.2791,1.258,0.2959,3.5428
fCMR_Philips_065,174,2.1758,2.6919,0.0722,1.2476,0.1315,3.1873
fCMR_Philips_132,174,1.523,1.1064,0.2442,6.7979,0.2471,14.029
fCMR_Philips_031,174,2.7573,1.3486,0.1832,1.7594,0.2123,3.9205
fCMR_Philips_104,174,1.5331,2.2343,0.0472,1.1447,0.2656,3.111
fCMR_Philips_094,174,1.6384,2.0298,0.1943,0.3875,0.2229,1.2089
fCMR_Philips_136,174,2.3759,1.8788,0.1299,0.2924,0.1734,1.5409
fCMR_Philips_087,174,2.4742,3.3594,0.3497,2.3473,0.3598,5.2215
fCMR_Philips_003,174,1.6924,2.3977,0.301,0.5085,0.3213,1.4551
fCMR_Philips_047,174,2.6636,3.0701,0.523,11.9181,0.5307,25.1228
fCMR_Philips_057,174,2.4,2.5634,0.3777,0.9204,0.3887,2.471
fCMR_Philips_097,174,1.9763,2.1279,0.5898,0.097,0.6443,1.9848
fCMR_Philips_070,174,2.5324,2.0445,0.513,1.5919,0.5364,3.7589
fCMR_Philips_068,174,2.0981,3.3085,0.2245,0.7428,0.2526,1.8607
fCMR_Philips_117,175,1.2443,2.3635,0.2249,0.5573,0.2505,2.0273
fCMR_Philips_002,175,2.655,1.1418,0.1852,1.9509,0.2175,4.7028
fCMR_Philips_052,175,1.3869,1.1762,0.1941,0.9544,0.2152,2.329
fCMR_Philips_123,175,3.1245,1.7267,0.1206,1.1489,0.1749,2.9988
fCMR_Philips_079,175,2.9587,3.3339,0.2522,1.9574,0.2797,4.5282
fCMR_Philips_041,175,2.4608,0.2424,0.0288,1.0262,0.1028,2.9852
fCMR_Philips_090,175,1.9767,0.4087,0.1912,2.113,0.2135,4.5946
fCMR_Philips_114,175,2.5878,3.0701,0.3487,1.1548,0.3759,3.1052
fCMR_Philips_065,175,1.8561,2.4332,0.2056,1.9428,0.2637,4.635
fCMR_Philips_132,175,3.1135,2.9073,0.2422,5.6455,0.2555,11.7886
fCMR_Philips_031,175,2.6494,1.2766,0.1353,0.9993,0.1791,3.0878
fCMR_Philips_104,175,1.9947,2.56,0.194,2.3605,0.4322,5.6946
fCMR_Philips_094,175,1.4672,3.1214,0.1885,1.8797,0.228,4.7462
fCMR_Philips_136,175,1.5886,2.2485,0.0971,0.4709,0.1553,1.3283
fCMR_Philips_087,175,2.9322,2.9129,0.4263,2.8296,0.4546,5.9822
fCMR_Philips_003,175,2.7486,2.5314,0.201,1.8336,0.2182,4.1116
fCMR_Philips_047,175,2.4308,2.2469,0.2964,4.6168,0.3258,10.1476
fCMR_Philips_057,175,1.5431,3.2051,0.4604,0.9139,0.4631,2.2123
fCMR_Philips_097,175,2.7358,2.891,0.5529,0.6386,0.5632,1.7678
fCMR_Philips_070,175,2.0566,2.702,0.3719,1.2722,0.377,2.8919
fCMR_Philips_068,175,2.6386,2.1074,0.2143,1.0194,0.2325,2.7774
fCMR_Philips_117,176,1.991,2.9378,0.2197,0.9487,0.2469,2.6872
fCMR_Philips_002,176,2.7796,2.8743,0.2031,2.4524,0.2238,5.5693
fCMR_Philips_052,176,2.6375,3.0375,0.1831,0.1533,0.2016,1.1605
fCMR_Philips_123,176,2.2665,2.4437,0.1898,0.8513,0.2179,2.0935
fCMR_Philips_079,176,1.9281,2.553,0.3386,1.758,0.4834,4.2067
fCMR_Philips_041,176,2.9998,2.4314,0.2209,1.9101,0.2358,4.5829
fCMR_Philips_090,176,2.9203,1.9379,0.0584,2.0073,0.1395,4.4086
fCMR_Philips_114,176,1.3256,2.7223,0.2536,1.4576,0.263,3.2007
fCMR_Philips_065,176,1.1469,3.9636,0.1227,0.8342,0.2052,2.3188
fCMR_Philips_132,176,2.6197,2.2669,0.275,3.4114,0.2904,7.1253
fCMR_Philips_031,176,2.2108,3.4686,0.1872,1.3329,0.2242,3.5962
fCMR_Philips_104,176,2.3321,2.3989,0.1254,3.1063,0.2091,7.8594
fCMR_Philips_094,176,1.8117,2.3165,0.1616,1.0358,0.2124,2.6818
fCMR_Philips_136,176,1.8283,2.0877,0.1179,0.4201,0.1564,1.5208
fCMR_Philips_087,176,2.792,2.355,0.4475,3.5677,0.4633,7.9012
fCMR_Philips_003,176,3.1281,1.9838,0.2578,1.9913,0.3024,4.5353
fCMR_Philips_047,176,2.9178,2.6785,0.3012,2.5512,0.3874,6.2532
fCMR_Philips_057,176,1.7994,3.7107,0.3396,0.8516,0.3555,2.6291
fCMR_Philips_097,176,2.8699,1.5699,0.3757,0.252,0.3941,0.9324
fCMR_Philips_070,176,2.708,2.3828,0.3667,1.7866,0.3896,3.8645
fCMR_Philips_068,176,0.7404,2.8933,0.1731,0.6953,0.1849,2.0492
fCMR_Philips_117,177,2.2558,2.4361,0.2097,0.2761,0.217,0.7681
fCMR_Philips_002,177,2.0948,2.9206,0.2111,2.1801,0.2216,4.9155
fCMR_Philips_052,177,1.5943,3.1495,0.148,0.8152,0.1566,2.5896
fCMR_Philips_123,177,3.0058,2.0681,0.1835,0.5248,0.2018,1.4768
fCMR_Philips_079,177,2.5828,1.3967,0.2578,1.5165,0.3566,5.4076
fCMR_Philips_041,177,2.2123,3.0431,0.0898,0.779,0.1561,2.0328
fCMR_Philips_090,177,2.472,2.5661,0.1002,2.397,0.1972,5.2386
fCMR_Philips_114,177,2.9026,2.2028,0.3129,1.3533,0.3302,3.0458
fCMR_Philips_065,177,1.5233,2.9814,0.0984,0.6712,0.1496,1.7736
fCMR_Philips_132,177,1.6752,3.2214,0.3807,6.4944,0.396,13.4744
fCMR_Philips_031,177,2.4908,1.7507,0.0906,2.5331,0.137,6.082
fCMR_Philips_104,177,2.1128,1.1809,0.1405,1.7681,0.2761,4.2995
fCMR_Philips_094,177,2.8536,1.8744,0.2592,0.8125,0.2829,2.4034
fCMR_Philips_136,177,3.1162,2.9428,0.1566,0.1843,0.2074,0.5928
fCMR_Philips_087,177,2.6127,3.6867,0.5025,1.5957,0.5145,3.8035
fCMR_Philips_003,177,1.5979,2.6477,0.1946,0.7465,0.2093,1.6838
fCMR_Philips_047,177,1.5402,3.3149,0.3022,8.1063,0.3174,17.2161
fCMR_Philips_057,177,2.7079,0.9055,0.5405,0.6995,0.5498,1.6519
fCMR_Philips_097,177,2.0619,3.1765,0.3762,0.6443,0.3978,2.0314
fCMR_Philips_070,177,2.5434,1.1433,0.4332,2.5864,0.477,5.6512
fCMR_Philips_068,177,2.409,1.8671,0.1742,0.632,0.1966,1.6011
fCMR_Philips_117,178,3.0226,2.6961,0.2902,0.4003,0.3091,1.3752
fCMR_Philips_002,178,1.7025,1.532,0.1418,1.3794,0.1764,3.6326
fCMR_Philips_052,178,2.8029,2.7989,0.13,0.5388,0.1884,1.5474
fCMR_Philips_123,178,3.1141,2.2436,0.2077,0.5839,0.2301,1.6274
fCMR_Philips_079,178,3.0601,1.8502,0.2053,1.3779,0.2169,3.4516
fCMR_Philips_041,178,2.332,2.2973,0.129,0.7431,0.1863,1.8742
fCMR_Philips_090,178,2.2942,2.6363,0.1586,2.1825,0.1701,5.273
fCMR_Philips_114,178,2.1883,1.485,0.188,2.2742,0.2171,4.8636
fCMR_Philips_065,178,2.7038,3.0496,0.0569,0.6903,0.2258,2.0444
fCMR_Philips_132,178,2.5835,1.4935,0.3046,6.013,0.3102,12.3854
fCMR_Philips_031,178,1.5201,2.1455,0.1764,1.1429,0.2029,2.698
fCMR_Philips_104,178,0.6217,2.1403,0.1744,1.4334,0.1867,3.5962
fCMR_Philips_094,178,1.9969,2.3352,0.1587,0.5178,0.1712,1.5422
fCMR_Philips_136,178,0.8266,2.566,0.0833,0.6479,0.1343,1.8208
fCMR_Philips_087,178,2.1653,2.2695,0.3634,2.3415,0.3868,5.1244
fCMR_Philips_003,178,2.8496,1.812,0.1865,1.2743,0.209,3.0921
fCMR_Philips_047,178,1.9445,1.5367,0.3459,4.7678,0.3758,11.7325
fCMR_Philips_057,178,2.6837,2.0463,0.2234,1.6113,0.2356,3.676
fCMR_Philips_097,178,2.1646,2.6434,0.3786,0.1818,0.3954,0.7751
fCMR_Philips_070,178,2.3159,1.7582,0.2746,1.283,0.2947,3.1476
fCMR_Philips_068,178,2.4798,3.3137,0.2262,1.1176,0.2568,3.1551
fCMR_Philips_117,179,3.0814,3.8464,0.1749,1.2707,0.2244,3.0715
fCMR_Philips_002,179,2.1618,1.0413,0.203,0.5293,0.2316,1.5762
fCMR_Philips_052,179,2.6749,1.0291,0.223,0.0888,0.239,1.166
fCMR_Philips_123,179,2.643,3.3877,0.1716,0.0071,0.2025,0.3991
fCMR_Philips_079,179,2.7965,2.4229,0.2641,0.96,0.3303,2.9458
fCMR_Philips_041,179,0.5063,1.5798,0.1249,0.1503,0.1489,0.8049
fCMR_Philips_090,179,1.9915,1.746,0.0964,1.9335,0.1125,4.6756
fCMR_Philips_114,179,1.3022,2.5525,0.3279,1.5593,0.3627,3.6754
fCMR_Philips_065,179,2.5422,3.4646,0.1849,1.2882,0.2278,3.1318
fCMR_Philips_132,179,2.2541,2.4696,0.2139,3.5097,0.2337,7.671
fCMR_Philips_031,179,0.5081,2.2266,0.1448,1.4811,0.1614,3.846
fCMR_Philips_104,179,2.6081,1.0408,0.1923,2.3469,0.2444,5.4167
fCMR_Philips_094,179,2.3982,2.8854,0.219,1.0022,0.2347,2.7606
fCMR_Philips_136,179,2.6115,1.7216,0.1197,0.4692,0.1699,1.572
fCMR_Philips_087,179,1.8498,3.1266,0.4891,3.7478,0.5045,7.9034
fCMR_Philips_003,179,1.5485,1.8665,0.2612,0.9358,0.2733,2.3368
fCMR_Philips_047,179,2.305,2.7945,0.4633,5.3803,0.5213,12.3574
fCMR_Philips_057,179,1.539,2.4591,0.2941,1.5725,0.327,3.8173
fCMR_Philips_097,179,2.4899,2.1218,0.3875,0.5878,0.4038,1.6802
fCMR_Philips_070,179,2.7237,3.4446,0.5569,2.5653,0.575,5.6498
fCMR_Philips_068,179,3.0506,1.0443,0.1354,0.7735,0.1587,2.0668
fCMR_Philips_117,180,2.365,2.0079,0.2476,0.8848,0.2821,3.3731
fCMR_Philips_002,180,2.3863,2.7478,0.2002,0.9326,0.2179,2.5264
fCMR_Philips_052,180,2.0017,2.5329,0.153,0.6321,0.1631,1.8975
fCMR_Philips_123,180,2.8387,2.3755,0.1948,0.2975,0.2466,1.4782
fCMR_Philips_079,180,2.5792,2.306,0.4053,0.8418,0.4326,2.4194
fCMR_Philips_041,180,2.3075,2.0261,0.1398,2.0352,0.1704,4.8934
fCMR_Philips_090,180,1.5445,2.3731,0.0912,1.344,0.1272,2.8625
fCMR_Philips_114,180,2.0982,2.9293,0.2881,3.3469,0.3183,7.4825
fCMR_Philips_065,180,2.764,2.4967,0.1094,1.6707,0.145,3.7351
fCMR_Philips_132,180,1.3838,1.8468,0.2478,3.8677,0.2542,8.5973
fCMR_Philips_031,180,2.5826,2.6038,0.0901,1.3119,0.1481,3.2709
fCMR_Philips_104,180,1.0261,1.9601,0.1496,1.7491,0.3038,4.3114
fCMR_Philips_094,180,0.3813,3.2488,0.225,1.5305,0.2399,4.0229
fCMR_Philips_136,180,3.0723,2.7249,0.1737,0.6092,0.2157,1.9414
fCMR_Philips_087,180,2.4925,2.8448,0.432,3.3235,0.4505,7.771
fCMR_Philips_003,180,2.1984,2.9943,0.1629,1.0391,0.2067,2.5288
fCMR_Philips_047,180,2.8405,2.1814,0.3529,6.7081,0.3634,14.3809
fCMR_Philips_057,180,1.892,1.6619,0.2432,1.2828,0.2537,2.7351
fCMR_Philips_097,180,1.7968,2.6639,0.4497,0.1048,0.459,0.7363
fCMR_Philips_070,180,2.5223,3.0731,0.4615,1.3153,0.4984,3.1488
fCMR_Philips_068,180,2.1121,2.4637,0.2914,1.5642,0.3186,3.4594
fCMR_Philips_117,181,2.4096,3.2687,0.2464,0.6189,0.2885,1.9764
fCMR_Philips_002,181,2.5104,2.5,0.229,0.9159,0.2406,2.4054
fCMR_Philips_052,181,2.9397,2.5206,0.2034,0.7486,0.2155,1.8593
fCMR_Philips_123,181,2.6543,3.7848,0.1295,0.4056,0.2099,1.8084
fCMR_Philips_079,181,1.4605,2.0877,0.2712,0.6649,0.3091,1.8126
fCMR_Philips_041,181,1.9594,3.8003,0.1047,0.3408,0.131,1.1916
fCMR_Philips_090,181,2.4648,1.2293,0.1283,1.9085,0.1489,4.3184
fCMR_Philips_114,181,3.0962,2.7309,0.2823,0.7227,0.3083,2.318
fCMR_Philips_065,181,1.6002,1.5848,0.0596,1.3284,0.1672,3.112
fCMR_Philips_132,181,2.3689,1.6185,0.385,3.9526,0.3903,8.5738
fCMR_Philips_031,181,2.9802,2.2759,0.045,1.4886,0.19,3.4473
fCMR_Philips_104,181,2.4574,2.2749,0.1826,2.4651,0.337,5.7649
fCMR_Philips_094,181,2.5503,1.6997,0.3219,1.049,0.3418,2.5807
fCMR_Philips_136,181,2.1756,1.6834,0.0622,0.1463,0.1086,1.2094
fCMR_Philips_087,181,1.6203,3.0079,0.4353,2.8056,0.4433,5.9407
fCMR_Philips_003,181,2.0228,2.4595,0.1664,1.0976,0.1979,2.457
fCMR_Philips_047,181,2.9966,2.5043,0.3989,7.1743,0.4807,17.8502
fCMR_Philips_057,181,2.7701,1.86,0.3311,0.3288,0.3472,1.507
fCMR_Philips_097,181,1.0654,1.728,0.4147,0.3152,0.433,1.1289
fCMR_Philips_070,181,2.0042,2.3023,0.4127,1.7671,0.4277,4.0587
fCMR_Philips_068,181,3.0436,2.5755,0.2171,0.6441,0.2433,1.6062
fCMR_Philips_117,182,2.8179,2.6107,0.2379,0.8291,0.2726,2.639
fCMR_Philips_002,182,2.6594,2.5251,0.1432,1.5048,0.2036,3.2036
fCMR_Philips_052,182,3.1032,3.0789,0.1521,0.3643,0.1716,0.9216
fCMR_Philips_123,182,2.3347,3.143,0.1193,1.3558,0.1739,3.4954
fCMR_Philips_079,182,2.0091,3.5539,0.1163,1.2586,0.1884,4.1176
fCMR_Philips_041,182,2.7962,1.7247,0.0861,0.6191,0.1555,1.6248
fCMR_Philips_090,182,2.1901,1.6394,0.0793,2.181,0.1525,5.1363
fCMR_Philips_114,182,2.8971,2.275,0.2933,1.3437,0.3103,3.1458
fCMR_Philips_065,182,2.8881,3.0771,0.0757,0.7922,0.1216,2.0408
fCMR_Philips_132,182,1.2331,2.2558,0.2434,5.3518,0.2729,11.165
fCMR_Philips_031,182,2.2282,2.0828,0.1307,1.4144,0.1811,3.6127
fCMR_Philips_104,182,2.5101,2.3132,0.1462,3.7908,0.3055,8.2473
fCMR_Philips_094,182,1.794,2.8523,0.3381,1.0509,0.357,2.9211
fCMR_Philips_136,182,2.4655,2.7782,0.1259,0.331,0.162,1.2756
fCMR_Philips_087,182,1.1971,2.5232,0.421,1.2129,0.4288,2.9791
fCMR_Philips_003,182,2.2334,3.182,0.0954,1.3585,0.1333,3.6084
fCMR_Philips_047,182,2.0549,1.5046,0.1442,3.3173,0.3905,8.8275
fCMR_Philips_057,182,2.3728,2.5476,0.2217,1.2412,0.2352,3.0811
fCMR_Philips_097,182,2.7828,2.9358,0.4893,0.058,0.493,0.4928
fCMR_Philips_070,182,1.9546,2.4458,0.4594,1.56,0.475,3.9421
fCMR_Philips_068,182,1.0296,1.7118,0.2392,0.6966,0.2654,2.1076
fCMR_Philips_117,183,0.926,3.1782,0.1565,1.2065,0.2321,2.6264
fCMR_Philips_002,183,2.9021,1.1457,0.1888,1.3925,0.2589,3.4044
fCMR_Philips_052,183,2.2468,2.2776,0.1747,2.3674,0.1891,5.469
fCMR_Philips_123,183,2.0269,2.7868,0.1575,0.4403,0.1713,1.4053
fCMR_Philips_079,183,2.202,2.5903,0.0618,0.6916,0.1163,2.4716
fCMR_Philips_041,183,0.8798,2.2649,0.1468,0.3672,0.1923,1.0814
fCMR_Philips_090,183,2.2731,2.6676,0.1628,0.9558,0.1926,2.3386
fCMR_Philips_114,183,2.7673,2.4182,0.2984,0.8668,0.3113,2.1242
fCMR_Philips_065,183,1.3786,2.368,0.0691,1.3608,0.1618,2.9097
fCMR_Philips_132,183,2.2658,2.497,0.3087,6.8721,0.3219,14.0982
fCMR_Philips_031,183,3.0131,2.2769,0.2069,2.0292,0.2423,4.6534
fCMR_Philips_104,183,1.3471,2.9328,0.1752,2.6517,0.2261,6.2236
fCMR_Philips_094,183,2.5679,1.3529,0.2434,0.6509,0.2781,2.3962
fCMR_Philips_136,183,1.7141,2.4859,0.1557,0.6053,0.1729,1.9173
fCMR_Philips_087,183,1.9117,3.3422,0.4799,2.0652,0.4937,4.8317
fCMR_Philips_003,183,2.3929,2.789,0.1499,0.6896,0.1703,1.9899
fCMR_Philips_047,183,2.957,1.1527,0.2996,6.7514,0.3698,16.0284
fCMR_Philips_057,183,1.1492,3.1807,0.2933,1.4966,0.3059,3.6202
fCMR_Philips_097,183,2.6776,2.6803,0.3974,0.499,0.4033,1.5038
fCMR_Philips_070,183,1.812,2.7001,0.3351,1.1455,0.3501,2.9453
fCMR_Philips_068,183,2.5448,2.7563,0.2027,1.026,0.2642,2.6841
fCMR_Philips_117,184,1.5738,1.573,0.1618,0.9674,0.2006,2.5804
fCMR_Philips_002,184,2.3461,1.8735,0.1894,0.9384,0.2148,2.6996
fCMR_Philips_052,184,2.067,1.9354,0.2682,0.6092,0.2736,1.8902
fCMR_Philips_123,184,2.5055,2.6909,0.056,1.4569,0.0987,3.2828
fCMR_Philips_079,184,2.9019,2.5647,0.0701,1.8254,0.1344,4.2092
fCMR_Philips_041,184,3.0315,1.0566,0.0714,0.1479,0.1438,1.0836
fCMR_Philips_090,184,2.8221,2.6351,0.1416,1.3492,0.1981,3.9622
fCMR_Philips_114,184,2.7934,2.925,0.308,0.7295,0.3224,2.1582
fCMR_Philips_065,184,1.0218,2.1639,0.0952,1.7121,0.1442,3.8922
fCMR_Philips_132,184,2.0782,1.983,0.3192,4.4634,0.3248,9.254
fCMR_Philips_031,184,2.2714,2.1284,0.1751,1.6019,0.1944,3.8458
fCMR_Philips_104,184,3.0696,2.6511,0.0839,2.355,0.2158,5.2668
fCMR_Philips_094,184,0.8479,1.1716,0.162,1.2447,0.2012,3.4445
fCMR_Philips_136,184,2.4031,2.5493,0.0363,0.0743,0.1111,0.829
fCMR_Philips_087,184,1.1441,3.4521,0.4343,4.1075,0.4473,8.7533
fCMR_Philips_003,184,2.6561,1.9023,0.1634,0.9124,0.1891,2.2446
fCMR_Philips_047,184,2.7242,2.1229,0.2295,2.1798,0.3135,5.6372
fCMR_Philips_057,184,1.6082,1.3293,0.3731,1.2313,0.3767,2.8447
fCMR_Philips_097,184,2.4977,1.9932,0.5009,0.1021,0.5157,1.3082
fCMR_Philips_070,184,2.0315,2.3133,0.3945,1.5046,0.4063,3.4018
fCMR_Philips_068,184,1.457,2.5993,0.1392,0.7642,0.1702,1.9952
fCMR_Philips_117,185,3.1034,1.6843,0.2537,0.6785,0.2854,1.9131
fCMR_Philips_002,185,1.1059,2.7176,0.257,1.2795,0.272,3.6448
fCMR_Philips_052,185,2.3973,2.9807,0.2951,0.19,0.3109,1.1499
fCMR_Philips_123,185,2.9998,2.2475,0.1655,0.9328,0.1862,2.3264
fCMR_Philips_079,185,1.6782,2.7895,0.133,1.1418,0.1538,3.1709
fCMR_Philips_041,185,1.7263,3.3718,0.0868,0.3721,0.1352,1.0512
fCMR_Philips_090,185,2.9956,3.4113,0.0976,2.3796,0.1268,5.7264
fCMR_Philips_114,185,1.5171,2.9247,0.2654,0.9976,0.273,2.4638
fCMR_Philips_065,185,1.4538,3.1916,0.1294,1.1911,0.1652,2.9418
fCMR_Philips_132,185,2.4106,2.8644,0.1716,5.1999,0.2019,10.7464
fCMR_Philips_031,185,1.7767,2.2076,0.1387,1.7736,0.1938,4.1266
fCMR_Philips_104,185,2.39,3.0438,0.1154,1.6998,0.1593,4.0688
fCMR_Philips_094,185,0.9679,3.1654,0.3283,2.8569,0.342,6.8114
fCMR_Philips_136,185,1.1062,2.6245,0.183,0.1534,0.2116,0.7754
fCMR_Philips_087,185,2.4503,2.5347,0.5254,3.516,0.5303,7.8272
fCMR_Philips_003,185,2.8727,2.9824,0.2813,1.3422,0.2949,3.2456
fCMR_Philips_047,185,2.0333,1.7146,0.1954,1.3193,0.2707,3.9786
fCMR_Philips_057,185,0.689,2.5256,0.3569,1.2706,0.3654,2.928
fCMR_Philips_097,185,2.2786,3.1232,0.3724,0.2799,0.3972,1.1614
fCMR_Philips_070,185,2.7946,1.3284,0.4351,2.5138,0.4463,5.7026
fCMR_Philips_068,185,2.1215,2.8846,0.2215,0.9167,0.2396,2.8372
fCMR_Philips_117,186,2.1358,3.3379,0.2388,0.6779,0.2646,1.7446
fCMR_Philips_002,186,3.0063,3.0714,0.2466,1.952,0.2682,4.7625
fCMR_Philips_052,186,2.63,3.4751,0.284,0.0583,0.2994,0.7965
fCMR_Philips_123,186,1.9293,2.2214,0.1975,1.0589,0.2242,2.9621
fCMR_Philips_079,186,2.4814,3.2911,0.3173,1.4553,0.3333,3.4608
fCMR_Philips_041,186,2.7088,2.8593,0.1317,2.9642,0.1848,7.0106
fCMR_Philips_090,186,2.6218,3.0677,0.0372,1.0869,0.1143,3.3783
fCMR_Philips_114,186,3.0339,3.3556,0.2596,1.9057,0.2812,4.4899
fCMR_Philips_065,186,2.8169,3.1605,0.1575,1.9301,0.192,4.2919
fCMR_Philips_132,186,3.061,2.6672,0.2004,3.2722,0.2317,6.8314
fCMR_Philips_031,186,1.8943,2.4139,0.1224,2.082,0.1922,4.9188
fCMR_Philips_104,186,2.7321,3.429,0.1325,1.5336,0.1664,3.7211
fCMR_Philips_094,186,3.0927,2.7083,0.2429,1.4975,0.2495,3.5149
fCMR_Philips_136,186,0.9516,2.7062,0.0708,0.0852,0.1782,0.8011
fCMR_Philips_087,186,1.4827,2.7343,0.3921,4.1732,0.4184,8.7893
fCMR_Philips_003,186,2.1406,2.5496,0.2335,0.8026,0.2393,2.3114
fCMR_Philips_047,186,2.0302,2.4042,0.3033,6.8773,0.3431,14.7774
fCMR_Philips_057,186,1.7209,2.694,0.2735,1.8124,0.2859,4.103
fCMR_Philips_097,186,2.2258,3.169,0.4408,0.1636,0.4661,0.6146
fCMR_Philips_070,186,1.8478,1.7558,0.5497,1.3141,0.5631,3.0959
fCMR_Philips_068,186,2.6102,1.9681,0.1771,1.2089,0.196,3.0551
fCMR_Philips_117,187,0.6771,1.8171,0.2757,0.89,0.2975,2.0688
fCMR_Philips_002,187,1.5554,1.7525,0.1402,1.9383,0.1968,4.9348
fCMR_Philips_052,187,2.0377,2.5577,0.2647,0.3815,0.275,1.3594
fCMR_Philips_123,187,2.9387,2.8746,0.2537,0.6484,0.2963,2.0197
fCMR_Philips_079,187,1.9635,2.083,0.169,0.6279,0.2178,2.0016
fCMR_Philips_041,187,2.8543,2.2376,0.0654,0.3375,0.1121,1.3623
fCMR_Philips_090,187,2.7238,3.0984,0.0773,0.9252,0.1368,2.1412
fCMR_Philips_114,187,1.1266,2.3345,0.2926,1.2896,0.3181,2.8067
fCMR_Philips_065,187,2.5737,2.2937,0.201,1.7908,0.2238,4.0994
fCMR_Philips_132,187,2.2253,3.4391,0.2954,3.7044,0.3217,7.6525
fCMR_Philips_031,187,2.8795,1.5194,0.1805,2.2689,0.2172,4.9068
fCMR_Philips_104,187,2.8813,2.6981,0.1372,1.429,0.1994,3.5893
fCMR_Philips_094,187,2.609,3.2389,0.1542,1.4943,0.1957,3.4407
fCMR_Philips_136,187,1.7957,2.891,0.0777,0.3873,0.1285,1.4082
fCMR_Philips_087,187,1.6568,2.1119,0.4311,2.7323,0.4555,5.9143
fCMR_Philips_003,187,2.556,2.8098,0.1586,0.5191,0.1946,1.5187
fCMR_Philips_047,187,1.6888,3.2646,0.3596,2.0005,0.4234,5.2678
fCMR_Philips_057,187,1.776,2.9964,0.3607,1.1794,0.3693,3.0251
fCMR_Philips_097,187,1.6908,3.2911,0.2056,1.0623,0.236,2.4928
fCMR_Philips_070,187,2.7685,2.0233,0.3047,1.2523,0.3316,2.8987
fCMR_Philips_068,187,2.9785,2.5987,0.2009,0.947,0.2513,2.3349
fCMR_Philips_117,188,2.4415,3.3637,0.2138,0.9894,0.2594,2.7643
fCMR_Philips_002,188,2.4915,1.941,0.2638,0.6734,0.2903,2.3513
fCMR_Philips_052,188,2.3369,3.0521,0.1483,0.7376,0.1628,2.0356
fCMR_Philips_123,188,1.0307,2.23,0.038,1.5069,0.1331,3.6757
fCMR_Philips_079,188,1.6132,3.1898,0.2619,0.874,0.2876,2.2811
fCMR_Philips_041,188,2.0618,1.4712,0.0945,0.8494,0.186,2.4356
fCMR_Philips_090,188,1.8342,2.7392,0.1688,1.2577,0.1976,3.0952
fCMR_Philips_114,188,1.2636,2.3613,0.2801,1.4478,0.2977,3.264
fCMR_Philips_065,188,2.234,3.2632,0.1526,2.0175,0.1825,4.4166
fCMR_Philips_132,188,2.8239,2.5502,0.2484,3.8552,0.2629,8.302
fCMR_Philips_031,188,2.7227,2.8552,0.1683,2.335,0.1961,5.2171
fCMR_Philips_104,188,1.6424,1.9658,0.1257,1.3446,0.2777,3.7129
fCMR_Philips_094,188,1.4587,2.4881,0.1932,0.2683,0.209,1.2708
fCMR_Philips_136,188,1.827,3.719,0.0913,0.0777,0.1529,1.0404
fCMR_Philips_087,188,2.2748,1.4744,0.4922,3.2976,0.5019,7.4349
fCMR_Philips_003,188,2.7602,1.1089,0.2385,1.4517,0.2573,3.2255
fCMR_Philips_047,188,2.9693,2.2982,0.3854,8.2697,0.4243,19.7608
fCMR_Philips_057,188,1.5451,2.9106,0.3073,1.0203,0.3121,2.4109
fCMR_Philips_097,188,2.7655,2.3852,0.4271,0.2611,0.4544,1.1676
fCMR_Philips_070,188,2.531,1.7358,0.4488,1.4388,0.4649,3.6402
fCMR_Philips_068,188,2.7763,2.0441,0.2356,1.0414,0.2449,2.3176
fCMR_Philips_117,189,1.6783,2.2135,0.1993,0.7272,0.2191,1.9516
fCMR_Philips_002,189,2.5305,2.7026,0.1764,0.9093,0.2297,2.4022
fCMR_Philips_052,189,2.8067,2.6285,0.2174,0.0633,0.243,0.9666
fCMR_Philips_123,189,3.003,2.6336,0.1846,0.3312,0.233,1.043
fCMR_Philips_079,189,0.885,1.9015,0.1468,1.4885,0.189,3.2583
fCMR_Philips_041,189,3.1192,1.8537,0.17,1.5602,0.196,3.8101
fCMR_Philips_090,189,1.9018,3.2285,0.0787,1.6323,0.1258,3.7386
fCMR_Philips_114,189,2.721,1.6269,0.219,1.6457,0.2593,3.6306
fCMR_Philips_065,189,1.8959,2.0008,0.0539,0.9502,0.1433,2.7306
fCMR_Philips_132,189,2.1325,3.607,0.2871,4.577,0.2929,9.6048
fCMR_Philips_031,189,2.8132,2.378,0.0748,1.392,0.1514,3.4341
fCMR_Philips_104,189,3.0844,2.3971,0.1111,1.8318,0.1511,4.4154
fCMR_Philips_094,189,2.1617,2.3595,0.2856,1.3799,0.2997,3.3638
fCMR_Philips_136,189,3.1106,2.4884,0.1057,0.6242,0.1406,1.7365
fCMR_Philips_087,189,1.6644,1.5065,0.4304,2.6337,0.4348,5.5439
fCMR_Philips_003,189,2.674,3.4078,0.2093,0.5976,0.219,1.8694
fCMR_Philips_047,189,1.3608,2.5111,0.3771,7.2142,0.4097,15.6995
fCMR_Philips_057,189,1.6479,1.6102,0.3871,1.0546,0.3982,2.8303
fCMR_Philips_097,189,2.8332,2.5568,0.3804,1.1023,0.4006,3.0534
fCMR_Philips_070,189,2.8726,1.8373,0.2875,2.2994,0.3157,5.107
fCMR_Philips_068,189,1.5579,2.3535,0.2662,1.5237,0.2808,3.4113
fCMR_Philips_117,190,2.9543,2.6203,0.1206,0.85,0.1569,2.112
fCMR_Philips_002,190,2.0832,2.2076,0.2288,1.4557,0.2519,3.5975
fCMR_Philips_052,190,1.6512,2.5788,0.1002,1.6104,0.1272,3.7918
fCMR_Philips_123,190,1.8169,3.2088,0.0781,0.2696,0.0955,0.7452
fCMR_Philips_079,190,3.0564,0.7435,0.3489,0.9612,0.5979,2.7739
fCMR_Philips_041,190,1.7979,2.7545,0.2463,1.233,0.2978,3.8103
fCMR_Philips_090,190,2.7625,3.213,0.0616,1.5821,0.2745,5.5919
fCMR_Philips_114,190,2.9013,2.5122,0.2773,0.674,0.3163,1.8935
fCMR_Philips_065,190,2.1085,2.0436,0.0391,1.6706,0.1326,3.8654
fCMR_Philips_132,190,2.2187,3.0461,0.3191,5.6442,0.3274,11.7903
fCMR_Philips_031,190,1.3749,2.6168,0.0975,1.5949,0.1266,3.5566
fCMR_Philips_104,190,2.6202,1.9957,0.1132,1.6005,0.2878,4.5354
fCMR_Philips_094,190,1.9484,1.768,0.2064,0.3752,0.2161,1.4538
fCMR_Philips_136,190,1.9764,1.4342,0.0654,0.086,0.1646,1.2535
fCMR_Philips_087,190,2.7547,3.8629,0.3892,2.1068,0.4118,4.6179
fCMR_Philips_003,190,2.0515,2.722,0.2039,0.4164,0.2194,1.1134
fCMR_Philips_047,190,1.5152,1.8981,0.3131,6.1799,0.3385,12.7863
fCMR_Philips_057,190,2.1237,2.0736,0.1807,1.2734,0.2064,2.9738
fCMR_Philips_097,190,1.9537,2.4924,0.4402,0.1236,0.4567,0.8851
fCMR_Philips_070,190,1.7438,2.2847,0.4445,3.0992,0.9157,9.0116
fCMR_Philips_068,190,2.8592,2.4903,0.269,0.7751,0.2816,2.0359
fCMR_Philips_117,191,2.2687,3.581,0.2614,1.2727,0.2819,2.9647
fCMR_Philips_002,191,3.1029,2.2698,0.1525,1.3045,0.1962,3.307
fCMR_Philips_052,191,1.5093,1.1512,0.1609,0.8971,0.1875,2.3295
fCMR_Philips_123,191,2.5793,2.682,0.0984,0.5158,0.1231,1.618
fCMR_Philips_079,191,3.0205,2.978,0.2562,1.0137,0.3248,3.3938
fCMR_Philips_041,191,2.3617,2.7418,0.1853,1.5959,0.2299,4.1046
fCMR_Philips_090,191,1.3472,1.7447,0.1097,1.7164,0.1462,3.7784
fCMR_Philips_114,191,2.8938,2.0855,0.2845,1.9576,0.3112,4.6844
fCMR_Philips_065,191,2.8226,1.7696,0.0557,1.2211,0.154,2.7267
fCMR_Philips_132,191,2.6382,2.3576,0.3175,4.5421,0.3261,9.646
fCMR_Philips_031,191,2.1392,2.3818,0.1117,1.2412,0.1642,3.2016
fCMR_Philips_104,191,1.4709,2.8654,0.2059,3.212,0.3754,7.1718
fCMR_Philips_094,191,1.3165,2.5845,0.2835,0.5205,0.3049,1.8575
fCMR_Philips_136,191,3.1271,2.8767,0.0754,0.3786,0.1229,1.7142
fCMR_Philips_087,191,1.7576,2.4456,0.3143,2.9169,0.335,6.4857
fCMR_Philips_003,191,1.7246,2.773,0.2458,0.7922,0.2631,2.527
fCMR_Philips_047,191,2.5295,1.0172,0.2187,3.466,0.3185,8.1171
fCMR_Philips_057,191,0.4477,1.1634,0.3737,1.7569,0.3807,4.1001
fCMR_Philips_097,191,2.7941,2.7347,0.3871,0.0692,0.4102,1.1437
fCMR_Philips_070,191,1.0952,2.4004,0.5034,1.2616,0.516,2.8259
fCMR_Philips_068,191,1.1933,2.7412,0.2159,1.7487,0.2353,4.0429
fCMR_Philips_117,192,2.4683,1.2537,0.2391,0.4645,0.2669,2.4692
fCMR_Philips_002,192,2.8887,1.7108,0.2551,2.7053,0.2703,5.703
fCMR_Philips_052,192,2.9656,2.3575,0.186,0.4146,0.2296,1.2955
fCMR_Philips_123,192,2.2989,2.5648,0.2619,0.7358,0.2829,1.8148
fCMR_Philips_079,192,1.6651,1.9296,0.2775,1.2766,0.2865,3.183
fCMR_Philips_041,192,1.755,2.8227,0.0742,0.4367,0.1394,1.7668
fCMR_Philips_090,192,2.8973,2.3563,0.2286,3.9244,0.2394,8.3283
fCMR_Philips_114,192,1.7574,2.5742,0.2636,1.4468,0.284,3.4555
fCMR_Philips_065,192,2.2475,3.521,0.1565,1.7363,0.2385,3.7661
fCMR_Philips_132,192,1.9054,2.8899,0.2343,4.327,0.2463,9.4494
fCMR_Philips_031,192,1.0895,1.7513,0.1674,1.9412,0.2065,4.3657
fCMR_Philips_104,192,2.5541,2.9133,0.1486,2.5553,0.3345,7.1891
fCMR_Philips_094,192,2.7007,2.6989,0.1455,0.566,0.2035,2.5098
fCMR_Philips_136,192,2.0116,1.1748,0.0719,0.2875,0.1213,1.1148
fCMR_Philips_087,192,1.9489,1.1678,0.4443,3.0149,0.4522,6.5886
fCMR_Philips_003,192,2.1555,1.9582,0.2924,0.4711,0.2978,1.3363
fCMR_Philips_047,192,2.7436,2.3004,0.308,7.2452,0.3414,15.6702
fCMR_Philips_057,192,0.8512,2.5401,0.3088,1.1242,0.3142,2.4289
fCMR_Philips_097,192,2.8559,3.0452,0.4294,0.1605,0.4546,1.022
fCMR_Philips_070,192,1.8727,2.8968,0.4744,0.7206,0.4861,2.3415
fCMR_Philips_068,192,1.7778,2.1082,0.2304,0.8015,0.251,2.1827
fCMR_Philips_117,193,2.5565,2.0297,0.174,0.5305,0.1861,1.5589
fCMR_Philips_002,193,3.0236,1.2902,0.1864,1.1403,0.2426,2.6704
fCMR_Philips_052,193,2.4549,2.7765,0.1268,0.9355,0.1566,2.6252
fCMR_Philips_123,193,2.6038,1.9926,0.1544,0.2759,0.2006,1.1846
fCMR_Philips_079,193,3.0924,2.5448,0.1636,1.2686,0.1972,3.0656
fCMR_Philips_041,193,1.2743,2.9399,0.0254,0.5819,0.1496,2.3194
fCMR_Philips_090,193,1.4402,2.1615,0.1174,1.199,0.1399,2.941
fCMR_Philips_114,193,1.2532,1.991,0.2063,1.3793,0.2086,3.2085
fCMR_Philips_065,193,1.9663,1.5777,0.0306,0.7513,0.0699,1.8935
fCMR_Philips_132,193,1.0217,2.9723,0.1347,6.1626,0.1637,12.7352
fCMR_Philips_031,193,2.7374,2.7317,0.2653,1.5816,0.2754,4.1892
fCMR_Philips_104,193,2.8118,1.6315,0.1069,3.6445,0.2286,7.854
fCMR_Philips_094,193,2.3617,2.6429,0.1437,0.637,0.1938,1.6121
fCMR_Philips_136,193,2.6321,2.7269,0.1865,0.6148,0.2256,2.2195
fCMR_Philips_087,193,2.9805,1.662,0.419,4.359,0.4256,9.5032
fCMR_Philips_003,193,1.2515,2.422,0.1843,1.702,0.2074,3.9626
fCMR_Philips_047,193,1.2578,1.9213,0.4818,8.5779,0.4958,18.5948
fCMR_Philips_057,193,1.6956,1.3133,0.3434,1.2806,0.35,3.0143
fCMR_Philips_097,193,0.9928,1.1343,0.423,0.168,0.4424,0.9924
fCMR_Philips_070,193,2.9361,2.5119,0.4761,1.0353,0.4936,2.6549
fCMR_Philips_068,193,2.297,2.7809,0.2342,0.9168,0.2406,2.2255
fCMR_Philips_117,194,2.5669,1.4634,0.1917,0.8737,0.201,2.129
fCMR_Philips_002,194,1.9053,2.2364,0.1634,0.9088,0.1844,2.8109
fCMR_Philips_052,194,2.3982,2.263,0.1957,0.6757,0.2023,2.1233
fCMR_Philips_123,194,1.3923,2.9929,0.0874,1.0385,0.1571,2.8742
fCMR_Philips_079,194,1.4749,1.5717,0.1764,0.6385,0.2244,1.691
fCMR_Philips_041,194,2.7931,2.0755,0.1826,1.2735,0.1899,3.3834
fCMR_Philips_090,194,3.0142,2.2126,0.1926,2.3973,0.2169,5.495
fCMR_Philips_114,194,2.1532,2.1007,0.3084,2.3482,0.3369,5.1033
fCMR_Philips_065,194,2.4285,3.6992,0.1351,0.8131,0.1735,1.8664
fCMR_Philips_132,194,1.4122,3.0507,0.3458,4.4756,0.3562,9.5588
fCMR_Philips_031,194,2.1711,2.1827,0.071,1.5357,0.1406,3.7401
fCMR_Philips_104,194,1.2113,2.6151,0.1077,1.6676,0.1765,4.6408
fCMR_Philips_094,194,2.5595,1.8054,0.2857,0.9773,0.315,2.5038
fCMR_Philips_136,194,1.0746,2.5913,0.1081,0.7392,0.1561,2.3706
fCMR_Philips_087,194,1.9735,1.9838,0.4767,2.2974,0.479,5.0002
fCMR_Philips_003,194,2.4432,2.7605,0.2438,1.2234,0.262,2.6759
fCMR_Philips_047,194,2.8943,2.7274,0.3266,7.6936,0.3545,16.2532
fCMR_Philips_057,194,1.0668,3.6934,0.3103,1.1923,0.3196,2.9049
fCMR_Philips_097,194,1.1937,2.3364,0.333,0.3183,0.3601,1.4426
fCMR_Philips_070,194,2.6928,3.2557,0.4297,1.1723,0.472,2.7428
fCMR_Philips_068,194,1.0212,0.5024,0.2109,0.9152,0.2487,2.1129
fCMR_Philips_117,195,1.4698,3.0561,0.2119,0.5047,0.2561,1.4703
fCMR_Philips_002,195,2.1553,2.2166,0.196,0.8234,0.2121,2.4196
fCMR_Philips_052,195,1.4547,3.4269,0.2091,0.9993,0.2185,2.5686
fCMR_Philips_123,195,2.094,3.0201,0.0945,0.8836,0.1487,2.306
fCMR_Philips_079,195,1.4285,2.436,0.1887,1.2101,0.2266,2.8818
fCMR_Philips_041,195,2.3566,1.8891,0.1594,0.845,0.1927,2.1906
fCMR_Philips_090,195,2.5379,3.0169,0.1242,0.3774,0.1584,1.5574
fCMR_Philips_114,195,2.6091,2.2479,0.2128,2.5922,0.2557,5.5377
fCMR_Philips_065,195,2.2642,1.9998,0.1407,1.6973,0.2003,3.798
fCMR_Philips_132,195,2.2788,3.2193,0.2675,5.7837,0.2793,12.266
fCMR_Philips_031,195,1.5704,3.3654,0.0868,2.0202,0.1488,4.7214
fCMR_Philips_104,195,3.1408,1.9627,0.2287,3.1978,0.2726,7.0337
fCMR_Philips_094,195,1.7908,2.2147,0.2508,0.4951,0.257,1.2918
fCMR_Philips_136,195,1.1828,2.2412,0.2025,0.1336,0.2069,0.6638
fCMR_Philips_087,195,2.0755,2.7911,0.4292,3.4387,0.4441,7.1812
fCMR_Philips_003,195,3.0858,2.5397,0.2402,1.2236,0.2508,2.8457
fCMR_Philips_047,195,1.8283,1.0469,0.4268,5.5546,0.4773,12.8432
fCMR_Philips_057,195,2.0147,0.2862,0.2853,1.0236,0.3147,2.5082
fCMR_Philips_097,195,3.0903,2.9173,0.3413,0.0137,0.383,0.789
fCMR_Philips_070,195,0.6919,1.7896,0.4085,0.7712,0.4156,2.4384
fCMR_Philips_068,195,2.9429,1.7119,0.1571,0.8111,0.1727,2.1356
fCMR_Philips_117,196,3.0206,3.7104,0.2016,0.7009,0.2359,1.8291
fCMR_Philips_002,196,1.9891,0.7048,0.1876,2.0309,0.202,4.6089
fCMR_Philips_052,196,2.7641,1.5705,0.2419,0.3094,0.2842,1.048
fCMR_Philips_123,196,1.9599,2.2006,0.2139,1.0407,0.2258,2.7124
fCMR_Philips_079,196,2.544,0.8782,0.3779,0.656,0.3865,1.8896
fCMR_Philips_041,196,1.8975,2.7763,0.089,0.6147,0.1289,1.4655
fCMR_Philips_090,196,2.8897,2.7729,0.1065,1.6745,0.1558,4.0955
fCMR_Philips_114,196,2.5911,1.9286,0.2873,1.8789,0.3117,4.4147
fCMR_Philips_065,196,1.9362,2.2477,0.0989,1.1991,0.134,2.7087
fCMR_Philips_132,196,3.0441,2.2081,0.3487,4.0152,0.3601,8.6504
fCMR_Philips_031,196,2.7521,3.2875,0.2088,2.1483,0.2714,4.8348
fCMR_Philips_104,196,2.7369,2.6851,0.2751,2.1766,0.3042,5.0381
fCMR_Philips_094,196,0.2743,2.2236,0.1681,0.9304,0.2408,2.5376
fCMR_Philips_136,196,1.2202,1.9973,0.1206,0.1361,0.1652,0.9153
fCMR_Philips_087,196,2.6687,3.1303,0.4298,3.0275,0.4472,7.0609
fCMR_Philips_003,196,1.7351,3.152,0.3282,0.3459,0.3424,1.2363
fCMR_Philips_047,196,1.5802,2.2656,0.1479,2.4247,0.1826,5.6953
fCMR_Philips_057,196,2.9553,3.2014,0.3581,0.797,0.3647,2.0104
fCMR_Philips_097,196,2.3666,2.4878,0.5671,0.6054,0.5779,2.2295
fCMR_Philips_070,196,2.6311,3.0,0.3815,2.7757,0.4259,6.0772
fCMR_Philips_068,196,2.3593,3.5559,0.2936,1.1711,0.3039,2.7668
fCMR_Philips_117,197,3.1209,1.1832,0.2436,1.2766,0.284,2.8891
fCMR_Philips_002,197,1.9832,3.196,0.2438,0.6715,0.2868,1.9747
fCMR_Philips_052,197,2.5525,2.5147,0.1764,0.381,0.1869,1.2465
fCMR_Philips_123,197,2.9566,2.2976,0.2001,0.7343,0.2138,1.908
fCMR_Philips_079,197,2.6852,1.6983,0.1135,0.8031,0.1306,2.3175
fCMR_Philips_041,197,2.2298,3.0215,0.0981,0.5167,0.1533,1.8284
fCMR_Philips_090,197,2.1799,2.4294,0.1197,1.087,0.1833,2.723
fCMR_Philips_114,197,2.5036,3.4913,0.1871,1.4936,0.2211,3.3275
fCMR_Philips_065,197,2.9184,0.9034,0.1641,1.5036,0.1827,3.7266
fCMR_Philips_132,197,1.8653,1.9089,0.289,4.7083,0.3052,9.7634
fCMR_Philips_031,197,2.8235,3.2654,0.2579,2.6492,0.2863,5.8948
fCMR_Philips_104,197,2.6949,3.2268,0.0561,1.6197,0.3001,4.861
fCMR_Philips_094,197,2.5559,2.0621,0.2536,0.2731,0.2698,1.4825
fCMR_Philips_136,197,2.5586,1.3133,0.0723,0.261,0.2286,1.4066
fCMR_Philips_087,197,2.2759,3.0311,0.4146,3.6934,0.4216,8.2675
fCMR_Philips_003,197,2.5059,1.6679,0.2125,1.0485,0.2259,2.7201
fCMR_Philips_047,197,1.6919,2.0574,0.2687,4.858,0.3141,11.5322
fCMR_Philips_057,197,1.2757,2.1368,0.2469,1.7502,0.2563,3.931
fCMR_Philips_097,197,2.8282,2.7462,0.398,0.123,0.4082,0.9092
fCMR_Philips_070,197,1.251,3.2229,0.4774,1.4924,0.4946,3.3863
fCMR_Philips_068,197,2.4799,1.5578,0.1953,0.8159,0.2012,1.9012
fCMR_Philips_117,198,1.6896,0.7532,0.2126,1.38,0.2398,3.6594
fCMR_Philips_002,198,1.8158,2.895,0.2074,1.5586,0.2443,3.6454
fCMR_Philips_052,198,2.5862,2.4816,0.1828,0.4675,0.1963,1.8366
fCMR_Philips_123,198,2.9189,2.5468,0.1452,0.2882,0.1937,1.2601
fCMR_Philips_079,198,2.2802,2.5394,0.1405,0.5587,0.1944,2.1305
fCMR_Philips_041,198,2.6742,2.7172,0.0982,0.7758,0.1612,2.3011
fCMR_Philips_090,198,3.0068,2.6921,0.1038,2.7973,0.168,5.935
fCMR_Philips_114,198,1.2755,1.6431,0.1169,1.4497,0.1679,3.0818
fCMR_Philips_065,198,1.7432,3.4143,0.0528,0.164,0.1415,0.5116
fCMR_Philips_132,198,2.5711,2.3825,0.2364,4.6461,0.2573,10.1291
fCMR_Philips_031,198,2.9171,1.4524,0.1782,3.3806,0.1906,7.0822
fCMR_Philips_104,198,2.3817,3.3613,0.1846,1.3158,0.3186,4.0824
fCMR_Philips_094,198,2.8145,2.7164,0.2168,1.7774,0.2556,4.0371
fCMR_Philips_136,198,2.8429,2.5424,0.1868,0.1259,0.2424,0.9047
fCMR_Philips_087,198,1.7336,2.5443,0.3941,2.2374,0.3973,4.8486
fCMR_Philips_003,198,2.3458,1.6507,0.2073,1.4347,0.214,3.3036
fCMR_Philips_047,198,1.9909,3.065,0.2217,1.5704,0.3047,4.6142
fCMR_Philips_057,198,2.7846,1.9867,0.313,1.1037,0.3215,2.5438
fCMR_Philips_097,198,2.5203,1.5032,0.3556,0.012,0.369,0.2095
fCMR_Philips_070,198,2.2323,2.9181,0.3764,1.0303,0.3862,2.7938
fCMR_Philips_068,198,1.7802,1.4539,0.2516,0.8614,0.2646,1.9754
fCMR_Philips_117,199,3.1258,2.8404,0.2081,0.9099,0.2589,2.4935
fCMR_Philips_002,199,1.9955,2.8286,0.3234,1.1693,0.3373,2.8826
fCMR_Philips_052,199,3.0362,1.2841,0.181,0.2587,0.1935,1.0266
fCMR_Philips_123,199,2.6235,2.3221,0.176,0.8146,0.1925,2.3474
fCMR_Philips_079,199,0.7485,2.2891,0.1966,0.9339,0.2152,2.6484
fCMR_Philips_041,199,2.9764,2.6106,0.1257,0.5329,0.1675,1.6709
fCMR_Philips_090,199,1.0094,1.0156,0.1136,1.4639,0.154,3.2361
fCMR_Philips_114,199,3.0809,2.7138,0.2418,0.8614,0.2629,2.2606
fCMR_Philips_065,199,3.1024,2.2948,0.1263,2.2283,0.1631,5.4139
fCMR_Philips_132,199,2.2981,2.1578,0.2591,5.0407,0.2728,10.8328
fCMR_Philips_031,199,1.4309,1.956,0.1877,1.2006,0.2094,3.1312
fCMR_Philips_104,199,2.8274,3.1495,0.3402,0.4665,0.3799,1.8485
fCMR_Philips_094,199,2.0974,2.6524,0.2705,0.5467,0.2887,1.7584
fCMR_Philips_136,199,2.3068,1.2296,0.099,0.7395,0.1637,1.8121
fCMR_Philips_087,199,3.0066,2.9091,0.4463,2.1221,0.4561,4.7347
fCMR_Philips_003,199,2.745,2.3332,0.2521,1.3367,0.2745,2.958
fCMR_Philips_047,199,1.5416,3.3454,0.2609,3.3606,0.2883,8.2391
fCMR_Philips_057,199,1.3565,3.5546,0.3455,1.5546,0.3579,3.458
fCMR_Philips_097,199,0.9968,2.0751,0.4436,0.4416,0.4763,1.5266
fCMR_Philips_070,199,2.3897,2.5563,0.3503,1.2806,0.3724,4.1487
fCMR_Philips_068,199,2.6776,1.9514,0.2006,0.9949,0.2138,2.292
fCMR_Philips_117,200,2.628,1.7119,0.3059,0.5172,0.3237,1.3494
fCMR_Philips_002,200,2.2988,2.6296,0.1713,1.7983,0.1956,4.6188
fCMR_Philips_052,200,0.3607,3.2083,0.2044,0.1435,0.2481,1.2168
fCMR_Philips_123,200,2.7164,3.3209,0.2216,0.2633,0.2531,1.2464
fCMR_Philips_079,200,2.345,1.5623,0.2871,1.1601,0.3315,3.3876
fCMR_Philips_041,200,1.8385,1.5285,0.0442,0.8222,0.1298,2.529
fCMR_Philips_090,200,2.3255,1.7363,0.077,0.9857,0.1278,2.6567
fCMR_Philips_114,200,2.5502,2.1469,0.3127,1.0329,0.33,2.3076
fCMR_Philips_065,200,2.0627,2.2551,0.115,1.9623,0.1401,4.1844
fCMR_Philips_132,200,2.3159,1.5566,0.2023,5.9365,0.2093,12.7425
fCMR_Philips_031,200,2.8002,3.0752,0.1773,2.0265,0.1884,4.8312
fCMR_Philips_104,200,2.1138,2.1957,0.2147,0.9214,0.2433,2.4317
fCMR_Philips_094,200,2.6521,1.1928,0.1257,1.6145,0.181,3.7272
fCMR_Philips_136,200,2.4847,2.6532,0.1299,0.1096,0.1582,0.4984
fCMR_Philips_087,200,0.9036,2.3,0.448,3.8558,0.4598,8.002
fCMR_Philips_003,200,3.1414,2.0036,0.1921,1.2605,0.2218,2.9576
fCMR_Philips_047,200,1.8133,2.3073,0.293,0.8498,0.3166,2.256
fCMR_Philips_057,200,2.4698,3.4209,0.2915,0.9949,0.3063,2.1843
fCMR_Philips_097,200,2.8305,2.7899,0.5937,0.1084,0.6008,0.6107
fCMR_Philips_070,200,2.4339,2.8812,0.3935,1.8968,0.4193,4.2232
fCMR_Philips_068,200,2.2171,2.7141,0.1803,0.8816,0.1987,2.396
fCMR_Philips_117,201,1.6657,2.3187,0.2041,0.2997,0.2325,1.2237
fCMR_Philips_002,201,2.9876,1.8652,0.234,1.153,0.2535,3.0947
fCMR_Philips_052,201,2.9098,1.6153,0.1864,0.593,0.2034,1.6739
fCMR_Philips_123,201,2.1498,2.9646,0.1088,0.283,0.1403,1.1146
fCMR_Philips_079,201,2.1202,2.5686,0.2435,0.6458,0.294,1.8117
fCMR_Philips_041,201,2.7257,0.6098,0.148,1.4353,0.1967,3.2038
fCMR_Philips_090,201,2.9945,2.3861,0.1443,2.2239,0.184,4.8054
fCMR_Philips_114,201,1.6652,2.466,0.233,0.9717,0.2747,2.394
fCMR_Philips_065,201,2.9939,2.5726,0.1703,1.7487,0.2383,4.2262
fCMR_Philips_132,201,2.3067,1.6859,0.2983,4.1797,0.3168,8.7337
fCMR_Philips_031,201,0.915,2.507,0.0254,2.0944,0.14,4.7922
fCMR_Philips_104,201,2.9911,2.6087,0.1951,1.7031,0.2032,4.3598
fCMR_Philips_094,201,2.3108,2.5614,0.1876,0.9933,0.2225,2.8632
fCMR_Philips_136,201,0.3099,1.5284,0.103,0.1676,0.1728,1.0079
fCMR_Philips_087,201,2.3333,1.2076,0.4117,3.3401,0.4221,7.1427
fCMR_Philips_003,201,2.7347,2.0877,0.2892,1.3129,0.3067,3.2011
fCMR_Philips_047,201,2.3102,1.8979,0.2241,0.5439,0.2644,2.3761
fCMR_Philips_057,201,3.0692,3.8222,0.3652,0.2283,0.3749,0.9836
fCMR_Philips_097,201,1.8198,2.2698,0.4749,0.2781,0.5059,1.101
fCMR_Philips_070,201,3.1366,1.5848,0.5048,1.0788,0.5245,2.6967
fCMR_Philips_068,201,1.9572,2.4745,0.2848,1.4434,0.2993,3.3494
fCMR_Philips_117,202,1.1194,2.4775,0.2004,1.4353,0.2185,3.3035
fCMR_Philips_002,202,2.5383,1.7179,0.2993,2.3917,0.3258,5.306
fCMR_Philips_052,202,1.8142,3.0924,0.213,0.2008,0.2197,0.8787
fCMR_Philips_123,202,2.1596,2.3124,0.1002,0.2506,0.1909,1.146
fCMR_Philips_079,202,3.0224,2.0561,0.1625,0.4528,0.1992,1.4634
fCMR_Philips_041,202,2.2624,2.7119,0.1213,0.23,0.1467,1.0976
fCMR_Philips_090,202,2.9073,3.347,0.0762,2.3767,0.1163,5.1897
fCMR_Philips_114,202,3.1259,2.1159,0.2466,2.049,0.2679,4.7398
fCMR_Philips_065,202,1.2158,2.4676,0.1065,0.7857,0.1174,1.9427
fCMR_Philips_132,202,3.0906,1.4004,0.258,4.3492,0.2691,8.9692
fCMR_Philips_031,202,3.0394,3.0825,0.1304,2.0787,0.1617,4.5278
fCMR_Philips_104,202,2.9841,1.8288,0.136,2.3437,0.2158,5.7062
fCMR_Philips_094,202,0.7457,2.6675,0.1762,0.3736,0.1978,1.258
fCMR_Philips_136,202,1.5831,3.0006,0.0875,0.3009,0.187,1.0692
fCMR_Philips_087,202,1.7315,1.6466,0.3799,2.3532,0.3942,4.9429
fCMR_Philips_003,202,1.8396,2.6597,0.2638,0.6633,0.2914,1.5178
fCMR_Philips_047,202,1.9015,1.8699,0.3929,3.2903,0.4325,8.6655
fCMR_Philips_057,202,1.5603,2.6997,0.4188,0.6726,0.4206,1.8173
fCMR_Philips_097,202,2.8633,2.4465,0.3672,0.1956,0.4378,1.3961
fCMR_Philips_070,202,2.4568,2.9358,0.4741,1.7843,0.4852,3.9244
fCMR_Philips_068,202,2.18,2.2417,0.1732,1.6032,0.2212,3.6732
fCMR_Philips_117,203,2.5867,2.8967,0.1884,0.3439,0.2108,1.1178
fCMR_Philips_002,203,1.6108,2.5842,0.2349,0.4818,0.2846,2.0369
fCMR_Philips_052,203,2.9803,2.2265,0.2687,0.1339,0.2825,1.173
fCMR_Philips_123,203,2.5038,3.1774,0.1497,0.4562,0.164,1.1911
fCMR_Philips_079,203,2.9657,2.263,0.1937,0.3286,0.258,1.1722
fCMR_Philips_041,203,2.3138,2.2273,0.1307,1.0434,0.1601,2.5346
fCMR_Philips_090,203,3.1126,3.0573,0.0839,1.3271,0.1295,3.3189
fCMR_Philips_114,203,2.0354,1.5118,0.2888,1.1442,0.3161,2.7542
fCMR_Philips_065,203,1.3793,2.023,0.0603,1.727,0.1043,3.8901
fCMR_Philips_132,203,3.1102,1.2237,0.2383,3.3546,0.2595,7.4218
fCMR_Philips_031,203,2.69,2.5933,0.1074,2.1431,0.1542,4.9686
fCMR_Philips_104,203,3.0981,2.1137,0.1645,0.909,0.2933,2.5397
fCMR_Philips_094,203,1.683,2.228,0.1606,1.5129,0.1897,3.7755
fCMR_Philips_136,203,1.3622,3.6216,0.1176,0.5664,0.1952,1.6908
fCMR_Philips_087,203,1.153,2.0977,0.4399,2.5192,0.4509,5.6734
fCMR_Philips_003,203,1.9218,2.3889,0.167,0.7898,0.1926,2.0194
fCMR_Philips_047,203,3.0786,2.8178,0.4576,9.2137,0.5101,19.7702
fCMR_Philips_057,203,2.3924,1.5736,0.2087,1.6003,0.2275,3.8073
fCMR_Philips_097,203,2.8654,2.1784,0.3232,0.1786,0.3552,1.2834
fCMR_Philips_070,203,0.81,1.9218,0.32,1.6668,0.4121,5.0606
fCMR_Philips_068,203,3.0112,0.45,0.1096,1.1649,0.1705,2.8595
fCMR_Philips_117,204,1.1922,1.6212,0.2338,0.3138,0.2708,1.3449
fCMR_Philips_002,204,2.5984,2.01,0.2038,1.2592,0.2274,2.801
fCMR_Philips_052,204,2.7913,2.9871,0.1757,0.2126,0.206,1.3329
fCMR_Philips_123,204,2.3679,1.6042,0.0968,0.3106,0.1311,1.5884
fCMR_Philips_079,204,2.2232,2.3493,0.168,1.8022,0.1849,4.5988
fCMR_Philips_041,204,1.2177,2.4057,0.1893,0.6022,0.2183,1.5787
fCMR_Philips_090,204,2.0803,3.1595,0.0947,1.8918,0.1407,4.8738
fCMR_Philips_114,204,2.7642,2.7944,0.219,1.0152,0.2588,2.6118
fCMR_Philips_065,204,2.1906,2.1092,0.0505,1.3204,0.1246,3.2627
fCMR_Philips_132,204,2.1189,2.96,0.3635,4.2737,0.3795,8.9239
fCMR_Philips_031,204,0.9497,3.335,0.2161,2.7341,0.2523,6.4846
fCMR_Philips_104,204,1.0714,1.8047,0.2185,0.8801,0.2739,1.9866
fCMR_Philips_094,204,1.105,2.0978,0.1743,0.4154,0.1991,1.2906
fCMR_Philips_136,204,1.9535,2.079,0.1304,0.1519,0.1986,0.8165
fCMR_Philips_087,204,2.2959,2.6795,0.3887,2.8151,0.4036,6.3104
fCMR_Philips_003,204,2.2162,1.9652,0.2197,1.2184,0.2328,3.0952
fCMR_Philips_047,204,2.176,3.6887,0.4277,6.8599,0.6791,18.9108
fCMR_Philips_057,204,2.0248,2.0144,0.5079,1.0009,0.5197,2.4817
fCMR_Philips_097,204,2.5594,2.7047,0.3948,0.2434,0.4033,1.1402
fCMR_Philips_070,204,1.459,2.9724,0.4081,0.9898,0.4381,2.5126
fCMR_Philips_068,204,3.1095,2.6463,0.2946,0.6479,0.3143,1.7802
fCMR_Philips_117,205,2.7038,3.3432,0.1525,0.3558,0.243,1.5663
fCMR_Philips_002,205,2.528,2.9133,0.2984,1.5943,0.338,4.2424
fCMR_Philips_052,205,2.6321,2.8813,0.2018,0.0146,0.2302,1.0062
fCMR_Philips_123,205,3.002,3.1174,0.1122,1.1651,0.1545,2.6556
fCMR_Philips_079,205,2.5323,3.0932,0.1499,1.5275,0.2435,3.3386
fCMR_Philips_041,205,2.9844,1.9376,0.0649,0.918,0.1567,2.6789
fCMR_Philips_090,205,1.4558,1.7064,0.0995,1.2218,0.1444,2.792
fCMR_Philips_114,205,2.9525,2.2564,0.3193,1.1608,0.3395,2.7187
fCMR_Philips_065,205,2.5892,2.4773,0.095,1.487,0.1554,3.5096
fCMR_Philips_132,205,1.8364,1.3173,0.1689,3.7362,0.189,7.9695
fCMR_Philips_031,205,0.8232,2.287,0.2035,1.8852,0.2322,4.7564
fCMR_Philips_104,205,2.3517,2.209,0.1519,2.4886,0.2452,5.4383
fCMR_Philips_094,205,2.4788,3.5159,0.2164,2.9901,0.2363,7.3384
fCMR_Philips_136,205,2.0881,2.1964,0.0698,0.145,0.1189,0.9282
fCMR_Philips_087,205,3.0457,2.293,0.4283,3.4181,0.4309,7.7577
fCMR_Philips_003,205,2.9786,2.7958,0.1028,1.0975,0.1528,2.6348
fCMR_Philips_047,205,3.0442,1.9931,0.1718,3.9466,0.2175,9.6886
fCMR_Philips_057,205,2.6938,0.6816,0.3184,1.6727,0.3298,4.1298
fCMR_Philips_097,205,1.6741,3.2933,0.4667,0.0648,0.4766,1.049
fCMR_Philips_070,205,2.1629,2.8308,0.3218,1.4529,0.3346,4.1285
fCMR_Philips_068,205,2.169,2.6672,0.2836,1.2843,0.3172,3.1083
fCMR_Philips_117,206,2.6836,2.6442,0.156,0.8448,0.2096,2.4435
fCMR_Philips_002,206,2.1644,2.2779,0.227,0.8111,0.2424,2.2915
fCMR_Philips_052,206,0.6596,1.7353,0.2142,0.3133,0.23,1.5257
fCMR_Philips_123,206,1.9329,3.4025,0.1278,0.286,0.1981,0.7716
fCMR_Philips_079,206,2.1001,2.9463,0.1449,0.7202,0.1937,2.2439
fCMR_Philips_041,206,1.8483,1.8469,0.075,1.1239,0.1628,2.9122
fCMR_Philips_090,206,1.7823,1.3688,0.0491,2.643,0.1577,5.604
fCMR_Philips_114,206,1.7423,2.6357,0.2359,1.1711,0.2539,2.7587
fCMR_Philips_065,206,1.9365,3.0358,0.1372,2.4333,0.1622,6.0914
fCMR_Philips_132,206,2.5949,2.5963,0.2399,3.966,0.2591,8.276
fCMR_Philips_031,206,2.5399,2.9857,0.1653,1.3753,0.1968,3.7303
fCMR_Philips_104,206,2.9062,1.2064,0.055,0.859,0.1496,2.6063
fCMR_Philips_094,206,2.6793,2.6422,0.1597,0.5129,0.1825,1.8134
fCMR_Philips_136,206,1.6414,3.3137,0.1964,0.9213,0.2614,2.2946
fCMR_Philips_087,206,1.4831,2.97,0.4399,2.9307,0.4497,6.5878
fCMR_Philips_003,206,1.0562,2.208,0.2324,0.6934,0.2472,1.8066
fCMR_Philips_047,206,1.5509,2.9022,0.3714,1.9504,0.4053,5.6295
fCMR_Philips_057,206,2.7264,1.9335,0.3535,0.9465,0.3564,2.1044
fCMR_Philips_097,206,3.1243,1.3188,0.5097,0.1419,0.5248,1.088
fCMR_Philips_070,206,2.9215,3.5597,0.4688,2.3744,0.4741,5.0798
fCMR_Philips_068,206,2.6787,2.7236,0.2487,1.3035,0.2985,3.8212
fCMR_Philips_117,207,2.4159,1.791,0.3018,0.5276,0.3128,1.5134
fCMR_Philips_002,207,1.8594,2.4578,0.1685,1.4767,0.1829,3.577
fCMR_Philips_052,207,2.8912,2.7417,0.2171,1.9688,0.2253,4.28
fCMR_Philips_123,207,1.0183,3.8892,0.0979,0.8464,0.1686,2.195
fCMR_Philips_079,207,2.4802,3.0359,0.2202,0.5272,0.2455,1.5626
fCMR_Philips_041,207,1.6452,2.2869,0.1887,1.2913,0.2126,2.8344
fCMR_Philips_090,207,2.0294,3.3324,0.1201,1.5486,0.1635,3.6738
fCMR_Philips_114,207,0.6319,2.6499,0.3232,0.914,0.3345,2.4541
fCMR_Philips_065,207,2.9608,2.3099,0.1046,2.041,0.1407,4.546
fCMR_Philips_132,207,0.5705,2.396,0.2727,5.0895,0.2976,10.6042
fCMR_Philips_031,207,2.657,2.1955,0.1341,0.6529,0.1728,1.7412
fCMR_Philips_104,207,2.114,1.8419,0.1478,1.0956,0.2241,3.1086
fCMR_Philips_094,207,2.0964,1.9702,0.176,0.586,0.1923,2.0671
fCMR_Philips_136,207,2.7083,3.089,0.1085,0.1091,0.1494,0.6343
fCMR_Philips_087,207,1.1777,2.368,0.4094,2.5291,0.4221,5.7463
fCMR_Philips_003,207,2.83,2.0078,0.2517,0.4721,0.2806,1.2437
fCMR_Philips_047,207,2.6768,3.5716,0.3298,7.7494,0.3639,16.2486
fCMR_Philips_057,207,2.8213,2.3936,0.305,1.4092,0.3143,3.1305
fCMR_Philips_097,207,3.1085,3.2825,0.3695,0.2835,0.3881,1.0517
fCMR_Philips_070,207,2.4888,2.1735,0.4455,2.0674,0.466,4.7668
fCMR_Philips_068,207,1.163,3.6889,0.2183,1.152,0.2381,2.6306
fCMR_Philips_117,208,1.84,2.3634,0.1993,1.7461,0.2339,4.2552
fCMR_Philips_002,208,2.8228,3.3737,0.4587,0.268,0.5604,1.4903
fCMR_Philips_052,208,2.0848,2.2119,0.2803,0.5016,0.2883,1.3607
fCMR_Philips_123,208,0.4935,2.2558,0.1547,0.6609,0.1729,1.8873
fCMR_Philips_079,208,1.9354,0.1937,0.2607,1.5697,0.3081,3.8316
fCMR_Philips_041,208,2.0077,2.5384,0.0898,0.3608,0.2081,1.4344
fCMR_Philips_090,208,2.898,2.4904,0.1681,1.5662,0.1705,3.7011
fCMR_Philips_114,208,3.0824,2.8834,0.2976,1.8754,0.3092,4.2646
fCMR_Philips_065,208,3.1182,3.0152,0.1375,1.584,0.1772,3.5987
fCMR_Philips_132,208,1.6393,2.7523,0.2526,3.7024,0.2729,7.8022
fCMR_Philips_031,208,2.1615,2.486,0.1431,1.848,0.1898,4.7058
fCMR_Philips_104,208,2.1384,2.4756,0.1047,1.1873,0.1734,2.8758
fCMR_Philips_094,208,2.1462,2.3019,0.1862,1.8477,0.2019,4.2949
fCMR_Philips_136,208,2.5907,3.7389,0.2089,0.2775,0.294,1.1058
fCMR_Philips_087,208,2.9406,2.4578,0.4087,2.4656,0.419,5.4303
fCMR_Philips_003,208,1.6474,2.1731,0.2137,0.81,0.2538,1.9881
fCMR_Philips_047,208,1.7068,2.7123,0.2765,4.0149,0.2974,8.8663
fCMR_Philips_057,208,0.7701,2.3742,0.344,0.7962,0.3494,2.4566
fCMR_Philips_097,208,1.68,0.8792,0.3772,0.4463,0.4245,1.0864
fCMR_Philips_070,208,1.4144,0.6212,0.4771,1.335,0.4897,3.7194
fCMR_Philips_068,208,2.408,3.0264,0.1592,1.3722,0.1941,3.6756
fCMR_Philips_117,209,1.69,1.1783,0.1924,0.3603,0.2074,1.2871
fCMR_Philips_002,209,3.0624,3.121,0.2024,1.1488,0.2136,2.59
fCMR_Philips_052,209,2.6084,1.7182,0.1662,0.8131,0.1927,2.3342
fCMR_Philips_123,209,1.8004,2.9557,0.0474,0.4508,0.1238,1.6497
fCMR_Philips_079,209,1.7301,2.159,0.2049,1.5521,0.2564,3.8064
fCMR_Philips_041,209,2.4354,3.5028,0.2129,0.5588,0.23,2.034
fCMR_Philips_090,209,1.9772,2.7478,0.1551,1.0176,0.1908,2.2634
fCMR_Philips_114,209,2.694,2.7539,0.4077,1.8288,0.4132,4.3126
fCMR_Philips_065,209,1.6822,1.9438,0.1905,2.0315,0.2251,4.3817
fCMR_Philips_132,209,1.3143,2.2407,0.2196,6.5286,0.2336,13.555
fCMR_Philips_031,209,1.7199,2.1536,0.1401,1.5611,0.1574,3.4984
fCMR_Philips_104,209,2.2858,2.4865,0.1266,1.8775,0.196,4.1619
fCMR_Philips_094,209,2.3503,2.5463,0.1344,1.6259,0.1829,3.9887
fCMR_Philips_136,209,0.8091,1.3128,0.1278,0.1228,0.1628,0.6762
fCMR_Philips_087,209,2.9195,2.2455,0.4135,2.7158,0.4277,5.765
fCMR_Philips_003,209,2.1267,2.7161,0.2784,0.7291,0.2912,1.9798
fCMR_Philips_047,209,1.1145,2.0066,0.2651,5.0285,0.3227,13.2879
fCMR_Philips_057,209,1.1425,2.6637,0.3467,0.4867,0.3592,1.1737
fCMR_Philips_097,209,2.7047,2.899,0.4943,0.0035,0.5138,0.3591
fCMR_Philips_070,209,1.464,1.8882,0.3139,1.9724,0.3337,4.302
fCMR_Philips_068,209,1.848,2.6293,0.1583,1.3076,0.1898,3.1617
fCMR_Philips_117,210,2.3728,1.3646,0.1274,0.8775,0.1588,2.2151
fCMR_Philips_002,210,1.183,2.4958,0.2635,1.77,0.2798,4.4422
fCMR_Philips_052,210,2.0138,2.8098,0.2357,0.1007,0.2515,0.7204
fCMR_Philips_123,210,3.008,3.013,0.1243,0.591,0.1311,1.5688
fCMR_Philips_079,210,1.7025,2.3874,0.1333,1.0953,0.1929,2.7696
fCMR_Philips_041,210,2.7326,2.4081,0.0902,1.4134,0.1174,3.4685
fCMR_Philips_090,210,2.838,2.0835,0.2602,1.899,0.2784,4.1663
fCMR_Philips_114,210,1.5687,1.4814,0.2801,1.4406,0.3042,3.533
fCMR_Philips_065,210,2.9886,2.7125,0.073,0.5709,0.1291,1.8097
fCMR_Philips_132,210,1.6283,4.0402,0.4035,4.376,0.4086,9.4859
fCMR_Philips_031,210,2.6142,2.3342,0.1604,2.1345,0.1832,4.7929
fCMR_Philips_104,210,1.6625,0.7116,0.1385,2.9371,0.2249,6.3332
fCMR_Philips_094,210,1.7945,3.611,0.2193,1.2495,0.2592,3.551
fCMR_Philips_136,210,3.0983,1.8227,0.1892,0.0497,0.219,0.7383
fCMR_Philips_087,210,2.1544,1.1895,0.3683,4.2737,0.38,9.125
fCMR_Philips_003,210,2.0429,1.9128,0.1851,0.5979,0.1959,1.4866
fCMR_Philips_047,210,3.112,2.8273,0.3549,3.9425,0.3795,9.7561
fCMR_Philips_057,210,2.9601,3.1802,0.2546,1.3557,0.2715,3.0242
fCMR_Philips_097,210,2.3252,2.3241,0.4573,0.0587,0.4801,0.7306
fCMR_Philips_070,210,1.6378,0.9217,0.3604,1.3045,0.3875,3.5877
fCMR_Philips_068,210,2.4544,2.1054,0.226,0.7526,0.2583,1.8461
fCMR_Philips_117,211,2.5403,2.9633,0.2188,0.7101,0.2325,2.1506
fCMR_Philips_002,211,2.128,1.1749,0.2636,1.5674,0.2753,4.1768
fCMR_Philips_052,211,2.6069,2.6012,0.1389,0.6619,0.1752,1.7388
fCMR_Philips_123,211,2.3946,2.2707,0.1563,1.0993,0.2106,2.5871
fCMR_Philips_079,211,2.0493,2.6341,0.0801,1.4659,0.1648,3.6615
fCMR_Philips_041,211,2.9171,1.1043,0.1316,1.4672,0.1498,3.4588
fCMR_Philips_090,211,2.4423,2.8354,0.2087,1.0531,0.2525,3.7777
fCMR_Philips_114,211,2.0588,2.253,0.1861,1.0971,0.2106,2.7212
fCMR_Philips_065,211,3.072,2.3993,0.0646,0.5127,0.1435,1.3765
fCMR_Philips_132,211,3.0301,2.6169,0.2861,3.2719,0.2928,6.9361
fCMR_Philips_031,211,1.8113,2.4009,0.1389,1.5446,0.1839,3.4952
fCMR_Philips_104,211,3.0297,2.9069,0.1077,2.4544,0.28,5.666
fCMR_Philips_094,211,2.6758,3.3658,0.1947,0.316,0.2205,1.2027
fCMR_Philips_136,211,1.3639,1.1136,0.122,0.4008,0.2301,1.067
fCMR_Philips_087,211,2.8576,1.2984,0.3749,2.5969,0.3903,5.5521
fCMR_Philips_003,211,1.0608,3.9924,0.3044,0.6513,0.3064,2.1961
fCMR_Philips_047,211,1.7143,2.0803,0.2569,5.146,0.3462,11.5524
fCMR_Philips_057,211,1.865,1.2106,0.3075,1.8795,0.3178,4.1122
fCMR_Philips_097,211,1.6949,3.4638,0.2072,1.2986,0.2302,3.1441
fCMR_Philips_070,211,1.9524,2.2735,0.4432,1.1433,0.4567,3.4848
fCMR_Philips_068,211,1.1964,1.8009,0.2,0.8108,0.2066,2.2305
fCMR_Philips_117,212,2.9002,2.0769,0.1228,1.0735,0.153,2.577
fCMR_Philips_002,212,2.3567,2.5674,0.2496,0.6902,0.2649,1.6268
fCMR_Philips_052,212,1.6494,2.9048,0.2186,0.3343,0.7436,1.9857
fCMR_Philips_123,212,1.1014,1.6575,0.0695,1.296,0.1821,3.2004
fCMR_Philips_079,212,2.9228,2.4157,0.2568,0.9412,0.2911,2.3983
fCMR_Philips_041,212,2.3158,2.4951,0.1426,0.7734,0.1836,2.025
fCMR_Philips_090,212,2.4794,2.7733,0.1246,0.9998,0.1656,2.2303
fCMR_Philips_114,212,1.4388,3.6207,0.3144,0.7854,0.3333,2.1716
fCMR_Philips_065,212,2.3084,2.2523,0.1379,0.485,0.1791,1.8583
fCMR_Philips_132,212,1.6052,3.1057,0.2999,2.7056,0.3118,5.8526
fCMR_Philips_031,212,2.4982,1.5421,0.1992,3.0327,0.2319,7.2597
fCMR_Philips_104,212,2.9035,2.3595,0.1981,1.8984,0.3513,4.4172
fCMR_Philips_094,212,1.3402,3.0273,0.162,0.529,0.211,1.5143
fCMR_Philips_136,212,1.6286,1.244,0.1136,0.4031,0.1673,1.7495
fCMR_Philips_087,212,1.5974,2.9098,0.3602,4.5702,0.3882,9.555
fCMR_Philips_003,212,3.0428,2.2491,0.176,1.1033,0.2103,3.3158
fCMR_Philips_047,212,1.8491,2.2026,0.267,1.5497,0.289,5.1137
fCMR_Philips_057,212,3.0549,1.0659,0.2911,1.247,0.3,2.8641
fCMR_Philips_097,212,1.522,2.156,0.3436,0.3462,0.4234,1.5196
fCMR_Philips_070,212,2.8597,3.5704,0.4285,1.6113,0.4534,4.377
fCMR_Philips_068,212,1.6283,2.3276,0.3057,1.3858,0.3197,3.2832
fCMR_Philips_117,213,2.2956,3.607,0.2499,1.8912,0.2565,4.9158
fCMR_Philips_002,213,2.3886,2.6433,0.2893,0.3202,0.3183,1.2415
fCMR_Philips_052,213,2.4403,3.6896,0.2029,0.2221,0.2074,0.7446
fCMR_Philips_123,213,1.2004,1.9889,0.126,0.2317,0.1452,1.2068
fCMR_Philips_079,213,2.0632,1.8179,0.2041,1.1989,0.239,2.8026
fCMR_Philips_041,213,1.5587,3.8826,0.284,3.2328,0.2992,7.578
fCMR_Philips_090,213,2.5586,2.6055,0.1644,1.9002,0.178,4.5322
fCMR_Philips_114,213,1.4432,2.914,0.2376,1.8884,0.2707,4.2194
fCMR_Philips_065,213,2.2571,2.7568,0.1159,0.3228,0.1617,1.2879
fCMR_Philips_132,213,2.0456,2.081,0.2759,5.1002,0.2848,10.5281
fCMR_Philips_031,213,1.7431,2.4983,0.1028,2.2109,0.1517,4.8278
fCMR_Philips_104,213,0.6619,2.5947,0.2687,2.2177,0.3671,5.6128
fCMR_Philips_094,213,1.9145,3.2394,0.2212,0.994,0.2651,2.479
fCMR_Philips_136,213,2.0041,2.9573,0.2508,0.5003,0.2827,1.7184
fCMR_Philips_087,213,3.1395,2.2192,0.3936,3.4928,0.4166,7.2869
fCMR_Philips_003,213,2.8063,1.8206,0.209,0.5835,0.2368,2.0972
fCMR_Philips_047,213,1.5384,1.9356,0.3778,7.7835,0.3937,16.904
fCMR_Philips_057,213,2.852,2.1255,0.2391,1.1516,0.2729,2.6118
fCMR_Philips_097,213,2.1377,3.0416,0.3447,0.1578,0.3637,0.7254
fCMR_Philips_070,213,2.8571,3.2407,0.3773,1.4748,0.3849,3.8148
fCMR_Philips_068,213,2.5237,1.594,0.2287,0.6286,0.2637,1.6355
fCMR_Philips_117,214,0.8469,2.5625,0.1981,0.6727,0.2391,2.1636
fCMR_Philips_002,214,2.9381,3.15,0.1692,1.341,0.1827,3.0868
fCMR_Philips_052,214,1.8706,2.293,0.1451,0.9844,0.1748,2.5563
fCMR_Philips_123,214,2.3422,2.1544,0.126,0.5831,0.1756,1.686
fCMR_Philips_079,214,2.6593,2.0205,0.182,2.3663,0.206,5.4308
fCMR_Philips_041,214,2.4809,2.3995,0.1588,1.3331,0.2179,2.9847
fCMR_Philips_090,214,1.8049,2.4427,0.1608,1.9529,0.2045,4.6312
fCMR_Philips_114,214,2.7257,1.9977,0.2495,1.3821,0.2762,2.9682
fCMR_Philips_065,214,2.5759,3.2302,0.0421,0.6154,0.127,1.7025
fCMR_Philips_132,214,2.5104,3.5676,0.2819,6.1218,0.2985,12.4952
fCMR_Philips_031,214,0.7693,3.488,0.1292,1.4821,0.1943,3.4734
fCMR_Philips_104,214,1.6143,1.8287,0.1686,1.2753,0.1914,3.3043
fCMR_Philips_094,214,2.3644,1.7191,0.1868,1.1677,0.2079,3.2654
fCMR_Philips_136,214,2.9791,2.2181,0.2714,0.7236,0.2831,1.7612
fCMR_Philips_087,214,1.6335,2.1654,0.4922,3.4077,0.5038,7.2406
fCMR_Philips_003,214,1.4912,1.0485,0.2026,0.9036,0.2123,1.8998
fCMR_Philips_047,214,2.072,2.4803,0.2576,5.7318,0.3084,12.426
fCMR_Philips_057,214,1.6793,1.2236,0.3353,1.7528,0.3467,4.1488
fCMR_Philips_097,214,1.387,2.5787,0.4137,0.4851,0.4326,1.5069
fCMR_Philips_070,214,3.0468,2.2238,0.3426,2.683,0.365,6.2808
fCMR_Philips_068,214,2.6075,2.7802,0.0369,1.2759,0.1074,3.274
fCMR_Philips_117,215,2.8617,0.9937,0.2357,0.8263,0.2717,2.2939
fCMR_Philips_002,215,2.4243,1.279,0.2653,2.4328,0.2887,5.0926
fCMR_Philips_052,215,2.4888,2.9123,0.2965,0.0923,0.3049,0.4933
fCMR_Philips_123,215,2.8153,3.0144,0.2259,0.4536,0.2613,1.8873
fCMR_Philips_079,215,2.7556,3.2483,0.1722,0.403,0.2205,1.2532
fCMR_Philips_041,215,2.2864,3.6769,0.0921,0.8802,0.1253,2.3552
fCMR_Philips_090,215,2.5149,2.1772,0.1359,2.2517,0.1857,5.0204
fCMR_Philips_114,215,2.1525,3.4009,0.31,1.6768,0.3209,3.5516
fCMR_Philips_065,215,2.3866,2.2833,0.0505,0.9211,0.1555,2.0436
fCMR_Philips_132,215,2.1042,3.0707,0.3469,4.9476,0.3581,10.2463
fCMR_Philips_031,215,2.8799,2.2684,0.2131,2.3072,0.2299,4.877
fCMR_Philips_104,215,2.706,3.4431,0.2536,2.543,0.3144,5.9627
fCMR_Philips_094,215,3.0522,2.5285,0.2112,0.3573,0.2303,0.9269
fCMR_Philips_136,215,2.0749,3.1271,0.0653,0.1888,0.1533,1.3919
fCMR_Philips_087,215,1.7907,3.0482,0.4073,4.6986,0.431,9.8749
fCMR_Philips_003,215,2.9691,3.5418,0.2047,1.0381,0.219,2.3331
fCMR_Philips_047,215,2.7348,2.2895,0.3207,4.1967,0.3919,9.2528
fCMR_Philips_057,215,1.6173,3.0601,0.3323,0.7461,0.346,2.0588
fCMR_Philips_097,215,2.747,2.9828,0.3448,0.128,0.3983,1.3826
fCMR_Philips_070,215,0.7039,3.0603,0.4141,0.8153,0.4345,2.7074
fCMR_Philips_068,215,3.0233,2.3219,0.1547,0.6871,0.1978,1.759
fCMR_Philips_117,216,0.9179,3.7734,0.1051,1.1718,0.1823,2.611
fCMR_Philips_002,216,1.0771,0.7702,0.1888,0.6697,0.1988,1.8792
fCMR_Philips_052,216,2.0438,0.2948,0.2126,0.3643,0.2271,1.3156
fCMR_Philips_123,216,3.0629,2.1972,0.199,0.4238,0.2258,1.5678
fCMR_Philips_079,216,2.5891,2.2607,0.3575,1.9685,0.3993,4.4727
fCMR_Philips_041,216,2.6245,2.0843,0.139,1.2325,0.1575,2.8662
fCMR_Philips_090,216,2.1178,2.585,0.1036,2.2977,0.1434,4.8483
fCMR_Philips_114,216,3.0383,1.7754,0.2256,2.6786,0.2408,5.5511
fCMR_Philips_065,216,2.0529,2.06,0.2198,1.436,0.2497,3.5658
fCMR_Philips_132,216,2.8306,2.9194,0.2793,4.1238,0.2902,8.5178
fCMR_Philips_031,216,1.9246,2.7767,0.1354,2.0159,0.167,4.6461
fCMR_Philips_104,216,2.6192,2.4186,0.1557,3.1212,0.2055,6.9311
fCMR_Philips_094,216,2.2876,1.7458,0.3031,1.6749,0.3148,3.9276
fCMR_Philips_136,216,1.1036,1.9744,0.162,0.2373,0.2203,0.963
fCMR_Philips_087,216,1.8051,2.4331,0.3278,3.5196,0.3505,7.5182
fCMR_Philips_003,216,3.0954,1.8672,0.2615,1.3066,0.276,2.9667
fCMR_Philips_047,216,2.1771,2.3807,0.2728,4.4043,0.2885,10.9657
fCMR_Philips_057,216,3.0718,3.6398,0.366,1.704,0.3722,3.8961
fCMR_Philips_097,216,3.0352,2.1886,0.406,0.0857,0.4335,0.9208
fCMR_Philips_070,216,1.9944,2.3344,0.4898,1.2168,0.5368,2.9604
fCMR_Philips_068,216,1.7368,2.0146,0.2067,1.2193,0.2124,3.247
fCMR_Philips_117,217,1.281,1.1095,0.2006,1.1089,0.2143,2.611
fCMR_Philips_002,217,1.993,1.3902,0.143,2.0061,0.1806,4.5349
fCMR_Philips_052,217,2.3887,1.0981,0.1774,0.5797,0.2144,1.7051
fCMR_Philips_123,217,2.9415,2.6581,0.0969,0.8885,0.1599,2.2756
fCMR_Philips_079,217,2.2477,2.3144,0.2071,1.593,0.3081,4.4989
fCMR_Philips_041,217,2.2166,1.9315,0.149,0.6293,0.1832,2.0921
fCMR_Philips_090,217,1.8467,2.3965,0.1069,1.5906,0.1562,3.8956
fCMR_Philips_114,217,2.3015,0.903,0.3163,1.0592,0.3256,2.8548
fCMR_Philips_065,217,2.933,2.5242,0.1123,0.8596,0.1481,2.004
fCMR_Philips_132,217,2.7129,0.8282,0.2075,4.8433,0.2279,10.3499
fCMR_Philips_031,217,2.9742,3.0643,0.2024,1.9583,0.2213,4.2641
fCMR_Philips_104,217,1.4135,2.2288,0.0798,1.7087,0.2081,4.3236
fCMR_Philips_094,217,2.0431,2.4808,0.1122,0.8565,0.1475,2.5175
fCMR_Philips_136,217,1.9863,1.2798,0.0475,0.4666,0.1372,1.3732
fCMR_Philips_087,217,2.2544,2.6567,0.5366,2.8358,0.5434,6.2026
fCMR_Philips_003,217,1.4022,1.3404,0.2621,1.4733,0.2654,3.2927
fCMR_Philips_047,217,2.9907,2.0363,0.1122,2.5007,0.1435,6.532
fCMR_Philips_057,217,2.6254,2.7381,0.2016,2.0064,0.2125,4.5802
fCMR_Philips_097,217,2.6271,2.3802,0.4311,0.0462,0.4765,0.31
fCMR_Philips_070,217,2.4099,0.6851,0.4764,1.8015,0.4868,4.1292
fCMR_Philips_068,217,2.1364,1.5161,0.243,0.8684,0.2594,2.3028
fCMR_Philips_117,218,1.973,2.4442,0.1866,0.5306,0.2004,1.5562
fCMR_Philips_002,218,0.6327,1.8312,0.2689,1.4374,0.2915,3.4339
fCMR_Philips_052,218,2.4538,2.09,0.2279,0.2274,0.2656,0.9458
fCMR_Philips_123,218,3.0445,1.0744,0.1361,0.8826,0.1645,2.8206
fCMR_Philips_079,218,2.9926,2.9952,0.2364,1.0269,0.272,2.4828
fCMR_Philips_041,218,1.1697,1.754,0.1709,0.8369,0.2057,2.3162
fCMR_Philips_090,218,1.2857,1.9629,0.1743,0.9918,0.1966,2.6409
fCMR_Philips_114,218,1.0012,3.3956,0.2195,1.1098,0.2393,3.161
fCMR_Philips_065,218,1.5126,1.5428,0.1708,1.8453,0.1902,4.0306
fCMR_Philips_132,218,2.1274,2.537,0.3293,4.2932,0.335,9.1509
fCMR_Philips_031,218,1.95,4.2038,0.1433,1.6835,0.1681,4.481
fCMR_Philips_104,218,1.674,2.855,0.1337,1.2885,0.2781,3.4303
fCMR_Philips_094,218,1.9018,2.3709,0.2241,0.3049,0.2469,1.6242
fCMR_Philips_136,218,2.0,2.5138,0.1353,0.2638,0.1578,0.7308
fCMR_Philips_087,218,2.9529,0.522,0.3992,3.903,0.4052,8.4946
fCMR_Philips_003,218,2.9258,1.7582,0.2198,0.649,0.2579,1.8138
fCMR_Philips_047,218,1.5361,2.7701,0.2607,1.6718,0.296,4.535
fCMR_Philips_057,218,2.2659,2.1028,0.2815,1.1514,0.2934,2.7636
fCMR_Philips_097,218,2.1487,1.664,0.4957,0.2145,0.512,0.828
fCMR_Philips_070,218,2.6344,1.8846,0.4264,1.0839,0.4444,3.1754
fCMR_Philips_068,218,3.0563,2.9325,0.2432,1.3677,0.2638,3.1567
fCMR_Philips_117,219,2.9011,3.0436,0.1799,1.5207,0.2073,3.4736
fCMR_Philips_002,219,2.3719,2.2944,0.2492,1.7221,0.2605,4.1149
fCMR_Philips_052,219,2.519,2.1708,0.1892,0.4849,0.2,1.5697
fCMR_Philips_123,219,3.0364,2.5689,0.144,0.2015,0.1953,0.9368
fCMR_Philips_079,219,2.917,2.7059,0.2512,0.5422,0.309,1.9526
fCMR_Philips_041,219,1.6049,3.319,0.1124,0.6384,0.1541,1.8606
fCMR_Philips_090,219,1.0966,2.5216,0.0601,1.3674,0.123,3.18
fCMR_Philips_114,219,3.0476,2.6843,0.2062,1.7691,0.2516,3.9665
fCMR_Philips_065,219,2.1238,2.3001,0.0172,1.3513,0.1088,3.2853
fCMR_Philips_132,219,2.5726,1.0028,0.282,5.3753,0.297,11.0308
fCMR_Philips_031,219,1.5564,2.8021,0.1583,1.7259,0.1935,4.0973
fCMR_Philips_104,219,1.8782,2.7465,0.1275,1.2485,0.1702,3.4076
fCMR_Philips_094,219,1.8497,1.518,0.301,1.1329,0.3185,2.6807
fCMR_Philips_136,219,2.7294,1.7628,0.2087,0.4179,0.2304,1.7011
fCMR_Philips_087,219,2.4445,3.6464,0.4367,2.0299,0.4592,4.4422
fCMR_Philips_003,219,0.9709,1.2411,0.232,0.8945,0.2531,2.225
fCMR_Philips_047,219,2.9442,2.7701,0.237,7.5361,0.3204,15.8169
fCMR_Philips_057,219,1.3105,2.9058,0.3448,0.8004,0.3635,2.1743
fCMR_Philips_097,219,2.3883,3.0298,0.4211,0.0894,0.4311,0.8934
fCMR_Philips_070,219,2.9437,3.866,0.5783,0.9764,0.5912,2.4456
fCMR_Philips_068,219,2.0227,1.456,0.1649,0.713,0.2124,1.6932
fCMR_Philips_117,220,2.0573,1.1309,0.1985,1.0998,0.2417,2.8661
fCMR_Philips_002,220,1.7784,1.7062,0.1431,1.4675,0.1792,3.742
fCMR_Philips_052,220,2.842,2.2781,0.2037,0.1753,0.2117,0.7284
fCMR_Philips_123,220,2.9719,1.5957,0.0909,1.6945,0.1557,3.718
fCMR_Philips_079,220,1.788,2.057,0.2149,2.3396,0.2245,5.1356
fCMR_Philips_041,220,2.9522,1.0753,0.1265,0.9307,0.1672,2.0802
fCMR_Philips_090,220,0.4704,2.2453,0.1504,1.3788,0.2161,3.121
fCMR_Philips_114,220,0.3365,3.2149,0.276,0.8681,0.2886,2.2939
fCMR_Philips_065,220,3.0792,1.8596,0.1188,1.1283,0.1991,2.7455
fCMR_Philips_132,220,0.4525,2.3199,0.2143,5.2921,0.2364,10.8118
fCMR_Philips_031,220,2.6976,3.1896,0.2024,1.2885,0.2317,2.8825
fCMR_Philips_104,220,1.7667,2.7408,0.1806,2.4507,0.2364,7.3267
fCMR_Philips_094,220,0.9485,1.609,0.198,1.2964,0.2394,3.3717
fCMR_Philips_136,220,1.5389,4.0312,0.1379,0.4708,0.176,1.296
fCMR_Philips_087,220,1.8821,2.3549,0.3549,4.2774,0.3692,8.9373
fCMR_Philips_003,220,2.8648,2.4932,0.0988,0.8615,0.1242,2.1337
fCMR_Philips_047,220,2.233,1.8108,0.5224,12.3038,0.536,26.4151
fCMR_Philips_057,220,1.9366,2.0935,0.2754,0.7914,0.2834,1.8032
fCMR_Philips_097,220,2.3503,3.1675,0.5357,0.1424,0.5602,0.7702
fCMR_Philips_070,220,1.1072,2.3472,0.4643,1.2682,0.5018,3.4055
fCMR_Philips_068,220,2.1617,1.5369,0.1886,1.1706,0.2433,2.8106
fCMR_Philips_117,221,3.0877,0.9875,0.2496,0.8449,0.2761,2.5778
fCMR_Philips_002,221,2.8542,2.6255,0.2122,0.2606,0.2264,1.1357
fCMR_Philips_052,221,2.872,2.5215,0.1905,0.61,0.2104,1.6741
fCMR_Philips_123,221,2.9317,1.9797,0.1527,1.4119,0.1825,3.5571
fCMR_Philips_079,221,2.7868,1.8707,0.267,2.5476,0.2885,5.7054
fCMR_Philips_041,221,2.9536,2.1118,0.1614,1.476,0.1968,3.5026
fCMR_Philips_090,221,3.139,0.624,0.16,3.2679,0.1981,6.9878
fCMR_Philips_114,221,1.4203,1.4339,0.3952,0.9536,0.409,2.784
fCMR_Philips_065,221,2.0472,2.2103,0.0943,1.9144,0.1318,4.186
fCMR_Philips_132,221,2.469,2.6459,0.2636,4.3317,0.2784,9.1074
fCMR_Philips_031,221,3.1194,0.9452,0.1201,2.2438,0.1593,5.4078
fCMR_Philips_104,221,3.1221,2.0613,0.0809,1.9282,0.156,4.9955
fCMR_Philips_094,221,2.9485,2.7325,0.1713,0.0374,0.2075,1.0228
fCMR_Philips_136,221,3.0442,2.7288,0.1973,0.5237,0.2253,1.3581
fCMR_Philips_087,221,2.6271,2.3547,0.4068,4.839,0.4159,10.0556
fCMR_Philips_003,221,2.3749,1.912,0.2391,1.4238,0.2464,3.79
fCMR_Philips_047,221,0.69,2.3886,0.1862,0.6879,0.21,2.2463
fCMR_Philips_057,221,1.6803,1.042,0.241,1.6262,0.2569,3.896
fCMR_Philips_097,221,1.0153,1.0348,0.3501,0.2946,0.3641,1.7976
fCMR_Philips_070,221,1.7176,3.1811,0.4559,1.182,0.459,2.9944
fCMR_Philips_068,221,1.1315,2.7317,0.289,0.9165,0.3082,2.3731
fCMR_Philips_117,222,2.8371,2.8148,0.2248,0.8986,0.2618,2.5047
fCMR_Philips_002,222,2.424,2.0001,0.1772,0.3985,0.2104,1.1399
fCMR_Philips_052,222,2.871,2.5912,0.0962,0.7444,0.1353,1.8763
fCMR_Philips_123,222,2.576,2.4266,0.1927,0.7025,0.2356,2.3237
fCMR_Philips_079,222,2.1144,2.7895,0.149,1.4408,0.1967,4.1665
fCMR_Philips_041,222,2.1176,2.4762,0.2508,1.1249,0.2648,2.9524
fCMR_Philips_090,222,2.1129,2.6063,0.1099,0.7754,0.1571,1.8218
fCMR_Philips_114,222,1.476,2.0797,0.2041,1.3716,0.2237,3.1789
fCMR_Philips_065,222,1.4261,3.1353,0.0877,1.7499,0.1541,3.8825
fCMR_Philips_132,222,2.6582,2.2824,0.2448,4.1072,0.2603,8.8892
fCMR_Philips_031,222,0.831,1.1128,0.0959,1.8765,0.1703,4.3624
fCMR_Philips_104,222,1.6714,2.4276,0.1414,1.2862,0.2445,3.4355
fCMR_Philips_094,222,1.7978,2.0805,0.1748,0.269,0.2259,1.0324
fCMR_Philips_136,222,3.1244,3.3354,0.1131,0.1081,0.2018,1.3538
fCMR_Philips_087,222,1.8889,3.2099,0.3538,2.8707,0.3743,6.5726
fCMR_Philips_003,222,2.7494,3.3584,0.2435,0.749,0.2539,1.8554
fCMR_Philips_047,222,3.0953,2.3187,0.2629,4.4356,0.2859,9.9535
fCMR_Philips_057,222,2.2043,2.1,0.3136,1.4981,0.3253,3.0829
fCMR_Philips_097,222,1.8814,1.4617,0.3792,0.591,0.4007,1.2858
fCMR_Philips_070,222,2.0078,2.3231,0.4706,1.2368,0.477,2.8745
fCMR_Philips_068,222,3.0978,2.983,0.1762,0.8066,0.2097,1.8836
fCMR_Philips_117,223,2.7563,2.1588,0.1766,0.6223,0.1989,1.8973
fCMR_Philips_002,223,0.966,2.6853,0.1037,1.118,0.1369,2.6191
fCMR_Philips_052,223,0.9885,2.1782,0.2121,0.8859,0.2437,2.1019
fCMR_Philips_123,223,3.0938,1.7424,0.1907,0.3661,0.2359,1.5708
fCMR_Philips_079,223,2.4246,1.6944,0.3001,1.7966,0.326,3.9406
fCMR_Philips_041,223,2.2407,1.9427,0.159,1.2222,0.2014,3.4654
fCMR_Philips_090,223,1.1189,2.5338,0.1112,0.9491,0.1383,2.8888
fCMR_Philips_114,223,2.1124,2.4374,0.2598,1.3937,0.314,3.1474
fCMR_Philips_065,223,2.0944,2.7441,0.1135,1.9417,0.1343,4.4529
fCMR_Philips_132,223,2.4389,2.7127,0.2309,3.466,0.2473,7.4857
fCMR_Philips_031,223,2.2169,2.4739,0.0962,0.7992,0.1616,2.1896
fCMR_Philips_104,223,2.4514,3.0388,0.3125,1.2689,0.3388,3.208
fCMR_Philips_094,223,1.3461,1.9919,0.2385,1.9095,0.2594,4.3261
fCMR_Philips_136,223,2.0035,3.0017,0.1781,0.1033,0.2367,1.2266
fCMR_Philips_087,223,3.0453,3.1689,0.4427,1.548,0.4657,3.3515
fCMR_Philips_003,223,1.8184,2.9099,0.228,0.5588,0.2337,1.4275
fCMR_Philips_047,223,3.1222,1.1313,0.2695,5.2551,0.2971,11.9112
fCMR_Philips_057,223,2.8639,2.2692,0.4346,0.666,0.4433,1.7156
fCMR_Philips_097,223,1.2203,0.753,0.4602,0.112,0.4776,0.5636
fCMR_Philips_070,223,0.4641,2.9285,0.3855,1.1007,0.4063,2.8352
fCMR_Philips_068,223,2.4433,2.5129,0.2449,1.1154,0.2827,2.8525
fCMR_Philips_117,224,2.9523,2.1894,0.2126,1.2334,0.2447,3.8005
fCMR_Philips_002,224,2.8846,3.1468,0.2844,1.43,0.3015,3.2778
fCMR_Philips_052,224,1.4829,3.4365,0.1877,0.2279,0.2144,0.925
fCMR_Philips_123,224,2.3611,2.3561,0.1995,0.7132,0.2048,2.1459
fCMR_Philips_079,224,2.1261,2.3764,0.1158,2.346,0.1551,5.6043
fCMR_Philips_041,224,2.5177,2.9954,0.0869,0.4595,0.1141,1.4865
fCMR_Philips_090,224,1.152,2.3324,0.0732,0.7637,0.1716,1.9339
fCMR_Philips_114,224,2.6116,2.4267,0.335,1.0459,0.3482,2.3802
fCMR_Philips_065,224,2.4,3.2511,0.0094,1.3495,0.1103,2.9732
fCMR_Philips_132,224,2.1295,2.631,0.3474,4.4328,0.3577,9.8206
fCMR_Philips_031,224,2.8941,3.3544,0.1156,2.7205,0.1548,6.2997
fCMR_Philips_104,224,1.8132,1.4478,0.2049,1.7137,0.4826,4.8083
fCMR_Philips_094,224,1.1094,2.405,0.1345,0.6834,0.1699,2.321
fCMR_Philips_136,224,1.1959,1.8133,0.1358,0.4588,0.1623,1.5459
fCMR_Philips_087,224,2.6424,2.3164,0.4246,1.8286,0.4384,3.9488
fCMR_Philips_003,224,3.0682,3.0671,0.2394,0.8214,0.2755,2.3064
fCMR_Philips_047,224,2.3655,1.8466,0.1716,3.1144,0.2274,6.9268
fCMR_Philips_057,224,1.9445,2.9275,0.2886,1.7591,0.3049,3.8932
fCMR_Philips_097,224,2.66,2.4311,0.3283,0.1335,0.3571,0.5805
fCMR_Philips_070,224,2.0928,2.1015,0.5097,1.5672,0.535,4.4946
fCMR_Philips_068,224,1.0597,3.0921,0.1527,1.0764,0.2079,2.5995
fCMR_Philips_117,225,2.771,2.1183,0.2383,1.0526,0.2586,2.6341
fCMR_Philips_002,225,2.4818,1.685,0.1624,1.2817,0.2138,3.3189
fCMR_Philips_052,225,2.9786,2.0719,0.2854,0.2983,0.2959,1.0262
fCMR_Philips_123,225,2.1055,2.5088,0.3118,0.2706,0.3398,1.3758
fCMR_Philips_079,225,1.8724,1.784,0.1577,1.9173,0.2075,4.626
fCMR_Philips_041,225,2.3523,1.5761,0.1993,1.216,0.2282,3.5152
fCMR_Philips_090,225,1.8362,2.9187,0.1189,1.4042,0.1845,3.518
fCMR_Philips_114,225,2.9244,1.1765,0.2392,2.4534,0.2554,5.757
fCMR_Philips_065,225,1.5753,3.6419,0.1972,1.0851,0.2162,2.633
fCMR_Philips_132,225,1.3917,2.4436,0.3625,5.7307,0.3762,12.0468
fCMR_Philips_031,225,2.349,2.2925,0.1194,2.1116,0.1783,4.6109
fCMR_Philips_104,225,2.5083,2.7126,0.1283,1.5375,0.2154,4.3305
fCMR_Philips_094,225,2.1982,1.6467,0.1525,1.0398,0.1817,2.4084
fCMR_Philips_136,225,0.8862,2.5323,0.1344,0.2458,0.1785,0.8988
fCMR_Philips_087,225,2.6051,2.5132,0.3998,2.6391,0.4083,5.8512
fCMR_Philips_003,225,2.6595,0.9321,0.2203,1.2331,0.2286,3.0005
fCMR_Philips_047,225,1.1146,2.6829,0.2819,6.2252,0.3074,13.227
fCMR_Philips_057,225,3.0123,3.1915,0.3545,1.8201,0.3723,4.0582
fCMR_Philips_097,225,2.0854,2.9935,0.3387,0.1343,0.3706,0.8509
fCMR_Philips_070,225,0.8146,2.2148,0.4743,1.1274,0.4872,3.1221
fCMR_Philips_068,225,2.4247,2.4157,0.1699,0.785,0.1817,2.1182
fCMR_Philips_117,226,2.1805,2.629,0.1427,0.4968,0.1643,1.7073
fCMR_Philips_002,226,3.0581,1.8919,0.209,3.7734,0.2318,8.1254
fCMR_Philips_052,226,3.1342,2.3489,0.1002,2.2207,0.1587,5.1405
fCMR_Philips_123,226,2.2999,2.3911,0.1749,0.6598,0.21,1.9706
fCMR_Philips_079,226,1.994,2.2844,0.3863,1.3464,0.4097,3.8096
fCMR_Philips_041,226,2.6937,3.3144,0.1084,0.2164,0.1496,1.5652
fCMR_Philips_090,226,2.3216,3.7031,0.1517,0.8752,0.1847,2.5264
fCMR_Philips_114,226,2.7892,2.3874,0.3452,2.4313,0.3688,5.1654
fCMR_Philips_065,226,1.1679,1.8941,0.0881,1.4786,0.1325,3.504
fCMR_Philips_132,226,2.4864,2.5052,0.2432,4.7738,0.2511,9.9226
fCMR_Philips_031,226,1.3912,3.2068,0.261,2.4168,0.3031,5.8352
fCMR_Philips_104,226,2.461,2.4495,0.0812,2.7952,0.2096,6.2282
fCMR_Philips_094,226,2.5371,3.3674,0.1035,2.5295,0.1557,6.0863
fCMR_Philips_136,226,1.2549,2.7707,0.1661,0.0202,0.2878,0.7384
fCMR_Philips_087,226,3.0014,0.3174,0.4286,3.3037,0.4473,6.9487
fCMR_Philips_003,226,2.5166,3.7596,0.2084,1.3351,0.2285,3.1438
fCMR_Philips_047,226,1.4919,2.1734,0.2674,1.9275,0.3129,6.4472
fCMR_Philips_057,226,2.9288,2.423,0.2976,0.3924,0.32,1.1928
fCMR_Philips_097,226,2.3438,2.8447,0.3035,0.6494,0.3314,2.3039
fCMR_Philips_070,226,2.0047,3.0471,0.3986,1.7557,0.406,4.0784
fCMR_Philips_068,226,1.6527,2.8129,0.1709,0.8338,0.1838,2.0204
fCMR_Philips_117,227,2.8571,2.8876,0.1533,0.7718,0.1993,1.903
fCMR_Philips_002,227,2.6969,2.6472,0.2195,1.7981,0.2671,4.1402
fCMR_Philips_052,227,2.679,2.0087,0.2147,0.5479,0.2299,1.6617
fCMR_Philips_123,227,1.5753,1.4387,0.0428,1.8822,0.1269,4.1734
fCMR_Philips_079,227,2.4528,2.6812,0.1685,1.4201,0.2049,3.3108
fCMR_Philips_041,227,2.6485,2.3228,0.1997,0.7658,0.2134,2.3331
fCMR_Philips_090,227,2.8143,3.3419,0.1346,1.3768,0.1835,3.4156
fCMR_Philips_114,227,2.465,2.773,0.3272,1.1846,0.3417,3.0247
fCMR_Philips_065,227,1.2533,1.4672,0.1346,1.9322,0.1771,4.4604
fCMR_Philips_132,227,2.6436,2.8021,0.3025,3.5699,0.3088,7.4051
fCMR_Philips_031,227,1.8799,0.4919,0.1873,2.7307,0.209,5.7998
fCMR_Philips_104,227,2.9926,1.1549,0.0819,1.8294,0.1687,3.9274
fCMR_Philips_094,227,2.7939,2.4301,0.2219,1.2636,0.2337,3.2952
fCMR_Philips_136,227,2.4511,2.2833,0.168,0.3918,0.1951,1.3655
fCMR_Philips_087,227,2.1859,2.6813,0.3412,1.8763,0.363,4.4957
fCMR_Philips_003,227,2.2767,2.0654,0.1459,1.6088,0.1567,3.7747
fCMR_Philips_047,227,1.0835,1.0256,0.5523,6.9695,0.6269,15.7734
fCMR_Philips_057,227,2.6398,2.9219,0.2585,1.307,0.2705,3.2809
fCMR_Philips_097,227,1.455,1.7314,0.4036,0.1566,0.4103,0.7724
fCMR_Philips_070,227,2.6936,3.4816,0.2503,2.0316,0.3062,5.2653
fCMR_Philips_068,227,1.4019,1.3481,0.2545,0.7739,0.2667,2.0569
fCMR_Philips_117,228,1.8763,2.3584,0.2099,1.8169,0.2311,4.0883
fCMR_Philips_002,228,2.0052,0.627,0.1526,0.6931,0.1637,1.9848
fCMR_Philips_052,228,2.291,1.7373,0.1778,0.3668,0.1946,1.1049
fCMR_Philips_123,228,2.6023,2.1691,0.1981,0.4859,0.212,1.647
fCMR_Philips_079,228,1.9347,2.3396,0.1379,0.7126,0.1687,2.2195
fCMR_Philips_041,228,2.4796,1.048,0.1268,0.9853,0.1841,2.806
fCMR_Philips_090,228,2.5085,1.7736,0.1391,1.1185,0.1731,3.241
fCMR_Philips_114,228,2.4549,2.0165,0.3265,1.3589,0.3614,3.5186
fCMR_Philips_065,228,2.8894,2.5913,0.1146,2.2375,0.1521,5.25
fCMR_Philips_132,228,1.9909,1.4165,0.2348,4.0533,0.2543,8.7494
fCMR_Philips_031,228,1.436,2.4829,0.1353,1.5987,0.1721,3.7266
fCMR_Philips_104,228,2.5229,2.4681,0.32,1.8653,0.3328,4.6789
fCMR_Philips_094,228,2.528,2.3328,0.1679,0.5009,0.1954,2.0159
fCMR_Philips_136,228,1.7848,3.1388,0.1616,0.0795,0.203,0.7634
fCMR_Philips_087,228,2.3345,1.0181,0.427,3.939,0.4367,9.1206
fCMR_Philips_003,228,2.7975,3.4486,0.1719,1.061,0.212,3.3979
fCMR_Philips_047,228,2.0024,2.4933,0.459,9.367,0.4688,19.508
fCMR_Philips_057,228,2.962,1.4475,0.173,1.1248,0.1983,2.5198
fCMR_Philips_097,228,3.0562,1.0918,0.3293,0.3037,0.3495,1.458
fCMR_Philips_070,228,2.5755,0.6375,0.5344,1.5701,0.5581,4.5668
fCMR_Philips_068,228,2.07,3.0783,0.0838,0.4756,0.1486,1.26
fCMR_Philips_117,229,1.2864,3.6397,0.1117,1.4198,0.1669,3.409
fCMR_Philips_002,229,2.2458,2.1982,0.1578,0.5886,0.2199,2.1812
fCMR_Philips_052,229,2.3959,1.1884,0.1772,1.3459,0.1916,2.8416
fCMR_Philips_123,229,3.0516,2.9783,0.2119,0.4355,0.2515,1.0915
fCMR_Philips_079,229,2.451,2.5748,0.1328,0.8674,0.1606,2.5128
fCMR_Philips_041,229,0.8935,2.6842,0.0488,0.1774,0.1717,1.3759
fCMR_Philips_090,229,0.9411,2.2983,0.1402,0.7928,0.1829,1.7716
fCMR_Philips_114,229,0.9942,3.2213,0.3029,0.7357,0.335,1.8528
fCMR_Philips_065,229,2.9612,3.2933,0.1631,0.5305,0.2362,2.2986
fCMR_Philips_132,229,1.6798,1.9295,0.1964,4.0394,0.2325,8.695
fCMR_Philips_031,229,2.7053,1.0628,0.1455,2.3395,0.1825,5.1452
fCMR_Philips_104,229,2.8804,2.023,0.2421,0.9729,0.2665,2.9437
fCMR_Philips_094,229,2.9822,2.5859,0.0974,0.6659,0.1221,1.8344
fCMR_Philips_136,229,2.5214,2.19,0.0728,0.2173,0.1841,0.8664
fCMR_Philips_087,229,3.0127,2.2281,0.4454,2.0197,0.4543,4.4345
fCMR_Philips_003,229,2.4161,2.409,0.1949,0.2441,0.2291,0.8724
fCMR_Philips_047,229,2.3117,2.1762,0.3112,3.5745,0.3545,7.6117
fCMR_Philips_057,229,3.1166,2.0801,0.3752,1.76,0.3802,4.286
fCMR_Philips_097,229,3.038,2.7096,0.3525,0.1423,0.3725,0.792
fCMR_Philips_070,229,3.0865,2.1348,0.3634,2.2804,0.3888,5.406
fCMR_Philips_068,229,2.8942,2.4908,0.2738,0.2951,0.2941,0.8648
fCMR_Philips_117,230,2.8122,1.8873,0.2061,0.4769,0.2503,1.5892
fCMR_Philips_002,230,1.9648,1.4919,0.2141,1.8678,0.2367,4.3487
fCMR_Philips_052,230,2.0466,1.879,0.2079,0.9434,0.2274,2.4961
fCMR_Philips_123,230,2.4384,2.8209,0.1647,0.4664,0.1775,1.307
fCMR_Philips_079,230,2.2757,2.8944,0.1468,0.5982,0.2072,1.9339
fCMR_Philips_041,230,1.6222,2.7617,0.205,0.1235,0.2364,0.8315
fCMR_Philips_090,230,2.7926,3.198,0.0759,1.6391,0.1015,3.8688
fCMR_Philips_114,230,1.0726,3.3777,0.274,1.0711,0.3068,3.0829
fCMR_Philips_065,230,1.9026,2.2227,0.0929,1.115,0.145,3.2393
fCMR_Philips_132,230,1.1277,2.9742,0.3605,4.7481,0.3765,10.0768
fCMR_Philips_031,230,2.9975,2.8372,0.1472,1.0933,0.2016,2.7091
fCMR_Philips_104,230,2.8215,2.3056,0.2364,1.4415,0.2546,3.6015
fCMR_Philips_094,230,2.005,3.1353,0.1707,1.2067,0.2332,3.4561
fCMR_Philips_136,230,2.0891,2.13,0.1465,0.4177,0.1727,1.6895
fCMR_Philips_087,230,2.666,1.2325,0.4733,2.3943,0.4942,5.5308
fCMR_Philips_003,230,2.6459,1.6451,0.1938,0.6848,0.2234,1.8998
fCMR_Philips_047,230,2.4443,1.7673,0.2028,2.1505,0.2695,6.1479
fCMR_Philips_057,230,3.0796,2.724,0.3371,1.9678,0.3418,4.3553
fCMR_Philips_097,230,2.825,2.3684,0.2727,0.9191,0.3135,2.4211
fCMR_Philips_070,230,2.9552,1.4732,0.3987,0.8948,0.4202,2.1011
fCMR_Philips_068,230,1.9137,2.7476,0.3117,0.8204,0.3166,2.0646
fCMR_Philips_117,231,2.842,3.0649,0.2463,0.9341,0.3051,2.5478
fCMR_Philips_002,231,2.4482,2.5761,0.2226,1.1064,0.2323,2.6153
fCMR_Philips_052,231,1.8676,2.0723,0.176,1.1967,0.1903,2.8713
fCMR_Philips_123,231,2.537,1.5574,0.1108,0.3689,0.1734,1.5206
fCMR_Philips_079,231,1.6605,2.3141,0.1384,0.6978,0.2104,1.6645
fCMR_Philips_041,231,1.9283,3.387,0.0865,0.399,0.1434,2.1541
fCMR_Philips_090,231,2.0303,3.1704,0.0516,0.7993,0.0954,1.9934
fCMR_Philips_114,231,1.8324,2.1855,0.2451,0.7668,0.2636,1.7624
fCMR_Philips_065,231,2.1166,2.3113,0.1041,0.7169,0.1415,1.8087
fCMR_Philips_132,231,2.2275,2.7338,0.2859,3.361,0.3047,7.1837
fCMR_Philips_031,231,2.3358,1.5133,0.1524,1.3149,0.166,3.0702
fCMR_Philips_104,231,2.4129,3.6451,0.1311,1.1561,0.2297,3.1166
fCMR_Philips_094,231,2.7636,2.6673,0.1915,0.1993,0.2167,0.9693
fCMR_Philips_136,231,1.6201,3.997,0.159,0.067,0.2021,0.9028
fCMR_Philips_087,231,2.9425,3.2305,0.3414,2.0874,0.3501,4.5216
fCMR_Philips_003,231,3.0452,2.1607,0.3015,1.253,0.3097,3.1087
fCMR_Philips_047,231,2.446,2.202,0.3217,5.5839,0.3621,12.2632
fCMR_Philips_057,231,2.8991,2.1337,0.275,1.1449,0.2876,2.6227
fCMR_Philips_097,231,2.5295,2.0322,0.3017,0.2253,0.3444,0.7316
fCMR_Philips_070,231,2.1334,3.4981,0.3928,0.5379,0.402,1.4278
fCMR_Philips_068,231,1.2744,1.6219,0.3163,1.4108,0.3234,3.4398
fCMR_Philips_117,232,1.4017,2.3525,0.1735,1.1892,0.2081,4.0729
fCMR_Philips_002,232,1.0649,1.8338,0.1997,1.2486,0.2253,3.1106
fCMR_Philips_052,232,2.7537,2.6023,0.2728,0.9729,0.2954,2.7019
fCMR_Philips_123,232,3.0347,2.7427,0.1088,0.665,0.1249,2.491
fCMR_Philips_079,232,2.6657,2.3537,0.2888,0.5671,0.3343,2.6059
fCMR_Philips_041,232,1.7487,3.0716,0.1493,0.8455,0.1966,2.5258
fCMR_Philips_090,232,2.2193,3.403,0.1745,1.1994,0.2099,3.0637
fCMR_Philips_114,232,1.2153,2.6027,0.1238,1.3154,0.1556,2.959
fCMR_Philips_065,232,2.8724,1.5953,0.1561,1.8026,0.2331,4.0114
fCMR_Philips_132,232,1.3994,2.6647,0.3853,5.5107,0.3926,11.8403
fCMR_Philips_031,232,2.8778,1.6014,0.2331,1.8193,0.2541,4.2205
fCMR_Philips_104,232,3.0513,2.5076,0.262,1.6387,0.301,4.3833
fCMR_Philips_094,232,2.7085,2.1831,0.3296,1.345,0.3313,3.4167
fCMR_Philips_136,232,2.9994,1.6127,0.2535,0.7741,0.3055,1.9945
fCMR_Philips_087,232,1.2446,1.2018,0.4755,3.0361,0.4852,6.7078
fCMR_Philips_003,232,2.0777,1.3888,0.2301,1.2078,0.2371,2.7425
fCMR_Philips_047,232,2.1144,2.7819,0.2859,1.7409,0.3179,4.8872
fCMR_Philips_057,232,1.9492,2.2724,0.3491,1.7674,0.3551,3.834
fCMR_Philips_097,232,1.6455,2.286,0.4315,0.345,0.4487,1.3058
fCMR_Philips_070,232,2.8705,3.2142,0.4189,2.0464,0.432,4.509
fCMR_Philips_068,232,2.6458,1.7705,0.2198,0.6583,0.2383,1.6131
fCMR_Philips_117,233,2.6756,0.8511,0.128,0.936,0.1613,2.9585
fCMR_Philips_002,233,2.6685,1.9602,0.2077,0.6364,0.2242,1.7769
fCMR_Philips_052,233,2.7264,3.3369,0.3517,0.0916,0.3558,0.7474
fCMR_Philips_123,233,2.72,2.3146,0.1923,0.4872,0.2353,1.8022
fCMR_Philips_079,233,2.2998,2.2561,0.1791,0.9265,0.1893,3.1323
fCMR_Philips_041,233,1.8462,2.6524,0.1298,0.7432,0.1872,2.3532
fCMR_Philips_090,233,2.7664,2.1233,0.1743,0.812,0.198,1.8488
fCMR_Philips_114,233,1.2229,1.7215,0.3283,1.7655,0.3449,4.565
fCMR_Philips_065,233,1.4047,2.668,0.1377,1.2556,0.1669,3.0106
fCMR_Philips_132,233,3.0578,1.0307,0.244,2.8631,0.2521,6.1037
fCMR_Philips_031,233,2.4011,0.7554,0.1797,2.1455,0.1888,4.8073
fCMR_Philips_104,233,0.9102,1.5828,0.1229,2.0095,0.187,4.3664
fCMR_Philips_094,233,3.064,2.9926,0.1925,0.5396,0.2013,1.5058
fCMR_Philips_136,233,2.8226,2.9171,0.179,0.0901,0.2129,0.714
fCMR_Philips_087,233,2.3539,2.4392,0.4626,2.9392,0.4823,6.3072
fCMR_Philips_003,233,3.0915,2.2893,0.2265,0.8745,0.2459,2.1012
fCMR_Philips_047,233,1.1577,2.6787,0.3324,1.2722,0.3586,3.9149
fCMR_Philips_057,233,1.1466,1.3216,0.336,1.1937,0.3457,2.9583
fCMR_Philips_097,233,2.6486,1.5448,0.3639,0.3034,0.374,1.0404
fCMR_Philips_070,233,3.0159,3.6193,0.4184,2.5853,0.4355,5.5707
fCMR_Philips_068,233,2.3412,2.76,0.2338,0.9856,0.2529,2.6412
fCMR_Philips_117,234,2.4811,1.9554,0.2293,1.0164,0.2455,2.9252
fCMR_Philips_002,234,0.9996,1.8515,0.2359,1.4833,0.2645,4.1863
fCMR_Philips_052,234,2.8651,1.3178,0.1424,0.2798,0.17,1.0424
fCMR_Philips_123,234,2.8304,1.9979,0.1375,0.4723,0.1699,1.475
fCMR_Philips_079,234,1.7518,1.5061,0.1087,2.4965,0.1666,5.7222
fCMR_Philips_041,234,2.6552,3.2043,0.1144,1.4341,0.1675,3.3398
fCMR_Philips_090,234,2.3763,3.5061,0.1122,1.3695,0.1527,2.9324
fCMR_Philips_114,234,1.0918,2.5182,0.2633,0.8583,0.3027,2.7878
fCMR_Philips_065,234,2.5849,2.371,0.1094,0.9187,0.1377,2.1921
fCMR_Philips_132,234,1.9312,3.0197,0.3268,5.0762,0.3403,10.4703
fCMR_Philips_031,234,2.4549,3.0638,0.1147,1.5834,0.1634,3.579
fCMR_Philips_104,234,1.5434,1.7995,0.097,1.5312,0.2021,3.5272
fCMR_Philips_094,234,1.0147,1.6122,0.1968,0.9816,0.2215,2.9085
fCMR_Philips_136,234,2.9112,1.4756,0.1879,0.2677,0.2114,0.9453
fCMR_Philips_087,234,3.121,2.7134,0.4845,2.7375,0.4918,6.1478
fCMR_Philips_003,234,1.7702,3.246,0.1523,0.8844,0.195,2.0794
fCMR_Philips_047,234,2.0932,3.4416,0.2742,7.7097,0.313,18.4686
fCMR_Philips_057,234,2.9466,1.7823,0.3611,1.4914,0.3785,3.2687
fCMR_Philips_097,234,1.7914,3.5184,0.4223,0.0647,0.4281,0.6117
fCMR_Philips_070,234,3.0396,3.4679,0.589,0.8086,0.6021,2.7296
fCMR_Philips_068,234,1.0767,3.1068,0.2498,1.0547,0.2593,2.7034
fCMR_Philips_117,235,2.7506,3.1913,0.1852,0.2761,0.2017,1.1561
fCMR_Philips_002,235,2.1036,2.756,0.2598,1.0418,0.2808,2.4634
fCMR_Philips_052,235,2.1622,1.7481,0.1704,1.0893,0.1827,2.593
fCMR_Philips_123,235,2.8922,3.2365,0.2539,0.1553,0.4779,1.1252
fCMR_Philips_079,235,2.6411,3.1999,0.1388,2.7055,0.1776,5.8512
fCMR_Philips_041,235,2.8166,3.1973,0.1931,0.8789,0.2046,2.221
fCMR_Philips_090,235,1.0087,3.288,0.0735,1.0528,0.139,2.5085
fCMR_Philips_114,235,2.2633,2.4809,0.303,1.9881,0.3094,4.4964
fCMR_Philips_065,235,1.0997,3.7124,0.0519,1.0229,0.1045,2.276
fCMR_Philips_132,235,2.8709,0.9951,0.2823,5.0287,0.305,10.6506
fCMR_Philips_031,235,2.9313,2.3097,0.1912,1.959,0.2045,4.3517
fCMR_Philips_104,235,2.3148,2.9547,0.1311,2.9024,0.2211,6.4226
fCMR_Philips_094,235,1.9663,3.2655,0.1826,0.1534,0.2127,1.5849
fCMR_Philips_136,235,2.3499,2.2645,0.1755,0.3054,0.2129,1.0046
fCMR_Philips_087,235,1.667,1.8295,0.3823,3.0028,0.3902,6.4916
fCMR_Philips_003,235,1.8079,2.0703,0.2046,0.8077,0.2209,2.1798
fCMR_Philips_047,235,2.7135,1.4499,0.2745,4.2895,0.3681,11.7972
fCMR_Philips_057,235,1.6518,2.6722,0.4196,1.153,0.4267,2.686
fCMR_Philips_097,235,2.9656,2.533,0.6389,0.056,0.6694,0.8337
fCMR_Philips_070,235,2.6389,1.3522,0.4029,1.7857,0.4172,3.9844
fCMR_Philips_068,235,2.4067,2.6383,0.1852,1.4447,0.2004,3.2984
fCMR_Philips_117,236,1.4383,2.031,0.1442,0.3343,0.2036,0.9245
fCMR_Philips_002,236,2.7379,0.7795,0.2283,1.6065,0.2412,3.6418
fCMR_Philips_052,236,2.9063,2.6294,0.1899,0.9155,0.2037,2.4047
fCMR_Philips_123,236,3.087,3.1836,0.143,0.4983,0.1905,1.8456
fCMR_Philips_079,236,1.7579,1.7029,0.2488,2.4804,0.2744,5.4659
fCMR_Philips_041,236,2.461,2.7271,0.0822,1.692,0.7083,5.5833
fCMR_Philips_090,236,1.8589,1.0562,0.0922,1.5874,0.1394,3.8773
fCMR_Philips_114,236,1.8779,3.2079,0.2744,0.9944,0.2857,2.1059
fCMR_Philips_065,236,3.011,1.3169,0.174,1.858,0.1828,4.2483
fCMR_Philips_132,236,2.8299,2.6649,0.3029,3.6189,0.3282,7.66
fCMR_Philips_031,236,1.6236,2.1607,0.0939,1.1559,0.1412,2.9445
fCMR_Philips_104,236,2.9617,2.699,0.1696,1.853,0.2138,4.3364
fCMR_Philips_094,236,1.7374,3.4251,0.2581,0.5846,0.2691,2.1166
fCMR_Philips_136,236,2.1061,1.7915,0.0903,0.0461,0.1392,0.967
fCMR_Philips_087,236,1.7571,3.2268,0.4203,2.7707,0.4311,6.0162
fCMR_Philips_003,236,2.9973,2.4279,0.1959,0.9467,0.2017,2.9582
fCMR_Philips_047,236,2.7516,3.5793,0.2275,4.8822,0.3479,10.8162
fCMR_Philips_057,236,2.8063,2.7901,0.4023,1.0174,0.411,2.5686
fCMR_Philips_097,236,2.3716,3.1156,0.3801,0.0663,0.4139,0.5502
fCMR_Philips_070,236,1.3106,2.0937,0.3975,1.4346,0.4065,3.852
fCMR_Philips_068,236,2.5185,1.2473,0.2678,1.3274,0.2878,3.2416
fCMR_Philips_117,237,3.0719,3.1186,0.1651,1.1614,0.1898,2.8587
fCMR_Philips_002,237,2.8075,2.2511,0.2305,1.5042,0.236,3.643
fCMR_Philips_052,237,2.8081,3.186,0.1251,2.1376,0.1659,4.6964
fCMR_Philips_123,237,2.7113,1.4711,0.101,1.055,0.1557,2.7662
fCMR_Philips_079,237,3.031,2.6471,0.232,1.0711,0.2694,3.0149
fCMR_Philips_041,237,2.5885,3.6012,0.2427,2.1757,0.2882,4.693
fCMR_Philips_090,237,0.7144,1.5419,0.1197,2.4187,0.1429,5.1856
fCMR_Philips_114,237,2.2624,2.2613,0.2612,3.0693,0.2916,6.8532
fCMR_Philips_065,237,2.2346,2.3177,0.0565,1.3383,0.1558,3.1879
fCMR_Philips_132,237,2.9195,2.7824,0.3205,5.9931,0.326,12.4854
fCMR_Philips_031,237,3.0461,2.4141,0.2578,1.6062,0.2736,3.9836
fCMR_Philips_104,237,2.7266,2.2604,0.1102,3.3495,0.2701,8.6426
fCMR_Philips_094,237,2.8311,1.5421,0.2177,0.5581,0.2261,1.5606
fCMR_Philips_136,237,2.8474,3.1379,0.2164,0.8974,0.2993,3.2467
fCMR_Philips_087,237,2.5678,2.4706,0.5251,2.7299,0.5351,5.6642
fCMR_Philips_003,237,2.2645,2.2229,0.2844,1.4356,0.2915,3.3053
fCMR_Philips_047,237,2.774,1.9437,0.2337,2.6387,0.2814,8.3966
fCMR_Philips_057,237,2.3578,1.8547,0.3746,1.2042,0.3808,2.6931
fCMR_Philips_097,237,1.667,2.3047,0.3308,0.3291,0.3653,1.5328
fCMR_Philips_070,237,1.1263,2.6228,0.4115,0.4559,0.4212,1.5271
fCMR_Philips_068,237,2.4381,2.5462,0.2191,0.7365,0.2332,1.9409
fCMR_Philips_117,238,3.1307,2.1913,0.1908,1.1009,0.2283,2.335
fCMR_Philips_002,238,2.7043,2.0466,0.2125,1.6538,0.2265,3.9494
fCMR_Philips_052,238,2.7429,2.8616,0.1385,0.7388,0.1605,1.9406
fCMR_Philips_123,238,1.9992,1.9529,0.133,0.6174,0.1417,1.8839
fCMR_Philips_079,238,2.6161,1.1262,0.1385,2.5267,0.1969,5.9506
fCMR_Philips_041,238,3.1356,3.3209,0.2184,2.2063,0.2477,4.9806
fCMR_Philips_090,238,2.9089,2.3498,0.2045,2.412,0.2251,5.0944
fCMR_Philips_114,238,2.7408,1.4105,0.3841,1.4029,0.402,3.6069
fCMR_Philips_065,238,2.7686,3.0151,0.0813,1.0331,0.1237,2.3478
fCMR_Philips_132,238,1.6746,2.5139,0.318,3.9531,0.3266,8.7853
fCMR_Philips_031,238,1.6939,3.1473,0.1388,1.7033,0.1579,4.2551
fCMR_Philips_104,238,2.683,1.9103,0.2228,1.9601,0.2663,4.4033
fCMR_Philips_094,238,2.3353,3.3377,0.1276,1.6709,0.1656,4.0621
fCMR_Philips_136,238,1.9271,2.2606,0.0949,0.3914,0.1191,1.0731
fCMR_Philips_087,238,2.2341,1.9036,0.5199,3.1068,0.5284,6.3758
fCMR_Philips_003,238,2.381,3.0454,0.2988,0.8601,0.317,2.0129
fCMR_Philips_047,238,2.8889,2.1684,0.2857,3.3009,0.3385,7.7645
fCMR_Philips_057,238,2.8097,3.0107,0.2585,1.2871,0.2674,2.8497
fCMR_Philips_097,238,1.123,0.6492,0.424,0.1923,0.4613,0.9852
fCMR_Philips_070,238,2.7318,2.4948,0.3202,2.2178,0.3681,5.1092
fCMR_Philips_068,238,1.6675,1.7915,0.1786,0.4981,0.2122,1.3855
fCMR_Philips_117,239,1.9695,0.9819,0.149,0.7398,0.1783,1.9426
fCMR_Philips_002,239,2.3516,1.4498,0.1671,1.6166,0.1884,3.6365
fCMR_Philips_052,239,3.1079,2.218,0.1984,0.4821,0.2187,1.4146
fCMR_Philips_123,239,3.0442,1.8908,0.1609,0.8196,0.1801,2.0115
fCMR_Philips_079,239,1.8441,2.555,0.3243,0.3413,0.3487,1.3278
fCMR_Philips_041,239,2.309,3.6927,0.1995,1.5756,0.2321,3.561
fCMR_Philips_090,239,2.1215,1.7427,0.0662,1.1554,0.1805,3.2093
fCMR_Philips_114,239,2.052,2.1837,0.249,1.4482,0.2629,3.5679
fCMR_Philips_065,239,3.1392,1.2395,0.1039,1.5585,0.198,4.2328
fCMR_Philips_132,239,0.99,3.0692,0.1888,3.9281,0.1989,8.1491
fCMR_Philips_031,239,2.5872,1.7887,0.122,3.1131,0.1834,6.9747
fCMR_Philips_104,239,2.5408,2.5589,0.1261,2.3793,0.1951,5.1073
fCMR_Philips_094,239,1.5554,1.7273,0.2195,2.5385,0.2439,5.9901
fCMR_Philips_136,239,1.8826,2.0019,0.1485,0.0632,0.1657,0.3438
fCMR_Philips_087,239,2.4483,1.8507,0.3074,3.5263,0.3314,7.4738
fCMR_Philips_003,239,2.6378,2.6471,0.2391,0.9667,0.2501,2.3124
fCMR_Philips_047,239,1.8053,1.1514,0.2042,7.5659,0.2477,17.0318
fCMR_Philips_057,239,0.9901,3.5959,0.3134,0.9443,0.3355,2.8272
fCMR_Philips_097,239,1.1726,2.0254,0.497,0.1881,0.5102,0.7354
fCMR_Philips_070,239,1.5494,3.5581,0.475,2.0132,0.4969,4.5522
fCMR_Philips_068,239,3.1164,1.2396,0.261,0.9251,0.2748,2.2284
fCMR_Philips_117,240,2.196,1.7595,0.213,0.6817,0.2292,1.698
fCMR_Philips_002,240,1.693,2.9977,0.187,1.2164,0.2214,2.836
fCMR_Philips_052,240,1.0615,2.3204,0.1531,1.0132,0.1876,2.4981
fCMR_Philips_123,240,2.4501,2.9172,0.1153,0.5015,0.1652,1.8231
fCMR_Philips_079,240,2.4864,1.9448,0.2779,0.6322,0.2901,2.6269
fCMR_Philips_041,240,2.4919,1.816,0.1594,0.4873,0.1823,1.4757
fCMR_Philips_090,240,2.6857,3.7449,0.2068,3.3189,0.2564,7.3498
fCMR_Philips_114,240,1.1204,3.0658,0.3366,0.5181,0.3443,1.4698
fCMR_Philips_065,240,1.9718,2.5739,0.1197,1.9266,0.1912,4.5506
fCMR_Philips_132,240,2.2347,1.9858,0.3056,5.4321,0.3164,11.6283
fCMR_Philips_031,240,2.4732,3.1427,0.1782,3.2186,0.1908,7.4068
fCMR_Philips_104,240,2.837,1.4785,0.0929,1.4979,0.1626,3.302
fCMR_Philips_094,240,1.9496,2.9726,0.13,0.3832,0.1728,1.7857
fCMR_Philips_136,240,1.7123,1.143,0.2271,0.57,0.2634,1.6183
fCMR_Philips_087,240,1.9267,1.5568,0.4609,2.9139,0.4693,6.3632
fCMR_Philips_003,240,3.0833,2.8664,0.2094,1.1802,0.215,2.9383
fCMR_Philips_047,240,2.5674,2.0232,0.2886,5.9216,0.3623,13.6048
fCMR_Philips_057,240,1.9664,2.0598,0.2522,1.4495,0.2688,3.4392
fCMR_Philips_097,240,0.2071,2.9913,0.5379,0.5064,0.5463,1.3436
fCMR_Philips_070,240,1.9348,3.1299,0.515,1.2328,0.535,2.5973
fCMR_Philips_068,240,2.7401,2.2464,0.246,1.0363,0.2554,2.2968
fCMR_Philips_117,241,1.7971,2.9658,0.106,0.2988,0.1516,1.1319
fCMR_Philips_002,241,2.6183,2.0907,0.2404,1.0993,0.267,2.5764
fCMR_Philips_052,241,1.0054,2.3706,0.2052,1.4142,0.2322,3.699
fCMR_Philips_123,241,1.8844,1.6171,0.1488,1.5666,0.1612,3.8411
fCMR_Philips_079,241,1.9806,3.5964,0.1379,1.1818,0.1641,2.9108
fCMR_Philips_041,241,1.3061,3.4082,0.0931,0.3846,0.1778,1.0999
fCMR_Philips_090,241,1.3325,1.5713,0.1032,1.4909,0.1369,3.5726
fCMR_Philips_114,241,2.8061,1.2642,0.3492,1.3281,0.3759,3.7191
fCMR_Philips_065,241,2.965,1.6122,0.0702,2.0467,0.1227,4.5238
fCMR_Philips_132,241,3.1032,2.9814,0.3655,4.3231,0.3677,10.0096
fCMR_Philips_031,241,2.0338,1.8614,0.2312,1.8598,0.2391,4.1633
fCMR_Philips_104,241,2.5328,2.5015,0.1063,2.1076,0.1577,4.5376
fCMR_Philips_094,241,2.3728,3.0272,0.1038,1.7506,0.1568,4.2337
fCMR_Philips_136,241,2.5078,2.3099,0.1258,0.1499,0.1723,0.7702
fCMR_Philips_087,241,2.0254,1.4969,0.4231,4.3074,0.4338,9.1672
fCMR_Philips_003,241,2.4542,2.8812,0.2192,0.2519,0.2381,1.881
fCMR_Philips_047,241,1.2166,2.0671,0.2473,2.115,0.2521,6.1062
fCMR_Philips_057,241,1.4986,2.355,0.1914,1.7952,0.2152,3.8298
fCMR_Philips_097,241,0.8421,2.6066,0.318,0.148,0.3542,1.1395
fCMR_Philips_070,241,2.6405,3.9633,0.3522,0.5139,0.3574,1.7912
fCMR_Philips_068,241,1.0725,1.7429,0.234,1.2822,0.2499,3.0645
fCMR_Philips_117,242,2.9782,2.4215,0.1658,1.7382,0.1905,3.8233
fCMR_Philips_002,242,1.9278,2.3801,0.2496,1.6789,0.2659,3.6391
fCMR_Philips_052,242,3.0805,3.515,0.1366,0.5847,0.1411,1.5882
fCMR_Philips_123,242,1.5769,2.2909,0.1383,0.8648,0.1629,2.8676
fCMR_Philips_079,242,2.5377,2.4184,0.1567,1.2778,0.1888,2.7918
fCMR_Philips_041,242,1.2573,1.4061,0.1458,0.745,0.1806,2.4513
fCMR_Philips_090,242,2.2537,2.4031,0.1825,1.6373,0.2109,3.6554
fCMR_Philips_114,242,2.7986,1.8685,0.226,1.6792,0.2403,3.9234
fCMR_Philips_065,242,1.8987,1.2809,0.0428,0.8905,0.1204,2.1715
fCMR_Philips_132,242,1.5554,1.6411,0.2807,5.322,0.2946,11.4023
fCMR_Philips_031,242,2.0331,0.7498,0.1162,2.6129,0.133,5.9054
fCMR_Philips_104,242,2.9554,2.5012,0.1274,2.0084,0.1548,4.8646
fCMR_Philips_094,242,0.304,2.7228,0.1585,0.4634,0.1727,2.5869
fCMR_Philips_136,242,1.4662,3.2017,0.1599,0.0963,0.2268,1.373
fCMR_Philips_087,242,1.1284,2.8677,0.3007,2.9197,0.3166,6.3044
fCMR_Philips_003,242,1.958,3.1984,0.2335,1.0253,0.239,2.369
fCMR_Philips_047,242,1.6668,1.671,0.2831,6.1152,0.3388,13.6699
fCMR_Philips_057,242,3.1077,2.6585,0.2833,0.8473,0.2889,2.3046
fCMR_Philips_097,242,2.2072,3.3095,0.2956,0.3907,0.3078,1.0878
fCMR_Philips_070,242,2.7908,0.4977,0.3249,1.3931,0.3397,3.0137
fCMR_Philips_068,242,3.0143,2.4685,0.163,0.8326,0.18,1.8476
fCMR_Philips_117,243,1.3956,2.7894,0.179,0.5638,0.1953,1.5856
fCMR_Philips_002,243,3.127,1.6103,0.1788,0.8536,0.1915,2.1137
fCMR_Philips_052,243,1.1021,0.9206,0.1825,1.3001,0.1969,3.5351
fCMR_Philips_123,243,2.6167,2.9195,0.0865,0.9091,0.2047,2.1515
fCMR_Philips_079,243,2.9249,3.2449,0.1118,1.7144,0.1663,3.8998
fCMR_Philips_041,243,2.899,2.0932,0.1465,0.8091,0.1697,3.0125
fCMR_Philips_090,243,3.1248,1.241,0.1966,1.549,0.2214,3.5532
fCMR_Philips_114,243,0.9595,3.391,0.294,0.5371,0.3256,1.5663
fCMR_Philips_065,243,2.6661,2.2579,0.0535,0.6493,0.0999,1.8952
fCMR_Philips_132,243,1.7933,2.536,0.2313,3.1925,0.2518,6.6793
fCMR_Philips_031,243,3.0221,3.5767,0.0791,2.5734,0.1349,5.7396
fCMR_Philips_104,243,3.094,2.678,0.2895,1.766,0.3031,4.7232
fCMR_Philips_094,243,1.8929,2.8837,0.124,0.8577,0.1816,2.2618
fCMR_Philips_136,243,1.9238,2.0862,0.159,0.5247,0.1878,1.7018
fCMR_Philips_087,243,1.534,2.2031,0.4167,3.9137,0.423,8.2072
fCMR_Philips_003,243,2.233,3.0253,0.2221,0.5131,0.2337,1.7738
fCMR_Philips_047,243,2.3114,2.4799,0.4001,8.1407,0.4225,17.7043
fCMR_Philips_057,243,2.2511,1.7843,0.3123,1.378,0.32,3.1544
fCMR_Philips_097,243,1.7596,3.0434,0.5082,0.3889,0.5223,1.1655
fCMR_Philips_070,243,2.1496,1.8504,0.2927,2.001,0.3879,4.8102
fCMR_Philips_068,243,2.7588,3.1291,0.247,1.1285,0.2721,2.53
fCMR_Philips_117,244,2.4279,3.0022,0.2699,0.8454,0.2987,2.2672
fCMR_Philips_002,244,2.6234,1.7689,0.2779,2.7215,0.3066,5.9622
fCMR_Philips_052,244,0.973,3.1239,0.2517,0.4889,0.2707,1.5634
fCMR_Philips_123,244,1.7049,1.4761,0.1974,0.3662,0.2207,1.4834
fCMR_Philips_079,244,0.9705,2.1677,0.1846,1.2447,0.2146,3.7732
fCMR_Philips_041,244,1.9286,1.6427,0.1177,0.5286,0.1914,1.6144
fCMR_Philips_090,244,1.7469,2.8465,0.2029,0.9341,0.2366,3.258
fCMR_Philips_114,244,2.5109,2.4427,0.2113,1.8059,0.257,4.1489
fCMR_Philips_065,244,1.3523,2.5111,0.0742,0.9711,0.1451,2.9836
fCMR_Philips_132,244,1.5156,3.4261,0.3778,4.2599,0.386,8.9842
fCMR_Philips_031,244,1.7298,3.349,0.234,1.9687,0.244,4.3627
fCMR_Philips_104,244,2.6237,1.0052,0.1939,1.0952,0.2316,2.4562
fCMR_Philips_094,244,2.0686,2.6099,0.1624,1.4706,0.2004,3.3234
fCMR_Philips_136,244,2.6118,2.971,0.1415,0.2257,0.1941,1.0795
fCMR_Philips_087,244,2.9437,2.5898,0.3171,2.6344,0.3249,6.0187
fCMR_Philips_003,244,2.8762,1.8452,0.2171,0.7493,0.2483,1.707
fCMR_Philips_047,244,2.9934,3.1573,0.4411,9.7008,0.4764,21.2933
fCMR_Philips_057,244,2.5498,3.3129,0.391,1.0235,0.3941,2.5947
fCMR_Philips_097,244,2.571,0.5946,0.4345,0.1626,0.4581,0.7264
fCMR_Philips_070,244,3.0826,1.4199,0.3624,1.5097,0.3774,3.4827
fCMR_Philips_068,244,0.9084,1.4273,0.225,1.0276,0.2498,2.484
fCMR_Philips_117,245,2.1503,1.9083,0.2381,0.4343,0.2667,1.6524
fCMR_Philips_002,245,2.0866,2.8289,0.2221,0.9484,0.2391,2.4206
fCMR_Philips_052,245,2.9519,2.502,0.2014,0.7917,0.2165,2.064
fCMR_Philips_123,245,2.8346,2.887,0.179,0.7132,0.191,1.9704
fCMR_Philips_079,245,2.1051,2.1843,0.2246,3.099,0.2489,7.0742
fCMR_Philips_041,245,1.5671,1.6737,0.1789,0.7526,0.1976,2.011
fCMR_Philips_090,245,2.1017,2.0513,0.2048,2.2372,0.2131,5.0368
fCMR_Philips_114,245,2.487,2.5571,0.2656,1.1067,0.2831,2.7488
fCMR_Philips_065,245,1.8649,1.3052,0.0248,0.7342,0.152,1.8516
fCMR_Philips_132,245,1.3251,1.9135,0.2343,5.5044,0.2485,11.3611
fCMR_Philips_031,245,0.3015,1.7071,0.2492,3.3508,0.2572,7.3247
fCMR_Philips_104,245,2.7123,2.8574,0.1519,1.7882,0.2191,4.3421
fCMR_Philips_094,245,1.7777,2.8802,0.2613,2.4587,0.317,5.4533
fCMR_Philips_136,245,2.4473,2.7625,0.2092,0.3271,0.2559,1.4242
fCMR_Philips_087,245,0.8885,0.829,0.5228,3.9295,0.5325,8.6627
fCMR_Philips_003,245,2.0225,3.0659,0.166,0.9648,0.1857,2.3293
fCMR_Philips_047,245,2.6914,1.9889,0.1987,2.8526,0.319,7.2689
fCMR_Philips_057,245,1.784,2.0407,0.3148,1.9545,0.3301,4.6324
fCMR_Philips_097,245,2.7429,1.3613,0.395,0.2613,0.4236,1.3199
fCMR_Philips_070,245,2.8663,3.3041,0.3796,1.6778,0.444,3.9253
fCMR_Philips_068,245,1.5031,2.6094,0.2056,0.5466,0.2272,1.5871
fCMR_Philips_117,246,2.6592,2.4852,0.1869,0.6834,0.2077,2.0164
fCMR_Philips_002,246,2.6435,3.0314,0.1778,0.7588,0.2398,2.4026
fCMR_Philips_052,246,2.9517,2.0939,0.121,1.254,0.1399,3.0089
fCMR_Philips_123,246,0.9199,2.2716,0.2038,0.627,0.2351,1.8096
fCMR_Philips_079,246,2.7219,3.3323,0.1446,1.4937,0.1833,4.0619
fCMR_Philips_041,246,2.4621,2.7744,0.0525,0.1683,0.1268,0.8239
fCMR_Philips_090,246,1.9266,3.2012,0.1841,1.3855,0.2112,3.5157
fCMR_Philips_114,246,2.4277,3.0277,0.1919,1.7757,0.226,4.1396
fCMR_Philips_065,246,1.6908,2.9533,0.1115,1.0588,0.1191,2.8258
fCMR_Philips_132,246,2.0017,2.3348,0.2691,3.358,0.2851,7.3538
fCMR_Philips_031,246,2.0515,2.465,0.1441,2.4132,0.1697,5.5647
fCMR_Philips_104,246,0.7,2.4496,0.1514,1.1042,0.2375,3.2238
fCMR_Philips_094,246,3.0969,1.6706,0.1996,0.8728,0.2087,2.1247
fCMR_Philips_136,246,2.6157,2.5199,0.165,0.2623,0.2138,1.0947
fCMR_Philips_087,246,0.8995,2.0368,0.4787,4.0953,0.4885,9.0134
fCMR_Philips_003,246,0.7742,1.9004,0.3149,0.971,0.3306,2.3842
fCMR_Philips_047,246,2.6543,1.4037,0.5243,13.7912,0.5423,29.0703
fCMR_Philips_057,246,0.9121,0.6393,0.2738,0.6779,0.2808,1.5017
fCMR_Philips_097,246,1.4683,2.4443,0.3011,0.5091,0.3565,1.5432
fCMR_Philips_070,246,2.6418,3.0605,0.3339,1.9445,0.354,4.2918
fCMR_Philips_068,246,3.0106,2.6519,0.271,1.277,0.2786,2.9872
fCMR_Philips_117,247,2.4309,2.1057,0.1723,0.77,0.1788,1.9414
fCMR_Philips_002,247,2.9194,3.2586,0.1822,1.7055,0.2194,4.0846
fCMR_Philips_052,247,1.1457,3.3042,0.2958,1.8865,0.3034,4.2915
fCMR_Philips_123,247,1.7898,1.8349,0.1465,0.9939,0.1838,2.6594
fCMR_Philips_079,247,3.0522,3.4553,0.1932,0.2809,0.2199,1.3761
fCMR_Philips_041,247,2.2939,2.5422,0.2488,1.5262,0.2808,3.646
fCMR_Philips_090,247,2.4152,2.4278,0.094,1.3123,0.176,2.9283
fCMR_Philips_114,247,1.3495,2.0515,0.2222,1.3044,0.2609,3.108
fCMR_Philips_065,247,1.8926,0.9584,0.08,1.3877,0.1043,3.0097
fCMR_Philips_132,247,3.0134,0.6939,0.194,1.9393,0.2165,4.4487
fCMR_Philips_031,247,2.8701,2.6491,0.1471,1.0605,0.1759,2.9889
fCMR_Philips_104,247,1.2154,2.6746,0.2215,1.8941,0.2893,4.1816
fCMR_Philips_094,247,1.8063,2.128,0.1874,0.7121,0.2173,1.8638
fCMR_Philips_136,247,1.3035,2.653,0.109,0.1005,0.1511,0.914
fCMR_Philips_087,247,2.0251,2.3856,0.4119,3.4857,0.4231,7.614
fCMR_Philips_003,247,1.3157,1.3957,0.2785,0.6262,0.2965,1.5427
fCMR_Philips_047,247,2.9496,2.9119,0.3043,6.712,0.323,15.076
fCMR_Philips_057,247,2.2574,2.1799,0.1869,1.7103,0.1982,4.0251
fCMR_Philips_097,247,2.6359,2.0892,0.4511,0.0562,0.4605,0.5245
fCMR_Philips_070,247,2.4866,2.4652,0.4162,2.1655,0.4558,4.9179
fCMR_Philips_068,247,2.2838,2.3115,0.2548,0.3586,0.265,1.1216
fCMR_Philips_117,248,2.0118,1.784,0.2191,0.0691,0.262,0.6392
fCMR_Philips_002,248,2.4104,1.4498,0.1342,1.7825,0.1751,4.194
fCMR_Philips_052,248,1.6443,3.1034,0.1948,1.5177,0.2124,3.9822
fCMR_Philips_123,248,2.5713,2.4475,0.133,0.4898,0.1729,1.8543
fCMR_Philips_079,248,1.5275,1.9924,0.1418,0.2683,0.1777,1.0245
fCMR_Philips_041,248,2.2764,1.6602,0.1377,1.0349,0.1935,3.1727
fCMR_Philips_090,248,1.6227,2.2882,0.1104,2.5769,0.1579,5.5482
fCMR_Philips_114,248,2.6822,2.1264,0.2804,2.0624,0.3045,4.8513
fCMR_Philips_065,248,2.6598,2.4121,0.0447,1.1373,0.1393,2.714
fCMR_Philips_132,248,1.4971,2.9241,0.3648,4.26,0.3779,9.3677
fCMR_Philips_031,248,3.0977,3.8093,0.0964,2.7413,0.2251,6.2378
fCMR_Philips_104,248,1.746,0.9609,0.0941,1.7943,0.287,4.8647
fCMR_Philips_094,248,1.562,1.2014,0.1474,1.4419,0.1805,3.629
fCMR_Philips_136,248,1.9909,3.3879,0.141,0.1364,0.1714,0.5587
fCMR_Philips_087,248,2.5972,2.8451,0.4539,3.2633,0.4642,7.6641
fCMR_Philips_003,248,2.8171,2.4771,0.1558,1.4909,0.1992,3.3752
fCMR_Philips_047,248,2.3583,1.4697,0.2892,5.4706,0.3761,13.8379
fCMR_Philips_057,248,2.3354,2.7657,0.3456,1.3216,0.3523,3.3379
fCMR_Philips_097,248,2.399,3.3816,0.5264,0.0259,0.5448,1.0673
fCMR_Philips_070,248,2.3945,2.7688,0.524,1.7329,0.5274,3.6809
fCMR_Philips_068,248,2.7574,2.294,0.2088,1.3587,0.2622,3.4037
fCMR_Philips_117,249,3.0107,2.7403,0.1304,0.6968,0.1682,1.7661
fCMR_Philips_002,249,1.5277,1.3228,0.1852,1.3961,0.2018,3.6436
fCMR_Philips_052,249,1.557,2.1941,0.2003,1.2455,0.2063,3.0943
fCMR_Philips_123,249,3.0015,2.3086,0.0931,0.7516,0.1356,2.3593
fCMR_Philips_079,249,2.2032,1.8058,0.1252,1.0938,0.1692,3.405
fCMR_Philips_041,249,2.2151,2.183,0.1454,0.9365,0.205,2.2816
fCMR_Philips_090,249,1.8454,2.0401,0.0787,1.177,0.181,3.5356
fCMR_Philips_114,249,0.6844,0.5041,0.3007,2.1835,0.368,4.6017
fCMR_Philips_065,249,2.72,2.7914,0.1714,1.867,0.2373,4.095
fCMR_Philips_132,249,2.8696,2.6718,0.3321,3.9224,0.3411,8.3081
fCMR_Philips_031,249,2.5347,2.1976,0.2529,2.0026,0.2635,4.6
fCMR_Philips_104,249,2.5735,2.4928,0.1369,1.3277,0.2977,3.7472
fCMR_Philips_094,249,2.4054,1.6007,0.2284,1.6587,0.2323,3.8162
fCMR_Philips_136,249,2.3128,3.3166,0.1214,0.2366,0.1808,0.7499
fCMR_Philips_087,249,2.9686,2.591,0.3925,2.9776,0.4109,7.1694
fCMR_Philips_003,249,3.0051,2.5754,0.0932,0.4687,0.1813,1.1512
fCMR_Philips_047,249,2.3611,1.8591,0.3157,4.3569,0.3616,10.7912
fCMR_Philips_057,249,1.6316,2.1854,0.2628,1.3247,0.2708,3.293
fCMR_Philips_097,249,1.2739,0.73,0.4149,0.3249,0.4293,1.557
fCMR_Philips_070,249,1.7999,2.7098,0.4349,0.9462,0.4749,2.4298
fCMR_Philips_068,249,2.2636,2.8796,0.1908,1.683,0.1988,3.6381
