subject_id,step,angle,translation,GD_EP,CD_EP,GD_IP,CD_IP
fCMR_Siemens_018,0,2.4627,3.6442,0.5548,3.0737,1.0517,6.9247
fCMR_Siemens_113,0,2.3572,2.4751,0.0975,6.7084,0.1528,14.1292
fCMR_Siemens_027,0,2.5139,2.5289,0.8238,0.2978,0.9094,1.6902
fCMR_Siemens_006,0,0.3702,1.5476,2.4579,13.1891,2.1725,28.4186
fCMR_Siemens_144,0,1.3904,2.7458,2.7507,6.6109,2.7552,14.2432
fCMR_Siemens_068,0,1.7174,3.41,1.1466,4.0399,1.528,9.1104
fCMR_Siemens_198,0,1.7898,2.5602,2.8239,12.2476,2.3392,27.9932
fCMR_Siemens_018,1,2.2419,2.0095,0.5512,2.4805,0.5974,6.4082
fCMR_Siemens_113,1,2.2427,3.2482,0.4618,17.3728,0.4786,35.6964
fCMR_Siemens_027,1,3.0099,1.8142,1.7187,5.4826,1.7277,13.975
fCMR_Siemens_006,1,2.9439,3.0428,1.7676,5.5837,2.2456,20.0481
fCMR_Siemens_144,1,1.8804,1.1887,2.8253,4.2443,2.7903,11.8949
fCMR_Siemens_068,1,2.7336,3.0077,2.1074,6.5712,2.1714,19.6316
fCMR_Siemens_198,1,2.8695,2.8175,3.0295,6.0357,2.4683,13.589
fCMR_Siemens_018,2,1.424,2.7904,0.6776,2.1695,0.6973,5.5934
fCMR_Siemens_113,2,1.6737,1.7668,0.152,14.4846,0.1797,29.642
fCMR_Siemens_027,2,2.421,3.1563,2.2797,6.4944,2.0156,19.2828
fCMR_Siemens_006,2,3.0658,1.7021,1.5771,9.9435,1.7621,26.0288
fCMR_Siemens_144,2,1.3901,2.802,2.895,2.0633,2.8573,6.0733
fCMR_Siemens_068,2,3.1292,1.2046,1.7386,3.4069,1.9387,9.5845
fCMR_Siemens_198,2,2.2382,2.5363,0.9903,18.5074,1.3742,46.6482
fCMR_Siemens_018,3,2.682,1.85,0.539,2.3486,0.7246,7.3166
fCMR_Siemens_113,3,2.0734,3.1166,0.1494,10.1552,0.2488,23.3689
fCMR_Siemens_027,3,2.1944,2.1807,0.8589,3.4474,1.1926,12.063
fCMR_Siemens_006,3,1.84,2.6562,2.9319,6.4564,2.5026,17.7269
fCMR_Siemens_144,3,2.2563,2.6121,1.7349,3.9094,1.6747,11.6983
fCMR_Siemens_068,3,2.3746,3.308,1.9708,5.7209,1.9856,13.0753
fCMR_Siemens_198,3,2.7802,3.1723,0.4306,1.8684,1.0003,6.1542
fCMR_Siemens_018,4,1.2407,2.1905,0.5872,4.3215,0.7518,9.896
fCMR_Siemens_113,4,1.5023,1.3778,0.2041,12.9674,0.2337,26.583
fCMR_Siemens_027,4,1.4119,3.2066,2.741,8.725,1.9548,19.4731
fCMR_Siemens_006,4,2.7529,2.914,1.3091,3.2009,1.664,10.5905
fCMR_Siemens_144,4,1.4345,1.6732,2.9486,5.8139,2.804,15.1528
fCMR_Siemens_068,4,1.9869,2.0976,1.1593,0.5387,1.6482,3.0706
fCMR_Siemens_198,4,2.6703,2.5459,0.731,1.6835,0.9065,4.6657
fCMR_Siemens_018,5,2.9069,3.2508,0.6333,2.3957,0.6448,5.616
fCMR_Siemens_113,5,2.3217,3.0019,0.1204,7.3108,0.2084,16.3081
fCMR_Siemens_027,5,2.2435,3.4201,1.6635,9.962,1.6965,24.0901
fCMR_Siemens_006,5,1.9621,1.2639,2.9555,2.6135,2.4231,12.4104
fCMR_Siemens_144,5,0.8821,2.5274,3.1136,4.3642,2.3557,10.2077
fCMR_Siemens_068,5,3.045,1.5085,1.1253,2.9903,1.1594,7.6406
fCMR_Siemens_198,5,2.9759,3.1053,0.7196,3.8472,1.1288,11.3764
fCMR_Siemens_018,6,1.0381,3.7669,0.7632,1.8591,0.7745,4.7099
fCMR_Siemens_113,6,1.3345,2.4717,0.0914,18.8636,0.1396,39.5638
fCMR_Siemens_027,6,2.4436,0.894,0.68,0.1488,0.8412,2.0882
fCMR_Siemens_006,6,2.7614,2.8191,2.147,5.7846,2.1767,15.6739
fCMR_Siemens_144,6,0.9319,1.4897,3.0827,5.8039,2.5488,12.1951
fCMR_Siemens_068,6,1.1475,2.3721,2.5702,0.4131,2.0891,3.8842
fCMR_Siemens_198,6,1.9684,2.9714,0.4539,4.6546,1.2294,11.6253
fCMR_Siemens_018,7,3.0408,2.9859,0.8367,2.7852,0.8727,6.615
fCMR_Siemens_113,7,2.4417,2.5253,0.15,15.9646,0.1988,32.6053
fCMR_Siemens_027,7,1.3791,2.5303,2.5676,0.4351,1.6982,7.2924
fCMR_Siemens_006,7,3.0447,2.2048,2.6427,3.5084,2.6093,10.9542
fCMR_Siemens_144,7,1.7503,2.0295,0.8935,6.0212,1.333,16.8037
fCMR_Siemens_068,7,2.5463,2.767,1.421,4.897,1.58,11.1093
fCMR_Siemens_198,7,1.303,2.7509,0.5472,5.0002,1.2129,13.2362
fCMR_Siemens_018,8,1.7648,2.4986,0.9048,2.8139,0.9088,6.8172
fCMR_Siemens_113,8,0.6138,2.0748,0.114,11.2029,0.2315,23.6422
fCMR_Siemens_027,8,2.31,1.345,0.699,0.6028,0.7702,5.4524
fCMR_Siemens_006,8,2.9045,1.5984,3.0278,5.9855,2.3796,14.6816
fCMR_Siemens_144,8,0.7513,2.8568,2.6476,7.2743,2.6502,16.2976
fCMR_Siemens_068,8,2.5759,3.0457,1.3194,5.0241,1.3731,15.366
fCMR_Siemens_198,8,2.1548,2.6703,2.3451,2.4951,2.1335,6.7274
fCMR_Siemens_018,9,2.4751,1.1401,0.4861,1.8081,0.6219,4.703
fCMR_Siemens_113,9,0.7424,0.9909,0.3824,8.6062,0.8662,21.679
fCMR_Siemens_027,9,1.2814,1.611,1.5019,15.1707,1.5868,34.8498
fCMR_Siemens_006,9,2.257,3.0111,1.1263,2.492,1.8737,8.1817
fCMR_Siemens_144,9,2.7316,2.7136,2.1556,3.7248,2.0833,10.0718
fCMR_Siemens_068,9,2.3144,2.8132,2.1715,2.3093,2.2254,6.1527
fCMR_Siemens_198,9,2.0477,2.4804,0.2636,3.9258,0.3752,9.991
fCMR_Siemens_018,10,2.8339,2.2074,0.6535,3.1838,0.6564,7.9195
fCMR_Siemens_113,10,2.3049,1.2375,0.1172,11.9219,0.2068,25.0914
fCMR_Siemens_027,10,2.478,2.0486,0.8179,10.8066,0.9246,26.2734
fCMR_Siemens_006,10,2.5688,2.5751,2.0387,5.1659,2.1141,17.644
fCMR_Siemens_144,10,2.0718,2.6105,2.0795,3.1333,2.0514,8.0056
fCMR_Siemens_068,10,2.6673,3.7995,1.3525,4.6308,1.4935,10.9582
fCMR_Siemens_198,10,0.9859,2.3864,0.2202,1.1967,0.2875,4.3607
fCMR_Siemens_018,11,3.1416,2.0611,0.4632,1.4852,0.4697,4.1204
fCMR_Siemens_113,11,1.0035,2.4716,0.418,22.4014,0.423,45.5813
fCMR_Siemens_027,11,1.6605,2.7142,1.3103,3.42,1.324,8.0518
fCMR_Siemens_006,11,3.0044,3.4689,2.5546,2.7053,2.0767,8.8234
fCMR_Siemens_144,11,2.9944,3.2581,2.7041,6.7389,2.7055,15.5376
fCMR_Siemens_068,11,2.0229,1.998,1.3941,3.4484,1.6938,8.4045
fCMR_Siemens_198,11,1.8014,2.4232,0.2233,2.8514,0.4882,7.6812
fCMR_Siemens_018,12,2.6803,2.684,0.6731,3.9309,0.686,8.9473
fCMR_Siemens_113,12,3.0276,2.6999,0.1506,10.9154,0.2633,22.6765
fCMR_Siemens_027,12,2.9812,1.3195,0.8464,2.9806,1.4584,8.4198
fCMR_Siemens_006,12,2.892,3.1128,1.7096,5.8792,1.7481,15.3242
fCMR_Siemens_144,12,0.8524,3.011,2.288,7.5462,2.2141,17.262
fCMR_Siemens_068,12,0.5723,3.1596,1.2644,7.8638,1.6236,18.7855
fCMR_Siemens_198,12,1.2042,0.6203,0.4343,1.1912,0.629,4.0574
fCMR_Siemens_018,13,3.1001,1.5231,0.8564,5.8231,0.8676,12.9311
fCMR_Siemens_113,13,1.326,2.0492,0.0791,9.071,0.127,18.4992
fCMR_Siemens_027,13,2.0498,2.5507,1.2215,1.4838,1.4293,5.9253
fCMR_Siemens_006,13,2.9288,1.8507,2.6975,10.7252,2.7299,24.2714
fCMR_Siemens_144,13,1.5865,1.3412,2.307,4.3554,2.1323,9.9899
fCMR_Siemens_068,13,0.8898,3.0815,1.0954,2.2395,1.3049,5.5202
fCMR_Siemens_198,13,2.2512,1.9814,2.4477,9.7561,2.1572,23.3006
fCMR_Siemens_018,14,2.6129,2.9887,0.597,3.2388,0.6115,7.142
fCMR_Siemens_113,14,2.4285,2.3169,0.3412,2.439,0.3502,6.6558
fCMR_Siemens_027,14,2.8615,3.0603,1.1298,2.6975,1.2651,14.4416
fCMR_Siemens_006,14,3.05,1.8323,1.6635,4.7638,2.1183,18.9629
fCMR_Siemens_144,14,0.7463,2.6497,2.9949,4.5659,2.9381,12.2978
fCMR_Siemens_068,14,2.4915,2.9893,2.1625,3.1707,2.1315,11.0846
fCMR_Siemens_198,14,2.7026,3.1677,0.1666,3.9132,0.6483,10.4662
fCMR_Siemens_018,15,1.3093,2.6505,0.8572,1.9172,0.8741,5.0555
fCMR_Siemens_113,15,3.0318,1.4545,0.362,15.0765,0.3855,31.211
fCMR_Siemens_027,15,2.1828,1.664,0.8174,0.1711,0.8946,1.8639
fCMR_Siemens_006,15,2.0372,2.2006,2.9631,14.2341,2.6696,31.0864
fCMR_Siemens_144,15,2.9329,2.529,1.1602,3.3992,1.8752,9.6624
fCMR_Siemens_068,15,2.6717,2.8841,1.0787,1.4494,1.1784,4.9219
fCMR_Siemens_198,15,2.1063,3.5235,2.9391,3.6868,1.9018,12.1293
fCMR_Siemens_018,16,2.8493,2.6053,0.8349,3.0204,0.8528,7.0462
fCMR_Siemens_113,16,2.9813,2.4242,0.3054,24.9839,0.3643,52.6983
fCMR_Siemens_027,16,3.1118,2.4177,1.5491,4.9923,1.5609,13.3227
fCMR_Siemens_006,16,2.6184,2.5695,1.6517,4.4131,1.8443,13.4969
fCMR_Siemens_144,16,1.477,2.9198,3.068,6.6269,3.0678,18.0468
fCMR_Siemens_068,16,2.5911,2.2206,1.4578,3.2729,1.5642,8.401
fCMR_Siemens_198,16,2.8067,2.3632,0.2645,4.6931,0.4003,11.5426
fCMR_Siemens_018,17,3.1059,2.0913,0.9737,3.1745,0.9826,6.7685
fCMR_Siemens_113,17,2.9478,2.005,0.1664,7.3944,0.2711,16.5732
fCMR_Siemens_027,17,2.2485,2.6442,1.1194,3.7409,1.1643,16.0779
fCMR_Siemens_006,17,1.2741,2.7194,2.6286,12.8483,2.632,28.5119
fCMR_Siemens_144,17,2.3848,2.6989,3.1323,1.9996,2.72,8.8244
fCMR_Siemens_068,17,1.9351,2.8141,1.2098,3.6685,1.2754,11.1252
fCMR_Siemens_198,17,2.346,2.8881,0.7434,8.7258,1.5358,18.9762
fCMR_Siemens_018,18,3.0206,2.6229,0.7594,3.8345,1.1748,9.0391
fCMR_Siemens_113,18,3.0954,3.2779,0.5945,25.3804,0.6116,51.2428
fCMR_Siemens_027,18,2.5048,2.8167,1.8346,2.5075,1.8952,8.9147
fCMR_Siemens_006,18,1.8831,2.9773,2.5428,7.6482,2.5477,18.4772
fCMR_Siemens_144,18,1.4594,2.7995,1.1398,3.3739,1.6558,9.8032
fCMR_Siemens_068,18,2.3819,3.0389,1.0108,2.1557,1.2491,5.9823
fCMR_Siemens_198,18,3.0398,2.7409,0.3342,6.0948,0.4003,14.9498
fCMR_Siemens_018,19,2.0013,2.3013,0.8562,2.0811,1.5217,6.5656
fCMR_Siemens_113,19,3,2.4023,0.1918,23.0329,0.2373,47.3218
fCMR_Siemens_027,19,2.3763,1.9304,1.1908,0.9443,1.3908,4.8825
fCMR_Siemens_006,19,2.6178,2.9366,1.8663,4.7826,2.0388,15.2108
fCMR_Siemens_144,19,1.8828,2.0755,2.4964,4.5204,2.0942,11.118
fCMR_Siemens_068,19,0.9968,2.5302,1.4235,1.7799,1.579,6.8601
fCMR_Siemens_198,19,2.9908,2.5726,0.4583,5.8547,0.8576,15.598
fCMR_Siemens_018,20,3.101,2.561,0.4129,3.3373,0.4394,7.9728
fCMR_Siemens_113,20,2.4343,2.3375,0.3738,17.1968,0.7083,41.1391
fCMR_Siemens_027,20,2.8176,3.4353,1.4645,5.5869,1.5209,13.3003
fCMR_Siemens_006,20,2.769,3.0514,2.344,3.2683,2.3544,9.1744
fCMR_Siemens_144,20,1.2838,1.9633,2.697,6.1689,1.9688,14.7061
fCMR_Siemens_068,20,2.6859,2.7749,1.0806,4.7847,1.4479,12.8158
fCMR_Siemens_198,20,2.3322,2.1564,0.6147,2.2659,1.0425,8.0762
fCMR_Siemens_018,21,2.5937,0.5292,0.6033,1.2862,0.6148,3.2794
fCMR_Siemens_113,21,3.0412,2.3987,0.1593,4.2666,0.2368,10.65
fCMR_Siemens_027,21,2.5906,2.2903,1.3041,5.6503,1.3546,12.5107
fCMR_Siemens_006,21,1.7936,2.1087,1.9821,4.2221,2.0194,10.1505
fCMR_Siemens_144,21,1.775,2.9489,1.8015,3.7981,1.907,13.4411
fCMR_Siemens_068,21,2.2546,2.9437,0.8624,0.0345,1.2425,6.1887
fCMR_Siemens_198,21,2.4948,2.0292,0.2718,0.9643,0.3207,3.3496
fCMR_Siemens_018,22,2.1347,2.034,0.7859,3.5696,0.7903,9.309
fCMR_Siemens_113,22,1.5523,1.8928,0.243,13.5376,0.2965,28.6724
fCMR_Siemens_027,22,2.8689,2.7349,1.286,0.5562,1.5393,4.4025
fCMR_Siemens_006,22,1.711,2.3756,2.0756,12.3728,2.1881,26.726
fCMR_Siemens_144,22,2.639,2.3974,2.6881,3.8099,2.6904,9.1161
fCMR_Siemens_068,22,3.0081,2.2715,1.2646,4.4258,1.3437,11.0847
fCMR_Siemens_198,22,1.4319,3.1578,0.1129,0.9471,0.3864,6.2122
fCMR_Siemens_018,23,1.0187,2.5841,0.6553,1.8817,1.1243,5.2479
fCMR_Siemens_113,23,1.7515,2.261,0.3938,16.5839,0.4222,34.5409
fCMR_Siemens_027,23,1.916,1.8615,1.316,0.3548,1.3556,2.7461
fCMR_Siemens_006,23,2.6023,3.3892,2.151,6.1696,2.1628,19.4663
fCMR_Siemens_144,23,2.3706,3.0276,2.9274,5.2121,2.7735,14.3745
fCMR_Siemens_068,23,2.6483,2.838,1.3357,0.5911,1.4574,4.526
fCMR_Siemens_198,23,2.7007,2.9163,0.7505,4.3127,1.1449,10.7805
fCMR_Siemens_018,24,1.5799,3.0452,0.6379,4.2643,0.6553,10.1064
fCMR_Siemens_113,24,2.8435,2.1167,0.5049,20.2225,0.5729,42.4757
fCMR_Siemens_027,24,1.8045,2.3731,2.2991,5.2845,2.3195,14.2494
fCMR_Siemens_006,24,2.2531,3.1525,2.583,6.1384,2.1576,15.1214
fCMR_Siemens_144,24,2.6494,2.9427,2.714,2.9223,2.3701,8.9656
fCMR_Siemens_068,24,1.3136,1.5997,1.0628,0.4329,1.224,2.1005
fCMR_Siemens_198,24,2.9783,0.9499,0.2648,8.0148,0.4621,17.4519
fCMR_Siemens_018,25,2.1181,2.0601,0.5962,2.1836,0.6136,5.8964
fCMR_Siemens_113,25,0.9723,1.3809,0.187,10.5713,0.3063,23.6244
fCMR_Siemens_027,25,2.3456,3.1296,1.0788,4.5873,1.0944,9.9912
fCMR_Siemens_006,25,1.5367,2.7396,2.1626,10.3945,2.3017,22.7426
fCMR_Siemens_144,25,1.2567,1.4938,2.8056,5.6628,2.7095,14.7546
fCMR_Siemens_068,25,1.235,2.7999,1.0421,1.0483,1.1176,5.4432
fCMR_Siemens_198,25,2.0643,1.8161,0.3624,5.5418,0.8502,13.4932
fCMR_Siemens_018,26,1.3157,2.6456,0.6038,1.1753,0.6241,2.9693
fCMR_Siemens_113,26,2.7672,2.5346,0.2851,9.6632,0.3449,21.7542
fCMR_Siemens_027,26,2.4685,2.7343,1.5692,2.6504,1.6536,7.2898
fCMR_Siemens_006,26,2.4882,2.0883,2.29,8.9163,2.2994,19.5269
fCMR_Siemens_144,26,2.1237,2.2949,3.01,2.2219,2.8875,5.5559
fCMR_Siemens_068,26,2.8925,1.7255,1.1012,4.327,1.4093,12.4224
fCMR_Siemens_198,26,1.9878,2.8874,0.4096,3.8778,0.5826,13.1754
fCMR_Siemens_018,27,1.5687,2.7388,0.8225,3.906,0.8274,9.266
fCMR_Siemens_113,27,1.4535,2.4271,0.1641,15.6231,0.2455,33.1441
fCMR_Siemens_027,27,1.1276,2.7093,1.9597,1.4594,1.9769,5.6468
fCMR_Siemens_006,27,1.9528,0.7843,1.3,6.7425,1.6294,16.3472
fCMR_Siemens_144,27,1.3717,0.7612,2.8999,5.8559,2.1162,14.4169
fCMR_Siemens_068,27,1.7233,2.5326,1.561,3.913,1.6289,9.8788
fCMR_Siemens_198,27,3.0884,1.2515,0.9367,4.4874,1.2836,11.9856
fCMR_Siemens_018,28,2.9169,2.2641,0.4501,3.5926,1.1105,9.2914
fCMR_Siemens_113,28,2.2551,1.1732,0.495,24.4882,0.5668,51.6344
fCMR_Siemens_027,28,1.9134,2.1414,2.2997,0.5187,2.0674,5.2364
fCMR_Siemens_006,28,1.621,1.8878,2.9749,3.6621,2.8739,9.9838
fCMR_Siemens_144,28,3.0464,2.29,2.8527,5.2461,2.5149,16.5128
fCMR_Siemens_068,28,3.0011,3.5164,1.3902,4.1994,1.4029,10.2878
fCMR_Siemens_198,28,2.4313,3.2521,0.2655,3.5017,0.4303,9.12
fCMR_Siemens_018,29,2.9371,3.8883,0.9062,6.4536,1.3782,15.1983
fCMR_Siemens_113,29,1.6392,3.1828,0.1621,8.4385,0.2072,17.2604
fCMR_Siemens_027,29,2.6518,3.3619,0.7192,6.6622,1.1649,23.1093
fCMR_Siemens_006,29,2.8942,3.1191,2.9245,3.6891,2.6727,10.0007
fCMR_Siemens_144,29,1.8651,2.9115,2.9102,7.1378,2.1988,15.7064
fCMR_Siemens_068,29,3.0276,3.0457,0.9968,0.9305,1.2223,7.567
fCMR_Siemens_198,29,1.5363,3.1075,3.0543,5.8394,2.2383,16.4572
fCMR_Siemens_018,30,2.9117,3.3295,0.756,3.0855,0.7784,8.0828
fCMR_Siemens_113,30,2.9436,1.8089,0.5669,21.1835,0.5805,43.5857
fCMR_Siemens_027,30,0.8878,2.7433,2.7564,5.5218,2.3796,17.0092
fCMR_Siemens_006,30,2.1198,0.489,2.5514,7.0317,2.5235,16.2253
fCMR_Siemens_144,30,2.6745,2.0116,1.9557,7.1974,1.8914,15.6516
fCMR_Siemens_068,30,3.0254,1.8133,2.3758,4.9405,2.4007,18.0774
fCMR_Siemens_198,30,1.7987,2.0138,0.3419,6.0592,0.7162,13.8534
fCMR_Siemens_018,31,2.8737,2.794,0.8608,3.8504,0.8946,8.5337
fCMR_Siemens_113,31,2.5765,2.086,0.4076,13.1849,0.4324,28.5254
fCMR_Siemens_027,31,2.5915,0.2368,1.0478,0.7405,1.3027,5.9599
fCMR_Siemens_006,31,3.069,2.7241,2.76,7.2648,2.436,19.1368
fCMR_Siemens_144,31,2.3907,3.9404,2.8578,3.1726,1.8868,7.9627
fCMR_Siemens_068,31,2.1639,2.918,1.3787,5.7999,1.4694,12.6982
fCMR_Siemens_198,31,2.5281,1.3241,1.2264,2.5408,1.4119,6.2786
fCMR_Siemens_018,32,3.0581,2.688,0.6173,2.1183,0.6786,5.1748
fCMR_Siemens_113,32,1.7888,2.7443,0.0596,5.1076,0.2037,10.992
fCMR_Siemens_027,32,2.5548,2.8747,1.5699,1.2568,1.6649,4.2808
fCMR_Siemens_006,32,2.9178,2.8518,2.0507,2.1287,2.098,6.0974
fCMR_Siemens_144,32,2.4055,1.7805,2.5609,4.4983,2.1463,11.553
fCMR_Siemens_068,32,2.3264,2.3596,0.6411,2.0698,1.1426,8.903
fCMR_Siemens_198,32,1.2908,2.6499,0.5173,1.0194,0.6779,3.7725
fCMR_Siemens_018,33,1.8664,3.0474,0.7784,2.0836,0.7904,4.8178
fCMR_Siemens_113,33,2.7027,2.9494,0.075,16.1229,0.1313,33.6847
fCMR_Siemens_027,33,2.6554,0.5593,1.4192,1.8739,1.4703,6.6422
fCMR_Siemens_006,33,1.3358,2.7896,2.4605,6.1661,2.4708,14.9013
fCMR_Siemens_144,33,2.0391,2.3985,2.5889,4.1608,2.3403,10.3176
fCMR_Siemens_068,33,1.3154,3.83,0.8125,2.145,1.1222,8.6358
fCMR_Siemens_198,33,2.7254,2.5748,0.4527,1.5589,0.8266,5.3322
fCMR_Siemens_018,34,2.4187,1.8465,0.4148,2.6738,0.5294,6.0509
fCMR_Siemens_113,34,1.6994,2.888,0.1926,18.1703,0.2567,37.7222
fCMR_Siemens_027,34,1.9415,0.6014,2.0221,1.7549,2.0173,6.2292
fCMR_Siemens_006,34,1.4279,1.8978,2.0244,5.647,2.0772,17.2714
fCMR_Siemens_144,34,1.3216,1.8861,3.0953,5.3021,2.5984,13.6322
fCMR_Siemens_068,34,2.1782,2.4025,0.8377,3.4466,1.629,10.286
fCMR_Siemens_198,34,2.7312,1.1687,0.3304,2.7253,0.3602,6.9067
fCMR_Siemens_018,35,1.6273,3.0746,0.4361,2.4101,0.4643,5.5918
fCMR_Siemens_113,35,1.9824,1.9487,0.2322,10.6661,0.242,22.7366
fCMR_Siemens_027,35,1.9163,2.0588,1.2091,1.3099,1.3793,5.7414
fCMR_Siemens_006,35,2.2833,2.0026,2.8591,3.0336,2.7018,8.3326
fCMR_Siemens_144,35,2.3504,2.5343,2.745,6.2364,2.5884,14.8059
fCMR_Siemens_068,35,2.4089,2.1113,1.0439,1.7425,1.3897,9.679
fCMR_Siemens_198,35,2.3849,1.6664,2.5187,11.5247,1.8838,25.1586
fCMR_Siemens_018,36,2.6071,2.2372,0.619,2.4551,0.6387,8.5581
fCMR_Siemens_113,36,1.5838,1.4161,0.0829,8.937,0.1473,19.2083
fCMR_Siemens_027,36,1.881,2.7293,1.4846,0.4407,1.5453,4.6414
fCMR_Siemens_006,36,2.4699,2.1522,2.6298,2.3198,2.6383,7.3318
fCMR_Siemens_144,36,0.9775,2.7204,2.9403,9.1564,2.9424,21.0459
fCMR_Siemens_068,36,2.885,2.6887,1.2005,4.8122,1.3952,11.3448
fCMR_Siemens_198,36,1.1811,3.3919,0.1558,5.9571,0.6636,14.7156
fCMR_Siemens_018,37,3.0948,1.3257,0.8929,4.7887,0.912,11.3496
fCMR_Siemens_113,37,0.9389,2.3621,0.4525,23.8512,0.4901,48.8134
fCMR_Siemens_027,37,1.1288,2.5753,1.2118,2.0556,1.3507,8.5632
fCMR_Siemens_006,37,2.5465,2.3515,1.6775,0.852,1.8588,8.1097
fCMR_Siemens_144,37,2.4426,1.9922,2.1487,7.2317,2.018,15.7012
fCMR_Siemens_068,37,1.4556,2.0258,0.7197,1.2134,0.9325,7.7749
fCMR_Siemens_198,37,2.5518,2.4928,0.5936,2.9853,1,8.116
fCMR_Siemens_018,38,2.9073,2.7932,1.1149,2.5391,1.1168,6.1888
fCMR_Siemens_113,38,3.0912,2.6596,0.4306,19.7627,0.4527,41.3856
fCMR_Siemens_027,38,3.0813,1.5018,0.8183,1.9095,1.1861,7.3617
fCMR_Siemens_006,38,2.5116,0.8084,2.8509,7.2432,2.6863,20.7564
fCMR_Siemens_144,38,1.3332,2.48,2.5977,9.7189,2.1491,22.8902
fCMR_Siemens_068,38,2.1982,1.8302,1.1144,0.6729,1.4768,4.9308
fCMR_Siemens_198,38,2.537,3.5928,0.6044,2.6241,1.1363,7.7041
fCMR_Siemens_018,39,2.4095,2.479,0.6382,2.643,1.2759,6.5257
fCMR_Siemens_113,39,2.4002,2.533,0.4092,18.1009,0.4248,38.5015
fCMR_Siemens_027,39,1.4451,2.3478,0.6868,4.0186,1.5418,9.9425
fCMR_Siemens_006,39,0.7235,2.4725,2.3545,4.2574,2.2672,14.9405
fCMR_Siemens_144,39,1.9074,1.1868,2.5969,3.501,2.1584,10.4651
fCMR_Siemens_068,39,1.176,2.9138,1.825,5.1121,1.8935,13.147
fCMR_Siemens_198,39,2.253,0.9411,1.3408,3.3437,1.3616,8.657
fCMR_Siemens_018,40,1.9991,2.0996,0.9482,2.6305,0.9592,6.078
fCMR_Siemens_113,40,0.9794,3.5949,0.3161,29.4382,0.3411,60.2768
fCMR_Siemens_027,40,2.8451,3.2763,1.7665,5.576,1.7791,13.8136
fCMR_Siemens_006,40,1.8275,2.1036,1.7698,6.5657,2.0605,20.6685
fCMR_Siemens_144,40,1.7933,1.8137,2.6767,2.3798,2.431,7.4592
fCMR_Siemens_068,40,2.4258,2.8762,1.4215,3.6577,1.466,7.915
fCMR_Siemens_198,40,1.7275,1.9008,0.5187,4.1304,0.9963,11.0801
fCMR_Siemens_018,41,1.7687,2.7078,0.7822,2.4734,0.7906,5.536
fCMR_Siemens_113,41,3.0574,2.0044,0.1586,9.2087,0.2381,19.2162
fCMR_Siemens_027,41,2.6144,3.0524,0.986,1.4917,1.0713,4.8065
fCMR_Siemens_006,41,2.7747,2.9518,1.8652,6.5421,1.9138,18.2204
fCMR_Siemens_144,41,2.5366,3.1238,2.894,6.6228,2.7331,15.4192
fCMR_Siemens_068,41,2.1055,2.9712,2.786,5.3858,2.5786,15.1084
fCMR_Siemens_198,41,2.2743,3.8973,0.3507,1.6086,0.4791,4.6654
fCMR_Siemens_018,42,3.0802,3.0268,0.6069,1.2229,0.6153,3.2406
fCMR_Siemens_113,42,1.6238,1.2684,0.0452,8.4619,0.0868,17.505
fCMR_Siemens_027,42,2.1522,2.9904,0.4082,2.0666,1.1999,6.8488
fCMR_Siemens_006,42,2.3391,2.3146,2.31,7.7047,2.3415,19.9627
fCMR_Siemens_144,42,3.0659,1.6951,3.1396,2.4551,2.6794,6.9294
fCMR_Siemens_068,42,2.9379,3.2504,0.888,2.2711,0.9257,8.6637
fCMR_Siemens_198,42,3.0427,1.259,0.3373,5.8286,0.4922,13.98
fCMR_Siemens_018,43,2.0591,2.1164,0.791,2.1419,1.2198,9.6052
fCMR_Siemens_113,43,2.8876,3.0975,0.3466,10.1061,0.3592,21.4398
fCMR_Siemens_027,43,1.9143,1.6371,2.8127,5.6409,1.9633,14.7788
fCMR_Siemens_006,43,3.0643,2.4084,2.1484,2.266,2.2401,10.6746
fCMR_Siemens_144,43,2.7073,1.3698,2.1507,2.9334,2.1783,9.3075
fCMR_Siemens_068,43,0.8531,1.9193,1.4793,0.4474,1.5169,3.8942
fCMR_Siemens_198,43,2.4294,2.4157,0.7429,4.3105,0.8307,11.0385
fCMR_Siemens_018,44,1.765,2.0651,0.4599,3.3437,0.5046,7.139
fCMR_Siemens_113,44,1.871,3.288,0.5906,13.0777,0.5961,28.0436
fCMR_Siemens_027,44,2.5158,3.0914,1.3788,5.7301,1.5208,13.3157
fCMR_Siemens_006,44,2.696,1.7515,1.9134,3.4517,1.9595,9.5081
fCMR_Siemens_144,44,1.8818,1.3882,2.2944,2.8276,2.0385,7.9232
fCMR_Siemens_068,44,3.0189,2.6191,1.492,4.0865,1.5615,11.3736
fCMR_Siemens_198,44,2.6007,1.6257,0.3702,3.1287,0.4214,7.4801
fCMR_Siemens_018,45,2.9295,2.0472,0.7283,2.0422,0.7332,5.2478
fCMR_Siemens_113,45,2.8438,2.9065,0.2964,16.7453,0.3705,36.4039
fCMR_Siemens_027,45,2.37,2.4447,1.328,2.0017,1.3648,6.0664
fCMR_Siemens_006,45,2.9264,3.3548,2.1761,2.0152,2.0703,6.4065
fCMR_Siemens_144,45,0.9751,3.172,3.0467,9.356,2.9394,19.609
fCMR_Siemens_068,45,2.8523,2.0041,1.0263,1.9016,1.6824,8.7536
fCMR_Siemens_198,45,2.8915,3.4231,0.4724,7.3469,0.804,16.1332
fCMR_Siemens_018,46,1.8111,2.6683,0.5968,3.6083,0.6224,7.8712
fCMR_Siemens_113,46,1.8857,2.1506,0.351,19.8047,0.3988,42.0476
fCMR_Siemens_027,46,2.1297,2.4271,1.9514,0.7808,1.905,8.6382
fCMR_Siemens_006,46,1.7175,2.3963,2.1543,6.6444,2.0167,16.0132
fCMR_Siemens_144,46,3.0784,2.9839,2.8958,5.1834,2.5074,14.6372
fCMR_Siemens_068,46,2.7243,0.6785,1.3109,5.2799,1.516,12.3209
fCMR_Siemens_198,46,2.2815,2.957,1.513,4.5151,1.6451,11.7589
fCMR_Siemens_018,47,2.4918,1.3506,0.6298,3.4237,0.6451,7.9202
fCMR_Siemens_113,47,0.8557,3.304,0.1287,7.1822,0.2307,15.9132
fCMR_Siemens_027,47,2.7414,2.8106,0.8463,1.6506,1.5546,9.3681
fCMR_Siemens_006,47,2.9927,2.8678,0.9646,4.5345,1.5093,11.176
fCMR_Siemens_144,47,2.3167,2.6049,1.4491,6.9759,1.5399,16.2498
fCMR_Siemens_068,47,2.7096,1.9059,1.0809,1.7319,1.5002,5.2292
fCMR_Siemens_198,47,2.7993,1.2177,0.4496,4.8853,0.5393,12.2262
fCMR_Siemens_018,48,2.8503,2.4622,0.5586,3.4021,0.6294,7.9362
fCMR_Siemens_113,48,2.5975,2.0246,0.1775,9.192,0.2087,19.3253
fCMR_Siemens_027,48,1.3742,2.4912,1.4731,2.4023,1.5434,6.9485
fCMR_Siemens_006,48,1.9441,2.8638,2.4563,3.5402,2.2831,8.5118
fCMR_Siemens_144,48,1.386,1.3681,2.8,4.5344,2.5431,10.3735
fCMR_Siemens_068,48,1.5749,1.8512,1.346,3.7607,1.4792,10.0154
fCMR_Siemens_198,48,3.0267,2.1957,0.3293,1.8458,0.4108,6.3344
fCMR_Siemens_018,49,1.8246,2.7188,0.6432,2.1974,0.6523,5.2314
fCMR_Siemens_113,49,3.0689,2.734,0.0786,9.251,0.2928,21.0243
fCMR_Siemens_027,49,3.0574,0.8683,1.5101,0.1916,1.5435,6.0349
fCMR_Siemens_006,49,2.3615,2.6669,1.4918,1.359,1.6629,8.7676
fCMR_Siemens_144,49,2.1783,3.636,2.95,3.9748,2.729,9.6445
fCMR_Siemens_068,49,2.6313,1.899,1.539,3.0452,1.6282,8.1969
fCMR_Siemens_198,49,2.0642,3.4678,0.2809,1.3268,0.4137,3.8999
fCMR_Siemens_018,50,3.0613,2.6682,0.4311,3.6849,0.4564,8.1307
fCMR_Siemens_113,50,3.1008,2.2315,0.1677,7.9136,0.4629,18.8531
fCMR_Siemens_027,50,2.8653,2.564,0.6338,0.6733,0.7477,7.415
fCMR_Siemens_006,50,1.2675,0.576,2.8295,3.9257,2.7759,10.7146
fCMR_Siemens_144,50,2.6572,1.4822,1.4506,2.849,1.541,10.3833
fCMR_Siemens_068,50,3.1378,1.4945,1.421,1.9,1.57,8.372
fCMR_Siemens_198,50,1.0901,2.7051,0.3402,1.3919,0.5224,4.9905
fCMR_Siemens_018,51,3.0583,2.25,0.7235,3.0668,0.7355,6.8094
fCMR_Siemens_113,51,1.9057,2.6394,0.0757,6.508,0.1122,13.5488
fCMR_Siemens_027,51,2.4619,2.5905,0.7356,3.9088,0.8396,13.0686
fCMR_Siemens_006,51,1.2447,2.6859,2.1428,0.9199,2.2443,5.8623
fCMR_Siemens_144,51,2.6236,3.4425,2.1866,3.4178,2.1352,10.3375
fCMR_Siemens_068,51,2.7488,2.3855,1.6074,8.1079,1.7795,23.1872
fCMR_Siemens_198,51,1.9187,2.658,0.4306,3.9184,0.455,8.6163
fCMR_Siemens_018,52,2.3734,1.9086,0.6197,2.7489,0.6304,5.7755
fCMR_Siemens_113,52,1.4172,3.2091,0.1727,13.4737,0.2642,27.8494
fCMR_Siemens_027,52,3.0422,2.0461,0.9841,0.6715,1.1796,7.0868
fCMR_Siemens_006,52,1.4267,1.6779,2.1487,3.2222,2.1772,12.4212
fCMR_Siemens_144,52,1.9985,2.558,3.1093,3.0548,2.9265,7.5258
fCMR_Siemens_068,52,2.9469,2.2776,1.1427,0.3072,1.2615,3.8106
fCMR_Siemens_198,52,1.2527,3.5272,0.6232,4.9977,1.077,11.5108
fCMR_Siemens_018,53,2.1771,2.7971,0.4263,6.5478,0.9321,13.7258
fCMR_Siemens_113,53,2.2868,2.6606,0.4691,11.2077,0.4949,23.7302
fCMR_Siemens_027,53,0.3992,3.3011,0.8858,5.6067,1.2544,13.9201
fCMR_Siemens_006,53,2.3521,3.0604,2.5164,2.4688,2.2297,6.9088
fCMR_Siemens_144,53,2.0022,1.8086,2.3471,3.4512,2.2192,9.8909
fCMR_Siemens_068,53,1.8601,2.8622,1.2304,1.8491,1.4576,6.3601
fCMR_Siemens_198,53,2.0927,1.7725,0.6212,8.8333,1.1068,21.5665
fCMR_Siemens_018,54,2.0934,2.2755,0.5491,3.1567,1.4646,7.6285
fCMR_Siemens_113,54,1.6581,2.4889,0.1228,11.8626,0.1937,24.5822
fCMR_Siemens_027,54,1.8937,1.8467,1.101,3.7757,1.113,11.3178
fCMR_Siemens_006,54,2.1902,2.661,2.9197,9.8357,2.8304,22.5519
fCMR_Siemens_144,54,2.0322,1.5112,1.7342,5.3409,1.6718,13.098
fCMR_Siemens_068,54,1.9479,2.5302,1.4935,3.944,1.5385,9.0486
fCMR_Siemens_198,54,2.7178,2.1302,2.172,7.3122,2.1914,16.8708
fCMR_Siemens_018,55,2.2576,2.9846,0.6802,4.1038,1.0771,8.9119
fCMR_Siemens_113,55,2.5781,0.4253,0.1899,12.6156,0.2386,26.1196
fCMR_Siemens_027,55,2.9783,3.3986,1.3496,0.5969,1.3634,2.7862
fCMR_Siemens_006,55,2.844,2.724,2.0549,6.0854,1.9906,15.0913
fCMR_Siemens_144,55,0.8685,3.084,3.0165,5.8156,2.8487,12.2214
fCMR_Siemens_068,55,1.7489,2.7015,0.9501,0.478,1.5854,2.7799
fCMR_Siemens_198,55,3.0963,2.8263,0.369,2.4002,0.5629,7.7102
fCMR_Siemens_018,56,3.0385,1.4709,0.5428,2.4287,0.5533,5.6659
fCMR_Siemens_113,56,1.1124,2.3702,0.3898,15.0931,0.4043,31.8119
fCMR_Siemens_027,56,2.9652,4.0164,2.713,8.3285,2.008,22.3584
fCMR_Siemens_006,56,2.9991,1.9451,2.6272,4.5905,2.6448,10.0623
fCMR_Siemens_144,56,0.3241,3.6778,1.2578,3.2915,1.7955,11.9242
fCMR_Siemens_068,56,1.8196,1.3204,1.3789,5.4583,1.4794,13.2544
fCMR_Siemens_198,56,2.0807,1.8149,0.2251,0.4245,0.5929,2.2406
fCMR_Siemens_018,57,1.8197,2.4957,0.6369,2.1843,0.6409,4.6126
fCMR_Siemens_113,57,2.1274,2.2411,0.1932,13.6972,0.2494,28.8074
fCMR_Siemens_027,57,1.0192,1.72,0.9725,5.143,1.4236,11.9733
fCMR_Siemens_006,57,2.4334,2.6471,2.7797,8.5936,2.7815,19.9816
fCMR_Siemens_144,57,3.0557,3.099,3.1179,4.7429,2.6531,10.9071
fCMR_Siemens_068,57,2.3805,2.0223,2.0682,2.2532,2.1138,7.0626
fCMR_Siemens_198,57,0.9427,1.2672,0.2113,2.9038,0.4835,9.5263
fCMR_Siemens_018,58,2.7536,1.8149,0.723,2.9004,0.7275,6.4727
fCMR_Siemens_113,58,2.457,1.9324,0.0508,9.2539,0.1046,19.639
fCMR_Siemens_027,58,2.7442,4.0928,1.8193,3.0602,1.8524,9.2208
fCMR_Siemens_006,58,1.2439,3.0379,1.4772,0.3009,1.7456,3.2956
fCMR_Siemens_144,58,3.1063,2.0058,1.3178,3.6947,1.3472,9.1172
fCMR_Siemens_068,58,1.5909,2.5686,1.379,4.619,1.6249,11.9955
fCMR_Siemens_198,58,2.9515,2.8021,0.2107,0.8679,1.1464,4.7378
fCMR_Siemens_018,59,3.0995,2.4921,0.7012,4.7635,0.7113,10.4566
fCMR_Siemens_113,59,2.6038,2.7136,0.1278,10.9414,0.2411,23.5446
fCMR_Siemens_027,59,2.7222,1.8223,1.225,7.8463,1.2492,19.4082
fCMR_Siemens_006,59,2.418,2.087,2.5103,2.5655,2.5177,7.5504
fCMR_Siemens_144,59,2.462,1.5418,2.1011,4.1243,2.1031,9.9986
fCMR_Siemens_068,59,2.27,2.7018,1.208,4.4745,1.3781,10.4096
fCMR_Siemens_198,59,2.0585,2.8804,0.5621,6.5188,0.6396,16.4817
fCMR_Siemens_018,60,1.5876,2.4834,0.8794,1.5203,0.8827,3.6196
fCMR_Siemens_113,60,1.4411,1.8352,0.2206,14.9423,0.2811,31.0884
fCMR_Siemens_027,60,1.7018,1.3371,1.7452,4.0154,1.7519,8.875
fCMR_Siemens_006,60,1.9953,3.0466,2.5263,7.5177,2.5882,20.869
fCMR_Siemens_144,60,2.6291,2.7491,0.7593,5.4782,1.2133,14.6445
fCMR_Siemens_068,60,2.781,0.6781,1.1015,2.5986,1.1353,6.5957
fCMR_Siemens_198,60,2.224,3.7642,0.3081,0.0803,0.3381,1.8244
fCMR_Siemens_018,61,2.0198,2.842,1.0354,3.7445,1.5245,9.081
fCMR_Siemens_113,61,2.9599,2.5071,0.143,9.6448,0.1917,21.0901
fCMR_Siemens_027,61,2.0261,3.3253,0.9899,5.4489,0.9949,12.0455
fCMR_Siemens_006,61,1.1682,2.0036,2.684,3.213,2.7014,12.6818
fCMR_Siemens_144,61,2.0268,1.4646,2.2799,8.0243,2.2837,18.2747
fCMR_Siemens_068,61,2.9512,1.9919,1.086,1.3029,1.2771,5.0331
fCMR_Siemens_198,61,2.7164,3.1574,0.3021,0.6494,0.4159,2.9184
fCMR_Siemens_018,62,2.6035,1.9905,0.614,2.7008,0.6188,6.6396
fCMR_Siemens_113,62,2.0338,2.122,0.3142,17.8808,0.3422,36.8654
fCMR_Siemens_027,62,2.837,2.3983,1.5712,2.8783,1.6055,8.1871
fCMR_Siemens_006,62,3.0814,1.2013,2.5766,6.5772,2.2377,20.315
fCMR_Siemens_144,62,2.2727,2.646,1.5399,2.2996,2.0844,9.6809
fCMR_Siemens_068,62,2.7859,0.9541,1.0902,4.2041,1.497,14.2746
fCMR_Siemens_198,62,1.5748,2.7939,0.5408,1.585,0.5706,6.0581
fCMR_Siemens_018,63,1.7259,1.929,0.4911,3.6464,0.5344,7.6219
fCMR_Siemens_113,63,2.5325,2.1919,0.0855,8.9656,0.1562,19.1834
fCMR_Siemens_027,63,2.8287,2.3844,2.5911,4.496,2.3813,13.4152
fCMR_Siemens_006,63,2.2021,1.5991,3.1099,8.6565,2.6903,21.4277
fCMR_Siemens_144,63,2.6443,1.615,2.9547,3.6435,2.6321,9.3502
fCMR_Siemens_068,63,2.5224,2.906,1.3947,2.7173,1.7517,6.5508
fCMR_Siemens_198,63,2.7927,1.7345,0.513,2.8047,0.9271,8.0256
fCMR_Siemens_018,64,1.782,1.7904,0.7741,3.9779,0.7822,8.9138
fCMR_Siemens_113,64,1.6274,2.0342,0.3166,13.5235,0.5762,30.203
fCMR_Siemens_027,64,1.1321,2.6499,2.8666,1.7313,2.256,6.625
fCMR_Siemens_006,64,2.0408,1.7461,2.7648,3.8024,2.5603,11.9191
fCMR_Siemens_144,64,0.7096,1.1115,3.1042,5.6238,3.0606,13.4346
fCMR_Siemens_068,64,2.4609,3.245,1.3485,1.5995,1.5848,6.5749
fCMR_Siemens_198,64,1.7323,2.8607,0.1159,6.504,0.2454,15.4707
fCMR_Siemens_018,65,2.5628,2.6617,0.6074,3.6932,1.0989,8.2601
fCMR_Siemens_113,65,2.2531,2.692,0.1501,9.648,0.2389,20.2633
fCMR_Siemens_027,65,2.928,1.7962,1.3918,5.3007,1.401,13.965
fCMR_Siemens_006,65,1.2733,2.9251,2.7217,4.1581,2.5894,11.1893
fCMR_Siemens_144,65,2.2104,2.9312,0.9659,2.681,1.9005,7.4645
fCMR_Siemens_068,65,3.1006,3.0289,0.8597,3.0952,0.9575,9.016
fCMR_Siemens_198,65,1.0056,2.5518,0.4412,0.6959,0.4803,2.9738
fCMR_Siemens_018,66,1.8518,1.1388,0.5468,3.3166,1.0493,7.6343
fCMR_Siemens_113,66,2.268,2.2335,0.0552,10.9402,0.1305,23.0352
fCMR_Siemens_027,66,2.1766,1.0134,1.1689,3.6844,1.4072,14.0177
fCMR_Siemens_006,66,0.8465,3.0793,1.1701,10.9984,1.4603,25.2242
fCMR_Siemens_144,66,2.8578,3.0135,1.23,2.9894,1.4253,11.9224
fCMR_Siemens_068,66,2.2279,2.2468,1.1117,0.164,1.1833,2.2015
fCMR_Siemens_198,66,2.9177,2.6405,1.7604,6.8567,1.7712,17.3171
fCMR_Siemens_018,67,2.2945,0.8348,0.5116,2.093,0.8173,6.839
fCMR_Siemens_113,67,2.7537,2.1915,0.1748,8.0246,0.206,16.9479
fCMR_Siemens_027,67,2.8667,2.4063,2.099,1.1625,2.0998,10.0266
fCMR_Siemens_006,67,1.4589,1.3446,1.9235,7.1683,1.9334,16.9405
fCMR_Siemens_144,67,1.0218,2.5216,2.8798,8.3013,2.8179,17.3158
fCMR_Siemens_068,67,3.0662,3.248,2.7131,3.6343,2.5193,9.68
fCMR_Siemens_198,67,2.3014,2.314,0.1535,1.74,0.3697,4.96
fCMR_Siemens_018,68,2.6694,2.3723,0.613,3.3084,1.0387,8.7113
fCMR_Siemens_113,68,2.2771,1.9537,0.2561,19.4167,0.3547,40.6828
fCMR_Siemens_027,68,2.2822,3.3795,1.7755,11.4842,1.7947,23.3695
fCMR_Siemens_006,68,2.9862,2.5224,2.4822,8.4768,2.471,19.0184
fCMR_Siemens_144,68,0.9253,2.6494,3.032,5.4137,2.9304,12.171
fCMR_Siemens_068,68,2.5849,1.608,1.1862,4.991,1.4109,12.7809
fCMR_Siemens_198,68,2.6194,1.5176,2.7349,6.6353,2.2088,18.1018
fCMR_Siemens_018,69,3.1092,3.5257,0.7921,2.6738,0.7958,5.914
fCMR_Siemens_113,69,1.4625,0.996,0.0937,6.593,0.1966,15.2247
fCMR_Siemens_027,69,2.6078,2.2448,1.4527,1.1154,1.5489,3.4592
fCMR_Siemens_006,69,1.7247,3.146,1.8132,1.7946,1.9451,7.3188
fCMR_Siemens_144,69,2.0852,2.5748,1.933,6.1653,1.9835,14.6733
fCMR_Siemens_068,69,1.5919,1.5041,0.8061,2.8452,1.385,10.3143
fCMR_Siemens_198,69,2.878,2.8026,0.4452,9.0339,1.4082,19.9435
fCMR_Siemens_018,70,2.7862,1.7199,0.7047,3.5567,0.7166,7.6436
fCMR_Siemens_113,70,1.8995,2.9833,0.0987,6.5091,0.2083,15.4876
fCMR_Siemens_027,70,2.8425,1.7893,0.99,2.1053,1.0424,6.4657
fCMR_Siemens_006,70,1.2655,1.4225,1.9638,3.5891,2.0006,10.1574
fCMR_Siemens_144,70,3.073,1.9886,2.8665,4.3115,2.8255,10.2422
fCMR_Siemens_068,70,1.4002,0.6963,0.9721,0.5551,1.434,4.7272
fCMR_Siemens_198,70,2.9033,1.1506,0.3454,2.0426,0.5917,5.51
fCMR_Siemens_018,71,2.7617,1.3919,0.8332,3.8977,1.6444,8.4612
fCMR_Siemens_113,71,2.3196,2.0665,0.3252,13.3941,0.3394,27.4888
fCMR_Siemens_027,71,2.3473,2.642,1.2647,1.3833,1.2727,3.8219
fCMR_Siemens_006,71,2.3867,3.5533,1.756,0.8111,2.1446,7.5691
fCMR_Siemens_144,71,2.3608,2.7327,3.0197,4.5367,2.4676,10.8437
fCMR_Siemens_068,71,2.6057,2.7448,1.522,1.9785,1.7511,7.1011
fCMR_Siemens_198,71,2.8338,2.8312,0.0912,2.8474,0.4528,8.8455
fCMR_Siemens_018,72,2.5589,2.3399,0.7472,4.8967,0.7722,10.5203
fCMR_Siemens_113,72,2.0675,2.7285,0.1653,2.458,0.219,5.9926
fCMR_Siemens_027,72,1.1896,3.6029,1.2716,4.8855,1.2881,14.161
fCMR_Siemens_006,72,3.0171,3.4764,1.8719,5.0664,2.0587,15.5645
fCMR_Siemens_144,72,2.3818,2.7279,2.7458,4.6852,1.9379,13.5554
fCMR_Siemens_068,72,2.8006,2.8734,1.1952,5.4059,1.3651,16.4401
fCMR_Siemens_198,72,2.3092,1.6423,1.5004,3.3827,1.5859,10.8812
fCMR_Siemens_018,73,2.8367,2.2496,0.4075,2.7988,0.4168,6.2822
fCMR_Siemens_113,73,2.9165,1.0552,0.2661,19.7858,0.3018,40.0406
fCMR_Siemens_027,73,2.5631,2.4298,2.2057,1.5695,2.013,7.2487
fCMR_Siemens_006,73,1.4676,1.5653,1.6134,1.403,1.9339,8.069
fCMR_Siemens_144,73,1.8474,1.2132,2.7164,5.1512,2.309,12.3976
fCMR_Siemens_068,73,2.2993,1.6658,1.1681,0.9356,1.1797,2.9475
fCMR_Siemens_198,73,1.6012,1.8722,0.2062,3.6982,0.9556,9.8326
fCMR_Siemens_018,74,2.0715,3.3826,0.6701,3.2749,1.1538,8.4669
fCMR_Siemens_113,74,2.7012,2.6704,0.0712,10.1583,0.1862,20.5572
fCMR_Siemens_027,74,1.9777,2.3759,1.3264,4.1204,1.3606,10.8877
fCMR_Siemens_006,74,1.8386,2.4753,2.5761,7.3214,2.4676,20.5766
fCMR_Siemens_144,74,2.1109,1.4071,2.1172,3.0336,2.1881,12.5578
fCMR_Siemens_068,74,2.8568,2.456,0.9019,0.6349,1.3996,10.0087
fCMR_Siemens_198,74,1.8196,2.607,0.335,2.7325,1.0313,8.1871
fCMR_Siemens_018,75,2.6818,1.5385,0.6708,3.4636,1.1062,7.7683
fCMR_Siemens_113,75,2.843,3.5227,0.2369,12.4233,0.2688,25.7692
fCMR_Siemens_027,75,0.6085,1.5739,1.4477,2.3089,1.5922,9.3378
fCMR_Siemens_006,75,2.0655,2.4622,1.6155,4.2636,1.7179,13.4804
fCMR_Siemens_144,75,1.9005,2.3741,0.9459,3.6478,1.6506,9.7011
fCMR_Siemens_068,75,1.0455,3.4435,2.1805,9.0665,2.0031,20.3466
fCMR_Siemens_198,75,2.1947,1.7261,0.2452,4.3736,0.5909,10.9825
fCMR_Siemens_018,76,3.1124,3.2009,0.1988,5.0721,1.0963,11.6756
fCMR_Siemens_113,76,2.4175,2.5033,0.4055,26.4411,0.4141,53.5048
fCMR_Siemens_027,76,2.4702,1.98,1.7443,6.3461,1.741,15.0399
fCMR_Siemens_006,76,2.3957,2.8308,2.8211,5.9344,2.4167,16.2883
fCMR_Siemens_144,76,2.2944,2.0096,2.1528,3.5675,1.9874,11.52
fCMR_Siemens_068,76,3.0473,1.8819,1.1793,0.6173,1.5869,6.7638
fCMR_Siemens_198,76,2.1195,3.2279,0.6132,2.3962,0.6421,6.0646
fCMR_Siemens_018,77,0.7514,2.3761,0.7624,3.8001,0.7686,8.1535
fCMR_Siemens_113,77,2.6988,1.8163,0.3798,9.8084,0.3887,20.4333
fCMR_Siemens_027,77,2.4055,2.098,1.6048,2.2453,1.703,7.1894
fCMR_Siemens_006,77,1.2586,2.0002,3.133,7.6717,2.5422,22.1777
fCMR_Siemens_144,77,2.817,3.0054,0.8964,2.4299,1.252,9.7858
fCMR_Siemens_068,77,1.401,3.0418,0.9197,2.38,0.9634,6.3951
fCMR_Siemens_198,77,1.61,1.7062,0.3739,3.3349,0.4545,8.1059
fCMR_Siemens_018,78,2.4914,2.6742,0.8813,2.5247,0.8906,5.3225
fCMR_Siemens_113,78,1.751,1.9863,0.0708,11.5756,0.1354,25.3725
fCMR_Siemens_027,78,2.8015,0.836,0.9597,1.8363,0.9757,3.9705
fCMR_Siemens_006,78,2.7067,1.8212,2.2752,0.6624,2.3399,9.1368
fCMR_Siemens_144,78,1.8974,3.0718,2.607,9.118,2.1185,22.7982
fCMR_Siemens_068,78,2.5027,2.9824,1.53,2.8022,1.57,6.8436
fCMR_Siemens_198,78,1.4382,2.3206,0.1516,5.4665,0.2965,14.0388
fCMR_Siemens_018,79,3.059,2.6385,0.5749,2.721,1.063,6.4089
fCMR_Siemens_113,79,0.5121,1.3288,0.1059,12.7374,0.2201,26.6795
fCMR_Siemens_027,79,1.7119,1.5556,2.2848,3.5738,2.0887,9.1373
fCMR_Siemens_006,79,1.7325,2.4835,2.9705,4.8356,2.8465,16.7175
fCMR_Siemens_144,79,1.0566,2.6677,0.8949,5.0806,1.186,14.9381
fCMR_Siemens_068,79,2.6577,2.3063,1.2607,0.5428,1.4433,2.2578
fCMR_Siemens_198,79,1.6077,2.8726,0.4637,1.0855,0.5067,3.7558
fCMR_Siemens_018,80,2.6076,3.5432,0.6437,1.0988,1.1713,3.8699
fCMR_Siemens_113,80,2.0306,3.0579,0.0581,6.6971,0.1897,14.3752
fCMR_Siemens_027,80,3.0164,2.7539,2.0748,3.153,2.0764,7.2145
fCMR_Siemens_006,80,1.4015,2.8191,1.6584,6.3647,1.6987,14.9555
fCMR_Siemens_144,80,2.4868,2.9589,2.5201,2.3598,2.2757,7.3644
fCMR_Siemens_068,80,2.9238,2.6758,1.3699,4.7669,1.4438,12.3878
fCMR_Siemens_198,80,1.8792,2.3894,0.292,4.0065,0.3611,10.0358
fCMR_Siemens_018,81,1.8391,2.6569,0.8977,3.0609,0.9386,7.0955
fCMR_Siemens_113,81,2.9471,2.9527,0.1881,11.3123,0.2412,23.8396
fCMR_Siemens_027,81,2.965,1.138,1.4029,1.3855,1.4225,4.6429
fCMR_Siemens_006,81,2.2706,1.8372,2.0642,6.7846,2.0746,13.9468
fCMR_Siemens_144,81,2.2284,1.5921,1.4255,1.6029,1.5412,5.4762
fCMR_Siemens_068,81,2.3315,1.6729,1.3268,1.9509,1.7032,8.7322
fCMR_Siemens_198,81,1.8542,1.7479,0.4622,4.9841,1.3327,13.6496
fCMR_Siemens_018,82,2.9718,2.6705,0.6312,3.742,0.6829,8.3053
fCMR_Siemens_113,82,1.7975,3.3233,0.2127,8.3364,0.2702,18.2526
fCMR_Siemens_027,82,3.0209,3.7588,0.8064,7.3902,1.3073,19.0952
fCMR_Siemens_006,82,2.7236,3.2826,2.4818,2.6845,2.597,10.0124
fCMR_Siemens_144,82,1.3152,2.4999,3.001,3.6251,2.9788,8.8969
fCMR_Siemens_068,82,1.6747,2.2198,1.158,0.8142,1.3305,4.6351
fCMR_Siemens_198,82,2.9472,1.1247,0.3139,5.5243,0.3858,15.516
fCMR_Siemens_018,83,0.8734,1.4147,0.4534,3.3888,0.4906,7.7301
fCMR_Siemens_113,83,2.0414,2.4403,0.0517,13.6418,0.2296,28.3669
fCMR_Siemens_027,83,1.6813,2.4097,1.1485,5.3973,1.501,15.7424
fCMR_Siemens_006,83,2.2007,2.7627,3.0348,5.5744,2.8381,14.5694
fCMR_Siemens_144,83,1.4759,2.0494,3.1327,2.0316,2.8435,6.9792
fCMR_Siemens_068,83,2.3497,3.3004,1.1821,0.1439,1.2498,1.4719
fCMR_Siemens_198,83,1.7753,2.4735,0.5569,5.4337,0.7624,13.2669
fCMR_Siemens_018,84,2.1667,2.7955,0.559,2.8784,1.0631,7.8278
fCMR_Siemens_113,84,1.9079,2.8781,0.1227,8.0789,0.1632,16.8192
fCMR_Siemens_027,84,1.2899,2.2752,3.1397,1.2311,2.0418,5.7864
fCMR_Siemens_006,84,2.3801,1.2423,2.5071,1.3936,2.5491,7.972
fCMR_Siemens_144,84,2.5792,3.3749,3.1259,2.6905,2.9217,11.3191
fCMR_Siemens_068,84,1.335,3.0605,0.8456,2.0164,1.2407,5.7078
fCMR_Siemens_198,84,2.5871,2.6432,0.3131,4.1244,0.3769,9.8235
fCMR_Siemens_018,85,2.4638,2.2616,0.438,3.3729,0.4507,7.5483
fCMR_Siemens_113,85,2.9486,1.1198,0.131,13.9297,0.1503,29.516
fCMR_Siemens_027,85,2.8528,1.7819,1.4418,5.6373,1.6147,12.7304
fCMR_Siemens_006,85,1.8675,2.9281,1.7421,2.2402,2.1232,9.1088
fCMR_Siemens_144,85,2.6581,2.4464,1.7348,7.4234,1.7609,16.0387
fCMR_Siemens_068,85,1.3185,3.0539,1.8329,3.1408,1.8843,7.7035
fCMR_Siemens_198,85,3.0298,2.8849,2.3383,2.803,1.9421,8.273
fCMR_Siemens_018,86,1.8886,3.3924,0.9715,1.1684,0.9837,2.7944
fCMR_Siemens_113,86,2.6128,2.7592,0.0661,12.7414,0.2196,26.6989
fCMR_Siemens_027,86,1.2561,1.5766,0.9144,0.5984,1.0167,11.0752
fCMR_Siemens_006,86,2.2925,2.4879,2.6543,2.0623,2.6419,5.9566
fCMR_Siemens_144,86,3.0045,2.2775,2.7973,2.5989,2.7643,8.2683
fCMR_Siemens_068,86,2.6674,0.9269,1.1482,2.0053,1.1617,5.8951
fCMR_Siemens_198,86,1.9757,1.4091,0.2437,3.4603,1.0086,10.2086
fCMR_Siemens_018,87,2.0454,2.6817,0.5795,1.561,0.5871,3.5362
fCMR_Siemens_113,87,1.711,2.135,0.0784,7.0645,0.1772,15.2813
fCMR_Siemens_027,87,2.7868,2.8384,1.8698,0.5292,1.8928,3.9532
fCMR_Siemens_006,87,2.5605,2.0948,2.0782,8.0492,2.1357,18.5459
fCMR_Siemens_144,87,2.8562,2.7364,2.573,4.6371,2.3717,11.8796
fCMR_Siemens_068,87,3.1155,2.5301,1.1134,0.337,1.4243,2.9206
fCMR_Siemens_198,87,1.5914,2.9469,0.601,2.1077,0.883,6.6443
fCMR_Siemens_018,88,2.4343,2.8781,0.9339,2.8018,1.355,7.071
fCMR_Siemens_113,88,2.027,1.1854,0.1631,15.0432,0.2244,30.8054
fCMR_Siemens_027,88,0.9276,2.2432,1.4825,3.6227,1.5042,9.2594
fCMR_Siemens_006,88,1.3543,2.3451,2.4272,3.5667,2.4283,9.4663
fCMR_Siemens_144,88,1.2152,3.1231,2.7523,2.6423,2.7553,7.6897
fCMR_Siemens_068,88,2.5625,3.153,1.415,3.149,1.4493,8.2534
fCMR_Siemens_198,88,2.6056,3.3671,0.6897,3.3961,1.1459,9.5169
fCMR_Siemens_018,89,2.7184,2.9672,0.5877,2.3341,1.1502,7.677
fCMR_Siemens_113,89,2.6784,2.8849,0.073,8.4183,0.1637,17.8557
fCMR_Siemens_027,89,2.3782,2.102,1.3177,0.5336,1.3257,4.7162
fCMR_Siemens_006,89,1.5882,2.3784,2.2288,13.8986,2.2645,35.393
fCMR_Siemens_144,89,1.0598,2.2831,0.8124,2.4266,1.2372,7.9965
fCMR_Siemens_068,89,2.9011,2.9146,1.2837,1.1449,1.467,4.6062
fCMR_Siemens_198,89,0.6226,2.4385,0.3089,2.3816,0.4007,6.6154
fCMR_Siemens_018,90,1.651,2.1845,0.9993,6.2308,1.3785,13.8442
fCMR_Siemens_113,90,2.1681,1.9564,0.0916,6.8985,0.1783,16.0848
fCMR_Siemens_027,90,2.0125,2.3237,1.2954,0.8961,1.6259,5.4631
fCMR_Siemens_006,90,3.098,2.3142,2.524,3.1444,2.5615,13.1971
fCMR_Siemens_144,90,1.5577,3.4873,3.1045,6.5927,3.078,14.9043
fCMR_Siemens_068,90,0.484,2.213,1.1298,3.1561,1.1719,8.4646
fCMR_Siemens_198,90,1.7927,2.2686,0.697,3.8107,0.7815,9.2798
fCMR_Siemens_018,91,2.7143,2.43,1.0435,5.2149,1.05,10.9854
fCMR_Siemens_113,91,2.4812,3.2613,0.31,8.8703,0.372,20.4613
fCMR_Siemens_027,91,2.3036,2.6004,0.8574,2.7686,0.913,9.3871
fCMR_Siemens_006,91,2.8245,0.6826,1.3729,3.0904,1.9885,8.8926
fCMR_Siemens_144,91,1.4851,2.336,2.6539,7.5933,1.8888,18.6103
fCMR_Siemens_068,91,2.6909,3.1659,0.7594,4.0237,0.7865,12.7949
fCMR_Siemens_198,91,3.1374,2.4757,0.8342,8.1967,1.4783,19.0967
fCMR_Siemens_018,92,2.0658,3.5908,0.2831,5.4701,0.879,12.586
fCMR_Siemens_113,92,3.0769,3.2355,0.1471,2.3914,0.2176,6.4274
fCMR_Siemens_027,92,2.3619,2.9654,1.5328,2.081,1.5474,5.546
fCMR_Siemens_006,92,2.3058,1.6474,2.0918,5.2217,2.1183,12.634
fCMR_Siemens_144,92,2.5815,2.5908,0.9475,4.396,1.5929,13.1632
fCMR_Siemens_068,92,2.6556,1.6376,2.0314,4.6186,2.0788,14.0473
fCMR_Siemens_198,92,2.3785,1.3706,0.3721,0.8884,1.0102,9.3588
fCMR_Siemens_018,93,2.3527,1.9106,0.9569,3.1492,0.9927,7.2205
fCMR_Siemens_113,93,3.1145,3.2993,0.0989,13.3372,0.1854,27.234
fCMR_Siemens_027,93,1.562,0.8783,1.8831,2.1275,1.9551,13.0592
fCMR_Siemens_006,93,1.6731,1.262,2.6352,10.1789,2.6409,25.1054
fCMR_Siemens_144,93,3.1415,2.0339,1.0976,6.1091,1.1665,14.8453
fCMR_Siemens_068,93,0.5241,1.4088,1.2774,1.3602,1.3792,8.7568
fCMR_Siemens_198,93,2.1089,3.7242,0.6145,5.8736,0.6699,13.0596
fCMR_Siemens_018,94,3.0259,2.8961,0.7894,3.6121,0.83,8.8537
fCMR_Siemens_113,94,3.0906,2.2489,0.0572,2.8483,0.1443,6.1831
fCMR_Siemens_027,94,1.4033,1.6689,0.9092,2.99,0.9248,7.0433
fCMR_Siemens_006,94,1.2864,3.0346,1.9828,5.7687,2.01,14.3652
fCMR_Siemens_144,94,3.1231,2.7453,2.9013,1.553,2.3224,6.6624
fCMR_Siemens_068,94,1.9792,2.8992,1.287,5.0352,1.5517,15.0678
fCMR_Siemens_198,94,2.7402,2.1115,0.9797,3.5003,0.9944,10.9683
fCMR_Siemens_018,95,2.4508,2.1,0.4848,4.0685,0.5068,9.079
fCMR_Siemens_113,95,1.0719,3.1561,0.1159,10.9122,0.2577,23.6478
fCMR_Siemens_027,95,1.233,2.1178,2.0246,0.8081,2.0338,5.6806
fCMR_Siemens_006,95,2.2248,2.3159,2.8331,6.1715,2.81,15.0492
fCMR_Siemens_144,95,2.5362,1.777,2.5195,8.8375,2.3141,19.3886
fCMR_Siemens_068,95,2.4957,2.5359,0.9097,0.4701,1.0651,1.8523
fCMR_Siemens_198,95,2.3542,3.3592,0.7931,2.5303,0.8303,6.8204
fCMR_Siemens_018,96,2.6773,2.7429,0.8103,3.6633,0.821,8.8481
fCMR_Siemens_113,96,2.5924,2.8482,0.1566,13.0791,0.2283,26.9258
fCMR_Siemens_027,96,1.6657,3.3789,1.6262,10.8519,1.6243,26.484
fCMR_Siemens_006,96,1.5576,2.5828,2.0968,5.0395,2.1333,11.7408
fCMR_Siemens_144,96,1.8477,3.8376,3.021,1.991,2.9869,6.6272
fCMR_Siemens_068,96,2.5631,1.7531,1.4708,4.4455,1.6219,12.4219
fCMR_Siemens_198,96,2.5863,2.3995,0.3214,2.8962,0.4155,7.7234
fCMR_Siemens_018,97,1.6313,3.0585,0.7484,4.4412,0.7673,9.3955
fCMR_Siemens_113,97,1.4066,1.9243,0.3505,11.0544,0.3753,23.9812
fCMR_Siemens_027,97,1.6182,2.5674,1.1732,1.8202,1.2933,6.7851
fCMR_Siemens_006,97,2.7641,1.9977,3.0016,13.5326,2.9164,28.8224
fCMR_Siemens_144,97,3.1145,2.3254,3.0857,7.1782,2.4751,15.6624
fCMR_Siemens_068,97,2.1767,2.686,1.033,2.0505,1.3749,5.5433
fCMR_Siemens_198,97,2.279,1.9578,0.4919,1.4849,0.5855,4.2054
fCMR_Siemens_018,98,2.8951,1.9892,0.6436,3.5874,0.7753,8.8744
fCMR_Siemens_113,98,2.4676,2.1969,0.1347,5.8068,0.1873,13.4356
fCMR_Siemens_027,98,2.039,3.0348,2.4384,2.9472,2.1303,10.036
fCMR_Siemens_006,98,2.2755,2.7784,1.0864,2.1984,1.7361,8.4679
fCMR_Siemens_144,98,1.4692,1.1606,2.8022,1.7214,2.3409,6.9394
fCMR_Siemens_068,98,1.7826,2.8893,1.6696,2.5203,1.7643,7.2505
fCMR_Siemens_198,98,3.0681,2.3782,0.3818,6.1627,0.426,14.8289
fCMR_Siemens_018,99,2.1504,2.339,0.3987,2.9761,0.4247,6.7225
fCMR_Siemens_113,99,2.1068,2.8501,0.5972,19.1129,0.6102,39.4778
fCMR_Siemens_027,99,3.1007,2.3096,2.9728,4.4049,2.5296,10.656
fCMR_Siemens_006,99,3.109,2.5588,2.5843,6.5134,2.4324,18.9023
fCMR_Siemens_144,99,2.6221,2.5388,2.2781,4.6252,2.2529,11.3813
fCMR_Siemens_068,99,2.9497,1.9095,0.906,0.3921,0.9338,8.1724
fCMR_Siemens_198,99,1.8966,2.6639,0.3912,4.3271,0.4387,9.3254
fCMR_Siemens_018,100,1.7819,3.6606,0.7679,2.104,1.2281,5.4018
fCMR_Siemens_113,100,2.5659,2.4313,0.2512,18.3879,0.2762,37.3872
fCMR_Siemens_027,100,2.8596,2.9796,0.7367,3.0307,1.1711,12.8052
fCMR_Siemens_006,100,2.8209,2.4977,2.975,6.5701,2.9376,14.6954
fCMR_Siemens_144,100,2.1683,0.8625,2.7056,2.7823,2.5668,9.5272
fCMR_Siemens_068,100,2.5236,3.3471,1.0188,3.9887,1.5952,10.6196
fCMR_Siemens_198,100,2.6088,2.5208,0.3058,1.8091,0.4013,5.4313
fCMR_Siemens_018,101,0.9996,2.9698,0.2028,4.0861,0.2718,8.9765
fCMR_Siemens_113,101,1.803,2.2348,0.312,20.6707,0.3299,42.9096
fCMR_Siemens_027,101,2.4597,3.0871,1.3577,0.1187,1.3777,2.5494
fCMR_Siemens_006,101,2.859,3.3506,1.8036,4.3241,1.9603,13.3631
fCMR_Siemens_144,101,2.3685,3.7393,3.0509,4.0893,2.9458,9.3725
fCMR_Siemens_068,101,3.014,4.0231,1.4422,3.6194,1.843,10.5642
fCMR_Siemens_198,101,1.443,3.2725,0.346,3.1088,0.5158,11.529
fCMR_Siemens_018,102,1.5915,3.4383,0.7291,1.0452,0.7334,2.9348
fCMR_Siemens_113,102,2.1577,1.8674,0.4541,18.4364,0.4813,37.8744
fCMR_Siemens_027,102,2.6998,2.7097,0.7774,1.5498,1.0967,5.6123
fCMR_Siemens_006,102,2.6111,3.2504,2.4647,7.2026,2.3057,20.7894
fCMR_Siemens_144,102,2.8612,2.6661,2.992,3.4925,2.1374,7.9274
fCMR_Siemens_068,102,2.6574,2.0093,0.7654,0.8429,1.5844,6.7797
fCMR_Siemens_198,102,2.311,2.5127,0.2781,1.1105,0.4563,5.7976
fCMR_Siemens_018,103,1.6741,2.4906,0.6214,2.587,0.6518,5.8042
fCMR_Siemens_113,103,3.1146,3.2939,0.0801,2.5269,0.192,6.809
fCMR_Siemens_027,103,2.2177,2.2397,1.2836,13.9374,1.3148,31.9993
fCMR_Siemens_006,103,1.0815,3.1037,2.4635,3.8211,1.9508,11.178
fCMR_Siemens_144,103,1.2513,3.075,2.8941,3.7927,2.8215,10.039
fCMR_Siemens_068,103,2.8521,1.983,1.3113,2.9766,1.3295,8.2405
fCMR_Siemens_198,103,3.1304,2.4894,0.3266,4.1356,0.5643,10.4336
fCMR_Siemens_018,104,2.4972,2.9863,0.5454,1.3696,0.5543,3.6479
fCMR_Siemens_113,104,2.6088,2.984,0.1047,7.7733,0.162,16.2535
fCMR_Siemens_027,104,1.4745,2.1658,0.9446,4.5819,0.9709,10.9441
fCMR_Siemens_006,104,2.7416,2.1913,1.6567,1.6211,1.729,5.0539
fCMR_Siemens_144,104,2.1076,0.7842,2.2453,2.5943,2.2778,8.8212
fCMR_Siemens_068,104,3.0912,1.6244,1.5692,2.7744,1.6304,6.9731
fCMR_Siemens_198,104,2.1187,1.5827,0.6528,7.7425,1.0147,18.8978
fCMR_Siemens_018,105,1.6407,2.8038,0.6599,2.019,0.6716,4.9949
fCMR_Siemens_113,105,2.053,2.1649,0.2372,8.6123,0.2565,18.4731
fCMR_Siemens_027,105,2.8489,2.7356,1.5666,1.0347,1.5961,5.786
fCMR_Siemens_006,105,2.0996,1.7699,1.582,2.4567,1.8249,10.4975
fCMR_Siemens_144,105,2.4554,2.6457,1.2206,5.5873,1.4293,14.5848
fCMR_Siemens_068,105,2.4717,3.0511,1.3476,4.6446,1.5127,11.849
fCMR_Siemens_198,105,1.6577,2.4499,0.3407,3.8485,0.4179,12.5297
fCMR_Siemens_018,106,2.7451,1.5482,0.977,1.7073,0.984,4.9205
fCMR_Siemens_113,106,1.3292,2.7695,0.1064,7.3493,0.1504,16.5381
fCMR_Siemens_027,106,3.0187,3.7176,2.851,3.4942,2.7355,10.2974
fCMR_Siemens_006,106,2.5806,3.1687,2.4919,3.6718,2.5056,9.7442
fCMR_Siemens_144,106,2.644,2.9995,2.3937,9.7156,1.9374,20.2084
fCMR_Siemens_068,106,3.1105,1.6053,0.7957,1.6708,1.1764,6.3566
fCMR_Siemens_198,106,1.9453,2.515,1.1881,8.5034,1.2736,20.8148
fCMR_Siemens_018,107,2.7016,2.504,0.7029,2.807,0.7189,6.4714
fCMR_Siemens_113,107,3.0865,2.8597,0.1858,12.6042,0.2281,26.6098
fCMR_Siemens_027,107,1.2964,2.8783,1.2923,4.3452,1.5034,17.7851
fCMR_Siemens_006,107,0.5339,2.9809,1.3073,3.3227,1.3931,10.0761
fCMR_Siemens_144,107,2.9537,0.83,2.8342,3.8231,2.2431,9.9742
fCMR_Siemens_068,107,1.7761,2.6846,1.2335,1.9284,1.4641,4.8746
fCMR_Siemens_198,107,2.2221,2.4817,0.5796,2.8496,1.0768,11.6374
fCMR_Siemens_018,108,1.6232,1.5791,0.8827,5.3969,1.5013,11.3568
fCMR_Siemens_113,108,1.7668,2.487,0.0772,6.8434,0.149,15.0991
fCMR_Siemens_027,108,2.9986,2.953,1.4277,2.2228,1.4357,5.9081
fCMR_Siemens_006,108,2.5512,2.4876,1.9561,2.699,1.9485,6.7966
fCMR_Siemens_144,108,1.7046,3.1745,2.9189,2.454,2.4336,6.8907
fCMR_Siemens_068,108,2.7231,2.1195,1.374,2.2494,1.4395,7.0048
fCMR_Siemens_198,108,2.4319,3.3011,0.4283,1.6176,0.5715,4.3546
fCMR_Siemens_018,109,1.8419,3.2007,1.0834,5.5271,1.71,13.4475
fCMR_Siemens_113,109,1.0937,2.305,0.0986,8.7081,0.1617,17.8412
fCMR_Siemens_027,109,2.9462,3.7605,0.918,3.8467,0.9538,11.7436
fCMR_Siemens_006,109,2.0995,2.2891,3.0462,2.7907,2.8021,11.8208
fCMR_Siemens_144,109,1.7087,3.2634,2.2279,6.462,1.9773,16.7731
fCMR_Siemens_068,109,2.4927,1.5467,1.6644,5.2586,1.8951,12.3249
fCMR_Siemens_198,109,3.1277,3.3272,0.5837,5.5002,1.0629,12.2335
fCMR_Siemens_018,110,2.1073,2.9968,0.4153,1.4485,0.4796,4.3099
fCMR_Siemens_113,110,2.4701,2.4463,0.1905,20.376,0.214,41.754
fCMR_Siemens_027,110,2.2583,2.6586,1.5195,4.9789,1.5802,14.25
fCMR_Siemens_006,110,1.9773,1.5047,3.1185,2.0616,2.7459,9.7078
fCMR_Siemens_144,110,2.4574,2.2709,2.5455,5.4523,2.4636,13.0792
fCMR_Siemens_068,110,1.5541,2.577,2.0916,2.8896,2.1322,8.8271
fCMR_Siemens_198,110,3.0147,2.5594,0.4276,1.2349,0.7341,6.2233
fCMR_Siemens_018,111,3.0468,1.5707,0.8816,3.5922,0.8952,8.1061
fCMR_Siemens_113,111,1.9499,2.4578,0.1851,11.4122,0.211,24.2271
fCMR_Siemens_027,111,2.7607,2.5529,0.9065,6.7365,0.9299,15.8136
fCMR_Siemens_006,111,2.985,2.0061,2.6197,5.634,2.595,13.6684
fCMR_Siemens_144,111,2.4893,1.9816,2.8498,5.038,2.7361,11.438
fCMR_Siemens_068,111,2.7369,2.0194,1.553,3.4961,1.6283,9.4986
fCMR_Siemens_198,111,3.0252,2.1907,0.3887,1.8398,0.4921,7.4608
fCMR_Siemens_018,112,1.5701,3.6391,0.4525,5.3928,0.4658,11.1572
fCMR_Siemens_113,112,2.4136,2.5602,0.3164,13.8875,0.3226,28.4925
fCMR_Siemens_027,112,1.8854,0.754,1.8983,2.0889,1.7969,8.3044
fCMR_Siemens_006,112,2.4612,3.1485,2.3382,3.1876,2.3758,10.6068
fCMR_Siemens_144,112,0.6355,2.5107,2.7939,5.0613,2.76,12.9782
fCMR_Siemens_068,112,1.7146,3.2174,1.8308,2.5252,1.9907,8.1007
fCMR_Siemens_198,112,1.8336,1.6758,0.2264,1.1112,0.3501,4.1703
fCMR_Siemens_018,113,2.1298,2.7406,0.9556,4.3184,0.9641,10.0829
fCMR_Siemens_113,113,2.5264,1.6898,0.2888,8.1574,0.3186,17.7726
fCMR_Siemens_027,113,2.3243,2.1907,1.1614,1.9003,1.1837,4.1654
fCMR_Siemens_006,113,2.127,2.063,1.6407,8.2755,1.8891,23.2029
fCMR_Siemens_144,113,2.6935,2.2291,1.5082,3.5699,1.5848,8.6716
fCMR_Siemens_068,113,2.629,1.527,1.3754,1.8293,1.3929,5.0985
fCMR_Siemens_198,113,2.5516,2.6366,3.1323,12.176,2.7935,28.3979
fCMR_Siemens_018,114,2.6976,3.0024,0.4937,3.1471,1.0304,7.1199
fCMR_Siemens_113,114,2.6843,1.6313,0.4099,20.5336,0.4311,42.233
fCMR_Siemens_027,114,2.057,1.3079,1.5057,0.7755,1.5182,3.5218
fCMR_Siemens_006,114,2.0413,2.4096,2.7068,5.9217,2.5237,14.5576
fCMR_Siemens_144,114,2.9611,2.1993,2.4657,2.806,2.3782,9.0202
fCMR_Siemens_068,114,1.8927,2.469,1.0897,6.1346,1.6157,19.2128
fCMR_Siemens_198,114,1.0496,1.4275,2.4441,4.8744,2.4456,13.0397
fCMR_Siemens_018,115,1.3615,2.039,0.6342,1.7709,0.6644,4.3854
fCMR_Siemens_113,115,1.8675,3.5039,0.0527,0.833,0.1791,2.6314
fCMR_Siemens_027,115,2.7653,3.1621,1.4144,4.0869,1.5763,16.7373
fCMR_Siemens_006,115,3.0321,3.2367,1.909,6.2492,1.965,18.5736
fCMR_Siemens_144,115,3.0549,1.5338,1.8267,4.8263,1.8477,11.7522
fCMR_Siemens_068,115,1.642,3.022,1.5968,4.2687,1.8088,11.272
fCMR_Siemens_198,115,3.1302,2.8072,0.426,1.9049,1.0897,6.5016
fCMR_Siemens_018,116,2.7896,0.7094,0.7444,3.5068,0.7472,8.6165
fCMR_Siemens_113,116,2.2644,2.3496,0.1102,9.1645,0.1576,20.4878
fCMR_Siemens_027,116,1.7855,2.4313,1.7395,3.4144,1.801,11.0664
fCMR_Siemens_006,116,1.5512,2.5523,2.9442,8.6763,2.5317,20.0156
fCMR_Siemens_144,116,2.123,3.1319,3.0718,5.1813,3.0539,12.506
fCMR_Siemens_068,116,1.7154,2.3043,1.7417,1.4098,1.8246,4.2515
fCMR_Siemens_198,116,2.6296,2.0355,0.4842,6.3328,0.7676,15.9251
fCMR_Siemens_018,117,2.4291,3.3204,0.4234,3.6537,0.4533,7.8918
fCMR_Siemens_113,117,2.406,0.9549,0.1849,16.3029,0.3552,34.4509
fCMR_Siemens_027,117,2.6236,0.9787,1.6746,2.7533,1.6672,8.3418
fCMR_Siemens_006,117,3.0424,2.7689,3.1364,7.4398,2.5976,18.7108
fCMR_Siemens_144,117,2.0091,3.1558,2.632,2.2307,2.636,7.0975
fCMR_Siemens_068,117,3.0788,2.7308,1.0593,2.3515,1.2909,12.5076
fCMR_Siemens_198,117,2.733,1.2144,0.3043,3.4267,0.5248,8.2568
fCMR_Siemens_018,118,2.746,1.6293,0.4927,2.9693,0.5518,6.6408
fCMR_Siemens_113,118,1.4794,1.4938,0.1739,7.9959,0.247,17.4441
fCMR_Siemens_027,118,2.5848,2.8464,0.7874,1.2245,1.3948,10.9026
fCMR_Siemens_006,118,3.0773,2.1365,2.4001,4.1818,2.2462,15.0804
fCMR_Siemens_144,118,3.0117,1.691,2.472,5.1554,2.4748,12.6496
fCMR_Siemens_068,118,2.6647,2.0614,0.9534,1.7693,1.4543,6.0948
fCMR_Siemens_198,118,1.1867,3.2218,0.5567,2.2819,0.5917,5.5177
fCMR_Siemens_018,119,2.7373,2.1158,0.6413,3.2734,1.1163,8.0411
fCMR_Siemens_113,119,1.2176,2.6041,0.1135,16.3518,0.7506,33.8668
fCMR_Siemens_027,119,2.2826,1.5781,1.1845,3.9907,1.2046,9.8863
fCMR_Siemens_006,119,2.6246,1.6781,2.4515,9.5112,2.3007,25.9923
fCMR_Siemens_144,119,1.9385,2.9283,3.1217,3.1731,2.5078,9.014
fCMR_Siemens_068,119,2.0903,2.2793,1.3085,1.5473,1.4643,4.4924
fCMR_Siemens_198,119,2.8427,3.3205,0.3866,2.5989,0.4397,7.0742
fCMR_Siemens_018,120,2.6494,2.0252,0.5772,2.7796,0.6057,6.9968
fCMR_Siemens_113,120,2.334,2.8259,0.2267,8.5745,0.2775,18.1727
fCMR_Siemens_027,120,2.469,1.4612,2.23,2.1133,2.2085,7.9749
fCMR_Siemens_006,120,2.0234,2.0681,2.6823,6.9093,2.6217,18.2676
fCMR_Siemens_144,120,0.8239,0.9249,2.9993,3.7792,2.1098,8.8074
fCMR_Siemens_068,120,2.2415,1.3522,1.0554,0.5376,1.4199,3.0148
fCMR_Siemens_198,120,2.1473,1.6818,0.612,2.8324,1.0374,8.3926
fCMR_Siemens_018,121,2.0711,0.9269,3.1253,3.0428,2.1794,7.5086
fCMR_Siemens_113,121,0.9778,1.797,0.1048,15.9013,0.1371,33.074
fCMR_Siemens_027,121,3.1222,2.1439,1.4663,1.4287,1.4802,4.2494
fCMR_Siemens_006,121,2.3318,2.7297,2.5457,1.4553,2.5207,8.3559
fCMR_Siemens_144,121,1.9392,3.0823,0.6721,6.185,1.4387,15.5747
fCMR_Siemens_068,121,1.4573,1.5786,1.2628,1.26,1.5756,5.5468
fCMR_Siemens_198,121,1.0025,2.0227,0.5636,2.8788,0.7563,8.8789
fCMR_Siemens_018,122,1.8168,2.4388,0.6345,2.113,0.6383,4.955
fCMR_Siemens_113,122,2.0173,2.0742,0.1435,5.5012,0.202,11.6676
fCMR_Siemens_027,122,1.1375,3.6846,2.503,1.7349,2.1196,4.2103
fCMR_Siemens_006,122,2.6273,2.4246,1.8805,6.4894,1.8774,16.9154
fCMR_Siemens_144,122,2.7978,2.5249,2.6938,2.4551,2.266,8.6122
fCMR_Siemens_068,122,2.162,2.2221,0.999,2.084,1.3462,8.2756
fCMR_Siemens_198,122,2.5817,1.7047,0.9275,4.507,1.0231,11.5111
fCMR_Siemens_018,123,2.6461,3.6214,0.6164,3.9723,0.6366,8.6358
fCMR_Siemens_113,123,2.3472,2.8816,0.3486,6.3485,0.3915,14.1199
fCMR_Siemens_027,123,1.8454,2.8937,1.8617,2.0083,1.8988,6.686
fCMR_Siemens_006,123,0.8831,1.439,2.419,6.7049,2.4359,17.093
fCMR_Siemens_144,123,2.6908,0.9304,3.0404,3.5145,2.8347,10.8534
fCMR_Siemens_068,123,2.9274,2.2643,1.1064,2.9124,1.3766,9.2656
fCMR_Siemens_198,123,1.7206,2.8392,0.5133,4.7127,1.0792,11.9684
fCMR_Siemens_018,124,1.9474,2.7575,0.7873,3.467,1.2446,9.0555
fCMR_Siemens_113,124,1.9803,2.3768,0.2138,15.1755,0.2597,31.6016
fCMR_Siemens_027,124,3.0916,2.2015,2.0943,6.3705,2.0814,18.6379
fCMR_Siemens_006,124,1.9016,3.0446,2.404,7.7413,2.2136,18.7604
fCMR_Siemens_144,124,2.3748,2.6738,2.2224,3.4853,1.9037,9.627
fCMR_Siemens_068,124,3.1084,3.1474,1.2152,5.161,1.5011,14.7008
fCMR_Siemens_198,124,2.2774,2.2882,0.2274,4.8244,0.9133,15.276
fCMR_Siemens_018,125,2.4151,1.9819,0.3266,3.2192,1.0185,7.2082
fCMR_Siemens_113,125,2.019,3.1877,0.0516,5.4811,0.1723,12.3725
fCMR_Siemens_027,125,2.6689,0.9936,2.3211,1.1085,2.1904,8.3224
fCMR_Siemens_006,125,1.3778,2.4313,2.8115,2.1589,2.5987,9.8598
fCMR_Siemens_144,125,2.3078,2.0053,2.8064,2.7971,2.8072,9.4794
fCMR_Siemens_068,125,2.5604,1.7802,1.1721,2.5468,1.614,7.9326
fCMR_Siemens_198,125,2.158,3.1063,1.5987,10.219,1.6268,24.2946
fCMR_Siemens_018,126,0.7979,3.3094,0.7796,3.6525,0.795,8.7678
fCMR_Siemens_113,126,1.115,0.702,0.2138,9.2876,0.6964,19.6821
fCMR_Siemens_027,126,1.5771,2.0015,1.2413,3.0959,1.2877,10.3118
fCMR_Siemens_006,126,3.0614,3.4566,2.1352,0.5252,2.0033,8.7151
fCMR_Siemens_144,126,2.3075,2.0732,1.22,5.9906,1.4513,14.8995
fCMR_Siemens_068,126,2.8899,1.2339,1.2686,1.2563,1.6689,3.8269
fCMR_Siemens_198,126,1.3954,0.9167,0.1921,3.1012,0.3733,8.421
fCMR_Siemens_018,127,1.6645,2.56,0.5225,2.1466,0.5547,5.293
fCMR_Siemens_113,127,2.7936,0.8205,0.0876,9.0195,0.1781,18.8401
fCMR_Siemens_027,127,2.2715,3.1124,1.131,5.7541,1.3819,12.9668
fCMR_Siemens_006,127,1.4804,1.5403,1.7949,2.2442,2.1569,7.4829
fCMR_Siemens_144,127,0.9875,2.0645,2.5359,7.1425,2.3799,16.1888
fCMR_Siemens_068,127,2.9928,3.0392,1.2708,1.6388,1.3438,8.0932
fCMR_Siemens_198,127,2.481,1.0316,0.5299,4.9482,0.9434,14.0353
fCMR_Siemens_018,128,1.43,2.3452,0.6037,2.3292,0.6121,5.6762
fCMR_Siemens_113,128,2.1382,2.2396,0.2549,13.3533,0.3104,28.1817
fCMR_Siemens_027,128,2.8644,2.3638,2.0975,2.4153,1.9793,7.8451
fCMR_Siemens_006,128,3.0846,2.9299,2.9252,9.0149,2.9275,20.0952
fCMR_Siemens_144,128,2.2444,3.0643,2.531,2.3987,2.2477,9.4227
fCMR_Siemens_068,128,0.3693,2.6249,0.9758,1.791,1.2416,5.7862
fCMR_Siemens_198,128,2.4765,1.9754,0.1326,1.9082,0.941,8.5223
fCMR_Siemens_018,129,1.7309,1.9705,0.8654,3.8658,0.8732,8.8366
fCMR_Siemens_113,129,2.4172,1.3464,0.1196,14.0581,0.2121,28.8478
fCMR_Siemens_027,129,2.8621,2.5788,1.8525,0.5544,1.8742,7.1512
fCMR_Siemens_006,129,2.4053,2.0056,2.6131,2.9378,2.4182,8.7789
fCMR_Siemens_144,129,1.3064,2.848,2.9461,1.4449,2.6202,6.6127
fCMR_Siemens_068,129,1.2745,3.5641,1.0555,0.8374,1.3127,5.4888
fCMR_Siemens_198,129,2.5606,1.544,0.3579,1.0374,0.48,4.7268
fCMR_Siemens_018,130,2.1733,2.5846,0.766,2.7218,0.7703,5.9616
fCMR_Siemens_113,130,2.9269,2.5579,0.6969,28.2769,0.7146,57.5228
fCMR_Siemens_027,130,2.8951,3.1926,0.8221,0.0754,0.8606,4.108
fCMR_Siemens_006,130,2.6792,2.6826,2.1767,4.1635,2.2687,9.5917
fCMR_Siemens_144,130,2.2876,3.0383,1.4411,4.9469,1.9036,13.7885
fCMR_Siemens_068,130,1.2093,3.0102,2.0021,7.7972,2.0493,21.6575
fCMR_Siemens_198,130,2.7783,2.5213,0.4,3.0045,0.9474,7.674
fCMR_Siemens_018,131,2.1721,2.4929,0.6542,3.8846,0.6582,8.7515
fCMR_Siemens_113,131,2.1221,1.4996,0.3162,15.2747,0.3339,32.2293
fCMR_Siemens_027,131,2.7686,1.0438,1.7839,2.3791,1.7155,8.3826
fCMR_Siemens_006,131,2.0369,2.2745,2.2638,1.054,2.2764,9.3778
fCMR_Siemens_144,131,1.9484,2.0117,1.6342,3.9327,1.6038,8.6661
fCMR_Siemens_068,131,2.5977,2.4248,1.1196,1.1465,1.1973,4.9907
fCMR_Siemens_198,131,1.7331,1.8979,0.544,1.7898,0.6769,8.1451
fCMR_Siemens_018,132,1.3157,2.449,0.8766,3.8095,0.8851,7.852
fCMR_Siemens_113,132,3.0353,1.2398,0.1573,17.4555,0.2045,36.3025
fCMR_Siemens_027,132,2.7805,2.2595,1.0602,7.276,1.2811,17.4421
fCMR_Siemens_006,132,2.0966,2.8267,2.0672,1.327,2.1649,6.7232
fCMR_Siemens_144,132,2.5166,2.1172,2.2806,4.1322,2.0928,11.2224
fCMR_Siemens_068,132,2.7731,2.4924,1.5434,3.9941,2.0358,12.4852
fCMR_Siemens_198,132,2.1612,2.1154,0.5137,6.061,1.0471,14.1004
fCMR_Siemens_018,133,2.3924,1.4611,0.7166,2.948,0.727,7.0248
fCMR_Siemens_113,133,2.9962,0.8782,0.2255,12.1688,0.2567,25.9832
fCMR_Siemens_027,133,3.0556,1.7184,1.834,2.9251,1.8401,6.9789
fCMR_Siemens_006,133,2.0665,2.6096,2.1496,3.3486,2.0769,13.7552
fCMR_Siemens_144,133,2.9754,2.5681,1.978,3.4941,1.9234,10.1404
fCMR_Siemens_068,133,2.3865,2.8202,1.1867,1.8922,1.3265,5.3909
fCMR_Siemens_198,133,2.583,2.9449,0.4801,6.092,1.5049,15.1398
fCMR_Siemens_018,134,2.4409,0.5032,0.502,3.2133,0.5242,7.5421
fCMR_Siemens_113,134,1.754,2.1264,0.0777,8.8765,0.1082,19.3058
fCMR_Siemens_027,134,2.3137,2.5544,1.262,1.7063,1.3692,4.7905
fCMR_Siemens_006,134,2.325,3.6498,1.7299,5.6497,1.7087,13.1995
fCMR_Siemens_144,134,2.8556,2.7522,3.076,2.9297,3.0111,8.724
fCMR_Siemens_068,134,1.4331,2.4576,1.5071,1.002,1.5883,3.9472
fCMR_Siemens_198,134,1.6647,2.4513,0.2123,4.8063,0.4861,12.0784
fCMR_Siemens_018,135,3.0744,2.963,0.6823,3.7983,1.1668,9.7317
fCMR_Siemens_113,135,1.1827,3.254,0.0748,18.7033,0.2237,37.9044
fCMR_Siemens_027,135,1.9601,2.2331,1.9534,6.8294,1.992,17.6821
fCMR_Siemens_006,135,2.5115,3.1668,2.1458,10.569,2.1518,25.1174
fCMR_Siemens_144,135,1.7081,0.7686,2.4967,6.3912,2.3558,14.9905
fCMR_Siemens_068,135,2.5512,1.531,1.0887,3.7851,1.1267,10.008
fCMR_Siemens_198,135,2.1319,2.2414,0.4291,9.3799,0.7751,29.4535
fCMR_Siemens_018,136,1.823,2.2839,0.8048,3.2445,0.8144,6.8659
fCMR_Siemens_113,136,2.8524,2.7877,0.587,29.225,0.591,59.3088
fCMR_Siemens_027,136,2.6387,2.5817,1.1527,0.7389,1.1625,2.4494
fCMR_Siemens_006,136,3.0909,2.5307,2.6924,1.7121,2.3037,7.0157
fCMR_Siemens_144,136,2.5503,2.7353,2.6803,4.1279,2.4662,12.8824
fCMR_Siemens_068,136,1.5714,2.4757,1.9696,3.0562,1.9752,9.6846
fCMR_Siemens_198,136,2.3819,3.0542,0.5888,0.5026,0.746,3.04
fCMR_Siemens_018,137,2.641,2.5008,1.5811,4.0875,1.7328,8.7071
fCMR_Siemens_113,137,1.3049,2.8021,0.1088,20.8158,0.1498,42.3674
fCMR_Siemens_027,137,0.6637,3.2769,1.0577,4.9729,1.1247,11.8354
fCMR_Siemens_006,137,1.8741,2.435,1.3459,6.1572,1.4192,15.243
fCMR_Siemens_144,137,2.899,3.2246,2.7558,4.1577,2.1553,12.7512
fCMR_Siemens_068,137,2.7658,2.2972,1.1313,1.7573,1.4544,5.2229
fCMR_Siemens_198,137,2.642,3.2578,0.4618,1.4605,0.8377,4.3894
fCMR_Siemens_018,138,2.4931,1.7892,1.024,5.6702,1.5418,12.5848
fCMR_Siemens_113,138,1.9545,2.6477,0.3472,8.185,0.3876,17.1548
fCMR_Siemens_027,138,3.0559,1.4496,3.1183,3.0407,2.6178,8.0231
fCMR_Siemens_006,138,2.3195,2.3566,1.364,0.8221,1.5679,9.772
fCMR_Siemens_144,138,2.8478,3.0809,2.2792,1.1382,1.9424,5.7582
fCMR_Siemens_068,138,2.3031,3.3526,1.4833,1.4441,1.5404,6.6704
fCMR_Siemens_198,138,2.6574,2.7404,0.4599,4.5248,0.8817,11.3671
fCMR_Siemens_018,139,3.1298,2.3137,0.8737,4.8927,0.9151,11.94
fCMR_Siemens_113,139,2.4891,2.0439,0.0552,3.5659,0.1117,9.1235
fCMR_Siemens_027,139,2.485,1.6875,1.5508,3.1123,1.5899,8.8515
fCMR_Siemens_006,139,0.7195,2.153,2.2407,6.9609,2.1863,18.3531
fCMR_Siemens_144,139,2.1462,3.4225,2.4626,5.0713,2.2469,11.3407
fCMR_Siemens_068,139,2.9383,2.6904,0.9784,0.6519,1.0379,3.5545
fCMR_Siemens_198,139,0.6432,1.1563,0.3566,6.0646,0.9332,14.9887
fCMR_Siemens_018,140,3.0942,2.6479,0.7688,2.8682,0.7907,7.0341
fCMR_Siemens_113,140,2.3764,3.3646,0.5183,27.1195,0.5586,57.5642
fCMR_Siemens_027,140,2.3044,2.533,1.9471,1.3764,1.7878,6.8643
fCMR_Siemens_006,140,2.9743,1.0807,1.2094,2.9699,1.663,9.556
fCMR_Siemens_144,140,1.9226,2.0774,2.4402,1.7609,2.3546,5.8984
fCMR_Siemens_068,140,2.99,1.7027,1.4818,5.2508,1.7429,12.8548
fCMR_Siemens_198,140,1.2948,3.6781,0.2732,3.1864,0.3392,7.1378
fCMR_Siemens_018,141,2.9905,2.7061,0.7702,2.3833,0.7831,5.6621
fCMR_Siemens_113,141,2.5988,1.1558,0.102,9.2407,0.1502,19.4845
fCMR_Siemens_027,141,2.3358,2.8019,1.3853,3.0223,1.461,9.9232
fCMR_Siemens_006,141,2.2032,2.7967,2.373,8.791,2.3864,20.0701
fCMR_Siemens_144,141,2.33,3.008,1.9655,5.6766,2.0043,15.0886
fCMR_Siemens_068,141,1.3232,2.4004,0.7349,1.1151,0.8646,3.9636
fCMR_Siemens_198,141,2.3869,2.8708,0.2335,1.595,0.3172,5.3287
fCMR_Siemens_018,142,2.7791,1.8095,0.4785,3.503,0.6209,10.768
fCMR_Siemens_113,142,3.0512,3.3822,0.0774,9.3103,0.2121,21.2989
fCMR_Siemens_027,142,2.6871,3.1591,1.7581,2.5539,1.7254,6.8959
fCMR_Siemens_006,142,2.6742,3.209,2.9916,0.7736,2.5145,5.4311
fCMR_Siemens_144,142,2.8421,2.4681,2.6693,3.5631,2.5908,9.4428
fCMR_Siemens_068,142,2.4535,2.8792,1.1475,3.4853,1.1727,9.7417
fCMR_Siemens_198,142,2.9279,1.0841,0.3142,2.4401,0.6528,8.0937
fCMR_Siemens_018,143,2.9524,3.0224,0.8443,4.0908,1.6749,9.6226
fCMR_Siemens_113,143,2.9915,2.785,0.1098,6.8722,0.2495,14.8044
fCMR_Siemens_027,143,2.2704,2.46,0.8227,0.4276,1.236,2.4078
fCMR_Siemens_006,143,2.951,2.0052,1.8077,2.2761,1.9845,9.1817
fCMR_Siemens_144,143,1.3911,2.1741,3.1315,4.3886,2.8211,10.9424
fCMR_Siemens_068,143,2.1272,3.7572,1.1848,2.8003,1.2461,7.7688
fCMR_Siemens_198,143,0.7403,2.683,0.4118,1.3235,0.5462,4.3883
fCMR_Siemens_018,144,1.9381,2.769,0.8371,4.5708,0.8677,9.5979
fCMR_Siemens_113,144,1.2485,1.8735,0.2929,11.2679,0.3186,23.6952
fCMR_Siemens_027,144,1.788,1.6764,2.9855,3.821,1.9571,11.4256
fCMR_Siemens_006,144,1.5908,2.455,2.0598,0.951,2.3082,5.6042
fCMR_Siemens_144,144,1.2432,1.4344,2.8714,3.5878,2.4142,8.6822
fCMR_Siemens_068,144,2.7358,2.9214,1.8441,5.8306,1.8613,14.5312
fCMR_Siemens_198,144,2.4539,2.4717,3.0605,9.3852,2.3726,19.9309
fCMR_Siemens_018,145,2.7914,2.7477,0.9333,2.2599,0.9594,5.0565
fCMR_Siemens_113,145,2.0537,2.0938,0.2723,18.9004,0.3197,39.6227
fCMR_Siemens_027,145,1.7016,2.0405,2.8447,1.91,2.6132,5.8732
fCMR_Siemens_006,145,1.5209,2.7245,2.3802,5.1993,2.0967,14.1795
fCMR_Siemens_144,145,1.843,2.5455,3.1229,2.4566,2.8134,8.1682
fCMR_Siemens_068,145,2.2214,3.0442,1.0638,2.871,1.1689,7.4692
fCMR_Siemens_198,145,3.1277,2.0854,0.5843,7.4312,1.1361,18.6474
fCMR_Siemens_018,146,0.3345,1.8989,0.9107,5.4153,1.3269,12.534
fCMR_Siemens_113,146,1.2258,1.3717,0.0786,9.3118,0.1168,19.5058
fCMR_Siemens_027,146,1.8161,2.9486,0.9022,2.3261,0.9367,9.024
fCMR_Siemens_006,146,2.9485,0.9951,2.9815,7.527,2.8419,18.6636
fCMR_Siemens_144,146,2.8152,3.3022,2.5029,4.0314,2.1138,10.1253
fCMR_Siemens_068,146,1.5823,3.0531,0.9641,1.9777,1.6365,4.9199
fCMR_Siemens_198,146,2.7787,1.3307,0.3237,6.9337,0.4116,14.7963
fCMR_Siemens_018,147,2.2556,3.5176,0.4805,0.7758,0.4994,2.268
fCMR_Siemens_113,147,2.386,2.2429,0.2149,13.4321,0.2419,27.7419
fCMR_Siemens_027,147,2.8443,3.2384,1.9201,13.2329,1.9452,38.9161
fCMR_Siemens_006,147,2.3006,1.5556,2.4969,2.3939,2.507,9.6977
fCMR_Siemens_144,147,2.6581,0.4551,2.1531,3.908,2.159,12.1998
fCMR_Siemens_068,147,2.4596,2.3586,1.4729,5.3765,1.5292,13.0149
fCMR_Siemens_198,147,2.1682,0.8805,1.3852,3.8917,1.5181,10.9431
fCMR_Siemens_018,148,2.7191,1.5658,0.8455,2.9187,0.8737,7.3238
fCMR_Siemens_113,148,2.2858,0.7245,0.1181,10.0639,0.2291,21.6043
fCMR_Siemens_027,148,2.0778,2.2679,0.9469,3.4075,1.2415,14.8295
fCMR_Siemens_006,148,2.808,2.3104,1.4759,9.2464,1.8584,22.5925
fCMR_Siemens_144,148,2.6059,2.8687,2.254,8.0972,2.183,18.2311
fCMR_Siemens_068,148,1.9206,3.2509,1.0881,0.0826,1.4081,3.5547
fCMR_Siemens_198,148,2.7711,2.1456,0.2162,1.4642,0.7617,8.3239
fCMR_Siemens_018,149,1.8449,2.92,0.6371,3.8889,0.6467,8.6768
fCMR_Siemens_113,149,1.0737,2.114,0.2919,19.3413,0.3026,40.0084
fCMR_Siemens_027,149,2.7643,2.0365,1.8227,0.6458,1.7881,2.9875
fCMR_Siemens_006,149,3.0588,2.2078,2.1497,7.5316,2.1928,17.0701
fCMR_Siemens_144,149,1.6302,1.7746,3.0658,3.0601,3.0344,8.4362
fCMR_Siemens_068,149,1.0086,2.7782,1.1993,3.3735,1.5563,12.3294
fCMR_Siemens_198,149,2.1924,2.0175,0.3069,0.9224,0.6155,7.7485
fCMR_Siemens_018,150,3.1025,1.5023,1.4136,6.7486,1.7309,14.5081
fCMR_Siemens_113,150,0.8183,1.4181,0.1528,14.8482,0.1732,30.7178
fCMR_Siemens_027,150,1.6688,0.8216,0.7532,4.4557,1.349,10.8448
fCMR_Siemens_006,150,2.7104,2.3795,2.6744,0.2973,2.5608,8.3351
fCMR_Siemens_144,150,2.8551,2.7021,1.2744,6.5867,1.5499,15.782
fCMR_Siemens_068,150,2.3523,1.8422,1.8104,3.8511,1.8921,10.6875
fCMR_Siemens_198,150,1.6907,3.2973,1.0133,3.384,1.5376,9.1371
fCMR_Siemens_018,151,2.281,3.1403,0.9113,4.5803,0.9232,10.396
fCMR_Siemens_113,151,2.8253,3.4548,0.1466,5.693,0.2028,13.2346
fCMR_Siemens_027,151,1.2768,1.5423,1.4829,8.0317,1.4981,19.7498
fCMR_Siemens_006,151,2.2163,2.6148,0.5383,1.5743,0.7772,5.2475
fCMR_Siemens_144,151,2.803,2.4396,2.932,6.8219,2.1143,18.2396
fCMR_Siemens_068,151,1.9887,1.7154,1.058,1.5443,1.2702,8.2872
fCMR_Siemens_198,151,1.6539,2.9604,1.2371,5.1342,1.5189,14.1058
fCMR_Siemens_018,152,2.5993,2.3386,1.0354,2.5976,1.0483,7.0621
fCMR_Siemens_113,152,2.6074,1.7862,0.094,9.9871,0.1744,20.8094
fCMR_Siemens_027,152,2.0886,2.132,1.3354,0.3634,1.3974,2.329
fCMR_Siemens_006,152,1.6689,2.2553,2.5372,7.3275,2.4008,18.8753
fCMR_Siemens_144,152,1.6425,2.3211,3.1016,3.3529,3.0894,7.9196
fCMR_Siemens_068,152,3.0649,1.0447,1.3672,2.467,1.623,7.647
fCMR_Siemens_198,152,2.4983,1.4329,0.899,1.6326,1.0247,6.9337
fCMR_Siemens_018,153,1.4737,2.527,1.3613,5.4314,1.7162,11.8246
fCMR_Siemens_113,153,2.965,2.7126,0.1073,10.0381,0.1682,21.9233
fCMR_Siemens_027,153,2.1503,2.8981,1.9424,4.5783,1.865,14.4705
fCMR_Siemens_006,153,1.0228,2.1547,1.3325,2.1534,1.5805,8.1532
fCMR_Siemens_144,153,1.9998,2.085,1.7577,9.49,1.7372,21.9433
fCMR_Siemens_068,153,1.6794,2.7695,1.0475,0.8993,1.1017,2.6578
fCMR_Siemens_198,153,3.0319,3.0986,0.6524,3.6677,0.8256,10.5394
fCMR_Siemens_018,154,3.138,2.2411,0.8101,5.3056,0.8203,11.2466
fCMR_Siemens_113,154,2.3624,2.7324,0.0567,13.3425,0.1815,28.8675
fCMR_Siemens_027,154,2.5606,0.867,1.2893,8.3604,1.3698,20.0659
fCMR_Siemens_006,154,3.1058,1.9916,2.4597,5.1416,2.4578,13.4247
fCMR_Siemens_144,154,2.3264,3.2083,1.6252,9.2902,1.685,23.6654
fCMR_Siemens_068,154,2.0722,3.1708,1.8919,4.3899,1.9372,11.8214
fCMR_Siemens_198,154,2.0723,1.2687,0.3087,5.0876,0.3209,11.1341
fCMR_Siemens_018,155,2.3674,2.0588,0.7295,1.5114,0.7634,4.4286
fCMR_Siemens_113,155,2.6202,3.246,0.261,10.9728,0.411,25.843
fCMR_Siemens_027,155,2.8797,2.6819,1.8119,3.5602,1.8481,13.4522
fCMR_Siemens_006,155,2.1807,1.5554,2.6143,0.9287,2.6317,7.5198
fCMR_Siemens_144,155,2.7807,2.9892,2.8647,4.2254,2.7671,10.3623
fCMR_Siemens_068,155,1.1738,3.5143,1.7141,2.3666,2.0418,9.1968
fCMR_Siemens_198,155,0.6596,3.0599,0.3189,1.2053,0.3725,3.2522
fCMR_Siemens_018,156,2.4781,1.713,0.7876,2.5022,0.7957,5.8097
fCMR_Siemens_113,156,1.2696,2.8198,0.1129,8.6536,0.2037,18.2004
fCMR_Siemens_027,156,2.9831,1.2318,2.0273,2.5423,1.8325,6.9674
fCMR_Siemens_006,156,2.6312,2.0768,2.4409,4.8224,2.4479,13.542
fCMR_Siemens_144,156,2.6814,2.4117,0.7293,3.754,1.2676,10.601
fCMR_Siemens_068,156,1.8269,2.5764,0.9585,3.3949,1.154,7.9255
fCMR_Siemens_198,156,1.3395,2.994,0.2685,1.1035,0.3031,5.5007
fCMR_Siemens_018,157,1.3081,2.396,0.7211,4.2621,1.1521,9.3803
fCMR_Siemens_113,157,2.4023,2.345,0.1576,19.8944,0.2174,42.1027
fCMR_Siemens_027,157,1.9207,2.1084,1.3449,1.5668,1.6494,7.4165
fCMR_Siemens_006,157,1.1833,2.0865,3.0164,6.2486,2.6766,14.0834
fCMR_Siemens_144,157,2.7529,2.2651,2.1756,2.5381,2.239,7.1184
fCMR_Siemens_068,157,2.8883,2.0751,2.6534,5.452,2.4608,17.5738
fCMR_Siemens_198,157,1.4828,2.9231,0.2457,5.0768,1.0937,12.27
fCMR_Siemens_018,158,2.833,3.176,0.6738,3.4007,1.0886,7.6264
fCMR_Siemens_113,158,1.3582,3.1276,0.1696,1.5175,0.2477,4.371
fCMR_Siemens_027,158,1.3933,2.0337,0.4849,3.3938,1.0037,14.0805
fCMR_Siemens_006,158,1.8209,1.1729,2.0053,6.5916,2.093,15.3108
fCMR_Siemens_144,158,1.1818,2.4659,3.0645,1.8581,2.7407,5.3477
fCMR_Siemens_068,158,2.0608,3.0654,1.3593,1.9704,1.5953,6.2947
fCMR_Siemens_198,158,2.7964,2.161,0.3013,2.8122,0.4356,7.0486
fCMR_Siemens_018,159,2.814,2.8699,0.3248,4.4174,0.3386,9.8002
fCMR_Siemens_113,159,2.2706,2.4605,0.1151,14.3774,0.3101,34.1326
fCMR_Siemens_027,159,1.7248,2.019,1.5837,0.1133,1.5944,4.0273
fCMR_Siemens_006,159,2.4382,2.4212,3.1308,4.9592,2.7005,15.6992
fCMR_Siemens_144,159,1.4756,2.0433,3.103,4.467,2.5472,10.6764
fCMR_Siemens_068,159,3.0264,1.8861,1.1046,1.4801,1.6593,5.3593
fCMR_Siemens_198,159,1.8391,1.637,0.0803,2.6966,0.8222,6.5555
fCMR_Siemens_018,160,2.8151,2.8721,0.8537,4.9849,1.1886,13.4802
fCMR_Siemens_113,160,2.6732,3.9973,0.3493,13.1687,0.435,27.4632
fCMR_Siemens_027,160,2.9398,3.1524,1.3453,2.1932,1.3818,6.4153
fCMR_Siemens_006,160,1.5646,2.2702,1.8853,5.0661,1.9718,14.4972
fCMR_Siemens_144,160,3.0058,2.4773,1.6959,3.2723,1.7768,8.1907
fCMR_Siemens_068,160,2.5321,3.3144,1.4613,5.1233,1.5403,14.5105
fCMR_Siemens_198,160,2.7118,1.3355,2.4766,10.4324,2.4641,24.0056
fCMR_Siemens_018,161,2.7668,1.5707,0.8792,3.8498,0.8845,8.2578
fCMR_Siemens_113,161,2.5072,2.6372,0.2757,19.7398,0.3194,40.343
fCMR_Siemens_027,161,2.9215,1.8815,1.4274,6.0303,1.4515,16.1962
fCMR_Siemens_006,161,1.4621,2.9508,1.8735,2.521,2.0424,7.5105
fCMR_Siemens_144,161,3.0898,1.5044,2.6139,1.6922,2.3503,4.7586
fCMR_Siemens_068,161,2.4734,3.2254,0.8347,3.7262,1.3119,9.6875
fCMR_Siemens_198,161,1.9735,3.2442,0.2833,1.582,0.4098,5.2951
fCMR_Siemens_018,162,2.9247,3.2606,0.7012,2.8635,1.3983,7.98
fCMR_Siemens_113,162,3.0127,2.6735,0.6693,24.2265,0.6741,50.7906
fCMR_Siemens_027,162,2.2273,2.1909,1.5795,7.4753,1.7323,17.3666
fCMR_Siemens_006,162,1.927,3.3575,1.1668,0.4194,1.2586,3.5358
fCMR_Siemens_144,162,1.0109,3.8935,2.7518,6.4318,2.2707,13.9967
fCMR_Siemens_068,162,2.7613,3.2945,0.9185,1.5242,1.203,5.533
fCMR_Siemens_198,162,2.1248,1.9115,0.539,4.1053,0.8401,10.2667
fCMR_Siemens_018,163,0.9485,1.8375,0.4423,1.7645,0.4597,4.0451
fCMR_Siemens_113,163,2.6616,1.8519,0.2179,13.9159,0.3685,28.9325
fCMR_Siemens_027,163,2.2661,2.9013,1.1798,2.5667,1.3718,9.4896
fCMR_Siemens_006,163,3.1401,2.0745,2.8586,8.1285,2.5479,22.155
fCMR_Siemens_144,163,2.5995,1.5963,2.2459,5.1067,2.1211,12.1615
fCMR_Siemens_068,163,1.436,3.8603,1.4195,2.1107,1.5106,6.23
fCMR_Siemens_198,163,2.4481,1.8424,0.1959,5.5053,0.9754,14.6936
fCMR_Siemens_018,164,1.9027,3.3389,0.5074,2.0957,0.5333,5.1501
fCMR_Siemens_113,164,2.4428,2.8115,0.0675,5.7685,0.1686,12.7881
fCMR_Siemens_027,164,2.753,2.1245,1.0556,2.9599,1.3073,11.4715
fCMR_Siemens_006,164,2.3667,2.5863,2.1175,5.1284,2.0716,16.1734
fCMR_Siemens_144,164,1.4521,2.6939,3.1335,4.6775,2.4923,11.8482
fCMR_Siemens_068,164,2.4609,0.8379,2.08,4.436,2.089,12.6841
fCMR_Siemens_198,164,1.5749,1.3911,0.2181,4.5792,0.3771,11.1441
fCMR_Siemens_018,165,2.9601,2.0644,0.4579,3.5082,0.9773,9.2739
fCMR_Siemens_113,165,1.9491,3.28,0.593,21.1967,0.6244,45.0167
fCMR_Siemens_027,165,1.7372,2.4534,1.7593,3.9893,1.7478,11.2964
fCMR_Siemens_006,165,2.7139,1.6994,2.4687,4.2977,2.4785,13.7129
fCMR_Siemens_144,165,2.1212,2.6119,1.7826,3.4261,1.8852,8.0354
fCMR_Siemens_068,165,2.3889,1.8391,1.0964,6.4472,1.5505,15.9362
fCMR_Siemens_198,165,2.9166,2.153,2.7241,7.6034,1.933,16.7494
fCMR_Siemens_018,166,2.4696,2.1222,0.5352,1.4213,0.5443,3.8775
fCMR_Siemens_113,166,2.9016,2.1928,0.0746,16.2015,0.1742,33.0668
fCMR_Siemens_027,166,1.4209,1.6971,0.9266,3.0301,1.11,10.8262
fCMR_Siemens_006,166,1.5924,3.3807,2.7475,8.5599,2.7556,18.2071
fCMR_Siemens_144,166,2.8228,2.2854,2.9821,5.2782,2.983,11.9364
fCMR_Siemens_068,166,2.7698,2.4652,1.1566,0.3362,1.3826,4.2686
fCMR_Siemens_198,166,2.2683,0.925,1.7286,7.6574,1.6726,19.012
fCMR_Siemens_018,167,1.8785,0.9162,0.6219,5.0358,0.6387,10.6944
fCMR_Siemens_113,167,1.031,2.4903,0.1105,5.7038,0.1689,11.9602
fCMR_Siemens_027,167,2.7133,2.3599,1.2956,3.052,1.4382,8.6288
fCMR_Siemens_006,167,2.488,2.4123,2.426,4.21,2.4581,13.7208
fCMR_Siemens_144,167,1.9684,2.7669,2.5103,4.4585,2.4094,13.4256
fCMR_Siemens_068,167,2.67,3.3412,1.2194,4.6921,1.4345,11.6363
fCMR_Siemens_198,167,1.5665,1.8676,0.3555,4.6344,0.9567,13.4911
fCMR_Siemens_018,168,2.085,2.2711,0.7705,3.3458,0.7783,7.0755
fCMR_Siemens_113,168,2.499,2.5545,0.2296,15.2154,0.284,32.04
fCMR_Siemens_027,168,1.9579,3.4118,1.7235,6.2044,1.6608,14.1415
fCMR_Siemens_006,168,2.8627,2.894,2.8138,5.2503,2.7158,15.2266
fCMR_Siemens_144,168,2.9497,2.5634,2.9029,5.0827,2.8118,12.326
fCMR_Siemens_068,168,2.1386,2.1724,1.3715,3.3441,1.7394,9.8561
fCMR_Siemens_198,168,3.0341,3.5824,0.1492,8.0293,0.4786,19.3996
fCMR_Siemens_018,169,2.5016,2.5848,0.9756,4.5427,1.4068,10.2769
fCMR_Siemens_113,169,2.8233,3.3002,0.3036,16.2042,0.3368,33.9226
fCMR_Siemens_027,169,2.9681,0.6375,1.0599,3.8493,1.0709,9.7176
fCMR_Siemens_006,169,2.8047,3.2206,2.6871,5.4388,2.7257,15.3486
fCMR_Siemens_144,169,0.9242,4.0729,1.9907,2.9419,2.0199,8.2089
fCMR_Siemens_068,169,2.4882,2.2479,1.3509,1.9258,1.4379,5.5002
fCMR_Siemens_198,169,2.3971,3.4531,3.0896,13.2649,2.4164,28.9125
fCMR_Siemens_018,170,2.6208,1.4274,0.5495,1.9691,0.9611,5.2074
fCMR_Siemens_113,170,3.0675,2.6757,0.2831,16.1925,0.3175,33.6682
fCMR_Siemens_027,170,2.9876,2.6257,1.9291,1.5883,1.9524,6.8806
fCMR_Siemens_006,170,3.0424,2.6156,1.6775,1.6318,1.9673,9.0449
fCMR_Siemens_144,170,2.6334,2.8559,2.8767,6.9675,2.8006,15.6402
fCMR_Siemens_068,170,2.6344,3.5654,1.3557,8.389,1.4826,20.2258
fCMR_Siemens_198,170,2.6401,1.5127,0.4603,4.9773,0.9181,11.5106
fCMR_Siemens_018,171,1.5888,1.7927,0.6738,2.0416,0.6942,4.8839
fCMR_Siemens_113,171,1.6562,2.8385,0.3635,23.3621,0.3823,47.9849
fCMR_Siemens_027,171,1.0952,2.1614,1.5403,2.5612,1.5971,8.5737
fCMR_Siemens_006,171,2.6733,3.4234,2.9341,2.0188,2.4224,9.5286
fCMR_Siemens_144,171,2.9089,2.6909,2.9779,4.0891,2.4232,9.4869
fCMR_Siemens_068,171,2.6267,2.6956,2.2881,3.9684,2.3009,10.2361
fCMR_Siemens_198,171,2.5484,3.279,0.4913,2.7729,1.0254,6.8421
fCMR_Siemens_018,172,1.8086,3.5086,0.7005,3.8108,0.8042,8.2324
fCMR_Siemens_113,172,2.9931,2.2368,0.1275,10.1614,0.2555,21.208
fCMR_Siemens_027,172,2.6401,2.15,2.6776,1.2424,1.971,8.6363
fCMR_Siemens_006,172,2.0965,2.7392,1.8993,8.4451,1.9073,18.0935
fCMR_Siemens_144,172,3.0754,2.6383,1.5868,7.3016,1.7342,16.946
fCMR_Siemens_068,172,2.4298,1.2137,1.5208,6.8315,1.7202,17.9839
fCMR_Siemens_198,172,2.8145,2.8271,0.6195,3.2554,1.1504,10.0166
fCMR_Siemens_018,173,2.6879,2.5629,0.5889,3.2818,0.6087,7.9072
fCMR_Siemens_113,173,2.9136,2.9978,0.3837,14.9964,0.394,30.8027
fCMR_Siemens_027,173,2.2556,3.3653,0.9411,5.2759,1.4169,13.2286
fCMR_Siemens_006,173,2.5962,2.1697,1.6948,0.8965,1.8888,5.4644
fCMR_Siemens_144,173,2.6273,2.0922,2.2946,7.0766,2.27,16.7137
fCMR_Siemens_068,173,2.6423,1.2183,0.9912,0.6015,1.0814,9.8593
fCMR_Siemens_198,173,3.0408,3.7573,0.4155,6.0341,0.4815,13.7987
fCMR_Siemens_018,174,2.9801,2.5779,0.9798,4.2956,1.2384,9.6709
fCMR_Siemens_113,174,2.7103,2.5394,0.3512,25.6637,0.3723,53.0081
fCMR_Siemens_027,174,2.9578,1.9488,1.3789,2.3564,1.5424,10.857
fCMR_Siemens_006,174,2.3344,3.0234,2.1748,4.6385,2.0186,12.9717
fCMR_Siemens_144,174,1.1854,2.1911,2.7736,5.55,2.6721,13.2246
fCMR_Siemens_068,174,3.0002,2.6581,1.2069,4.0605,1.3543,10.1838
fCMR_Siemens_198,174,2.6987,1.9393,0.4849,1.0952,0.516,4.129
fCMR_Siemens_018,175,1.4468,2.2176,0.8931,2.1587,0.9029,4.837
fCMR_Siemens_113,175,1.2887,2.7131,0.2433,9.6941,0.3048,20.4
fCMR_Siemens_027,175,2.6581,1.3785,0.4621,0.239,0.7766,3.4428
fCMR_Siemens_006,175,2.1971,2.9307,2.1905,4.4454,2.2189,11.4446
fCMR_Siemens_144,175,2.2892,3.117,2.413,2.7772,2.3813,8.2635
fCMR_Siemens_068,175,2.6154,2.3243,0.9808,3.626,1.019,9.4824
fCMR_Siemens_198,175,2.0573,1.4652,0.3131,4.1665,0.3826,10.193
fCMR_Siemens_018,176,1.2358,2.8764,0.5208,1.8765,0.5627,4.4923
fCMR_Siemens_113,176,2.2181,2.4732,0.11,4.6389,0.2409,10.042
fCMR_Siemens_027,176,2.0771,2.1328,2.093,12.2491,2.1203,27.1589
fCMR_Siemens_006,176,1.7104,2.2696,2.0019,2.103,2.0581,7.3864
fCMR_Siemens_144,176,2.0341,2.2633,2.6063,5.131,2.5539,12.5579
fCMR_Siemens_068,176,2.2401,1.7352,1.2283,0.6999,1.4226,4.8363
fCMR_Siemens_198,176,2.8865,2.2103,0.2853,4.0829,0.3301,9.8727
fCMR_Siemens_018,177,1.6156,3.3767,0.4657,1.9058,0.9781,6.596
fCMR_Siemens_113,177,1.9285,2.0027,0.3602,8.7289,0.376,19.0823
fCMR_Siemens_027,177,1.6099,3.1965,1.2496,1.9982,1.2743,5.7124
fCMR_Siemens_006,177,1.6643,0.8338,2.5676,6.315,2.586,15.2899
fCMR_Siemens_144,177,2.8867,3.7864,2.6736,5.0409,2.6768,12.2389
fCMR_Siemens_068,177,1.3384,3.4066,1.2842,3.4291,1.3775,11.0904
fCMR_Siemens_198,177,3.0873,1.2299,0.2989,3.5219,0.7226,9.3734
fCMR_Siemens_018,178,1.5671,2.6903,0.9944,2.7874,1.3841,6.0612
fCMR_Siemens_113,178,1.6896,0.7679,0.0901,12.6283,0.1189,27.0604
fCMR_Siemens_027,178,0.9989,0.9181,0.5539,6.7085,0.6917,16.857
fCMR_Siemens_006,178,2.91,2.6628,2.2393,4.6335,2.2069,12.9161
fCMR_Siemens_144,178,2.9833,2.3013,2.5788,7.0629,2.583,15.7071
fCMR_Siemens_068,178,2.8866,2.534,1.1102,0.0397,1.17,2.5913
fCMR_Siemens_198,178,3.0065,3.0309,0.1883,2.4603,0.3444,5.7454
fCMR_Siemens_018,179,2.4998,2.7722,0.7428,1.8282,0.7549,4.6014
fCMR_Siemens_113,179,3.0673,2.852,0.0737,18.938,0.1651,38.6529
fCMR_Siemens_027,179,3.0418,2.3404,1.7747,1.276,1.7279,8.9246
fCMR_Siemens_006,179,2.2221,2.2839,2.6965,4.0646,2.6106,10.148
fCMR_Siemens_144,179,2.0203,1.7663,2.2798,5.8875,2.1827,14.6926
fCMR_Siemens_068,179,2.7412,1.6553,0.8557,0.9629,0.9952,5.5605
fCMR_Siemens_198,179,3.1044,2.4243,0.4417,6.3986,0.9769,14.24
fCMR_Siemens_018,180,2.8573,2.1691,0.8722,5.2713,1.3252,11.3035
fCMR_Siemens_113,180,0.5941,3.108,0.2331,12.1183,0.2825,25.7221
fCMR_Siemens_027,180,2.3303,2.0461,1.7491,1.2623,1.7385,5.0619
fCMR_Siemens_006,180,2.7109,2.664,2.4412,4.4811,2.3597,11.6668
fCMR_Siemens_144,180,2.2074,1.5032,2.0611,5.0603,1.8429,12.971
fCMR_Siemens_068,180,2.6352,2.7573,0.679,1.0785,0.932,4.7381
fCMR_Siemens_198,180,1.5335,2.3824,1.5884,5.9699,1.7585,14.2006
fCMR_Siemens_018,181,1.1261,3.3569,0.5911,3.7815,0.6548,8.6179
fCMR_Siemens_113,181,1.4944,2.7686,0.0538,17.7611,0.1002,36.4671
fCMR_Siemens_027,181,2.008,1.5299,2.2484,2.6507,2.1604,9.4395
fCMR_Siemens_006,181,2.0023,2.7347,2.9004,3.9005,2.7713,13.5994
fCMR_Siemens_144,181,1.2991,3.022,3.0579,3.6858,2.7309,9.8455
fCMR_Siemens_068,181,1.8551,2.9049,1.062,1.3555,1.1505,6.8009
fCMR_Siemens_198,181,3.0393,1.3403,0.3054,2.8114,0.4013,7.5332
fCMR_Siemens_018,182,2.7205,2.0682,0.5644,4.2038,0.5888,9.2334
fCMR_Siemens_113,182,2.5875,2.6905,0.563,19.3993,0.59,40.9029
fCMR_Siemens_027,182,1.1174,3.2588,1.1389,8.1897,1.5058,19.6086
fCMR_Siemens_006,182,1.1492,3.8399,1.8932,10.052,1.9078,21.4939
fCMR_Siemens_144,182,2.7254,1.4267,1.2941,3.7746,1.3534,8.8385
fCMR_Siemens_068,182,1.2654,2.4964,1.7413,9.2498,1.91,19.5757
fCMR_Siemens_198,182,1.1897,2.8818,0.4366,1.137,0.8678,5.9603
fCMR_Siemens_018,183,2.9622,2.2849,0.954,3.5999,0.9582,8.0998
fCMR_Siemens_113,183,3.0624,1.3124,0.165,13.1569,0.1878,27.0575
fCMR_Siemens_027,183,2.3384,2.9324,1.1177,12.4765,1.2537,30.1355
fCMR_Siemens_006,183,1.6088,3.9095,0.847,2.9073,1.1339,12.2447
fCMR_Siemens_144,183,2.2186,2.9732,2.5896,5.9564,2.4936,16.0762
fCMR_Siemens_068,183,2.7494,3.4817,1.163,5.8742,1.2185,15.4406
fCMR_Siemens_198,183,2.254,2.29,0.4719,1.3257,1.1063,7.4355
fCMR_Siemens_018,184,2.8679,1.2352,0.7762,3.409,0.8261,7.8928
fCMR_Siemens_113,184,2.0487,1.3789,0.1398,9.5384,0.2144,19.7233
fCMR_Siemens_027,184,2.9095,2.4636,1.0078,1.9165,1.3512,6.2226
fCMR_Siemens_006,184,1.8867,3.5448,3.1135,4.7328,2.8549,14.3472
fCMR_Siemens_144,184,2.307,2.8617,0.9641,3.9897,1.2333,10.5112
fCMR_Siemens_068,184,2.3969,2.0533,1.2142,1.3177,1.2582,6.7596
fCMR_Siemens_198,184,2.4288,1.4522,3.0704,8.24,3.0161,17.7844
fCMR_Siemens_018,185,2.271,2.3235,0.51,2.9831,0.517,7.2418
fCMR_Siemens_113,185,2.6935,1.2039,0.1551,13.8855,0.2096,28.6017
fCMR_Siemens_027,185,2.0777,2.8507,1.109,6.9878,1.4052,15.1498
fCMR_Siemens_006,185,2.3543,2.9022,2.2465,6.8631,2.2891,16.7951
fCMR_Siemens_144,185,2.3558,3.2644,0.7772,2.7621,0.9268,7.4596
fCMR_Siemens_068,185,2.5161,2.3411,1.0728,3.9093,1.4542,10.8201
fCMR_Siemens_198,185,0.5801,3.0671,0.4202,9.8364,0.4484,21.0586
fCMR_Siemens_018,186,3.0292,1.6643,0.6165,3.1668,1.1065,6.8311
fCMR_Siemens_113,186,3.1035,2.0225,0.4381,24.6575,0.4658,51.9521
fCMR_Siemens_027,186,1.1705,2.0423,1.8293,0.8777,1.8468,4.7019
fCMR_Siemens_006,186,2.4426,3.0365,2.2739,1.6612,2.1214,9.3941
fCMR_Siemens_144,186,3.0993,2.9177,1.8074,3.4956,1.8703,9.6416
fCMR_Siemens_068,186,1.4292,1.7458,1.1226,0.8069,1.2754,3.7155
fCMR_Siemens_198,186,2.3229,1.215,0.2081,4.0581,0.4132,11.177
fCMR_Siemens_018,187,1.839,2.1166,0.701,5.1677,0.7489,10.9355
fCMR_Siemens_113,187,2.0877,3.2309,0.0808,2.8927,0.1694,7.6132
fCMR_Siemens_027,187,2.4024,1.5573,1.8662,2.5458,1.9077,8.9428
fCMR_Siemens_006,187,2.8733,2.4102,2.336,7.0417,2.3896,16.9019
fCMR_Siemens_144,187,1.5664,2.4872,3.0275,5.0758,2.9742,11.9217
fCMR_Siemens_068,187,1.3689,2.6277,1.2145,0.8165,1.4736,5.3923
fCMR_Siemens_198,187,1.7761,2.6138,0.611,6.1412,0.6802,13.7489
fCMR_Siemens_018,188,3.0444,2.5851,0.7685,2.4387,0.7909,5.2785
fCMR_Siemens_113,188,0.7744,1.7757,0.1282,15.7094,0.2236,32.9905
fCMR_Siemens_027,188,2.2833,2.8333,1.6225,3.876,1.7001,9.4679
fCMR_Siemens_006,188,1.9161,2.6638,2.4173,5.446,2.4429,14.0094
fCMR_Siemens_144,188,2.089,3.0159,2.1538,4.7037,2.1639,13.7889
fCMR_Siemens_068,188,2.3427,1.5787,2.0582,3.9123,2.1003,11.9978
fCMR_Siemens_198,188,2.5198,2.7313,0.2619,3.0736,1.2467,8.4335
fCMR_Siemens_018,189,1.9094,2.7354,0.8617,3.0608,0.8719,7.1808
fCMR_Siemens_113,189,2.5713,2.1596,0.1277,7.8912,0.2561,16.6257
fCMR_Siemens_027,189,2.903,2.3534,0.561,4.3855,0.6494,19.3624
fCMR_Siemens_006,189,3.0916,1.95,3.0079,2.2104,2.6411,7.2068
fCMR_Siemens_144,189,2.7369,2.1704,1.2421,5.9677,1.619,14.6525
fCMR_Siemens_068,189,3.0678,2.7754,1.0956,0.7076,1.8018,3.2747
fCMR_Siemens_198,189,2.4261,1.3532,0.2984,1.8257,0.3375,4.6663
fCMR_Siemens_018,190,1.9856,0.9728,0.7711,2.2773,1.1746,5.593
fCMR_Siemens_113,190,2.7363,1.9756,0.0717,11.446,0.1614,23.9587
fCMR_Siemens_027,190,1.9757,1.8929,1.0544,3.1113,1.0626,7.9754
fCMR_Siemens_006,190,2.3506,3.1228,2.8127,1.8312,2.0725,7.0599
fCMR_Siemens_144,190,2.4819,1.8399,2.3527,4.2729,2.2119,11.4385
fCMR_Siemens_068,190,1.7018,2.6188,1.4341,1.2963,1.4785,8.6798
fCMR_Siemens_198,190,2.9542,3.0863,0.2435,4.0064,0.3648,9.0482
fCMR_Siemens_018,191,1.3009,2.593,0.6173,3.1906,0.6622,7.5631
fCMR_Siemens_113,191,3.0679,2.3236,0.0516,18.1223,0.2146,37.3787
fCMR_Siemens_027,191,2.4661,2.5304,1.33,9.808,1.6478,23.9938
fCMR_Siemens_006,191,2.729,2.878,2.7831,6.344,2.7036,14.2618
fCMR_Siemens_144,191,1.7761,2.6114,2.739,5.3387,1.9329,15.017
fCMR_Siemens_068,191,2.4808,2.4966,1.4009,3.7361,1.7023,11.2514
fCMR_Siemens_198,191,1.5933,2.3177,0.195,0.8271,0.3115,3.1893
fCMR_Siemens_018,192,1.8752,1.362,0.5609,3.1257,0.605,6.7197
fCMR_Siemens_113,192,3.1081,2.9162,0.2182,6.707,0.3096,16.4866
fCMR_Siemens_027,192,2.479,2.5029,1.5662,3.0498,1.6155,8.6182
fCMR_Siemens_006,192,1.328,3.5269,1.974,8.2664,2.0737,19.8762
fCMR_Siemens_144,192,2.2533,1.7923,2.9102,9.5944,2.414,19.9318
fCMR_Siemens_068,192,1.8051,2.1519,1.3665,2.1003,1.4908,6.4265
fCMR_Siemens_198,192,1.5802,1.5562,0.3135,2.7569,0.5878,9.1234
fCMR_Siemens_018,193,2.8167,2.9018,3.1345,6.5521,2.066,14.5113
fCMR_Siemens_113,193,2.8136,3.328,0.5869,24.3479,0.5995,50.2658
fCMR_Siemens_027,193,1.413,2.7312,1.4032,8.6556,1.4128,18.203
fCMR_Siemens_006,193,2.3184,3.4358,2.6437,2.1146,2.639,7.2784
fCMR_Siemens_144,193,2.3192,2.404,2.7383,3.842,2.6658,10.7299
fCMR_Siemens_068,193,2.7885,2.68,1.1647,4.9007,1.2342,11.698
fCMR_Siemens_198,193,3.1357,2.6646,0.4086,2.5238,0.8,6.7173
fCMR_Siemens_018,194,2.7415,2.5012,0.6537,4.6985,0.8352,10.907
fCMR_Siemens_113,194,2.9994,2.7032,0.3445,8.6443,0.4744,18.7651
fCMR_Siemens_027,194,1.0055,1.9705,1.9054,1.806,1.9197,6.6898
fCMR_Siemens_006,194,3.1221,0.3346,2.526,4.5238,2.5927,15.2228
fCMR_Siemens_144,194,2.8794,2.6071,0.8562,7.1678,1.2624,15.5922
fCMR_Siemens_068,194,0.5955,3.1359,1.1427,6.62,1.7853,15.9264
fCMR_Siemens_198,194,2.7001,2.7778,2.7593,9.0236,1.7322,23.7094
fCMR_Siemens_018,195,0.8085,2.5656,0.7212,1.755,0.7473,4.7832
fCMR_Siemens_113,195,1.8462,1.1206,0.0852,10.5498,0.1504,21.958
fCMR_Siemens_027,195,1.776,3.2252,0.8967,4.0933,0.9716,10.0663
fCMR_Siemens_006,195,2.5419,2.7333,2.904,7.2152,2.7392,18.2904
fCMR_Siemens_144,195,2.2635,2.6735,2.4279,6.7851,2.1109,16.0002
fCMR_Siemens_068,195,2.7691,0.9398,1.578,4.3821,1.6581,9.9736
fCMR_Siemens_198,195,2.6268,2.2258,0.2664,1.4334,0.5966,5.4997
fCMR_Siemens_018,196,1.9664,2.8965,0.6117,2.739,0.6291,6.3452
fCMR_Siemens_113,196,3.0346,2.433,0.2618,18.4903,0.2761,37.6658
fCMR_Siemens_027,196,2.0849,2.7283,0.3464,6.1664,1.1103,16.9081
fCMR_Siemens_006,196,1.8827,3.6921,2.9569,1.297,2.8073,6.6049
fCMR_Siemens_144,196,1.6356,2.9939,1.8721,6.2085,1.9826,13.5101
fCMR_Siemens_068,196,1.5926,1.8191,1.6059,3.5991,1.6224,8.8816
fCMR_Siemens_198,196,3.1349,2.823,1.2932,8.1357,1.5958,19.0737
fCMR_Siemens_018,197,2.2734,2.0686,0.7714,3.7207,1.2549,9.0712
fCMR_Siemens_113,197,2.6061,2.964,0.2253,14.7199,0.3504,31.1166
fCMR_Siemens_027,197,2.978,3.2298,2.2007,5.0068,1.9407,15.5013
fCMR_Siemens_006,197,2.75,1.3865,2.0516,1.3277,2.0762,4.8307
fCMR_Siemens_144,197,2.1163,2.4205,2.9741,5.465,2.4523,14.8188
fCMR_Siemens_068,197,3.0359,2.8411,1.1171,4.6047,1.3169,11.2402
fCMR_Siemens_198,197,2.7564,2.7749,0.4531,1.6361,0.4998,5.4834
fCMR_Siemens_018,198,3.112,1.9403,0.5912,3.3759,0.6209,7.6826
fCMR_Siemens_113,198,2.2963,1.2036,0.2429,14.9813,0.3002,31.2483
fCMR_Siemens_027,198,2.7379,2.8088,2.0985,4.9022,2.113,12.1079
fCMR_Siemens_006,198,2.7997,2.1901,2.4105,4.9932,2.4311,13.2937
fCMR_Siemens_144,198,1.0158,1.5819,2.9508,4.8089,2.7123,10.4788
fCMR_Siemens_068,198,1.7382,1.7075,1.41,4.9692,1.6331,12.5128
fCMR_Siemens_198,198,2.8155,2.6187,0.4492,2.9859,0.598,7.9804
fCMR_Siemens_018,199,1.6216,2.9273,0.6959,3.577,0.7223,8.3858
fCMR_Siemens_113,199,1.5896,2.4553,0.2926,17.1026,0.3235,35.8486
fCMR_Siemens_027,199,0.8372,1.3179,1.5171,9.8351,1.6596,25.3714
fCMR_Siemens_006,199,2.8668,0.9127,2.3852,7.6555,2.4029,18.4108
fCMR_Siemens_144,199,1.7172,1.8648,2.7173,3.1421,2.7209,8.2604
fCMR_Siemens_068,199,1.2797,3.059,1.4682,0.5419,1.6467,3.8814
fCMR_Siemens_198,199,2.9182,1.2277,0.3833,2.5556,0.9376,7.2887
fCMR_Siemens_018,200,2.9694,1.5969,0.8866,4.7499,0.8931,10.7862
fCMR_Siemens_113,200,0.6373,2.1675,0.1883,7.639,0.2504,17.052
fCMR_Siemens_027,200,2.1486,2.0524,1.4837,7.6124,1.5142,19.4975
fCMR_Siemens_006,200,2.8174,1.975,2.6604,1.8967,2.6054,9.8305
fCMR_Siemens_144,200,2.1001,2.4582,2.5766,3.2142,2.5807,9.3714
fCMR_Siemens_068,200,1.4311,3.2932,1.1406,3.3445,1.3751,10.2568
fCMR_Siemens_198,200,1.1302,2.6355,0.2546,3.1067,0.8991,10.2012
fCMR_Siemens_018,201,1.2708,1.1293,0.6116,2.9455,0.6168,6.9321
fCMR_Siemens_113,201,3.1013,2.5702,0.0302,9.0554,0.1384,19.453
fCMR_Siemens_027,201,2.4283,2.7743,1.4978,2.0107,1.5201,7.4483
fCMR_Siemens_006,201,2.918,2.4773,2.8038,3.138,2.8012,10.4544
fCMR_Siemens_144,201,1.3573,2.3299,2.8312,7.6009,2.5439,16.7148
fCMR_Siemens_068,201,2.9822,1.8981,1.1595,1.1502,1.386,3.6424
fCMR_Siemens_198,201,1.6214,2.4108,0.3885,0.7784,0.4231,3.2464
fCMR_Siemens_018,202,2.7862,3.3641,0.9903,2.387,0.9919,5.5702
fCMR_Siemens_113,202,2.1311,2.1074,0.7774,25.1157,0.7846,51.0309
fCMR_Siemens_027,202,2.6322,2.0575,0.7214,2.9147,1.1091,8.4865
fCMR_Siemens_006,202,2.9377,2.5422,1.6466,5.0167,1.7949,14.3132
fCMR_Siemens_144,202,2.8424,2.3773,2.6055,8.5647,2.6106,19.8122
fCMR_Siemens_068,202,3.1292,2.2092,1.6483,4.7375,1.7715,14.1859
fCMR_Siemens_198,202,1.5003,2.7922,2.3093,8.4272,2.1661,18.5396
fCMR_Siemens_018,203,2.7626,2.2213,1.0346,6.1812,1.5121,13.8933
fCMR_Siemens_113,203,2.5021,0.6627,0.1391,14.9198,0.2404,32.2855
fCMR_Siemens_027,203,2.8881,2.5872,0.8906,7.0283,0.9539,19.0124
fCMR_Siemens_006,203,2.8649,2.015,2.1479,4.4882,2.1667,12.1362
fCMR_Siemens_144,203,1.9362,2.3487,3.0385,8.0998,2.9537,18.4391
fCMR_Siemens_068,203,2.1623,3.0426,0.9434,0.9352,1.0667,3.903
fCMR_Siemens_198,203,2.5031,2.5863,0.363,4.5414,0.4682,12.3759
fCMR_Siemens_018,204,2.1999,2.6601,0.4582,3.9177,0.4942,9.2518
fCMR_Siemens_113,204,3.0214,2.8316,0.2591,16.6337,0.2845,33.9952
fCMR_Siemens_027,204,2.0449,3.1285,0.6463,11.6332,0.931,31.3954
fCMR_Siemens_006,204,2.4939,3.2237,3.1088,3.2865,3.0088,8.1925
fCMR_Siemens_144,204,2.4345,2.2344,2.4848,4.1407,2.1381,11.7138
fCMR_Siemens_068,204,1.5544,1.7174,1.5628,3.7152,1.6132,9.7447
fCMR_Siemens_198,204,3.0588,2.9081,1.5528,12.9223,1.6083,31.7168
fCMR_Siemens_018,205,1.7383,2.3043,0.5246,3.1506,0.5996,7.3066
fCMR_Siemens_113,205,1.6498,2.9894,0.2307,25.1998,0.2483,51.6012
fCMR_Siemens_027,205,2.0096,2.1408,1.3002,4.4422,1.3191,13.3448
fCMR_Siemens_006,205,2.5721,2.6415,2.1314,2.7774,2.1785,8.5514
fCMR_Siemens_144,205,0.7185,2.7394,2.6143,3.3382,2.6129,8.9331
fCMR_Siemens_068,205,2.3343,2.4193,1.6886,4.236,1.7953,11.1825
fCMR_Siemens_198,205,3.109,1.9661,0.4629,3.9474,0.9846,11.1496
fCMR_Siemens_018,206,2.6496,2.5222,0.6892,3.198,0.6964,7.253
fCMR_Siemens_113,206,1.5662,2.4526,0.1216,9.9578,0.1928,21.1144
fCMR_Siemens_027,206,1.8123,2.4868,1.5857,1.2412,1.696,4.329
fCMR_Siemens_006,206,2.7725,2.684,1.1612,1.157,1.5204,9.6356
fCMR_Siemens_144,206,2.3497,2.7012,1.3703,2.7118,1.615,9.5093
fCMR_Siemens_068,206,1.8366,2.2345,1.3078,0.7381,1.6339,8.4358
fCMR_Siemens_198,206,1.5777,2.2425,0.0552,0.9967,0.5537,4.3085
fCMR_Siemens_018,207,2.6598,2.7835,0.9579,2.8285,1.0074,8.366
fCMR_Siemens_113,207,1.6132,3.0664,0.1295,15.0507,0.254,31.7635
fCMR_Siemens_027,207,2.3437,1.442,1.3737,0.732,1.5773,3.284
fCMR_Siemens_006,207,2.878,2.8342,2.7993,5.2443,2.7498,19.0286
fCMR_Siemens_144,207,2.3583,2.8659,2.9716,4.673,2.9311,10.3116
fCMR_Siemens_068,207,2.0366,0.9235,1.7008,4.3251,1.7183,15.751
fCMR_Siemens_198,207,3.051,2.2012,0.3013,1.4566,0.8193,8.7998
fCMR_Siemens_018,208,3.0713,3.1211,0.7643,4.2096,0.8061,10.138
fCMR_Siemens_113,208,2.6219,2.8338,0.3604,27.9348,0.383,57.8862
fCMR_Siemens_027,208,1.0689,1.8677,1.0731,2.1838,1.354,9.6541
fCMR_Siemens_006,208,2.0564,2.0015,2.5927,0.8677,2.5006,4.7014
fCMR_Siemens_144,208,2.1823,0.5867,2.2868,5.6908,2.2342,14.0476
fCMR_Siemens_068,208,2.0173,1.8317,1.3345,4.7279,1.603,12.1178
fCMR_Siemens_198,208,2.0811,2.4864,0.314,0.5574,0.3431,2.2948
fCMR_Siemens_018,209,0.8917,3.1336,0.4925,3.2648,0.5218,6.7792
fCMR_Siemens_113,209,1.9845,2.3908,0.1021,10.3504,0.2479,21.1641
fCMR_Siemens_027,209,2.6069,2.6959,1.2317,7.4915,1.2388,17.1466
fCMR_Siemens_006,209,2.5532,1.9603,3.1054,2.8225,2.6576,9.8208
fCMR_Siemens_144,209,1.0136,2.8225,1.9292,7.6873,1.9196,17.3846
fCMR_Siemens_068,209,1.3728,1.9466,1.3088,0.1999,1.4957,3.8261
fCMR_Siemens_198,209,2.2123,1.2647,0.4063,5.6757,0.6289,14.6895
fCMR_Siemens_018,210,3.0363,2.288,0.5892,2.8214,0.6008,6.398
fCMR_Siemens_113,210,2.0464,1.6023,0.0979,11.5047,0.2218,24.0734
fCMR_Siemens_027,210,2.2835,2.1387,0.9778,1.7914,0.9852,5.1801
fCMR_Siemens_006,210,1.1263,2.8208,2.5748,2.6396,2.3911,8.8539
fCMR_Siemens_144,210,1.9162,2.9706,1.0759,10.8036,1.5076,23.3643
fCMR_Siemens_068,210,1.8576,3.0326,1.1794,4.7263,1.1994,10.7943
fCMR_Siemens_198,210,1.4136,3.3667,0.415,0.0832,0.5103,1.626
fCMR_Siemens_018,211,2.4686,1.0773,0.6605,2.5848,0.6766,5.8409
fCMR_Siemens_113,211,2.4908,2.1035,0.0847,11.1223,0.2057,23.557
fCMR_Siemens_027,211,2.748,2.7917,2.6008,1.6554,2.5291,5.6274
fCMR_Siemens_006,211,2.5493,3.0833,1.9201,7.0598,1.9446,19.9271
fCMR_Siemens_144,211,2.7418,3.2613,2.4754,8.468,2.4077,18.7704
fCMR_Siemens_068,211,2.4683,2.8784,1.0576,1.3231,1.0925,4.7486
fCMR_Siemens_198,211,3.0753,1.3204,0.2222,4.8375,0.4517,15.2269
fCMR_Siemens_018,212,1.4284,2.1924,0.9639,2.2414,0.9667,5.1162
fCMR_Siemens_113,212,2.2458,1.137,0.1703,5.7777,0.1898,12.909
fCMR_Siemens_027,212,1.3924,1.9727,1.373,1.5978,1.428,5.3714
fCMR_Siemens_006,212,1.8977,1.5653,2.1575,5.8403,2.2914,25.2902
fCMR_Siemens_144,212,1.5977,0.7573,2.5456,5.9228,2.5275,14.3592
fCMR_Siemens_068,212,1.046,3.3176,0.8757,2.1771,0.9769,6.8359
fCMR_Siemens_198,212,1.9294,2.4887,0.3636,5.4898,0.5771,13.256
fCMR_Siemens_018,213,1.9266,2.6356,1.0686,3.4539,1.0717,7.2548
fCMR_Siemens_113,213,3.0806,2.0015,0.0714,4.7756,0.1486,11.6873
fCMR_Siemens_027,213,1.7458,2.575,1.0986,2.15,1.1121,5.0154
fCMR_Siemens_006,213,2.356,2.8506,2.9974,7.4631,2.62,23.3076
fCMR_Siemens_144,213,1.9339,2.9804,2.7799,5.0612,2.4283,12.69
fCMR_Siemens_068,213,3.0658,2.7611,1.6618,3.0129,1.8301,8.7266
fCMR_Siemens_198,213,2.4474,2.3001,0.345,5.1259,0.6363,12.4009
fCMR_Siemens_018,214,1.9495,3.2362,0.8893,2.5816,0.9007,6.0146
fCMR_Siemens_113,214,1.2363,2.5737,0.1693,16.0066,0.2103,33.8218
fCMR_Siemens_027,214,2.1863,2.3453,2.0656,1.5602,2.0775,4.942
fCMR_Siemens_006,214,2.0409,1.5541,3.0666,2.4216,2.6483,8.4367
fCMR_Siemens_144,214,1.3877,3.1511,3.1201,4.142,2.6074,11.0695
fCMR_Siemens_068,214,1.1515,3.1841,2.0565,3.615,2.0067,10.0479
fCMR_Siemens_198,214,2.1547,2.4362,1.0494,2.2708,1.5677,7.6162
fCMR_Siemens_018,215,2.5726,2.6906,0.7592,2.3977,0.7699,5.6528
fCMR_Siemens_113,215,1.3208,2.0338,0.0407,15.1183,0.1701,31.2561
fCMR_Siemens_027,215,1.2095,1.0795,1.187,3.6749,1.2018,8.0529
fCMR_Siemens_006,215,3.0656,1.4089,1.9398,8.2585,2.2325,20.4464
fCMR_Siemens_144,215,2.1728,2.1669,2.9648,3.1634,2.902,8.352
fCMR_Siemens_068,215,2.4402,1.8197,1.0661,3.3182,1.4186,12.4348
fCMR_Siemens_198,215,2.725,3.2106,1.0525,3.8572,1.3896,9.2812
fCMR_Siemens_018,216,2.9436,2.3135,1.0101,1.9624,1.7604,5.395
fCMR_Siemens_113,216,2.2948,0.7705,0.5335,14.3475,0.5728,30.733
fCMR_Siemens_027,216,2.0495,2.6495,1.5698,3.4986,1.5857,10.4918
fCMR_Siemens_006,216,2.7751,2.1447,2.5496,16.6054,2.2231,35.539
fCMR_Siemens_144,216,2.2637,3.32,3.1009,0.8847,3.0678,5.9827
fCMR_Siemens_068,216,1.8844,3.7717,1.5026,6.1895,1.5612,14.6098
fCMR_Siemens_198,216,2.3355,2.1746,0.3165,5.1597,0.4908,12.9947
fCMR_Siemens_018,217,2.9022,2.5385,0.8832,5.4229,0.9195,11.6872
fCMR_Siemens_113,217,2.7965,1.7794,0.6909,27.5881,1.0084,56.958
fCMR_Siemens_027,217,2.8846,1.8053,1.2771,1.4744,1.3858,5.787
fCMR_Siemens_006,217,3.0097,3.9411,3.1275,11.1997,2.6945,25.8372
fCMR_Siemens_144,217,2.6516,2.553,2.8159,3.6947,2.7089,9.925
fCMR_Siemens_068,217,1.3995,3.3644,1.3442,0.5045,1.5208,4.3442
fCMR_Siemens_198,217,2.7469,2.65,0.2963,1.0341,0.3545,3.597
fCMR_Siemens_018,218,2.7791,3.2095,1.063,3.8035,1.4345,8.2907
fCMR_Siemens_113,218,2.5905,2.9134,0.2435,18.1247,0.3746,38.8023
fCMR_Siemens_027,218,2.9261,2.3976,1.7072,0.8144,1.7477,7.15
fCMR_Siemens_006,218,2.8135,2.7974,1.2669,4.9465,1.7674,13.9516
fCMR_Siemens_144,218,2.3692,2.5687,3.1101,3.2154,2.605,10.6486
fCMR_Siemens_068,218,2.9793,2.0523,1.8455,0.0775,1.9333,1.7526
fCMR_Siemens_198,218,0.8452,2.4413,0.2553,3.7012,0.3336,8.174
fCMR_Siemens_018,219,2.985,2.198,0.8089,1.9233,0.9145,5.1438
fCMR_Siemens_113,219,2.0225,2.2326,0.1025,7.5017,0.1758,16.5119
fCMR_Siemens_027,219,3.0496,0.4294,1.1403,1.7306,1.5899,6.0951
fCMR_Siemens_006,219,2.7788,2.4465,1.0439,6.2834,1.4264,17.1458
fCMR_Siemens_144,219,2.2628,3.0408,2.5173,4.51,2.4232,11.7452
fCMR_Siemens_068,219,3.0149,2.6883,2.1092,7.9025,2.18,19.9644
fCMR_Siemens_198,219,3.0131,1.6337,0.2452,2.9175,0.709,10.4492
fCMR_Siemens_018,220,2.5365,3.6211,0.9628,1.0621,0.9692,3.1608
fCMR_Siemens_113,220,2.9543,2.8439,0.1612,14.135,0.2045,29.2837
fCMR_Siemens_027,220,2.3453,2.7208,2.2818,1.2804,2.2298,5.1484
fCMR_Siemens_006,220,2.7894,2.5213,2.8069,5.238,2.5401,17.1432
fCMR_Siemens_144,220,1.3921,1.979,2.9494,5.5251,2.9109,13.2892
fCMR_Siemens_068,220,1.6956,2.0273,1.1772,3.2374,1.2646,7.7524
fCMR_Siemens_198,220,1.0097,2.6504,2.7924,6.3723,2.2558,14.8052
fCMR_Siemens_018,221,2.4479,3.3686,0.904,2.5333,1.3344,7.5899
fCMR_Siemens_113,221,2.4785,2.283,0.1457,8.7259,0.2117,18.1444
fCMR_Siemens_027,221,2.7782,1.5235,1.7256,6.2354,1.7217,16.7904
fCMR_Siemens_006,221,2.4208,3.5306,2.5892,0.4605,2.2527,4.0387
fCMR_Siemens_144,221,1.9996,3.3493,2.7047,1.5691,2.6616,5.3748
fCMR_Siemens_068,221,1.0097,1.2629,1.1234,2.9227,1.1447,7.7107
fCMR_Siemens_198,221,2.6431,1.9197,0.2292,2.5713,0.3959,5.9841
fCMR_Siemens_018,222,2.453,1.5692,0.6744,3.0925,1.1208,7.4548
fCMR_Siemens_113,222,1.3413,1.9495,0.3977,17.2623,0.4014,36.0744
fCMR_Siemens_027,222,2.6593,1.8786,1.7007,0.4944,1.6644,4.4087
fCMR_Siemens_006,222,1.6111,2.0899,2.6458,6.0723,2.0255,16.7022
fCMR_Siemens_144,222,2.6263,2.6744,3.0003,2.6231,2.7538,10.1404
fCMR_Siemens_068,222,2.7964,2.7025,1.5234,1.1144,1.5539,4.8203
fCMR_Siemens_198,222,3.126,1.9837,1.0544,8.9644,1.5813,19.3769
fCMR_Siemens_018,223,1.9228,2.1061,0.6593,2.3135,0.6727,5.659
fCMR_Siemens_113,223,0.9345,2.6096,0.1491,14.686,0.2791,30.4178
fCMR_Siemens_027,223,2.1746,2.4873,0.5172,1.6486,1.0087,6.7845
fCMR_Siemens_006,223,2.8844,2.8007,2.278,3.1511,2.4239,8.3976
fCMR_Siemens_144,223,1.7778,2.2858,2.9859,1.7658,2.971,5.3011
fCMR_Siemens_068,223,1.889,1.2365,1.1458,1.7389,1.2025,5.4589
fCMR_Siemens_198,223,2.984,2.2638,0.9397,8.1091,1.571,23.1135
fCMR_Siemens_018,224,2.795,3.4025,0.7514,2.0747,0.7593,5.0201
fCMR_Siemens_113,224,1.9543,1.5876,0.1794,9.9572,0.2027,20.4332
fCMR_Siemens_027,224,2.4864,3.2568,1.8734,0.6998,1.8567,6.8788
fCMR_Siemens_006,224,2.2472,2.0226,3.0154,1.1062,2.7473,13.0637
fCMR_Siemens_144,224,2.5658,2.2248,1.6456,3.1307,1.6663,8.8666
fCMR_Siemens_068,224,2.6168,1.3498,1.1769,3.4979,1.5858,10.2647
fCMR_Siemens_198,224,1.8101,2.6191,1.0937,4.88,1.2136,11.1573
fCMR_Siemens_018,225,2.5162,1.8566,0.543,1.5068,0.6014,3.8676
fCMR_Siemens_113,225,2.6126,3.0203,0.1421,7.9506,0.2219,16.409
fCMR_Siemens_027,225,2.254,2.5596,0.6844,3.6862,1.2938,9.2279
fCMR_Siemens_006,225,2.8906,2.8829,2.0852,0.8776,2.1563,5.8416
fCMR_Siemens_144,225,2.8484,3.219,0.8748,7.4492,1.2755,16.2278
fCMR_Siemens_068,225,2.968,2.4532,0.8529,0.3371,1.1441,3.2835
fCMR_Siemens_198,225,3.0964,3.4337,0.3995,9.5994,0.4696,25.0886
fCMR_Siemens_018,226,1.525,2.2882,0.7468,1.9219,0.7582,4.7585
fCMR_Siemens_113,226,3.1063,1.9207,0.0594,8.0071,0.1018,16.6176
fCMR_Siemens_027,226,1.046,3.0236,0.9522,4.0491,0.977,10.8142
fCMR_Siemens_006,226,2.8953,2.6174,2.4925,8.473,2.4159,22.9936
fCMR_Siemens_144,226,2.2919,2.4449,1.4096,7.7955,1.4432,19.4148
fCMR_Siemens_068,226,2.79,2.668,2.1332,1.8475,2.1627,10.8113
fCMR_Siemens_198,226,2.6759,2.126,0.1259,2.7619,0.4808,7.4264
fCMR_Siemens_018,227,2.6364,3.0536,0.761,2.3795,0.7806,5.486
fCMR_Siemens_113,227,2.0731,2.1529,0.1704,13.8884,0.2215,28.3676
fCMR_Siemens_027,227,0.7094,2.4231,1.9853,3.8154,1.9966,14.6555
fCMR_Siemens_006,227,2.0815,2.063,1.3569,0.3303,1.5417,5.4368
fCMR_Siemens_144,227,1.4986,1.5079,2.6314,3.0239,2.2745,7.6866
fCMR_Siemens_068,227,2.0987,1.9902,1.0045,1.6675,1.4066,5.6624
fCMR_Siemens_198,227,2.6487,2.2741,0.5037,4.9776,0.5327,11.1988
fCMR_Siemens_018,228,1.4549,1.5859,0.7378,3.2452,0.7435,7.2862
fCMR_Siemens_113,228,2.2514,2.6984,0.171,6.817,0.2145,15.7693
fCMR_Siemens_027,228,1.8327,2.4528,0.7667,0.7151,1.2202,5.7992
fCMR_Siemens_006,228,2.9233,3.0749,2.249,5.7546,2.2735,19.0554
fCMR_Siemens_144,228,2.7393,0.9236,2.6275,2.4815,2.1938,9.0004
fCMR_Siemens_068,228,1.9609,3.4319,1.3104,5.1151,1.7193,12.2546
fCMR_Siemens_198,228,1.4092,1.8702,0.1912,4.7219,0.2538,10.8949
fCMR_Siemens_018,229,1.6129,1.7313,0.6611,2.4247,0.8362,7.6424
fCMR_Siemens_113,229,2.0517,2.7698,0.1852,10.5896,0.2344,21.7758
fCMR_Siemens_027,229,1.6784,1.5516,2.2973,2.5969,2.316,8.3162
fCMR_Siemens_006,229,3.1265,3.0505,1.4832,3.407,1.5417,9.5578
fCMR_Siemens_144,229,1.9291,2.5658,2.9681,1.843,2.7717,5.0076
fCMR_Siemens_068,229,1.0948,1.8947,0.7363,0.8091,0.9841,3.7418
fCMR_Siemens_198,229,1.6163,0.9465,0.3967,4.6518,0.4714,10.9008
fCMR_Siemens_018,230,2.9371,0.9508,0.8397,4.5802,1.2486,10.7314
fCMR_Siemens_113,230,3.0397,3.2178,0.1064,3.203,0.2364,7.2903
fCMR_Siemens_027,230,0.724,1.0018,1.3398,2.648,1.3749,7.2341
fCMR_Siemens_006,230,2.8826,2.0731,1.335,1.7961,1.4183,7.7775
fCMR_Siemens_144,230,1.3803,3.3784,2.4479,13.1321,2.3051,27.8074
fCMR_Siemens_068,230,2.998,1.7493,1.0365,0.5551,1.0905,3.701
fCMR_Siemens_198,230,2.4666,2.4733,0.544,4.8139,1.0281,10.0137
fCMR_Siemens_018,231,2.2671,2.4358,0.8919,3.3472,0.9045,7.4288
fCMR_Siemens_113,231,2.3551,1.4695,0.04,8.6995,0.1367,18.3877
fCMR_Siemens_027,231,3.0444,1.5302,1.7384,3.7783,1.6986,13.7326
fCMR_Siemens_006,231,2.5809,1.8215,2.0271,6.4388,2.08,14.3181
fCMR_Siemens_144,231,2.4167,2.1415,2.9916,4.075,2.4441,9.7491
fCMR_Siemens_068,231,1.9407,2.9423,1.0084,2.1137,1.1656,6.0665
fCMR_Siemens_198,231,1.1964,2.2909,0.6188,5.682,1.2201,15.4872
fCMR_Siemens_018,232,1.2317,2.2627,0.4047,4.8072,0.4512,10.8196
fCMR_Siemens_113,232,1.944,2.5157,0.1795,7.9728,0.1985,17.4944
fCMR_Siemens_027,232,1.7664,0.738,1.1088,6.2501,1.5561,14.3416
fCMR_Siemens_006,232,2.5961,2.2631,1.8274,4.4703,1.8614,13.3815
fCMR_Siemens_144,232,2.8775,2.4668,2.8682,7.7793,2.791,16.8249
fCMR_Siemens_068,232,2.7657,2.9264,1.3103,0.944,1.4904,4.3386
fCMR_Siemens_198,232,2.1006,2.458,0.3271,1.7335,0.415,5.4409
fCMR_Siemens_018,233,2.9324,1.5475,0.5361,1.7462,0.5556,4.0577
fCMR_Siemens_113,233,2.9107,2.6905,0.288,8.9535,0.4348,22.5033
fCMR_Siemens_027,233,1.5096,1.6772,0.6013,2.4555,1.0955,8.0153
fCMR_Siemens_006,233,1.3219,2.184,2.737,3.8635,2.5827,11.009
fCMR_Siemens_144,233,2.8485,1.6989,3.0855,3.9701,2.604,10.714
fCMR_Siemens_068,233,2.657,3.309,2.0117,3.0715,2.0195,7.458
fCMR_Siemens_198,233,1.5532,2.8825,1.1057,9.9877,1.2539,25.2811
fCMR_Siemens_018,234,2.565,1.8542,0.6038,3.2066,0.624,7.8412
fCMR_Siemens_113,234,2.2441,2.338,0.2386,18.2349,0.2669,37.9298
fCMR_Siemens_027,234,2.482,2.2539,1.1606,1.9886,1.1995,8.4367
fCMR_Siemens_006,234,2.5648,2.2683,2.2872,5.173,2.298,12.011
fCMR_Siemens_144,234,2.5279,3.0691,2.5282,4.9238,2.5213,11.843
fCMR_Siemens_068,234,1.2701,2.7294,1.5863,1.0381,1.7227,5.3873
fCMR_Siemens_198,234,2.9475,2.4043,0.5958,1.6069,0.9744,8.1934
fCMR_Siemens_018,235,2.231,2.0954,0.7135,4.694,0.7212,10.4103
fCMR_Siemens_113,235,2.8752,1.908,0.4186,12.6215,0.4368,26.8042
fCMR_Siemens_027,235,2.2832,2.6645,2.0348,1.0602,2.042,3.4177
fCMR_Siemens_006,235,1.597,3.0886,2.9525,7.7212,2.6732,21.4516
fCMR_Siemens_144,235,2.4532,2.4572,2.8035,6.5592,2.0299,15.8153
fCMR_Siemens_068,235,2.5722,2.9862,1.4486,2.7488,1.5557,9.771
fCMR_Siemens_198,235,1.3538,2.6531,0.6829,4.3325,1.2491,10.9339
fCMR_Siemens_018,236,2.9629,2.5511,0.9494,2.5366,1.252,7.2
fCMR_Siemens_113,236,3.0616,2.541,0.4947,23.4547,0.5116,48.4913
fCMR_Siemens_027,236,1.3955,3.9632,1.0637,3.2501,1.1115,7.9922
fCMR_Siemens_006,236,2.5542,3.1077,3.0943,2.3363,2.9129,9.3431
fCMR_Siemens_144,236,1.9142,0.9866,2.215,2.9047,1.9983,7.4655
fCMR_Siemens_068,236,1.7495,3.1671,1.0874,7.0821,1.1683,15.3988
fCMR_Siemens_198,236,1.2082,2.9827,0.2204,1.4977,0.776,6.221
fCMR_Siemens_018,237,3.0066,1.5413,0.9997,3.1639,1.0674,7.2337
fCMR_Siemens_113,237,1.354,3.277,0.3314,19.3014,0.3422,41.2368
fCMR_Siemens_027,237,1.9297,2.9551,0.6447,0.6373,0.9823,6.107
fCMR_Siemens_006,237,1.2152,2.1116,2.6232,7.366,2.626,16.6511
fCMR_Siemens_144,237,2.9052,2.4156,3.062,5.2158,2.9632,11.2136
fCMR_Siemens_068,237,1.7368,4.1254,1.3788,3.9455,1.4824,9.1921
fCMR_Siemens_198,237,1.8647,3.3582,0.374,4.5487,0.4533,10.9872
fCMR_Siemens_018,238,2.2122,1.8045,0.8718,3.2544,0.8867,7.6181
fCMR_Siemens_113,238,2.2252,3.2799,0.1519,9.2991,0.1873,19.2403
fCMR_Siemens_027,238,1.7498,1.4037,1.7513,3.9517,1.7378,16.1066
fCMR_Siemens_006,238,2.8818,2.8639,2.0741,2.1492,1.957,9.0695
fCMR_Siemens_144,238,2.0552,1.2606,2.9633,3.0966,2.9405,8.0181
fCMR_Siemens_068,238,1.9469,1.9271,0.846,5.6056,1.2471,15.9726
fCMR_Siemens_198,238,1.9592,2.7125,0.3871,1.7935,0.4129,5.5503
fCMR_Siemens_018,239,2.9986,3.4852,0.7483,2.9449,0.7618,7.6411
fCMR_Siemens_113,239,1.7476,3.2804,0.4642,9.2978,0.4726,19.195
fCMR_Siemens_027,239,2.6819,3.1844,1.6936,9.2907,1.8243,22.6648
fCMR_Siemens_006,239,1.7294,2.6663,1.7813,2.8509,1.9605,9.2176
fCMR_Siemens_144,239,2.9218,3.0983,3.0473,0.9964,2.3219,6.0869
fCMR_Siemens_068,239,2.3476,1.9769,1.2815,3.2528,1.4445,8.0569
fCMR_Siemens_198,239,3.0378,2.8775,0.2264,5.8731,0.4006,13.9084
fCMR_Siemens_018,240,2.9381,1.4813,0.8935,4.9503,1.4952,10.7138
fCMR_Siemens_113,240,1.892,3.0893,0.1853,4.9699,0.256,11.3853
fCMR_Siemens_027,240,2.0714,2.6718,0.6561,3.0958,0.7697,7.7328
fCMR_Siemens_006,240,2.3479,2.6997,2.7835,3.1536,2.3494,9.065
fCMR_Siemens_144,240,0.3629,2.459,2.9375,3.1017,2.4451,8.6217
fCMR_Siemens_068,240,1.6121,2.9502,1.1441,1.99,1.476,5.8235
fCMR_Siemens_198,240,3.0855,1.949,2.4833,6.8912,2.0778,16.0556
fCMR_Siemens_018,241,2.4294,1.3792,0.6997,4.3193,0.7165,9.4016
fCMR_Siemens_113,241,2.4044,3.1324,0.4516,18.3696,0.4569,37.0922
fCMR_Siemens_027,241,2.691,2.5782,1.4621,4.2973,1.5553,12.7618
fCMR_Siemens_006,241,1.3885,2.5674,2.3262,7.3421,2.2856,17.7338
fCMR_Siemens_144,241,1.5127,3.6293,2.9051,9.9326,2.7357,22.8297
fCMR_Siemens_068,241,2.0807,3.129,1.4062,1.2358,1.4642,4.7378
fCMR_Siemens_198,241,1.9655,3.1301,2.669,4.1477,1.9159,10.6923
fCMR_Siemens_018,242,1.3371,2.8792,0.6212,3.2662,0.637,8.1202
fCMR_Siemens_113,242,2.9583,2.6694,0.0692,7.746,0.2718,17.1556
fCMR_Siemens_027,242,0.4327,2.8661,1.4759,2.1603,1.5762,5.7626
fCMR_Siemens_006,242,2.7754,1.0833,2.0965,8.0628,2.1062,22.623
fCMR_Siemens_144,242,3.1273,2.922,2.8666,2.024,2.4849,7.9934
fCMR_Siemens_068,242,2.3773,1.7121,1.134,2.3806,1.2688,6.2106
fCMR_Siemens_198,242,3.1089,1.3494,0.7112,2.0685,0.8066,5.3376
fCMR_Siemens_018,243,3.0734,3.5264,0.3017,2.8605,0.4222,7.8743
fCMR_Siemens_113,243,2.1485,2.1907,0.4088,22.0369,0.4218,45.408
fCMR_Siemens_027,243,2.6967,2.6387,1.0462,1.0694,1.0827,5.9826
fCMR_Siemens_006,243,2.493,2.4502,1.7273,5.517,1.8029,13.4849
fCMR_Siemens_144,243,0.6995,2.8821,3.1232,4.369,1.917,12.4666
fCMR_Siemens_068,243,2.7407,1.9483,1.0784,1.3757,1.1888,5.813
fCMR_Siemens_198,243,1.9049,2.8383,0.1611,5.5789,0.2926,13.2938
fCMR_Siemens_018,244,2.6987,2.2396,0.3169,1.5692,0.425,3.8931
fCMR_Siemens_113,244,0.9722,0.9943,0.1427,9.7777,0.2582,21.4757
fCMR_Siemens_027,244,2.6466,2.7243,1.2727,6.5436,1.3028,15.7104
fCMR_Siemens_006,244,2.6146,1.7418,1.6749,5.8806,1.7496,14.7674
fCMR_Siemens_144,244,2.9013,1.5722,2.7448,2.3568,2.5894,9.2497
fCMR_Siemens_068,244,2.7028,2.1495,1.2297,0.8365,1.422,5.2727
fCMR_Siemens_198,244,1.7253,1.3224,1.0163,5.5465,1.6359,13.5119
fCMR_Siemens_018,245,1.9223,1.7055,0.823,2.1719,0.8267,4.9432
fCMR_Siemens_113,245,2.5196,2.031,0.164,22.2996,0.2951,46.7001
fCMR_Siemens_027,245,2.8251,2.7307,1.6924,3.9597,1.7082,11.04
fCMR_Siemens_006,245,3.1271,1.9761,2.3633,2.8997,2.4838,7.642
fCMR_Siemens_144,245,2.8102,1.9216,2.9323,3.4096,2.7674,8.7038
fCMR_Siemens_068,245,0.7438,3.4156,1.0366,1.6907,1.4338,5.2346
fCMR_Siemens_198,245,3.0446,2.3457,1.3944,9.8768,1.4271,23.2028
fCMR_Siemens_018,246,0.8089,2.0797,0.4756,2.3402,0.5537,5.2876
fCMR_Siemens_113,246,1.2652,1.4283,0.2984,16.4228,0.9311,36.1661
fCMR_Siemens_027,246,2.6641,2.9717,1.1726,6.5115,1.3787,15.4503
fCMR_Siemens_006,246,2.2757,2.0797,1.5477,4.6029,1.6535,11.7002
fCMR_Siemens_144,246,2.0972,3.425,1.3804,8.6624,1.4973,19.35
fCMR_Siemens_068,246,2.4941,1.6959,1.1138,0.6118,1.1767,4.9114
fCMR_Siemens_198,246,1.6436,2.721,0.29,1.5997,0.4293,4.7309
fCMR_Siemens_018,247,2.2636,3.3509,0.8594,2.2319,0.8731,5.5496
fCMR_Siemens_113,247,2.9718,2.8502,0.3237,10.3631,0.3576,22.118
fCMR_Siemens_027,247,2.9654,3.6943,1.7748,8.8549,1.7936,21.2706
fCMR_Siemens_006,247,1.8274,1.5687,2.6593,7.988,2.5921,16.9355
fCMR_Siemens_144,247,1.9733,2.1654,3.0727,2.0081,2.8427,6.8243
fCMR_Siemens_068,247,2.8,1.9337,1.2091,2.0575,1.3358,7.1524
fCMR_Siemens_198,247,1.5712,3.1299,0.3071,2.9866,0.942,11.042
fCMR_Siemens_018,248,2.2691,2.8031,0.5729,1.7683,0.5841,4.651
fCMR_Siemens_113,248,2.8724,2.5059,0.4073,22.3463,0.4213,45.5062
fCMR_Siemens_027,248,2.6687,2.5984,2.6284,5.653,2.5398,12.8235
fCMR_Siemens_006,248,3.0539,3.14,2.3232,3.1358,2.0032,8.1718
fCMR_Siemens_144,248,1.9842,3.1735,1.4049,8.4116,1.409,17.5358
fCMR_Siemens_068,248,2.3755,3.5036,1.7551,2.8532,1.7836,8.6042
fCMR_Siemens_198,248,2.5723,2.3233,0.4309,1.3248,0.4946,4.1964
fCMR_Siemens_018,249,2.1598,1.4324,0.5442,1.8847,0.5811,4.4905
fCMR_Siemens_113,249,1.5499,0.2567,0.1384,7.228,0.1723,16.0414
fCMR_Siemens_027,249,2.8678,1.3656,1.2758,3.0378,1.2849,8.9558
fCMR_Siemens_006,249,1.6966,2.6444,2.2262,10.6178,2.2467,24.928
fCMR_Siemens_144,249,2.1098,2.9252,3.0917,5.2193,2.8395,11.8374
fCMR_Siemens_068,249,2.1945,1.9988,1.3972,2.9828,1.4582,8.0608
fCMR_Siemens_198,249,2.0809,1.8959,2.9208,5.5652,2.1928,14.3143
