subject_id,step,angle,translation,GD_EP,GD_EP_Q,GD_EP_G,CD_EP,CD_EP_Q,CD_EP_G,GD_IP,CD_IP
fCMR_Siemens_018,0,2.4627,3.6442,0.0568,0.5012,0.6206,1.1644,1.1644,1.1644,0.7318,5.5783
fCMR_Siemens_113,0,2.3572,2.4751,0.1322,0.1322,0.1322,6.3472,6.3472,6.3472,0.167,14.138
fCMR_Siemens_027,0,2.5139,2.5289,0.0984,0.0984,0.0984,2.2533,2.2533,2.2533,0.1233,8.2447
fCMR_Siemens_006,0,0.3702,1.5476,0.2618,0.2638,0.2644,1.7389,1.7389,1.7389,0.2848,5.8058
fCMR_Siemens_144,0,1.3904,2.7458,0.1119,0.1119,0.1119,1.1948,1.1948,1.1948,0.1406,3.6
fCMR_Siemens_068,0,1.7174,3.41,0.5133,0.5135,0.5135,0.8651,0.8651,0.8651,0.5226,3.1631
fCMR_Siemens_198,0,1.7898,2.5602,0.3909,1.0172,0.3906,1.0781,1.0781,1.0781,0.4429,3.7922
fCMR_Siemens_018,1,2.2419,2.0095,0.2272,0.2272,0.2272,1.6721,1.6721,1.6721,0.2489,4.6576
fCMR_Siemens_113,1,2.2427,3.2482,0.1149,0.1149,0.1149,7.9017,7.9017,7.9017,0.153,17.1106
fCMR_Siemens_027,1,3.0099,1.8142,0.2179,0.218,0.218,1.274,1.274,1.274,0.235,4.7738
fCMR_Siemens_006,1,2.9439,3.0428,0.8166,1.2534,1.3046,4.5533,4.5533,4.5533,1.3643,16.9187
fCMR_Siemens_144,1,1.8804,1.1887,0.146,0.146,0.146,2.6799,2.6799,2.6799,0.1915,7.0614
fCMR_Siemens_068,1,2.7336,3.0077,0.7154,0.7152,0.7151,0.2876,0.2876,0.2876,0.7324,2.1744
fCMR_Siemens_198,1,2.8695,2.8175,0.195,0.195,0.195,0.3454,0.3454,0.3454,0.2382,2.4972
fCMR_Siemens_018,2,1.424,2.7904,0.3476,0.7162,0.5677,2.8277,2.8277,2.8277,0.8836,8.4669
fCMR_Siemens_113,2,1.6737,1.7668,0.035,0.035,0.035,4.9672,4.9672,4.9672,0.0724,10.8129
fCMR_Siemens_027,2,2.421,3.1563,0.1194,0.1194,0.1194,3.7317,3.7317,3.7317,0.1698,8.974
fCMR_Siemens_006,2,3.0658,1.7021,0.2111,0.2112,0.2112,6.6361,6.6361,6.6361,0.238,14.9222
fCMR_Siemens_144,2,1.3901,2.802,0.0774,0.0774,0.0774,1.1487,1.1487,1.1487,0.1112,3.6648
fCMR_Siemens_068,2,3.1292,1.2046,0.7983,0.7997,0.8001,1.7062,1.7062,1.7062,0.8069,4.7215
fCMR_Siemens_198,2,2.2382,2.5363,0.2579,0.258,0.258,2.0697,2.0697,2.0697,0.2703,5.729
fCMR_Siemens_018,3,2.682,1.85,0.2086,0.2251,0.2304,1.0197,1.0197,1.0197,0.3362,4.7671
fCMR_Siemens_113,3,2.0734,3.1166,0.0701,0.2014,0.07,3.9497,3.9497,3.9497,0.1714,9.6179
fCMR_Siemens_027,3,2.1944,2.1807,0.1544,0.1545,0.1545,0.3184,0.3184,0.3184,0.1781,2.0481
fCMR_Siemens_006,3,1.84,2.6562,0.214,0.315,0.214,1.3313,1.3313,1.3313,0.2276,5.0854
fCMR_Siemens_144,3,2.2563,2.6121,0.109,0.4046,0.4949,1.2725,1.2725,1.2725,0.6414,5.0093
fCMR_Siemens_068,3,2.3746,3.308,0.4039,0.4038,0.4037,0.9042,0.9042,0.9042,0.4191,4.1476
fCMR_Siemens_198,3,2.7802,3.1723,0.2048,0.2048,0.2048,0.8832,0.8832,0.8832,0.2337,3.6547
fCMR_Siemens_018,4,1.2407,2.1905,0.1549,0.155,0.155,1.7207,1.7207,1.7207,0.2159,4.7016
fCMR_Siemens_113,4,1.5023,1.3778,0.0642,0.0642,0.0642,6.2135,6.2135,6.2135,0.1094,14.5887
fCMR_Siemens_027,4,1.4119,3.2066,0.0992,0.0992,0.0992,0.4589,0.4589,0.4589,0.115,3.2666
fCMR_Siemens_006,4,2.7529,2.914,0.2278,0.2278,0.2278,1.519,1.519,1.519,0.2669,4.7565
fCMR_Siemens_144,4,1.4345,1.6732,0.0858,0.0858,0.0858,1.025,1.025,1.025,0.0988,3.0794
fCMR_Siemens_068,4,1.9869,2.0976,0.3771,0.3782,0.3786,1.9635,1.9635,1.9635,0.4218,7.301
fCMR_Siemens_198,4,2.6703,2.5459,0.2269,0.2269,0.227,1.4334,1.4334,1.4334,0.2456,4.0035
fCMR_Siemens_018,5,2.9069,3.2508,0.3913,0.7428,0.3894,2.4538,2.4538,2.4538,0.4684,8.9288
fCMR_Siemens_113,5,2.3217,3.0019,0.0756,0.0755,0.0755,5.9891,5.9891,5.9891,0.1312,13.2841
fCMR_Siemens_027,5,2.2435,3.4201,0.1907,0.1907,0.1907,3.7764,3.7764,3.7764,0.2204,8.9161
fCMR_Siemens_006,5,1.9621,1.2639,0.374,0.6952,0.7836,1.0408,1.0408,1.0408,0.8232,7.252
fCMR_Siemens_144,5,0.8821,2.5274,0.1414,0.1413,0.1413,2.626,2.626,2.626,0.1937,6.9654
fCMR_Siemens_068,5,3.045,1.5085,0.4262,0.4261,0.426,2.4943,2.4943,2.4943,0.4313,7.0142
fCMR_Siemens_198,5,2.9759,3.1053,0.2307,0.2306,0.2306,0.7442,0.7442,0.7442,0.2531,2.2095
fCMR_Siemens_018,6,1.0381,3.7669,0.3062,0.3108,0.3122,0.8726,0.8726,0.8726,0.3949,5.7748
fCMR_Siemens_113,6,1.3345,2.4717,0.051,0.051,0.051,8.1413,8.1413,8.1413,0.1078,17.969
fCMR_Siemens_027,6,2.4436,0.894,0.1267,0.127,0.1271,2.6407,2.6407,2.6407,0.2072,6.7365
fCMR_Siemens_006,6,2.7614,2.8191,0.8402,0.3381,1.387,0.3186,0.3186,0.3186,1.4118,6.4733
fCMR_Siemens_144,6,0.9319,1.4897,0.1372,0.1372,0.1372,0.889,0.889,0.889,0.1709,2.9787
fCMR_Siemens_068,6,1.1475,2.3721,0.4359,0.4362,0.4363,0.463,0.463,0.463,0.4463,2.4987
fCMR_Siemens_198,6,1.9684,2.9714,0.2328,0.2328,0.2328,2.0531,2.0531,2.0531,0.2509,5.6179
fCMR_Siemens_018,7,3.0408,2.9859,0.5346,0.7993,0.5407,2.1248,2.1248,2.1248,0.5676,8.2799
fCMR_Siemens_113,7,2.4417,2.5253,0.0553,0.0553,0.0553,7.6549,7.6549,7.6549,0.152,16.505
fCMR_Siemens_027,7,1.3791,2.5303,0.1816,0.1816,0.1816,1.2704,1.2704,1.2704,0.2029,3.4024
fCMR_Siemens_006,7,3.0447,2.2048,0.3633,0.3631,0.363,2.7353,2.7353,2.7353,0.3975,8.0021
fCMR_Siemens_144,7,1.7503,2.0295,0.143,0.143,0.143,3.6686,3.6686,3.6686,0.1753,7.9365
fCMR_Siemens_068,7,2.5463,2.767,0.7204,0.7206,0.7207,2.5024,2.5024,2.5024,0.7257,6.6865
fCMR_Siemens_198,7,1.303,2.7509,0.1936,0.1936,0.1936,0.2382,0.2382,0.2382,0.2393,2.0737
fCMR_Siemens_018,8,1.7648,2.4986,0.5682,0.5683,0.5683,3.526,3.526,3.526,0.5715,9.5622
fCMR_Siemens_113,8,0.6138,2.0748,0.0415,0.0415,0.0415,5.9885,5.9885,5.9885,0.1124,13.9692
fCMR_Siemens_027,8,2.31,1.345,0.1871,0.1875,0.1876,0.7302,0.7302,0.7302,0.2432,3.5918
fCMR_Siemens_006,8,2.9045,1.5984,0.4942,0.1334,0.5211,1.7755,1.7755,1.7755,0.532,6.1317
fCMR_Siemens_144,8,0.7513,2.8568,0.0918,0.0918,0.0918,0.524,0.524,0.524,0.1284,2.0144
fCMR_Siemens_068,8,2.5759,3.0457,0.4891,0.4904,0.4908,0.397,0.397,0.397,0.501,3.8656
fCMR_Siemens_198,8,2.1548,2.6703,0.2192,0.2192,0.2193,3.0964,3.0964,3.0964,0.2278,7.5058
fCMR_Siemens_018,9,2.4751,1.1401,0.3053,0.3058,0.3059,1.1383,1.1383,1.1383,0.3699,5.1736
fCMR_Siemens_113,9,0.7424,0.9909,0.0144,0.0143,0.0143,5.4299,5.4299,5.4299,0.1384,12.7382
fCMR_Siemens_027,9,1.2814,1.611,0.119,0.119,0.119,0.7502,0.7502,0.7502,0.1313,3.9088
fCMR_Siemens_006,9,2.257,3.0111,0.5159,0.5485,0.5584,0.5844,0.5844,0.5844,0.6276,3.005
fCMR_Siemens_144,9,2.7316,2.7136,0.1159,0.1159,0.1158,2.0202,2.0202,2.0202,0.155,5.7654
fCMR_Siemens_068,9,2.3144,2.8132,0.3848,0.3842,0.384,2.5449,2.5449,2.5449,0.4084,5.7976
fCMR_Siemens_198,9,2.0477,2.4804,0.2164,0.2164,0.2164,1.5129,1.5129,1.5129,0.234,6.1194
fCMR_Siemens_018,10,2.8339,2.2074,0.1697,0.1691,0.1689,1.3491,1.3491,1.3491,0.242,4.3805
fCMR_Siemens_113,10,2.3049,1.2375,0.0582,0.0583,0.0583,4.2023,4.2023,4.2023,0.1064,9.3822
fCMR_Siemens_027,10,2.478,2.0486,0.1897,0.1898,0.1898,1.7221,1.7221,1.7221,0.2066,4.836
fCMR_Siemens_006,10,2.5688,2.5751,0.2321,0.2321,0.2321,1.0206,1.0206,1.0206,0.2436,3.5258
fCMR_Siemens_144,10,2.0718,2.6105,0.1183,0.1183,0.1183,2.2028,2.2028,2.2028,0.154,5.3842
fCMR_Siemens_068,10,2.6673,3.7995,0.718,0.7179,0.7178,2.3565,2.3565,2.3565,0.7687,6.7933
fCMR_Siemens_198,10,0.9859,2.3864,0.2976,0.2976,0.2976,2.9025,2.9025,2.9025,0.3006,7.3776
fCMR_Siemens_018,11,3.1416,2.0611,0.1647,0.1643,0.1642,0.722,0.722,0.722,0.2707,3.525
fCMR_Siemens_113,11,1.0035,2.4716,0.1021,0.1021,0.1021,8.0836,8.0836,8.0836,0.1312,17.5458
fCMR_Siemens_027,11,1.6605,2.7142,0.1422,0.1422,0.1422,1.7001,1.7001,1.7001,0.1832,5.0024
fCMR_Siemens_006,11,3.0044,3.4689,0.2834,0.2833,0.2833,1.3747,1.3747,1.3747,0.2971,4.3681
fCMR_Siemens_144,11,2.9944,3.2581,0.1471,0.3599,0.4849,1.582,1.582,1.582,0.7648,8.1841
fCMR_Siemens_068,11,2.0229,1.998,0.2776,0.2775,0.2775,2.5633,2.5633,2.5633,0.3082,5.8728
fCMR_Siemens_198,11,1.8014,2.4232,0.2271,0.2271,0.2271,2.2304,2.2304,2.2304,0.2572,6.714
fCMR_Siemens_018,12,2.6803,2.684,0.1274,0.1265,0.1262,1.0167,1.0167,1.0167,0.3146,4.4178
fCMR_Siemens_113,12,3.0276,2.6999,0.1135,0.1135,0.1135,3.6721,3.6721,3.6721,0.1356,9.577
fCMR_Siemens_027,12,2.9812,1.3195,0.1114,0.1114,0.1114,2.2324,2.2324,2.2324,0.1778,6.2865
fCMR_Siemens_006,12,2.892,3.1128,0.2687,0.2688,0.2688,3.4623,3.4623,3.4623,0.2901,8.996
fCMR_Siemens_144,12,0.8524,3.011,0.1657,0.1657,0.1657,1.985,1.985,1.985,0.1915,6.1821
fCMR_Siemens_068,12,0.5723,3.1596,0.3337,0.3337,0.3337,7.3413,7.3413,7.3413,0.3424,15.8851
fCMR_Siemens_198,12,1.2042,0.6203,0.2612,0.2612,0.2612,3.2819,3.2819,3.2819,0.2699,7.7238
fCMR_Siemens_018,13,3.1001,1.5231,0.1572,0.1579,0.1581,2.2053,2.2053,2.2053,0.3545,7.4497
fCMR_Siemens_113,13,1.326,2.0492,0.065,0.0649,0.0649,5.507,5.507,5.507,0.0932,14.7601
fCMR_Siemens_027,13,2.0498,2.5507,0.2213,0.2802,0.2214,3.2624,3.2624,3.2624,0.2613,8.9972
fCMR_Siemens_006,13,2.9288,1.8507,0.1305,0.1306,0.1306,5.644,5.644,5.644,0.162,12.2756
fCMR_Siemens_144,13,1.5865,1.3412,0.2067,0.2067,0.2067,1.546,1.546,1.546,0.2185,5.2243
fCMR_Siemens_068,13,0.8898,3.0815,0.252,0.2522,0.2522,2.9234,2.9234,2.9234,0.2836,8.4364
fCMR_Siemens_198,13,2.2512,1.9814,0.2576,0.2576,0.2576,1.7479,1.7479,1.7479,0.272,4.9106
fCMR_Siemens_018,14,2.6129,2.9887,0.298,0.2992,0.2996,1.1308,1.1308,1.1308,0.4422,6.9725
fCMR_Siemens_113,14,2.4285,2.3169,0.048,0.0478,0.0477,6.0988,6.0988,6.0988,0.1951,13.6544
fCMR_Siemens_027,14,2.8615,3.0603,0.0646,0.0646,0.0645,1.7057,1.7057,1.7057,0.1615,4.4474
fCMR_Siemens_006,14,3.05,1.8323,0.2194,0.6896,0.4696,4.6547,4.6547,4.6547,0.7861,14.9202
fCMR_Siemens_144,14,0.7463,2.6497,0.1076,0.1076,0.1076,1.1572,1.1572,1.1572,0.1581,3.1215
fCMR_Siemens_068,14,2.4915,2.9893,0.2551,0.2551,0.255,1.945,1.945,1.945,0.3031,6.0398
fCMR_Siemens_198,14,2.7026,3.1677,0.2441,0.2916,0.2441,1.4242,1.4242,1.4242,0.2701,4.5829
fCMR_Siemens_018,15,1.3093,2.6505,0.4857,0.2317,0.4843,0.8706,0.8706,0.8706,0.4906,3.1972
fCMR_Siemens_113,15,3.0318,1.4545,0.079,0.0791,0.0792,9.1021,9.1021,9.1021,0.1177,19.7341
fCMR_Siemens_027,15,2.1828,1.664,0.2209,0.2439,0.2209,1.0426,1.0426,1.0426,0.2402,3.5032
fCMR_Siemens_006,15,2.0372,2.2006,0.264,0.2639,0.2639,4.7229,4.7229,4.7229,0.2861,11.3108
fCMR_Siemens_144,15,2.9329,2.529,0.1315,0.1315,0.1315,1.4909,1.4909,1.4909,0.1513,3.6228
fCMR_Siemens_068,15,2.6717,2.8841,0.4487,0.4484,0.4484,2.3136,2.3136,2.3136,0.4941,6.8987
fCMR_Siemens_198,15,2.1063,3.5235,0.2042,0.2042,0.2042,1.1441,1.1441,1.1441,0.2275,5.037
fCMR_Siemens_018,16,2.8493,2.6053,0.0393,0.0399,0.0402,0.6454,0.6454,0.6454,0.1367,3.2832
fCMR_Siemens_113,16,2.9813,2.4242,0.1307,0.1307,0.1308,10.1705,10.1705,10.1705,0.153,21.2562
fCMR_Siemens_027,16,3.1118,2.4177,0.1361,0.1356,0.1354,2.8421,2.8421,2.8421,0.2505,7.805
fCMR_Siemens_006,16,2.6184,2.5695,0.2148,0.2161,0.2165,1.1579,1.1579,1.1579,0.3244,5.8027
fCMR_Siemens_144,16,1.477,2.9198,0.19,0.19,0.19,1.9985,1.9985,1.9985,0.2015,5.3228
fCMR_Siemens_068,16,2.5911,2.2206,0.6523,0.6521,0.6521,1.1954,1.1954,1.1954,0.6715,4.697
fCMR_Siemens_198,16,2.8067,2.3632,0.2853,0.2853,0.2853,0.9634,0.9634,0.9634,0.3048,3.3956
fCMR_Siemens_018,17,3.1059,2.0913,0.4124,0.8074,0.4158,1.538,1.538,1.538,0.4492,4.6422
fCMR_Siemens_113,17,2.9478,2.005,0.0453,0.0453,0.0453,4.6957,4.6957,4.6957,0.111,10.4503
fCMR_Siemens_027,17,2.2485,2.6442,0.2245,0.2245,0.2245,1.5517,1.5517,1.5517,0.2489,4.2524
fCMR_Siemens_006,17,1.2741,2.7194,0.2328,0.4146,0.5368,1.7305,1.7305,1.7305,0.8148,6.5423
fCMR_Siemens_144,17,2.3848,2.6989,0.1666,0.5373,0.6423,0.9673,0.9673,0.9673,0.7662,5.5434
fCMR_Siemens_068,17,1.9351,2.8141,0.6563,0.6565,0.6565,1.1832,1.1832,1.1832,0.6693,5.3144
fCMR_Siemens_198,17,2.346,2.8881,0.2981,0.4683,0.5309,1.6352,1.6352,1.6352,0.7668,5.2
fCMR_Siemens_018,18,3.0206,2.6229,0.4072,0.4072,0.4072,1.4762,1.4762,1.4762,0.4698,6.1709
fCMR_Siemens_113,18,3.0954,3.2779,0.0889,0.3018,0.0891,5.1204,5.1204,5.1204,0.144,12.0016
fCMR_Siemens_027,18,2.5048,2.8167,0.1272,0.1272,0.1271,1.7773,1.7773,1.7773,0.148,5.2894
fCMR_Siemens_006,18,1.8831,2.9773,0.4266,1.4415,1.5129,2.5143,2.5143,2.5143,1.4061,13.9642
fCMR_Siemens_144,18,1.4594,2.7995,0.1622,0.1622,0.1622,1.5566,1.5566,1.5566,0.1715,5.3842
fCMR_Siemens_068,18,2.3819,3.0389,0.5376,0.5375,0.5374,0.6246,0.6246,0.6246,0.5524,2.7092
fCMR_Siemens_198,18,3.0398,2.7409,0.1634,0.1634,0.1634,2.0453,2.0453,2.0453,0.2141,6.3856
fCMR_Siemens_018,19,2.0013,2.3013,0.2486,0.0823,0.2507,0.4014,0.4014,0.4014,0.2998,4.1339
fCMR_Siemens_113,19,3,2.4023,0.0919,0.0919,0.0919,7.918,7.918,7.918,0.1472,18.1996
fCMR_Siemens_027,19,2.3763,1.9304,0.0864,0.0864,0.0864,1.6419,1.6419,1.6419,0.1425,5.1861
fCMR_Siemens_006,19,2.6178,2.9366,0.2681,0.2681,0.268,2.4619,2.4619,2.4619,0.2791,6.2314
fCMR_Siemens_144,19,1.8828,2.0755,0.1456,0.1456,0.1456,1.0928,1.0928,1.0928,0.1665,3.1953
fCMR_Siemens_068,19,0.9968,2.5302,0.6625,0.6625,0.6625,1.8657,1.8657,1.8657,0.6717,5.4883
fCMR_Siemens_198,19,2.9908,2.5726,0.1347,0.1365,0.1371,1.2543,1.2543,1.2543,0.3121,5.4812
fCMR_Siemens_018,20,3.101,2.561,0.1751,0.1755,0.1757,1.8063,1.8063,1.8063,0.2566,6.3498
fCMR_Siemens_113,20,2.4343,2.3375,0.0473,0.0473,0.0473,5.0219,5.0219,5.0219,0.1128,10.5727
fCMR_Siemens_027,20,2.8176,3.4353,0.2403,0.2403,0.2403,1.7657,1.7657,1.7657,0.2559,6.7301
fCMR_Siemens_006,20,2.769,3.0514,0.2587,0.6464,0.7556,0.8477,0.8477,0.8477,0.7882,5.325
fCMR_Siemens_144,20,1.2838,1.9633,0.1774,0.1775,0.1775,1.5449,1.5449,1.5449,0.2212,5.0051
fCMR_Siemens_068,20,2.6859,2.7749,0.5191,0.521,0.5217,0.2147,0.2147,0.2147,0.5333,2.3674
fCMR_Siemens_198,20,2.3322,2.1564,0.1251,0.1251,0.1251,0.7069,0.7069,0.7069,0.1811,2.4316
fCMR_Siemens_018,21,2.5937,0.5292,0.3819,0.3837,0.3843,0.8536,0.8536,0.8536,0.4395,3.6738
fCMR_Siemens_113,21,3.0412,2.3987,0.0713,0.0713,0.0713,4.3577,4.3577,4.3577,0.1415,9.5745
fCMR_Siemens_027,21,2.5906,2.2903,0.072,0.072,0.072,1.2111,1.2111,1.2111,0.1162,4.1783
fCMR_Siemens_006,21,1.7936,2.1087,0.2408,0.2796,0.2414,2.2841,2.2841,2.2841,0.2542,6.7005
fCMR_Siemens_144,21,1.775,2.9489,0.0864,0.3363,0.0864,1.7394,1.7394,1.7394,0.1231,4.7746
fCMR_Siemens_068,21,2.2546,2.9437,0.2418,0.2419,0.2419,5.7052,5.7052,5.7052,0.2636,13.7189
fCMR_Siemens_198,21,2.4948,2.0292,0.2649,0.2649,0.2649,1.0383,1.0383,1.0383,0.284,3.489
fCMR_Siemens_018,22,2.1347,2.034,0.1036,0.1032,0.103,1.1976,1.1976,1.1976,0.2275,6.3182
fCMR_Siemens_113,22,1.5523,1.8928,0.0509,0.0509,0.0509,3.8385,3.8385,3.8385,0.0862,8.7611
fCMR_Siemens_027,22,2.8689,2.7349,0.1196,0.1196,0.1196,2.4622,2.4622,2.4622,0.1737,6.5405
fCMR_Siemens_006,22,1.711,2.3756,0.4714,2.2552,1.3415,2.5882,2.5882,2.5882,1.3465,11.5942
fCMR_Siemens_144,22,2.639,2.3974,0.0814,0.0814,0.0814,0.6745,0.6745,0.6745,0.1238,1.7788
fCMR_Siemens_068,22,3.0081,2.2715,0.6216,0.376,0.6228,2.3356,2.3356,2.3356,0.6313,6.748
fCMR_Siemens_198,22,1.4319,3.1578,0.21,0.3649,0.4112,2.5114,2.5114,2.5114,0.5957,13.3356
fCMR_Siemens_018,23,1.0187,2.5841,0.2338,0.2338,0.2338,1.1452,1.1452,1.1452,0.2932,3.2269
fCMR_Siemens_113,23,1.7515,2.261,0.1031,0.0326,0.1032,4.0013,4.0013,4.0013,0.1263,10.0974
fCMR_Siemens_027,23,1.916,1.8615,0.1673,0.1668,0.1666,2.1987,2.1987,2.1987,0.2339,5.6178
fCMR_Siemens_006,23,2.6023,3.3892,0.4252,0.3588,0.8898,2.1666,2.1666,2.1666,0.9249,9.7311
fCMR_Siemens_144,23,2.3706,3.0276,0.1091,0.1091,0.109,1.3433,1.3433,1.3433,0.1758,4.0413
fCMR_Siemens_068,23,2.6483,2.838,0.4442,0.4431,0.4428,2.0401,2.0401,2.0401,0.4878,6.8714
fCMR_Siemens_198,23,2.7007,2.9163,0.2451,0.2452,0.2452,0.4508,0.4508,0.4508,0.262,3.6771
fCMR_Siemens_018,24,1.5799,3.0452,0.2576,0.2734,0.2603,3.2897,3.2897,3.2897,0.3906,9.7676
fCMR_Siemens_113,24,2.8435,2.1167,0.0588,0.0588,0.0588,3.1138,3.1138,3.1138,0.1446,7.7562
fCMR_Siemens_027,24,1.8045,2.3731,0.0908,1.0145,0.0907,1.5496,1.5496,1.5496,0.3671,9.0541
fCMR_Siemens_006,24,2.2531,3.1525,0.4339,0.7172,0.7943,4.4592,4.4592,4.4592,0.8139,11.1437
fCMR_Siemens_144,24,2.6494,2.9427,0.1948,0.3687,0.7321,1.3214,1.3214,1.3214,0.744,5.546
fCMR_Siemens_068,24,1.3136,1.5997,0.5709,0.5798,0.5827,1.6923,1.6923,1.6923,0.5958,7.1479
fCMR_Siemens_198,24,2.9783,0.9499,0.2212,0.2212,0.2212,1.0469,1.0469,1.0469,0.26,3.5468
fCMR_Siemens_018,25,2.1181,2.0601,0.1278,0.131,0.1321,0.6109,0.6109,0.6109,0.2846,5.0754
fCMR_Siemens_113,25,0.9723,1.3809,0.0992,0.0992,0.0992,7.5492,7.5492,7.5492,0.1068,16.7184
fCMR_Siemens_027,25,2.3456,3.1296,0.1203,0.1202,0.1202,2.0051,2.0051,2.0051,0.1651,5.2651
fCMR_Siemens_006,25,1.5367,2.7396,0.3524,0.3219,0.7487,1.1505,1.1505,1.1505,0.7712,7.9752
fCMR_Siemens_144,25,1.2567,1.4938,0.1409,0.1408,0.1408,1.594,1.594,1.594,0.1829,4.7767
fCMR_Siemens_068,25,1.235,2.7999,0.6355,0.6356,0.6357,0.2319,0.2319,0.2319,0.6474,1.3828
fCMR_Siemens_198,25,2.0643,1.8161,0.2478,0.2478,0.2478,1.4852,1.4852,1.4852,0.2629,6.0721
fCMR_Siemens_018,26,1.3157,2.6456,0.168,0.1665,0.1661,1.5817,1.5817,1.5817,0.2725,5.089
fCMR_Siemens_113,26,2.7672,2.5346,0.0629,0.0629,0.0629,4.0352,4.0352,4.0352,0.0995,9.7534
fCMR_Siemens_027,26,2.4685,2.7343,0.1387,0.1387,0.1387,0.5284,0.5284,0.5284,0.1889,2.0576
fCMR_Siemens_006,26,2.4882,2.0883,0.2842,0.2842,0.2842,0.9888,0.9888,0.9888,0.3234,4.7924
fCMR_Siemens_144,26,2.1237,2.2949,0.1639,0.1639,0.1639,4.4675,4.4675,4.4675,0.186,10.7632
fCMR_Siemens_068,26,2.8925,1.7255,0.3363,0.3369,0.3372,2.0173,2.0173,2.0173,0.3663,6.0399
fCMR_Siemens_198,26,1.9878,2.8874,0.2488,0.2488,0.2489,1.4276,1.4276,1.4276,0.2679,5.0498
fCMR_Siemens_018,27,1.5687,2.7388,0.6753,0.6756,0.6758,0.9694,0.9694,0.9694,0.6826,3.4615
fCMR_Siemens_113,27,1.4535,2.4271,0.056,0.056,0.056,9.3343,9.3343,9.3343,0.1472,20.734
fCMR_Siemens_027,27,1.1276,2.7093,0.1601,0.16,0.16,1.5458,1.5458,1.5458,0.222,5.5783
fCMR_Siemens_006,27,1.9528,0.7843,0.106,0.1059,0.1058,2.5486,2.5486,2.5486,0.2025,7.1394
fCMR_Siemens_144,27,1.3717,0.7612,0.0587,0.0586,0.0586,2.1403,2.1403,2.1403,0.1354,5.7516
fCMR_Siemens_068,27,1.7233,2.5326,0.6533,0.5114,0.6537,0.535,0.535,0.535,0.6577,3.089
fCMR_Siemens_198,27,3.0884,1.2515,0.3577,0.5516,0.6361,4.4032,4.4032,4.4032,0.8716,13.5449
fCMR_Siemens_018,28,2.9169,2.2641,0.0748,0.0756,0.0759,1.4067,1.4067,1.4067,0.1864,5.2244
fCMR_Siemens_113,28,2.2551,1.1732,0.0751,0.0751,0.075,6.4962,6.4962,6.4962,0.1342,13.7746
fCMR_Siemens_027,28,1.9134,2.1414,0.1045,0.1045,0.1045,3.7777,3.7777,3.7777,0.1407,8.476
fCMR_Siemens_006,28,1.621,1.8878,0.2071,0.2068,0.2068,3.121,3.121,3.121,0.2806,7.84
fCMR_Siemens_144,28,3.0464,2.29,0.2153,0.4879,0.685,3.5323,3.5323,3.5323,0.7996,10.552
fCMR_Siemens_068,28,3.0011,3.5164,0.5615,0.5615,0.5615,0.707,0.707,0.707,0.5708,2.8352
fCMR_Siemens_198,28,2.4313,3.2521,0.2399,0.2398,0.2398,1.2637,1.2637,1.2637,0.2593,4.114
fCMR_Siemens_018,29,2.9371,3.8883,0.1363,0.1363,0.1363,4.0105,4.0105,4.0105,0.2425,10.8804
fCMR_Siemens_113,29,1.6392,3.1828,0.0724,0.0723,0.0723,4.917,4.917,4.917,0.153,10.9526
fCMR_Siemens_027,29,2.6518,3.3619,0.1221,0.1221,0.1221,1.742,1.742,1.742,0.1641,4.9963
fCMR_Siemens_006,29,2.8942,3.1191,0.4017,0.7219,0.8087,0.6783,0.6783,0.6783,0.8515,3.2299
fCMR_Siemens_144,29,1.8651,2.9115,0.095,0.095,0.095,1.4979,1.4979,1.4979,0.1577,5.0532
fCMR_Siemens_068,29,3.0276,3.0457,0.3686,0.3701,0.3706,1.301,1.301,1.301,0.4204,7.4035
fCMR_Siemens_198,29,1.5363,3.1075,0.3216,0.3216,0.3215,1.0043,1.0043,1.0043,0.34,3.3523
fCMR_Siemens_018,30,2.9117,3.3295,0.3333,0.3376,0.3391,1.0604,1.0604,1.0604,0.3624,3.3393
fCMR_Siemens_113,30,2.9436,1.8089,0.0337,0.0337,0.0337,7.2596,7.2596,7.2596,0.0976,16.243
fCMR_Siemens_027,30,0.8878,2.7433,0.1907,0.1907,0.1907,0.7007,0.7007,0.7007,0.2218,3.4744
fCMR_Siemens_006,30,2.1198,0.489,0.261,0.261,0.261,3.095,3.095,3.095,0.2822,7.1141
fCMR_Siemens_144,30,2.6745,2.0116,0.1679,0.1096,0.168,2.68,2.68,2.68,0.187,6.8601
fCMR_Siemens_068,30,3.0254,1.8133,0.2579,0.2578,0.2577,4.9093,4.9093,4.9093,0.3013,11.9058
fCMR_Siemens_198,30,1.7987,2.0138,0.1988,0.206,0.199,1.2634,1.2634,1.2634,0.2293,6.3626
fCMR_Siemens_018,31,2.8737,2.794,0.3747,0.3748,0.3748,0.7645,0.7645,0.7645,0.3899,3.158
fCMR_Siemens_113,31,2.5765,2.086,0.0294,0.0294,0.0294,3.6033,3.6033,3.6033,0.1112,8.1338
fCMR_Siemens_027,31,2.5915,0.2368,0.2098,0.2098,0.2098,0.5981,0.5981,0.5981,0.2456,3.7403
fCMR_Siemens_006,31,3.069,2.7241,0.2089,0.2087,0.2087,2.8942,2.8942,2.8942,0.2304,7.5084
fCMR_Siemens_144,31,2.3907,3.9404,0.1487,0.1485,0.1485,1.4533,1.4533,1.4533,0.199,3.7111
fCMR_Siemens_068,31,2.1639,2.918,0.7757,0.7764,0.7767,0.4157,0.4157,0.4157,0.7913,3.7061
fCMR_Siemens_198,31,2.5281,1.3241,0.1787,0.1787,0.1787,1.0356,1.0356,1.0356,0.1918,3.608
fCMR_Siemens_018,32,3.0581,2.688,0.3704,0.3935,0.4002,0.5824,0.5824,0.5824,0.5426,4.3324
fCMR_Siemens_113,32,1.7888,2.7443,0.0508,0.0508,0.0508,5.0528,5.0528,5.0528,0.1237,11.3302
fCMR_Siemens_027,32,2.5548,2.8747,0.0916,0.0915,0.0914,3.4546,3.4546,3.4546,0.1738,8.3731
fCMR_Siemens_006,32,2.9178,2.8518,0.2706,0.2706,0.2706,3.0024,3.0024,3.0024,0.2877,7.4901
fCMR_Siemens_144,32,2.4055,1.7805,0.0873,0.0873,0.0873,1.4434,1.4434,1.4434,0.1398,3.7692
fCMR_Siemens_068,32,2.3264,2.3596,0.3243,0.3235,0.3232,3.8071,3.8071,3.8071,0.3694,10.7938
fCMR_Siemens_198,32,1.2908,2.6499,0.2105,0.2105,0.2105,1.5523,1.5523,1.5523,0.2263,5.6755
fCMR_Siemens_018,33,1.8664,3.0474,0.5148,0.7722,0.5139,2.3052,2.3052,2.3052,0.5615,7.9517
fCMR_Siemens_113,33,2.7027,2.9494,0.07,0.07,0.07,6.5028,6.5028,6.5028,0.1202,13.7174
fCMR_Siemens_027,33,2.6554,0.5593,0.0425,0.3648,0.4632,2.5252,2.5252,2.5252,0.6982,10.7028
fCMR_Siemens_006,33,1.3358,2.7896,0.2907,0.3404,0.7633,1.9104,1.9104,1.9104,0.8254,11.6404
fCMR_Siemens_144,33,2.0391,2.3985,0.097,0.097,0.097,2.1193,2.1193,2.1193,0.1233,5.9912
fCMR_Siemens_068,33,1.3154,3.83,0.3887,0.2378,0.3944,2.9477,2.9477,2.9477,0.4384,8.4181
fCMR_Siemens_198,33,2.7254,2.5748,0.2005,0.2006,0.2007,1.9623,1.9623,1.9623,0.2249,6.0906
fCMR_Siemens_018,34,2.4187,1.8465,0.1912,0.2848,0.1913,0.7181,0.7181,0.7181,0.2246,3.1262
fCMR_Siemens_113,34,1.6994,2.888,0.0808,0.4476,0.0808,8.9492,8.9492,8.9492,0.1367,19.3724
fCMR_Siemens_027,34,1.9415,0.6014,0.1831,0.183,0.183,1.2756,1.2756,1.2756,0.2585,5.9153
fCMR_Siemens_006,34,1.4279,1.8978,0.4212,1.0319,0.6159,1.6954,1.6954,1.6954,0.6522,9.3199
fCMR_Siemens_144,34,1.3216,1.8861,0.1134,0.1135,0.1135,2.4198,2.4198,2.4198,0.1393,5.7277
fCMR_Siemens_068,34,2.1782,2.4025,0.5736,0.5736,0.5736,0.7705,0.7705,0.7705,0.5805,4.5697
fCMR_Siemens_198,34,2.7312,1.1687,0.2541,0.2541,0.2541,1.5822,1.5822,1.5822,0.2683,4.265
fCMR_Siemens_018,35,1.6273,3.0746,0.147,0.1472,0.1473,1.8644,1.8644,1.8644,0.2409,6.1688
fCMR_Siemens_113,35,1.9824,1.9487,0.0408,0.0408,0.0408,7.1525,7.1525,7.1525,0.1191,15.9451
fCMR_Siemens_027,35,1.9163,2.0588,0.1391,0.1391,0.1391,2.0373,2.0373,2.0373,0.187,6.9613
fCMR_Siemens_006,35,2.2833,2.0026,0.2294,0.2295,0.2295,2.3391,2.3391,2.3391,0.238,5.9051
fCMR_Siemens_144,35,2.3504,2.5343,0.1865,0.1865,0.1865,1.5768,1.5768,1.5768,0.1961,5.1116
fCMR_Siemens_068,35,2.4089,2.1113,0.4123,0.4122,0.4121,2.3511,2.3511,2.3511,0.4263,7.3558
fCMR_Siemens_198,35,2.3849,1.6664,0.3342,0.5066,0.5613,2.2158,2.2158,2.2158,0.7218,7.7942
fCMR_Siemens_018,36,2.6071,2.2372,0.2537,0.2542,0.2544,0.1605,0.1605,0.1605,0.3085,2.9477
fCMR_Siemens_113,36,1.5838,1.4161,0.1219,0.1219,0.1219,7.9586,7.9586,7.9586,0.1579,17.4408
fCMR_Siemens_027,36,1.881,2.7293,0.1169,0.1169,0.1169,3.2061,3.2061,3.2061,0.1677,7.9814
fCMR_Siemens_006,36,2.4699,2.1522,0.4044,1.1343,0.7448,1.4363,1.4363,1.4363,0.7642,6.5185
fCMR_Siemens_144,36,0.9775,2.7204,0.083,0.083,0.083,0.5517,0.5517,0.5517,0.1127,2.2878
fCMR_Siemens_068,36,2.885,2.6887,0.3806,0.3808,0.3809,2.3815,2.3815,2.3815,0.398,7.9582
fCMR_Siemens_198,36,1.1811,3.3919,0.3234,0.3234,0.3234,1.251,1.251,1.251,0.3342,3.6571
fCMR_Siemens_018,37,3.0948,1.3257,0.6228,0.6254,0.6262,1.9865,1.9865,1.9865,0.6465,5.3212
fCMR_Siemens_113,37,0.9389,2.3621,0.1023,0.1021,0.1021,5.8893,5.8893,5.8893,0.1696,14.3632
fCMR_Siemens_027,37,1.1288,2.5753,0.0642,0.0642,0.0642,1.0736,1.0736,1.0736,0.1153,3.9008
fCMR_Siemens_006,37,2.5465,2.3515,0.3181,0.6323,0.7173,2.0276,2.0276,2.0276,0.7822,6.9478
fCMR_Siemens_144,37,2.4426,1.9922,0.1093,0.1093,0.1093,2.9265,2.9265,2.9265,0.136,8.5231
fCMR_Siemens_068,37,1.4556,2.0258,0.5344,0.786,0.5339,2.5813,2.5813,2.5813,0.5506,7.2923
fCMR_Siemens_198,37,2.5518,2.4928,0.2876,0.3533,0.2879,0.7325,0.7325,0.7325,0.3021,3.0889
fCMR_Siemens_018,38,2.9073,2.7932,0.3538,0.3536,0.3535,0.8024,0.8024,0.8024,0.3794,3.6429
fCMR_Siemens_113,38,3.0912,2.6596,0.0626,0.0626,0.0626,6.4751,6.4751,6.4751,0.1408,14.4225
fCMR_Siemens_027,38,3.0813,1.5018,0.1302,0.1301,0.1301,3.744,3.744,3.744,0.1695,8.9258
fCMR_Siemens_006,38,2.5116,0.8084,0.1873,0.1873,0.1873,3.979,3.979,3.979,0.2168,8.9093
fCMR_Siemens_144,38,1.3332,2.48,0.0972,0.0972,0.0972,2.039,2.039,2.039,0.1324,5.4616
fCMR_Siemens_068,38,2.1982,1.8302,0.4095,0.4096,0.4096,0.6866,0.6866,0.6866,0.425,2.4238
fCMR_Siemens_198,38,2.537,3.5928,0.2732,0.2732,0.2732,1.3853,1.3853,1.3853,0.2895,4.4382
fCMR_Siemens_018,39,2.4095,2.479,0.0603,0.0607,0.0609,0.2604,0.2604,0.2604,0.1849,2.1948
fCMR_Siemens_113,39,2.4002,2.533,0.1378,0.1378,0.1378,8.411,8.411,8.411,0.1557,18.0469
fCMR_Siemens_027,39,1.4451,2.3478,0.1661,0.166,0.166,0.6419,0.6419,0.6419,0.18,2.383
fCMR_Siemens_006,39,0.7235,2.4725,0.3388,0.3391,0.3392,1.8523,1.8523,1.8523,0.352,4.4659
fCMR_Siemens_144,39,1.9074,1.1868,0.1152,0.1092,0.1152,0.6277,0.6277,0.6277,0.1961,2.6492
fCMR_Siemens_068,39,1.176,2.9138,0.644,0.6446,0.6448,0.7015,0.7015,0.7015,0.6644,2.5022
fCMR_Siemens_198,39,2.253,0.9411,0.235,0.235,0.235,2.2544,2.2544,2.2544,0.2453,6.6123
fCMR_Siemens_018,40,1.9991,2.0996,0.3229,0.3224,0.3222,0.3566,0.3566,0.3566,0.354,1.7919
fCMR_Siemens_113,40,0.9794,3.5949,0.1123,0.1124,0.1124,8.7134,8.7134,8.7134,0.1484,18.2853
fCMR_Siemens_027,40,2.8451,3.2763,0.1609,0.4254,0.7061,1.3107,1.3107,1.3107,0.7704,6.3911
fCMR_Siemens_006,40,1.8275,2.1036,0.2098,0.2097,0.2097,4.3409,4.3409,4.3409,0.2555,9.5485
fCMR_Siemens_144,40,1.7933,1.8137,0.1374,0.1374,0.1374,2.0118,2.0118,2.0118,0.1532,5.5233
fCMR_Siemens_068,40,2.4258,2.8762,0.6051,0.6052,0.6053,0.3613,0.3613,0.3613,0.6186,1.3732
fCMR_Siemens_198,40,1.7275,1.9008,0.2638,0.2638,0.2639,0.5961,0.5961,0.5961,0.2938,1.9035
fCMR_Siemens_018,41,1.7687,2.7078,0.1209,0.1219,0.1222,0.9748,0.9748,0.9748,0.3501,4.7439
fCMR_Siemens_113,41,3.0574,2.0044,0.0203,0.0203,0.0203,5.3609,5.3609,5.3609,0.0632,12.4914
fCMR_Siemens_027,41,2.6144,3.0524,0.1194,0.1193,0.1193,0.9862,0.9862,0.9862,0.1536,3.7768
fCMR_Siemens_006,41,2.7747,2.9518,0.2526,0.2526,0.2526,4.0315,4.0315,4.0315,0.2767,10.4311
fCMR_Siemens_144,41,2.5366,3.1238,0.1456,0.1457,0.1457,2.8358,2.8358,2.8358,0.164,7.6513
fCMR_Siemens_068,41,2.1055,2.9712,0.4486,0.449,0.4492,0.8888,0.8888,0.8888,0.4608,4.3582
fCMR_Siemens_198,41,2.2743,3.8973,0.2785,0.2793,0.2796,0.8404,0.8404,0.8404,0.3249,3.2536
fCMR_Siemens_018,42,3.0802,3.0268,0.3691,0.3839,0.3886,2.745,2.745,2.745,0.4238,11.0926
fCMR_Siemens_113,42,1.6238,1.2684,0.0843,0.1449,0.0843,9.3157,9.3157,9.3157,0.119,19.6289
fCMR_Siemens_027,42,2.1522,2.9904,0.1527,0.1527,0.1527,0.3242,0.3242,0.3242,0.1831,1.4271
fCMR_Siemens_006,42,2.3391,2.3146,0.3458,0.3546,0.3574,1.1033,1.1033,1.1033,0.4129,4.0172
fCMR_Siemens_144,42,3.0659,1.6951,0.0593,0.0593,0.0593,1.5368,1.5368,1.5368,0.1644,4.1382
fCMR_Siemens_068,42,2.9379,3.2504,0.489,0.4896,0.4897,0.5101,0.5101,0.5101,0.516,4.5734
fCMR_Siemens_198,42,3.0427,1.259,0.3238,0.3238,0.3238,1.0098,1.0098,1.0098,0.3576,3.0755
fCMR_Siemens_018,43,2.0591,2.1164,0.5391,0.5431,0.5444,0.5918,0.5918,0.5918,0.5548,4.335
fCMR_Siemens_113,43,2.8876,3.0975,0.1247,0.1247,0.1247,5.7949,5.7949,5.7949,0.1519,12.674
fCMR_Siemens_027,43,1.9143,1.6371,0.375,0.3725,0.5435,2.0365,2.0365,2.0365,0.61,8.6884
fCMR_Siemens_006,43,3.0643,2.4084,0.35,0.6897,0.7817,3.6642,3.6642,3.6642,0.7986,14.0168
fCMR_Siemens_144,43,2.7073,1.3698,0.1661,0.166,0.166,1.9406,1.9406,1.9406,0.2153,6.198
fCMR_Siemens_068,43,0.8531,1.9193,0.6602,0.6602,0.6601,0.8837,0.8837,0.8837,0.6655,3.0659
fCMR_Siemens_198,43,2.4294,2.4157,0.2784,0.2786,0.2787,3.1236,3.1236,3.1236,0.3251,7.9662
fCMR_Siemens_018,44,1.765,2.0651,0.4011,3.136,0.8,2.7695,2.7695,2.7695,0.8881,9.2055
fCMR_Siemens_113,44,1.871,3.288,0.0717,0.0718,0.0718,6.5955,6.5955,6.5955,0.1447,15.5427
fCMR_Siemens_027,44,2.5158,3.0914,0.1726,0.1726,0.1726,1.9407,1.9407,1.9407,0.2094,5.449
fCMR_Siemens_006,44,2.696,1.7515,0.2714,0.2716,0.2717,1.129,1.129,1.129,0.2933,3.3364
fCMR_Siemens_144,44,1.8818,1.3882,0.1198,0.1198,0.1198,2.6942,2.6942,2.6942,0.1456,6.5799
fCMR_Siemens_068,44,3.0189,2.6191,0.4447,0.4441,0.444,0.111,0.111,0.111,0.4625,4.182
fCMR_Siemens_198,44,2.6007,1.6257,0.2166,0.2166,0.2166,1.4279,1.4279,1.4279,0.2331,3.8641
fCMR_Siemens_018,45,2.9295,2.0472,0.1368,0.137,0.137,0.7616,0.7616,0.7616,0.1795,2.7022
fCMR_Siemens_113,45,2.8438,2.9065,0.1116,0.1117,0.1117,7.838,7.838,7.838,0.1426,16.9016
fCMR_Siemens_027,45,2.37,2.4447,0.1985,0.1982,0.1982,1.7263,1.7263,1.7263,0.3019,5.7588
fCMR_Siemens_006,45,2.9264,3.3548,0.308,0.3079,0.3079,5.3778,5.3778,5.3778,0.3222,12.5314
fCMR_Siemens_144,45,0.9751,3.172,0.1506,0.1506,0.1506,1.2617,1.2617,1.2617,0.1811,4.4636
fCMR_Siemens_068,45,2.8523,2.0041,0.2229,0.2231,0.2231,3.4056,3.4056,3.4056,0.2625,8.1424
fCMR_Siemens_198,45,2.8915,3.4231,0.1952,0.3433,0.1952,2.5533,2.5533,2.5533,0.2175,6.1486
fCMR_Siemens_018,46,1.8111,2.6683,0.115,0.1161,0.1164,1.4255,1.4255,1.4255,0.2221,5.6738
fCMR_Siemens_113,46,1.8857,2.1506,0.0858,0.0858,0.0858,9,9,9,0.1312,18.9681
fCMR_Siemens_027,46,2.1297,2.4271,0.1262,0.1263,0.1263,0.7861,0.7861,0.7861,0.1617,3.94
fCMR_Siemens_006,46,1.7175,2.3963,0.1744,0.1743,0.1742,3.6576,3.6576,3.6576,0.2362,8.7273
fCMR_Siemens_144,46,3.0784,2.9839,0.0539,0.0539,0.0539,1.9915,1.9915,1.9915,0.1407,5.2064
fCMR_Siemens_068,46,2.7243,0.6785,0.7326,0.7286,0.7273,0.9147,0.9147,0.9147,0.7391,6.5143
fCMR_Siemens_198,46,2.2815,2.957,0.2633,0.3338,0.2632,0.2485,0.2485,0.2485,0.2943,1.812
fCMR_Siemens_018,47,2.4918,1.3506,0.2653,0.2654,0.2654,1.1819,1.1819,1.1819,0.3191,4.6748
fCMR_Siemens_113,47,0.8557,3.304,0.0647,0.0642,0.0641,3.9332,3.9332,3.9332,0.1931,11.2654
fCMR_Siemens_027,47,2.7414,2.8106,0.1438,0.1437,0.1437,0.6315,0.6315,0.6315,0.1706,3.7424
fCMR_Siemens_006,47,2.9927,2.8678,0.2846,0.2848,0.2849,3.7679,3.7679,3.7679,0.3291,9.6082
fCMR_Siemens_144,47,2.3167,2.6049,0.0588,0.0587,0.0587,1.3159,1.3159,1.3159,0.117,4.7089
fCMR_Siemens_068,47,2.7096,1.9059,0.3293,0.3296,0.3297,2.4154,2.4154,2.4154,0.3529,6.8236
fCMR_Siemens_198,47,2.7993,1.2177,0.2452,0.2452,0.2452,1.0424,1.0424,1.0424,0.2539,3.6973
fCMR_Siemens_018,48,2.8503,2.4622,0.2965,0.3634,0.2965,0.5004,0.5004,0.5004,0.3278,2.7592
fCMR_Siemens_113,48,2.5975,2.0246,0.0533,0.0534,0.0534,4.8647,4.8647,4.8647,0.1412,11.5746
fCMR_Siemens_027,48,1.3742,2.4912,0.1864,0.1865,0.1866,1.0461,1.0461,1.0461,0.2528,3.8514
fCMR_Siemens_006,48,1.9441,2.8638,0.3123,0.3124,0.3125,1.6664,1.6664,1.6664,0.3411,4.3535
fCMR_Siemens_144,48,1.386,1.3681,0.191,0.191,0.191,2.5352,2.5352,2.5352,0.1961,6.4354
fCMR_Siemens_068,48,1.5749,1.8512,0.281,0.2817,0.2819,3.0204,3.0204,3.0204,0.305,8.4946
fCMR_Siemens_198,48,3.0267,2.1957,0.2374,0.2374,0.2374,2.4945,2.4945,2.4945,0.264,7.0254
fCMR_Siemens_018,49,1.8246,2.7188,0.1423,0.1425,0.1426,0.9345,0.9345,0.9345,0.2035,2.9559
fCMR_Siemens_113,49,3.0689,2.734,0.061,0.061,0.061,4.6218,4.6218,4.6218,0.0916,11.091
fCMR_Siemens_027,49,3.0574,0.8683,0.2059,0.2059,0.2059,0.8696,0.8696,0.8696,0.2376,3.7981
fCMR_Siemens_006,49,2.3615,2.6669,0.3124,0.3124,0.3124,5.0836,5.0836,5.0836,0.3291,11.0549
fCMR_Siemens_144,49,2.1783,3.636,0.1326,0.1325,0.1325,2.3502,2.3502,2.3502,0.1792,5.6121
fCMR_Siemens_068,49,2.6313,1.899,0.4494,0.4485,0.4482,1.2749,1.2749,1.2749,0.4652,4.0096
fCMR_Siemens_198,49,2.0642,3.4678,0.2696,0.2699,0.27,1.7976,1.7976,1.7976,0.2939,6.3856
fCMR_Siemens_018,50,3.0613,2.6682,0.511,0.602,0.7448,1.9867,1.9867,1.9867,0.9042,7.2335
fCMR_Siemens_113,50,3.1008,2.2315,0.023,0.0231,0.0232,4.6303,4.6303,4.6303,0.1407,9.9561
fCMR_Siemens_027,50,2.8653,2.564,0.1342,0.1342,0.1342,1.5876,1.5876,1.5876,0.158,5.0953
fCMR_Siemens_006,50,1.2675,0.576,0.4095,0.3624,0.6369,0.6988,0.6988,0.6988,0.6842,5.53
fCMR_Siemens_144,50,2.6572,1.4822,0.0966,0.0967,0.0967,2.4519,2.4519,2.4519,0.1418,5.9621
fCMR_Siemens_068,50,3.1378,1.4945,0.9771,0.6116,0.9791,0.9112,0.9112,0.9112,0.9827,4.9002
fCMR_Siemens_198,50,1.0901,2.7051,0.2316,0.2316,0.2316,0.895,0.895,0.895,0.2443,3.2195
fCMR_Siemens_018,51,3.0583,2.25,0.5872,0.5869,0.5869,0.5166,0.5166,0.5166,0.5934,2.1084
fCMR_Siemens_113,51,1.9057,2.6394,0.0844,0.0844,0.0844,4.679,4.679,4.679,0.1151,10.5849
fCMR_Siemens_027,51,2.4619,2.5905,0.1406,0.1406,0.1406,1.3075,1.3075,1.3075,0.1554,3.5803
fCMR_Siemens_006,51,1.2447,2.6859,0.1885,0.1883,0.1883,1.8555,1.8555,1.8555,0.2414,5.4326
fCMR_Siemens_144,51,2.6236,3.4425,0.2137,0.2139,0.214,2.8435,2.8435,2.8435,0.2368,7.7567
fCMR_Siemens_068,51,2.7488,2.3855,0.221,0.354,0.2211,1.8666,1.8666,1.8666,0.2534,5.476
fCMR_Siemens_198,51,1.9187,2.658,0.1913,0.1913,0.1913,1.2413,1.2413,1.2413,0.1986,4.7525
fCMR_Siemens_018,52,2.3734,1.9086,0.4584,0.4536,0.4521,3.2861,3.2861,3.2861,0.5502,8.4658
fCMR_Siemens_113,52,1.4172,3.2091,0.0851,0.0849,0.0848,6.7238,6.7238,6.7238,0.2194,15.2307
fCMR_Siemens_027,52,3.0422,2.0461,0.2025,0.2021,0.202,0.7161,0.7161,0.7161,0.2574,3.492
fCMR_Siemens_006,52,1.4267,1.6779,0.2171,0.1762,0.2171,1.5679,1.5679,1.5679,0.2223,4.2738
fCMR_Siemens_144,52,1.9985,2.558,0.0784,0.0784,0.0784,1.5669,1.5669,1.5669,0.1037,4.7685
fCMR_Siemens_068,52,2.9469,2.2776,0.6236,1.3305,0.9242,1.4786,1.4786,1.4786,1.0205,7.5554
fCMR_Siemens_198,52,1.2527,3.5272,0.2625,0.2625,0.2625,0.9291,0.9291,0.9291,0.2814,2.841
fCMR_Siemens_018,53,2.1771,2.7971,0.2829,0.2829,0.2829,0.7097,0.7097,0.7097,0.2893,3.0531
fCMR_Siemens_113,53,2.2868,2.6606,0.1276,0.1276,0.1276,5.0133,5.0133,5.0133,0.15,11.5175
fCMR_Siemens_027,53,0.3992,3.3011,0.1721,0.1718,0.1717,1.312,1.312,1.312,0.2397,3.844
fCMR_Siemens_006,53,2.3521,3.0604,0.2863,0.2863,0.2863,2.621,2.621,2.621,0.2963,6.5874
fCMR_Siemens_144,53,2.0022,1.8086,0.2363,0.2572,0.2363,2.0156,2.0156,2.0156,0.2614,5.2645
fCMR_Siemens_068,53,1.8601,2.8622,0.3771,0.3814,0.3829,1.0588,1.0588,1.0588,0.4056,4.312
fCMR_Siemens_198,53,2.0927,1.7725,0.1818,0.1818,0.1817,0.7896,0.7896,0.7896,0.2078,3.4901
fCMR_Siemens_018,54,2.0934,2.2755,0.267,1.0028,0.2675,1.1099,1.1099,1.1099,0.3613,3.7158
fCMR_Siemens_113,54,1.6581,2.4889,0.1228,0.1228,0.1228,3.3637,3.3637,3.3637,0.1296,7.5336
fCMR_Siemens_027,54,1.8937,1.8467,0.0951,0.0952,0.0952,1.3909,1.3909,1.3909,0.1654,4.5184
fCMR_Siemens_006,54,2.1902,2.661,0.4367,0.6826,0.7489,1.733,1.733,1.733,0.7771,7.0581
fCMR_Siemens_144,54,2.0322,1.5112,0.1289,0.4031,0.1293,1.9248,1.9248,1.9248,0.1797,4.7083
fCMR_Siemens_068,54,1.9479,2.5302,0.5035,0.5776,0.5039,0.2304,0.2304,0.2304,0.5225,2.1162
fCMR_Siemens_198,54,2.7178,2.1302,0.1802,0.181,0.1813,0.5552,0.5552,0.5552,0.2415,2.5953
fCMR_Siemens_018,55,2.2576,2.9846,0.2275,0.2408,0.2449,0.9262,0.9262,0.9262,0.4112,3.8951
fCMR_Siemens_113,55,2.5781,0.4253,0.0867,0.0867,0.0867,6.0565,6.0565,6.0565,0.1295,13.318
fCMR_Siemens_027,55,2.9783,3.3986,0.1412,0.1414,0.1414,1.5746,1.5746,1.5746,0.1733,6.2783
fCMR_Siemens_006,55,2.844,2.724,0.2061,0.2061,0.2062,1.8393,1.8393,1.8393,0.2187,4.9472
fCMR_Siemens_144,55,0.8685,3.084,0.1208,0.1208,0.1208,0.3499,0.3499,0.3499,0.1633,1.574
fCMR_Siemens_068,55,1.7489,2.7015,0.5077,0.3214,0.512,2.73,2.73,2.73,0.5394,8.8707
fCMR_Siemens_198,55,3.0963,2.8263,0.2371,0.2371,0.2371,0.9295,0.9295,0.9295,0.2537,4.7812
fCMR_Siemens_018,56,3.0385,1.4709,0.2809,0.2817,0.2819,2.1294,2.1294,2.1294,0.3145,8.26
fCMR_Siemens_113,56,1.1124,2.3702,0.1208,0.1208,0.1208,4.3155,4.3155,4.3155,0.1339,9.4177
fCMR_Siemens_027,56,2.9652,4.0164,0.1454,0.1455,0.1455,1.9,1.9,1.9,0.1905,5.9276
fCMR_Siemens_006,56,2.9991,1.9451,0.3927,0.3936,0.394,3.0294,3.0294,3.0294,0.4047,8.9374
fCMR_Siemens_144,56,0.3241,3.6778,0.0993,0.0992,0.0992,2.8439,2.8439,2.8439,0.1723,9.364
fCMR_Siemens_068,56,1.8196,1.3204,0.4725,1.312,0.4749,0.6146,0.6146,0.6146,0.4798,2.489
fCMR_Siemens_198,56,2.0807,1.8149,0.278,0.2781,0.2781,1.3438,1.3438,1.3438,0.2968,4.9788
fCMR_Siemens_018,57,1.8197,2.4957,0.3114,0.3131,0.3136,1.8977,1.8977,1.8977,0.4134,7.735
fCMR_Siemens_113,57,2.1274,2.2411,0.0701,0.07,0.07,6.6423,6.6423,6.6423,0.1395,13.9214
fCMR_Siemens_027,57,1.0192,1.72,0.177,0.1768,0.1767,0.8626,0.8626,0.8626,0.2041,4.8164
fCMR_Siemens_006,57,2.4334,2.6471,0.2092,0.2091,0.2091,1.4958,1.4958,1.4958,0.261,4.0566
fCMR_Siemens_144,57,3.0557,3.099,0.1218,0.1218,0.1218,1.416,1.416,1.416,0.1427,4.5691
fCMR_Siemens_068,57,2.3805,2.0223,0.5768,0.5772,0.5774,0.9385,0.9385,0.9385,0.5868,2.8542
fCMR_Siemens_198,57,0.9427,1.2672,0.2655,0.2655,0.2655,2.8736,2.8736,2.8736,0.2855,6.939
fCMR_Siemens_018,58,2.7536,1.8149,0.3065,0.3117,0.3133,1.3181,1.3181,1.3181,0.345,4.9853
fCMR_Siemens_113,58,2.457,1.9324,0.0936,0.0936,0.0936,6.1916,6.1916,6.1916,0.122,13.6828
fCMR_Siemens_027,58,2.7442,4.0928,0.2387,0.2388,0.2389,1.2594,1.2594,1.2594,0.3216,4.2152
fCMR_Siemens_006,58,1.2439,3.0379,0.5199,0.5331,0.5373,2.0111,2.0111,2.0111,0.5573,4.4162
fCMR_Siemens_144,58,3.1063,2.0058,0.1197,0.1196,0.1196,1.9521,1.9521,1.9521,0.1507,4.4794
fCMR_Siemens_068,58,1.5909,2.5686,0.6218,0.2846,0.6258,0.359,0.359,0.359,0.6308,3.6999
fCMR_Siemens_198,58,2.9515,2.8021,0.2775,0.2774,0.2774,1.1358,1.1358,1.1358,0.3124,4.5504
fCMR_Siemens_018,59,3.0995,2.4921,0.248,0.2492,0.2497,1.5461,1.5461,1.5461,0.2715,5.3394
fCMR_Siemens_113,59,2.6038,2.7136,0.0891,0.0891,0.0891,4.8835,4.8835,4.8835,0.124,11.2857
fCMR_Siemens_027,59,2.7222,1.8223,0.1612,0.1613,0.1613,1.4148,1.4148,1.4148,0.2147,3.8962
fCMR_Siemens_006,59,2.418,2.087,0.3057,0.3057,0.3057,1.9736,1.9736,1.9736,0.3312,6.3005
fCMR_Siemens_144,59,2.462,1.5418,0.2081,0.2082,0.2082,1.3888,1.3888,1.3888,0.2163,3.7318
fCMR_Siemens_068,59,2.27,2.7018,0.7602,0.4941,0.7612,0.7882,0.7882,0.7882,0.7657,3.9679
fCMR_Siemens_198,59,2.0585,2.8804,0.2452,0.2452,0.2452,2.0363,2.0363,2.0363,0.2537,6.204
fCMR_Siemens_018,60,1.5876,2.4834,0.4283,0.4318,0.4329,1.3305,1.3305,1.3305,0.4856,7.0682
fCMR_Siemens_113,60,1.4411,1.8352,0.0535,0.0535,0.0535,7.1664,7.1664,7.1664,0.1219,15.4669
fCMR_Siemens_027,60,1.7018,1.3371,0.1561,0.1562,0.1562,1.552,1.552,1.552,0.1961,5.1684
fCMR_Siemens_006,60,1.9953,3.0466,0.4716,0.617,0.6573,2.7083,2.7083,2.7083,0.6975,8.8524
fCMR_Siemens_144,60,2.6291,2.7491,0.2164,0.2164,0.2164,3.5337,3.5337,3.5337,0.232,8.315
fCMR_Siemens_068,60,2.781,0.6781,0.6169,0.6169,0.6169,3.0703,3.0703,3.0703,0.6252,8.4911
fCMR_Siemens_198,60,2.224,3.7642,0.214,0.214,0.214,0.9466,0.9466,0.9466,0.2198,2.6163
fCMR_Siemens_018,61,2.0198,2.842,0.0563,0.0575,0.0579,1.2837,1.2837,1.2837,0.1865,6.1396
fCMR_Siemens_113,61,2.9599,2.5071,0.1045,0.1045,0.1045,6.2369,6.2369,6.2369,0.1281,13.8686
fCMR_Siemens_027,61,2.0261,3.3253,0.1358,0.1358,0.1358,3.2861,3.2861,3.2861,0.1714,10.1616
fCMR_Siemens_006,61,1.1682,2.0036,0.2802,0.281,0.2812,3.3777,3.3777,3.3777,0.3135,8.4316
fCMR_Siemens_144,61,2.0268,1.4646,0.1083,0.1083,0.1083,1.267,1.267,1.267,0.1532,3.3706
fCMR_Siemens_068,61,2.9512,1.9919,0.6162,0.4388,0.6167,0.8687,0.8687,0.8687,0.6305,3.4228
fCMR_Siemens_198,61,2.7164,3.1574,0.284,0.2841,0.2841,1.8436,1.8436,1.8436,0.3044,4.3061
fCMR_Siemens_018,62,2.6035,1.9905,0.3775,0.3777,0.3778,3.3021,3.3021,3.3021,0.405,8.1963
fCMR_Siemens_113,62,2.0338,2.122,0.1079,0.1079,0.1079,4.0773,4.0773,4.0773,0.1502,9.5932
fCMR_Siemens_027,62,2.837,2.3983,0.0975,0.0976,0.0977,2.2684,2.2684,2.2684,0.2157,7.3474
fCMR_Siemens_006,62,3.0814,1.2013,0.2979,0.5463,0.2979,3.258,3.258,3.258,0.3233,7.9602
fCMR_Siemens_144,62,2.2727,2.646,0.1504,0.1501,0.15,2.2704,2.2704,2.2704,0.2128,6.2826
fCMR_Siemens_068,62,2.7859,0.9541,0.5236,0.5233,0.5232,1.444,1.444,1.444,0.536,3.8843
fCMR_Siemens_198,62,1.5748,2.7939,0.2657,0.2658,0.2659,0.7333,0.7333,0.7333,0.3176,4.5417
fCMR_Siemens_018,63,1.7259,1.929,0.3683,0.5368,0.3683,0.614,0.614,0.614,0.3784,3.3913
fCMR_Siemens_113,63,2.5325,2.1919,0.0476,0.0476,0.0476,7.5883,7.5883,7.5883,0.1187,17.0534
fCMR_Siemens_027,63,2.8287,2.3844,0.1799,0.1801,0.1801,0.9209,0.9209,0.9209,0.2111,3.4662
fCMR_Siemens_006,63,2.2021,1.5991,0.333,1.2764,1.3484,1.7267,1.7267,1.7267,1.3634,11.754
fCMR_Siemens_144,63,2.6443,1.615,0.1056,0.1056,0.1056,2.8076,2.8076,2.8076,0.1352,8.6846
fCMR_Siemens_068,63,2.5224,2.906,0.3383,0.3387,0.3389,3.2183,3.2183,3.2183,0.3677,7.7656
fCMR_Siemens_198,63,2.7927,1.7345,0.2275,0.2275,0.2275,1.3203,1.3203,1.3203,0.2436,3.9986
fCMR_Siemens_018,64,1.782,1.7904,0.0534,0.258,0.053,2.0011,2.0011,2.0011,0.2013,6.5962
fCMR_Siemens_113,64,1.6274,2.0342,0.0673,0.4676,0.0674,6.5289,6.5289,6.5289,0.1189,15.3072
fCMR_Siemens_027,64,1.1321,2.6499,0.1829,0.1828,0.1828,0.1689,0.1689,0.1689,0.2485,3.2306
fCMR_Siemens_006,64,2.0408,1.7461,0.323,0.7228,0.8312,1.079,1.079,1.079,0.8646,5.2515
fCMR_Siemens_144,64,0.7096,1.1115,0.1247,0.1247,0.1246,1.7032,1.7032,1.7032,0.1691,6.1699
fCMR_Siemens_068,64,2.4609,3.245,0.2274,0.3746,0.2275,3.6645,3.6645,3.6645,0.264,10.0598
fCMR_Siemens_198,64,1.7323,2.8607,0.2213,0.2212,0.2212,2.4876,2.4876,2.4876,0.2721,6.214
fCMR_Siemens_018,65,2.5628,2.6617,0.1695,0.1698,0.1699,0.7458,0.7458,0.7458,0.2144,2.8348
fCMR_Siemens_113,65,2.2531,2.692,0.0397,0.0398,0.0398,6.3666,6.3666,6.3666,0.099,13.5022
fCMR_Siemens_027,65,2.928,1.7962,0.159,0.1592,0.1593,0.6179,0.6179,0.6179,0.2025,3.3492
fCMR_Siemens_006,65,1.2733,2.9251,0.3778,0.3778,0.6552,3.0101,3.0101,3.0101,0.6973,10.6159
fCMR_Siemens_144,65,2.2104,2.9312,0.1185,0.1185,0.1185,2.0228,2.0228,2.0228,0.158,5.2363
fCMR_Siemens_068,65,3.1006,3.0289,0.5119,0.6946,0.5135,3.3918,3.3918,3.3918,0.5285,8.835
fCMR_Siemens_198,65,1.0056,2.5518,0.2718,0.2717,0.2717,2.1542,2.1542,2.1542,0.3039,6.6352
fCMR_Siemens_018,66,1.8518,1.1388,0.1296,0.1296,0.1296,1.3211,1.3211,1.3211,0.191,4.0026
fCMR_Siemens_113,66,2.268,2.2335,0.0901,0.0901,0.0901,9.0131,9.0131,9.0131,0.154,18.7416
fCMR_Siemens_027,66,2.1766,1.0134,0.162,0.1619,0.1619,1.0829,1.0829,1.0829,0.2145,4.7276
fCMR_Siemens_006,66,0.8465,3.0793,0.3463,0.347,0.3472,0.6396,0.6396,0.6396,0.3686,2.2444
fCMR_Siemens_144,66,2.8578,3.0135,0.1284,0.1284,0.1284,1.6158,1.6158,1.6158,0.1508,4.8772
fCMR_Siemens_068,66,2.2279,2.2468,0.2474,0.2474,0.2474,4.0029,4.0029,4.0029,0.2644,9.5732
fCMR_Siemens_198,66,2.9177,2.6405,0.197,0.1971,0.1971,4.015,4.015,4.015,0.2292,11.0847
fCMR_Siemens_018,67,2.2945,0.8348,0.3225,0.3224,0.3224,0.2485,0.2485,0.2485,0.3279,3.5022
fCMR_Siemens_113,67,2.7537,2.1915,0.1135,0.1447,0.1134,4.7499,4.7499,4.7499,0.1474,10.5979
fCMR_Siemens_027,67,2.8667,2.4063,0.1424,0.1424,0.1424,1.5156,1.5156,1.5156,0.1971,3.9162
fCMR_Siemens_006,67,1.4589,1.3446,0.4288,0.3286,0.7082,1.4519,1.4519,1.4519,0.7504,5.7629
fCMR_Siemens_144,67,1.0218,2.5216,0.102,0.1022,0.1023,1.1554,1.1554,1.1554,0.1218,3.4117
fCMR_Siemens_068,67,3.0662,3.248,0.2984,0.2987,0.2988,2.7343,2.7343,2.7343,0.3547,9.0846
fCMR_Siemens_198,67,2.3014,2.314,0.2078,0.2078,0.2078,1.0836,1.0836,1.0836,0.2189,3.561
fCMR_Siemens_018,68,2.6694,2.3723,0.2093,0.2093,0.2094,0.5679,0.5679,0.5679,0.2415,2.4414
fCMR_Siemens_113,68,2.2771,1.9537,0.0723,0.0723,0.0723,6.5852,6.5852,6.5852,0.095,13.8132
fCMR_Siemens_027,68,2.2822,3.3795,0.1394,0.1394,0.1394,0.5895,0.5895,0.5895,0.1995,4.1484
fCMR_Siemens_006,68,2.9862,2.5224,0.3575,0.7158,0.8178,1.5578,1.5578,1.5578,0.8751,6.9271
fCMR_Siemens_144,68,0.9253,2.6494,0.114,0.114,0.114,1.3564,1.3564,1.3564,0.1401,3.6468
fCMR_Siemens_068,68,2.5849,1.608,0.2962,0.2963,0.2963,3.2417,3.2417,3.2417,0.3207,9.2886
fCMR_Siemens_198,68,2.6194,1.5176,0.2596,0.6047,0.5504,1.9992,1.9992,1.9992,0.7747,11.9538
fCMR_Siemens_018,69,3.1092,3.5257,0.2387,0.2414,0.2423,3.0783,3.0783,3.0783,0.2984,11.2683
fCMR_Siemens_113,69,1.4625,0.996,0.1032,0.1032,0.1032,5.2083,5.2083,5.2083,0.1454,12.0224
fCMR_Siemens_027,69,2.6078,2.2448,0.086,0.3653,0.0863,3.9714,3.9714,3.9714,0.1604,8.976
fCMR_Siemens_006,69,1.7247,3.146,0.2273,0.2273,0.2273,3.145,3.145,3.145,0.2404,7.8879
fCMR_Siemens_144,69,2.0852,2.5748,0.1182,0.1182,0.1182,0.6322,0.6322,0.6322,0.1869,2.8957
fCMR_Siemens_068,69,1.5919,1.5041,0.4502,0.4593,0.4621,3.0984,3.0984,3.0984,0.4927,11.1456
fCMR_Siemens_198,69,2.878,2.8026,0.3331,0.333,0.333,4.1062,4.1062,4.1062,0.3447,8.7307
fCMR_Siemens_018,70,2.7862,1.7199,0.3028,0.3182,0.3229,1.8463,1.8463,1.8463,0.394,6.0183
fCMR_Siemens_113,70,1.8995,2.9833,0.0921,0.1264,0.0922,6.7574,6.7574,6.7574,0.1213,14.8962
fCMR_Siemens_027,70,2.8425,1.7893,0.1704,0.1701,0.17,0.3239,0.3239,0.3239,0.3171,2.1625
fCMR_Siemens_006,70,1.2655,1.4225,0.2504,0.2507,0.2508,1.7739,1.7739,1.7739,0.2975,4.8354
fCMR_Siemens_144,70,3.073,1.9886,0.162,0.4165,0.7084,1.2781,1.2781,1.2781,0.7496,9.9415
fCMR_Siemens_068,70,1.4002,0.6963,0.3903,0.4979,0.3904,3.1058,3.1058,3.1058,0.4027,7.908
fCMR_Siemens_198,70,2.9033,1.1506,0.3591,0.1377,0.3641,1.303,1.303,1.303,0.3756,4.6045
fCMR_Siemens_018,71,2.7617,1.3919,0.1435,0.5333,0.6586,1.7458,1.7458,1.7458,0.7844,9.9948
fCMR_Siemens_113,71,2.3196,2.0665,0.0255,0.0255,0.0255,5.1754,5.1754,5.1754,0.1159,12.559
fCMR_Siemens_027,71,2.3473,2.642,0.3517,0.1961,0.3534,1.0325,1.0325,1.0325,0.3989,8.0694
fCMR_Siemens_006,71,2.3867,3.5533,0.3125,0.3131,0.3133,1.1336,1.1336,1.1336,0.3369,3.9992
fCMR_Siemens_144,71,2.3608,2.7327,0.1111,0.1111,0.1111,1.2664,1.2664,1.2664,0.1323,4.0137
fCMR_Siemens_068,71,2.6057,2.7448,0.3648,0.365,0.3651,1.2641,1.2641,1.2641,0.3738,5.171
fCMR_Siemens_198,71,2.8338,2.8312,0.3137,0.3138,0.3138,1.7222,1.7222,1.7222,0.3385,6.3559
fCMR_Siemens_018,72,2.5589,2.3399,0.743,0.7811,0.7912,1.0585,1.0585,1.0585,0.827,4.8525
fCMR_Siemens_113,72,2.0675,2.7285,0.109,0.109,0.1091,2.9697,2.9697,2.9697,0.1287,7.5291
fCMR_Siemens_027,72,1.1896,3.6029,0.2147,0.2151,0.2153,0.5576,0.5576,0.5576,0.2567,3.4111
fCMR_Siemens_006,72,3.0171,3.4764,0.2976,0.6644,0.7659,2.3527,2.3527,2.3527,0.8077,8.0169
fCMR_Siemens_144,72,2.3818,2.7279,0.0598,0.0598,0.0598,1.5667,1.5667,1.5667,0.1344,4.605
fCMR_Siemens_068,72,2.8006,2.8734,0.8606,0.8606,0.8607,0.5706,0.5706,0.5706,0.8681,4.015
fCMR_Siemens_198,72,2.3092,1.6423,0.1677,0.4845,0.5945,2.0403,2.0403,2.0403,0.7317,9.5002
fCMR_Siemens_018,73,2.8367,2.2496,0.2654,0.2657,0.2658,1.6159,1.6159,1.6159,0.3298,5.6897
fCMR_Siemens_113,73,2.9165,1.0552,0.0616,0.0617,0.0617,6.4966,6.4966,6.4966,0.1072,15.7899
fCMR_Siemens_027,73,2.5631,2.4298,0.0685,0.4119,0.0684,2.8499,2.8499,2.8499,0.1353,7.6794
fCMR_Siemens_006,73,1.4676,1.5653,0.2132,0.2132,0.2132,2.0053,2.0053,2.0053,0.2354,4.7806
fCMR_Siemens_144,73,1.8474,1.2132,0.0421,0.0421,0.0421,2.1308,2.1308,2.1308,0.1087,5.8143
fCMR_Siemens_068,73,2.2993,1.6658,0.2633,0.2633,0.2633,4.3049,4.3049,4.3049,0.2991,10.9101
fCMR_Siemens_198,73,1.6012,1.8722,0.2108,0.2108,0.2108,2.9173,2.9173,2.9173,0.2297,7.0323
fCMR_Siemens_018,74,2.0715,3.3826,0.2712,0.3138,0.3267,1.6878,1.6878,1.6878,0.4004,7.7406
fCMR_Siemens_113,74,2.7012,2.6704,0.0436,0.0436,0.0436,4.5973,4.5973,4.5973,0.1162,10.7423
fCMR_Siemens_027,74,1.9777,2.3759,0.1713,0.1713,0.1713,2.0282,2.0282,2.0282,0.2188,4.8322
fCMR_Siemens_006,74,1.8386,2.4753,0.2315,0.2314,0.2314,4.7234,4.7234,4.7234,0.2416,11.1621
fCMR_Siemens_144,74,2.1109,1.4071,0.1496,0.1526,0.1497,2.1688,2.1688,2.1688,0.1702,5.1544
fCMR_Siemens_068,74,2.8568,2.456,0.7166,0.7156,0.7153,2.3451,2.3451,2.3451,0.7353,7.2801
fCMR_Siemens_198,74,1.8196,2.607,0.281,0.281,0.281,1.7469,1.7469,1.7469,0.3096,5.3704
fCMR_Siemens_018,75,2.6818,1.5385,0.4103,0.4099,0.4098,2.1645,2.1645,2.1645,0.4627,6.2389
fCMR_Siemens_113,75,2.843,3.5227,0.1943,0.1942,0.1942,1.4872,1.4872,1.4872,0.2096,4.6522
fCMR_Siemens_027,75,0.6085,1.5739,0.1924,0.1923,0.1923,0.4663,0.4663,0.4663,0.2124,1.9319
fCMR_Siemens_006,75,2.0655,2.4622,0.3134,0.3134,0.3134,4.1279,4.1279,4.1279,0.3324,11.6192
fCMR_Siemens_144,75,1.9005,2.3741,0.0635,0.0754,0.0634,1.7462,1.7462,1.7462,0.1109,4.9395
fCMR_Siemens_068,75,1.0455,3.4435,0.3447,0.3446,0.3445,2.9757,2.9757,2.9757,0.3603,8.2435
fCMR_Siemens_198,75,2.1947,1.7261,0.163,0.163,0.163,1.2321,1.2321,1.2321,0.2011,5.308
fCMR_Siemens_018,76,3.1124,3.2009,0.0488,0.0499,0.0503,0.2594,0.2594,0.2594,0.2559,2.211
fCMR_Siemens_113,76,2.4175,2.5033,0.0497,0.0497,0.0497,6.8409,6.8409,6.8409,0.1169,15.2393
fCMR_Siemens_027,76,2.4702,1.98,0.1378,0.1378,0.1378,0.9681,0.9681,0.9681,0.1657,3.5483
fCMR_Siemens_006,76,2.3957,2.8308,0.2612,0.2613,0.2613,2.1389,2.1389,2.1389,0.2744,5.3145
fCMR_Siemens_144,76,2.2944,2.0096,0.1838,0.1838,0.1838,1.2303,1.2303,1.2303,0.2034,3.8186
fCMR_Siemens_068,76,3.0473,1.8819,0.6146,0.4021,0.7063,5.0311,5.0311,5.0311,0.7767,12.1623
fCMR_Siemens_198,76,2.1195,3.2279,0.1898,0.1898,0.1898,0.165,0.165,0.165,0.2332,2.2316
fCMR_Siemens_018,77,0.7514,2.3761,0.2312,0.2336,0.2343,1.4494,1.4494,1.4494,0.3334,7.176
fCMR_Siemens_113,77,2.6988,1.8163,0.0713,0.0713,0.0713,4.0561,4.0561,4.0561,0.135,9.856
fCMR_Siemens_027,77,2.4055,2.098,0.1475,0.1475,0.1475,1.3707,1.3707,1.3707,0.1745,5.6336
fCMR_Siemens_006,77,1.2586,2.0002,0.2762,0.2762,0.2762,1.9366,1.9366,1.9366,0.2908,4.8249
fCMR_Siemens_144,77,2.817,3.0054,0.1028,0.1028,0.1028,2.2646,2.2646,2.2646,0.1417,6.1306
fCMR_Siemens_068,77,1.401,3.0418,0.3918,0.9539,0.3918,3.2558,3.2558,3.2558,0.4037,9.0994
fCMR_Siemens_198,77,1.61,1.7062,0.2456,0.2467,0.247,1.1854,1.1854,1.1854,0.2938,4.83
fCMR_Siemens_018,78,2.4914,2.6742,0.45,0.4561,0.4581,0.8978,0.8978,0.8978,0.4715,5.0384
fCMR_Siemens_113,78,1.751,1.9863,0.0648,0.0647,0.0647,8.0529,8.0529,8.0529,0.1113,18.0258
fCMR_Siemens_027,78,2.8015,0.836,0.1221,0.1221,0.1221,0.3514,0.3514,0.3514,0.2204,2.2951
fCMR_Siemens_006,78,2.7067,1.8212,0.2555,0.2555,0.2555,2.9266,2.9266,2.9266,0.2757,6.8624
fCMR_Siemens_144,78,1.8974,3.0718,0.1038,0.1039,0.1039,2.5605,2.5605,2.5605,0.1505,5.6428
fCMR_Siemens_068,78,2.5027,2.9824,0.4486,0.4485,0.4485,0.8513,0.8513,0.8513,0.4568,4.6228
fCMR_Siemens_198,78,1.4382,2.3206,0.3271,0.3271,0.3271,2.7773,2.7773,2.7773,0.3632,8.1526
fCMR_Siemens_018,79,3.059,2.6385,0.1801,0.1803,0.1804,1.3394,1.3394,1.3394,0.2681,7.4859
fCMR_Siemens_113,79,0.5121,1.3288,0.0272,0.0271,0.027,5.2771,5.2771,5.2771,0.1478,12.2458
fCMR_Siemens_027,79,1.7119,1.5556,0.1554,0.1553,0.1552,1.6438,1.6438,1.6438,0.1963,4.6834
fCMR_Siemens_006,79,1.7325,2.4835,0.2448,0.2449,0.245,2.8524,2.8524,2.8524,0.257,7.4792
fCMR_Siemens_144,79,1.0566,2.6677,0.0536,0.0536,0.0536,1.2336,1.2336,1.2336,0.1017,4.1884
fCMR_Siemens_068,79,2.6577,2.3063,0.6902,0.6904,0.6905,0.721,0.721,0.721,0.7064,4.8565
fCMR_Siemens_198,79,1.6077,2.8726,0.2782,0.2783,0.2783,1.0625,1.0625,1.0625,0.2931,3.6406
fCMR_Siemens_018,80,2.6076,3.5432,0.2644,0.2643,0.2643,1.3894,1.3894,1.3894,0.2933,3.4576
fCMR_Siemens_113,80,2.0306,3.0579,0.1098,0.11,0.11,3.6231,3.6231,3.6231,0.1533,9.1465
fCMR_Siemens_027,80,3.0164,2.7539,0.1603,0.1603,0.1603,1.7227,1.7227,1.7227,0.1787,3.9772
fCMR_Siemens_006,80,1.4015,2.8191,0.6575,0.7749,0.8075,0.5698,0.5698,0.5698,0.8186,3.9617
fCMR_Siemens_144,80,2.4868,2.9589,0.0885,0.0885,0.0885,0.8948,0.8948,0.8948,0.1314,2.7396
fCMR_Siemens_068,80,2.9238,2.6758,0.2522,0.252,0.2519,3.4463,3.4463,3.4463,0.324,9.0208
fCMR_Siemens_198,80,1.8792,2.3894,0.3622,0.3622,0.3622,1.3378,1.3378,1.3378,0.3799,5.785
fCMR_Siemens_018,81,1.8391,2.6569,0.1465,0.1473,0.1476,0.6013,0.6013,0.6013,0.272,4.1136
fCMR_Siemens_113,81,2.9471,2.9527,0.0662,0.0663,0.0663,4.5348,4.5348,4.5348,0.1273,9.9582
fCMR_Siemens_027,81,2.965,1.138,0.1505,0.1505,0.1505,3.2631,3.2631,3.2631,0.19,8.1525
fCMR_Siemens_006,81,2.2706,1.8372,0.3596,0.6853,0.7736,2.2258,2.2258,2.2258,0.7946,9.9398
fCMR_Siemens_144,81,2.2284,1.5921,0.0826,0.0827,0.0827,1.2539,1.2539,1.2539,0.1252,4.037
fCMR_Siemens_068,81,2.3315,1.6729,0.661,0.6594,0.6589,1.939,1.939,1.939,0.671,6.3127
fCMR_Siemens_198,81,1.8542,1.7479,0.3713,0.9825,0.3715,1.1994,1.1994,1.1994,0.4424,4.9242
fCMR_Siemens_018,82,2.9718,2.6705,0.2859,0.2944,0.2971,0.6156,0.6156,0.6156,0.3486,4.8781
fCMR_Siemens_113,82,1.7975,3.3233,0.0842,0.0748,0.0842,5.5406,5.5406,5.5406,0.1077,12.4634
fCMR_Siemens_027,82,3.0209,3.7588,0.1076,0.1076,0.1076,1.2677,1.2677,1.2677,0.1746,3.5065
fCMR_Siemens_006,82,2.7236,3.2826,0.2691,0.2697,0.2699,2.451,2.451,2.451,0.291,7.8226
fCMR_Siemens_144,82,1.3152,2.4999,0.1651,0.1652,0.1652,1.0725,1.0725,1.0725,0.1961,2.875
fCMR_Siemens_068,82,1.6747,2.2198,0.5068,0.8527,0.5221,0.8431,0.8431,0.8431,0.5428,3.6131
fCMR_Siemens_198,82,2.9472,1.1247,0.2937,0.2936,0.2936,1.5528,1.5528,1.5528,0.3064,4.721
fCMR_Siemens_018,83,0.8734,1.4147,0.5161,0.5148,0.5144,3.9139,3.9139,3.9139,0.5407,10.3278
fCMR_Siemens_113,83,2.0414,2.4403,0.1012,0.2423,0.1011,7.6787,7.6787,7.6787,0.1846,16.1357
fCMR_Siemens_027,83,1.6813,2.4097,0.1953,0.1953,0.1953,0.7901,0.7901,0.7901,0.2246,3.5632
fCMR_Siemens_006,83,2.2007,2.7627,0.2797,0.2797,0.2797,2.2467,2.2467,2.2467,0.2915,5.7152
fCMR_Siemens_144,83,1.4759,2.0494,0.0991,0.099,0.099,2.3367,2.3367,2.3367,0.1784,5.9136
fCMR_Siemens_068,83,2.3497,3.3004,0.4242,0.4242,0.4242,1.2675,1.2675,1.2675,0.4444,4.1809
fCMR_Siemens_198,83,1.7753,2.4735,0.2488,0.2488,0.2488,2.1728,2.1728,2.1728,0.2696,5.5034
fCMR_Siemens_018,84,2.1667,2.7955,0.3086,0.3084,0.3083,0.1242,0.1242,0.1242,0.342,2.0008
fCMR_Siemens_113,84,1.9079,2.8781,0.051,0.051,0.051,3.8036,3.8036,3.8036,0.0838,8.7978
fCMR_Siemens_027,84,1.2899,2.2752,0.1975,0.1979,0.198,0.2293,0.2293,0.2293,0.2267,2.7052
fCMR_Siemens_006,84,2.3801,1.2423,0.2717,0.2717,0.2717,1.9427,1.9427,1.9427,0.2936,6.0756
fCMR_Siemens_144,84,2.5792,3.3749,0.0983,0.0983,0.0983,1.1585,1.1585,1.1585,0.1293,3.8835
fCMR_Siemens_068,84,1.335,3.0605,0.3556,0.3558,0.3559,2.8296,2.8296,2.8296,0.3659,7.6348
fCMR_Siemens_198,84,2.5871,2.6432,0.2154,0.3272,0.2154,0.8866,0.8866,0.8866,0.2719,4.7308
fCMR_Siemens_018,85,2.4638,2.2616,0.3783,0.3784,0.3784,1.9417,1.9417,1.9417,0.3925,7.1695
fCMR_Siemens_113,85,2.9486,1.1198,0.0751,0.0751,0.0751,6.7027,6.7027,6.7027,0.1162,14.7742
fCMR_Siemens_027,85,2.8528,1.7819,0.1674,0.1674,0.1674,1.0404,1.0404,1.0404,0.1893,3.4674
fCMR_Siemens_006,85,1.8675,2.9281,0.3674,0.3691,0.3696,2.8971,2.8971,2.8971,0.395,8.4492
fCMR_Siemens_144,85,2.6581,2.4464,0.0987,0.0987,0.0987,1.7232,1.7232,1.7232,0.1331,4.2353
fCMR_Siemens_068,85,1.3185,3.0539,0.2419,0.242,0.2421,6.0499,6.0499,6.0499,0.2872,14.8364
fCMR_Siemens_198,85,3.0298,2.8849,0.2174,0.2174,0.2174,1.3534,1.3534,1.3534,0.2365,3.7052
fCMR_Siemens_018,86,1.8886,3.3924,0.4597,0.4597,0.4597,1.2841,1.2841,1.2841,0.4892,4.0055
fCMR_Siemens_113,86,2.6128,2.7592,0.0519,0.1081,0.0519,5.3669,5.3669,5.3669,0.0809,12.3858
fCMR_Siemens_027,86,1.2561,1.5766,0.12,0.1199,0.1199,0.3282,0.3282,0.3282,0.1634,2.2654
fCMR_Siemens_006,86,2.2925,2.4879,0.2826,1.3412,0.211,2.3784,2.3784,2.3784,1.3396,8.8574
fCMR_Siemens_144,86,3.0045,2.2775,0.0987,0.0988,0.0988,2.5721,2.5721,2.5721,0.1875,6.5929
fCMR_Siemens_068,86,2.6674,0.9269,0.6439,0.6448,0.6451,0.9834,0.9834,0.9834,0.6476,5.8857
fCMR_Siemens_198,86,1.9757,1.4091,0.3205,0.3205,0.3205,2.464,2.464,2.464,0.3284,6.746
fCMR_Siemens_018,87,2.0454,2.6817,0.2617,0.261,0.2608,2.1931,2.1931,2.1931,0.3848,7.1542
fCMR_Siemens_113,87,1.711,2.135,0.103,0.1031,0.1032,7.4064,7.4064,7.4064,0.141,16.8504
fCMR_Siemens_027,87,2.7868,2.8384,0.1942,0.1942,0.1942,0.9816,0.9816,0.9816,0.2351,2.6133
fCMR_Siemens_006,87,2.5605,2.0948,0.3834,0.7357,0.8322,1.7191,1.7191,1.7191,0.8781,7.5829
fCMR_Siemens_144,87,2.8562,2.7364,0.0939,0.094,0.094,1.0553,1.0553,1.0553,0.1213,3.1439
fCMR_Siemens_068,87,3.1155,2.5301,0.3284,0.3355,0.3377,1.521,1.521,1.521,0.3945,7.7193
fCMR_Siemens_198,87,1.5914,2.9469,0.2464,0.2464,0.2464,0.6295,0.6295,0.6295,0.2731,4.8149
fCMR_Siemens_018,88,2.4343,2.8781,0.4793,1.2097,0.4961,1.9814,1.9814,1.9814,0.5901,8.3628
fCMR_Siemens_113,88,2.027,1.1854,0.0953,0.0953,0.0953,5.0641,5.0641,5.0641,0.1088,11.1036
fCMR_Siemens_027,88,0.9276,2.2432,0.2669,0.2682,0.2687,1.4407,1.4407,1.4407,0.3081,5.597
fCMR_Siemens_006,88,1.3543,2.3451,0.3289,0.4027,0.7498,3.1687,3.1687,3.1687,0.8274,15.4389
fCMR_Siemens_144,88,1.2152,3.1231,0.1605,0.1605,0.1605,0.9212,0.9212,0.9212,0.178,3.429
fCMR_Siemens_068,88,2.5625,3.153,0.4494,0.4503,0.4505,2.4361,2.4361,2.4361,0.4573,8.4034
fCMR_Siemens_198,88,2.6056,3.3671,0.2246,0.2246,0.2246,0.7366,0.7366,0.7366,0.2386,3.3003
fCMR_Siemens_018,89,2.7184,2.9672,0.3278,0.329,0.3294,0.7838,0.7838,0.7838,0.3666,3.2242
fCMR_Siemens_113,89,2.6784,2.8849,0.0142,0.0142,0.0142,4.4957,4.4957,4.4957,0.1378,9.4599
fCMR_Siemens_027,89,2.3782,2.102,0.152,0.152,0.152,1.3263,1.3263,1.3263,0.2054,3.9837
fCMR_Siemens_006,89,1.5882,2.3784,0.2739,0.2739,0.2739,2.4842,2.4842,2.4842,0.2824,5.8209
fCMR_Siemens_144,89,1.0598,2.2831,0.1237,0.1237,0.1237,2.1136,2.1136,2.1136,0.1575,5.4874
fCMR_Siemens_068,89,2.9011,2.9146,0.4167,0.4165,0.4165,1.672,1.672,1.672,0.4436,4.8406
fCMR_Siemens_198,89,0.6226,2.4385,0.1502,0.1502,0.1502,0.8072,0.8072,0.8072,0.1807,4.3167
fCMR_Siemens_018,90,1.651,2.1845,0.4969,0.1683,0.5044,1.7621,1.7621,1.7621,0.5678,9.4822
fCMR_Siemens_113,90,2.1681,1.9564,0.0791,0.0791,0.0791,4.2705,4.2705,4.2705,0.1019,10.8438
fCMR_Siemens_027,90,2.0125,2.3237,0.1682,0.1589,0.1688,1.2755,1.2755,1.2755,0.259,5.6297
fCMR_Siemens_006,90,3.098,2.3142,0.2039,0.204,0.204,1.5137,1.5137,1.5137,0.2494,5.5768
fCMR_Siemens_144,90,1.5577,3.4873,0.1725,0.1875,0.1922,0.0693,0.0693,0.0693,0.3082,2.6278
fCMR_Siemens_068,90,0.484,2.213,0.721,0.7208,0.7208,1.7684,1.7684,1.7684,0.723,4.5653
fCMR_Siemens_198,90,1.7927,2.2686,0.1927,0.1927,0.1927,2.2369,2.2369,2.2369,0.2261,6.7336
fCMR_Siemens_018,91,2.7143,2.43,0.2641,0.264,0.264,0.2149,0.2149,0.2149,0.3015,2.806
fCMR_Siemens_113,91,2.4812,3.2613,0.2532,0.2533,0.2533,7.9003,7.9003,7.9003,0.2736,17.5115
fCMR_Siemens_027,91,2.3036,2.6004,0.1918,0.192,0.1921,4.2272,4.2272,4.2272,0.2126,10.4808
fCMR_Siemens_006,91,2.8245,0.6826,0.303,0.3031,0.3031,1.0032,1.0032,1.0032,0.3127,3.728
fCMR_Siemens_144,91,1.4851,2.336,0.116,0.116,0.116,1.7554,1.7554,1.7554,0.1433,5.9608
fCMR_Siemens_068,91,2.6909,3.1659,0.3089,0.3089,0.3089,3.7077,3.7077,3.7077,0.3349,10.2971
fCMR_Siemens_198,91,3.1374,2.4757,0.2239,0.2239,0.2239,0.4053,0.4053,0.4053,0.2345,2.0102
fCMR_Siemens_018,92,2.0658,3.5908,0.5035,0.5072,0.5083,1.6008,1.6008,1.6008,0.6667,12.5605
fCMR_Siemens_113,92,3.0769,3.2355,0.0646,0.0648,0.0648,4.5955,4.5955,4.5955,0.2098,11.2425
fCMR_Siemens_027,92,2.3619,2.9654,0.0904,0.0901,0.0901,2.9524,2.9524,2.9524,0.1838,9.0559
fCMR_Siemens_006,92,2.3058,1.6474,0.3385,0.3388,0.3389,1.9314,1.9314,1.9314,0.3532,5.7827
fCMR_Siemens_144,92,2.5815,2.5908,0.1191,0.1192,0.1192,1.25,1.25,1.25,0.1772,4.1587
fCMR_Siemens_068,92,2.6556,1.6376,0.9697,0.7532,0.9699,1.0096,1.0096,1.0096,0.9749,3.3696
fCMR_Siemens_198,92,2.3785,1.3706,0.2929,0.2929,0.2929,1.4501,1.4501,1.4501,0.3194,3.651
fCMR_Siemens_018,93,2.3527,1.9106,0.2088,0.2092,0.2094,0.6023,0.6023,0.6023,0.2576,3.2422
fCMR_Siemens_113,93,3.1145,3.2993,0.0413,0.0413,0.0413,3.8094,3.8094,3.8094,0.162,8.3927
fCMR_Siemens_027,93,1.562,0.8783,0.2159,0.2159,0.2159,0.9801,0.9801,0.9801,0.2364,3.6177
fCMR_Siemens_006,93,1.6731,1.262,0.2033,0.2035,0.2036,3.3867,3.3867,3.3867,0.2591,8.8975
fCMR_Siemens_144,93,3.1415,2.0339,0.1828,0.1828,0.1828,4.4426,4.4426,4.4426,0.197,9.9483
fCMR_Siemens_068,93,0.5241,1.4088,0.5858,0.5875,0.588,0.9274,0.9274,0.9274,0.5963,3.128
fCMR_Siemens_198,93,2.1089,3.7242,0.2316,0.2316,0.2316,0.4061,0.4061,0.4061,0.2431,2.062
fCMR_Siemens_018,94,3.0259,2.8961,0.5231,0.5295,0.5316,1.9692,1.9692,1.9692,0.5458,5.9078
fCMR_Siemens_113,94,3.0906,2.2489,0.117,0.1171,0.1171,4.2331,4.2331,4.2331,0.1491,9.4524
fCMR_Siemens_027,94,1.4033,1.6689,0.0784,0.0784,0.0784,1.1888,1.1888,1.1888,0.1771,3.2321
fCMR_Siemens_006,94,1.2864,3.0346,0.2454,0.3332,0.7571,1.1907,1.1907,1.1907,0.8177,5.5186
fCMR_Siemens_144,94,3.1231,2.7453,0.06,0.06,0.06,1.8631,1.8631,1.8631,0.103,4.8493
fCMR_Siemens_068,94,1.9792,2.8992,0.4218,0.4229,0.4232,0.8839,0.8839,0.8839,0.4742,4.1592
fCMR_Siemens_198,94,2.7402,2.1115,0.3462,0.3463,0.3463,2.8449,2.8449,2.8449,0.3584,9.6049
fCMR_Siemens_018,95,2.4508,2.1,0.2641,0.2641,0.2641,0.9504,0.9504,0.9504,0.2962,5.5453
fCMR_Siemens_113,95,1.0719,3.1561,0.0805,0.0806,0.0806,4.1647,4.1647,4.1647,0.164,11.9874
fCMR_Siemens_027,95,1.233,2.1178,0.1702,0.1702,0.1702,2.8867,2.8867,2.8867,0.206,7.3255
fCMR_Siemens_006,95,2.2248,2.3159,0.4264,0.274,0.7919,2.3662,2.3662,2.3662,0.8483,8.0178
fCMR_Siemens_144,95,2.5362,1.777,0.132,0.132,0.132,2.3598,2.3598,2.3598,0.1811,5.8334
fCMR_Siemens_068,95,2.4957,2.5359,0.5423,0.5423,0.5424,2.6017,2.6017,2.6017,0.5575,6.9141
fCMR_Siemens_198,95,2.3542,3.3592,0.2471,0.2471,0.2471,1.2136,1.2136,1.2136,0.2586,3.0584
fCMR_Siemens_018,96,2.6773,2.7429,0.117,0.1174,0.1175,2.5349,2.5349,2.5349,0.1609,6.4381
fCMR_Siemens_113,96,2.5924,2.8482,0.0663,0.0663,0.0663,4.1466,4.1466,4.1466,0.1084,11.0689
fCMR_Siemens_027,96,1.6657,3.3789,0.1768,0.1776,0.1778,0.4901,0.4901,0.4901,0.2847,3.5779
fCMR_Siemens_006,96,1.5576,2.5828,0.2628,0.2631,0.2632,3.1151,3.1151,3.1151,0.3773,8.167
fCMR_Siemens_144,96,1.8477,3.8376,0.0985,0.0986,0.0987,2.6061,2.6061,2.6061,0.1644,6.8417
fCMR_Siemens_068,96,2.5631,1.7531,0.2325,0.2324,0.2324,1.4637,1.4637,1.4637,0.2459,5.3663
fCMR_Siemens_198,96,2.5863,2.3995,0.2375,0.2375,0.2375,1.971,1.971,1.971,0.2582,5.8527
fCMR_Siemens_018,97,1.6313,3.0585,0.1253,0.2585,0.1258,2.0112,2.0112,2.0112,0.1829,6.5316
fCMR_Siemens_113,97,1.4066,1.9243,0.0548,0.055,0.0551,5.6933,5.6933,5.6933,0.1344,13.8839
fCMR_Siemens_027,97,1.6182,2.5674,0.1411,0.141,0.141,1.2532,1.2532,1.2532,0.205,4.3704
fCMR_Siemens_006,97,2.7641,1.9977,0.2069,0.7554,0.3569,2.8297,2.8297,2.8297,0.778,8.8034
fCMR_Siemens_144,97,3.1145,2.3254,0.2389,0.5389,0.621,1.2039,1.2039,1.2039,0.6824,5.745
fCMR_Siemens_068,97,2.1767,2.686,0.7621,0.7832,0.7894,2.2812,2.2812,2.2812,0.8127,7.9235
fCMR_Siemens_198,97,2.279,1.9578,0.175,0.175,0.175,1.3799,1.3799,1.3799,0.2144,4.4791
fCMR_Siemens_018,98,2.8951,1.9892,0.7386,0.3109,0.8015,5.165,5.165,5.165,0.8376,15.0485
fCMR_Siemens_113,98,2.4676,2.1969,0.1288,0.1288,0.1288,7.884,7.884,7.884,0.1664,16.9901
fCMR_Siemens_027,98,2.039,3.0348,0.0871,0.4375,0.0867,1.6864,1.6864,1.6864,0.2256,6.0755
fCMR_Siemens_006,98,2.2755,2.7784,0.2267,0.2267,0.2268,2.9323,2.9323,2.9323,0.2444,7.0853
fCMR_Siemens_144,98,1.4692,1.1606,0.1511,0.151,0.151,1.3898,1.3898,1.3898,0.1919,3.857
fCMR_Siemens_068,98,1.7826,2.8893,0.1927,0.1927,0.1927,4.2893,4.2893,4.2893,0.2109,10.0496
fCMR_Siemens_198,98,3.0681,2.3782,0.194,0.3163,0.1941,1.0078,1.0078,1.0078,0.2768,5.0733
fCMR_Siemens_018,99,2.1504,2.339,0.5519,0.7292,0.8531,1.5533,1.5533,1.5533,1.113,8.5791
fCMR_Siemens_113,99,2.1068,2.8501,0.1255,0.1255,0.1254,5.9626,5.9626,5.9626,0.1749,14.3117
fCMR_Siemens_027,99,3.1007,2.3096,0.1996,0.1997,0.1997,2.4297,2.4297,2.4297,0.2445,5.972
fCMR_Siemens_006,99,3.109,2.5588,0.3251,0.3251,0.325,2.8788,2.8788,2.8788,0.3679,7.0313
fCMR_Siemens_144,99,2.6221,2.5388,0.0841,0.0841,0.084,0.9129,0.9129,0.9129,0.1125,2.9874
fCMR_Siemens_068,99,2.9497,1.9095,0.3669,0.673,0.5141,2.1777,2.1777,2.1777,0.8437,7.5646
fCMR_Siemens_198,99,1.8966,2.6639,0.201,0.2014,0.2015,1.6485,1.6485,1.6485,0.2213,5.241
fCMR_Siemens_018,100,1.7819,3.6606,0.1969,0.453,0.1991,0.0756,0.0756,0.0756,0.3266,2.7589
fCMR_Siemens_113,100,2.5659,2.4313,0.0622,0.0622,0.0622,7.1521,7.1521,7.1521,0.1388,15.4704
fCMR_Siemens_027,100,2.8596,2.9796,0.0741,0.0741,0.0741,1.8761,1.8761,1.8761,0.1803,6.3324
fCMR_Siemens_006,100,2.8209,2.4977,0.4043,0.3621,0.93,0.769,0.769,0.769,0.9086,8.7951
fCMR_Siemens_144,100,2.1683,0.8625,0.1463,0.1463,0.1463,2.921,2.921,2.921,0.1716,7.3095
fCMR_Siemens_068,100,2.5236,3.3471,0.6695,0.6713,0.6719,3.8386,3.8386,3.8386,0.6885,9.8607
fCMR_Siemens_198,100,2.6088,2.5208,0.2222,0.2222,0.2222,1.1527,1.1527,1.1527,0.2339,3.6244
fCMR_Siemens_018,101,0.9996,2.9698,0.1681,0.168,0.1679,1.7266,1.7266,1.7266,0.2225,5.2339
fCMR_Siemens_113,101,1.803,2.2348,0.0456,0.0456,0.0456,5.9177,5.9177,5.9177,0.1263,14.5364
fCMR_Siemens_027,101,2.4597,3.0871,0.1195,0.1194,0.1194,0.8082,0.8082,0.8082,0.1879,3.1105
fCMR_Siemens_006,101,2.859,3.3506,0.2554,0.5775,0.6733,3.4723,3.4723,3.4723,0.7547,11.1456
fCMR_Siemens_144,101,2.3685,3.7393,0.1067,0.1068,0.1068,0.9813,0.9813,0.9813,0.1512,3.5879
fCMR_Siemens_068,101,3.014,4.0231,0.6029,0.6029,0.6029,0.9696,0.9696,0.9696,0.609,2.8743
fCMR_Siemens_198,101,1.443,3.2725,0.3206,0.3206,0.3206,1.7172,1.7172,1.7172,0.3401,5.5234
fCMR_Siemens_018,102,1.5915,3.4383,0.1559,0.1562,0.1563,1.8464,1.8464,1.8464,0.229,5.8482
fCMR_Siemens_113,102,2.1577,1.8674,0.129,0.129,0.129,2.357,2.357,2.357,0.1472,6.6635
fCMR_Siemens_027,102,2.6998,2.7097,0.1644,0.1644,0.1644,2.302,2.302,2.302,0.1909,6.7944
fCMR_Siemens_006,102,2.6111,3.2504,0.2857,0.2857,0.2857,2.8912,2.8912,2.8912,0.3315,7.7656
fCMR_Siemens_144,102,2.8612,2.6661,0.0639,0.064,0.064,2.0312,2.0312,2.0312,0.1856,6.617
fCMR_Siemens_068,102,2.6574,2.0093,0.3641,0.3649,0.3651,2.234,2.234,2.234,0.4166,7.1473
fCMR_Siemens_198,102,2.311,2.5127,0.2726,0.2726,0.2726,3.1286,3.1286,3.1286,0.2865,8.5476
fCMR_Siemens_018,103,1.6741,2.4906,0.3444,0.3446,0.3446,1.0366,1.0366,1.0366,0.3652,3.4276
fCMR_Siemens_113,103,3.1146,3.2939,0.1665,0.1665,0.1665,2.4616,2.4616,2.4616,0.1736,6.3634
fCMR_Siemens_027,103,2.2177,2.2397,0.2029,0.2029,0.2029,0.5753,0.5753,0.5753,0.2224,3.1836
fCMR_Siemens_006,103,1.0815,3.1037,0.2671,0.2671,0.2671,1.8665,1.8665,1.8665,0.2894,5.2596
fCMR_Siemens_144,103,1.2513,3.075,0.1216,0.1216,0.1216,1.7826,1.7826,1.7826,0.1801,4.4304
fCMR_Siemens_068,103,2.8521,1.983,0.2226,0.2225,0.2225,2.6184,2.6184,2.6184,0.2738,7.1044
fCMR_Siemens_198,103,3.1304,2.4894,0.24,0.24,0.24,1.8704,1.8704,1.8704,0.2554,5.4402
fCMR_Siemens_018,104,2.4972,2.9863,0.2568,0.2652,0.2679,1.7359,1.7359,1.7359,0.3263,8.7315
fCMR_Siemens_113,104,2.6088,2.984,0.0589,0.0589,0.0588,5.532,5.532,5.532,0.106,11.768
fCMR_Siemens_027,104,1.4745,2.1658,0.1202,0.1202,0.1202,1.8837,1.8837,1.8837,0.1657,6.1416
fCMR_Siemens_006,104,2.7416,2.1913,0.4417,0.6395,0.6941,1.0344,1.0344,1.0344,0.7176,3.8534
fCMR_Siemens_144,104,2.1076,0.7842,0.179,0.179,0.179,2.4589,2.4589,2.4589,0.1906,6.858
fCMR_Siemens_068,104,3.0912,1.6244,0.7749,0.7792,0.7805,1.9472,1.9472,1.9472,0.7924,7.914
fCMR_Siemens_198,104,2.1187,1.5827,0.2468,0.5987,0.5486,4.0585,4.0585,4.0585,0.7317,11.3152
fCMR_Siemens_018,105,1.6407,2.8038,0.2271,0.2314,0.2328,1.5364,1.5364,1.5364,0.3025,5.2442
fCMR_Siemens_113,105,2.053,2.1649,0.1365,0.1364,0.1364,11.1148,11.1148,11.1148,0.1687,23.0567
fCMR_Siemens_027,105,2.8489,2.7356,0.2052,0.2051,0.2051,3.5278,3.5278,3.5278,0.2631,8.4814
fCMR_Siemens_006,105,2.0996,1.7699,0.3724,1.2949,1.368,2.1195,2.1195,2.1195,1.3475,10.3564
fCMR_Siemens_144,105,2.4554,2.6457,0.0683,0.0683,0.0682,1.1683,1.1683,1.1683,0.1448,3.5401
fCMR_Siemens_068,105,2.4717,3.0511,0.3588,0.5648,0.3613,1.1137,1.1137,1.1137,0.396,5.0492
fCMR_Siemens_198,105,1.6577,2.4499,0.1831,0.1831,0.1831,1.2,1.2,1.2,0.201,3.9044
fCMR_Siemens_018,106,2.7451,1.5482,0.5036,0.5505,0.9182,2.76,2.76,2.76,1.044,9.5064
fCMR_Siemens_113,106,1.3292,2.7695,0.0894,0.0894,0.0894,4.6569,4.6569,4.6569,0.1107,10.4674
fCMR_Siemens_027,106,3.0187,3.7176,0.1084,0.1084,0.1084,2.8028,2.8028,2.8028,0.149,7.0448
fCMR_Siemens_006,106,2.5806,3.1687,0.3066,0.3072,0.3073,3.5622,3.5622,3.5622,0.3423,9.852
fCMR_Siemens_144,106,2.644,2.9995,0.1202,0.1203,0.1204,2.3874,2.3874,2.3874,0.135,5.9938
fCMR_Siemens_068,106,3.1105,1.6053,0.3922,0.4172,0.425,4.1549,4.1549,4.1549,0.5237,12.385
fCMR_Siemens_198,106,1.9453,2.515,0.1924,0.1924,0.1924,1.6928,1.6928,1.6928,0.2095,4.8404
fCMR_Siemens_018,107,2.7016,2.504,0.3708,0.3731,0.3739,1.6227,1.6227,1.6227,0.4213,5.685
fCMR_Siemens_113,107,3.0865,2.8597,0.0982,0.0757,0.0982,6.399,6.399,6.399,0.1179,13.6532
fCMR_Siemens_027,107,1.2964,2.8783,0.156,0.156,0.1559,0.7989,0.7989,0.7989,0.2081,3.272
fCMR_Siemens_006,107,0.5339,2.9809,0.1861,0.186,0.186,2.2235,2.2235,2.2235,0.2166,5.7331
fCMR_Siemens_144,107,2.9537,0.83,0.0588,0.0588,0.0588,1.3366,1.3366,1.3366,0.1136,3.7788
fCMR_Siemens_068,107,1.7761,2.6846,0.5359,0.536,0.536,1.774,1.774,1.774,0.5468,6.8339
fCMR_Siemens_198,107,2.2221,2.4817,0.3057,0.3057,0.3057,3.0559,3.0559,3.0559,0.3105,7.4965
fCMR_Siemens_018,108,1.6232,1.5791,0.7796,1.3035,0.7734,2.6025,2.6025,2.6025,0.8354,8.2774
fCMR_Siemens_113,108,1.7668,2.487,0.1149,0.115,0.115,6.1361,6.1361,6.1361,0.1735,14.1489
fCMR_Siemens_027,108,2.9986,2.953,0.1171,0.1171,0.1171,1.1778,1.1778,1.1778,0.1524,3.4155
fCMR_Siemens_006,108,2.5512,2.4876,0.7051,1.2236,1.2785,0.8972,0.8972,0.8972,1.3121,8.6062
fCMR_Siemens_144,108,1.7046,3.1745,0.1406,0.1406,0.1406,1.9698,1.9698,1.9698,0.1958,4.8878
fCMR_Siemens_068,108,2.7231,2.1195,0.6249,0.6249,0.6248,0.8894,0.8894,0.8894,0.6297,3.8555
fCMR_Siemens_198,108,2.4319,3.3011,0.2543,0.2542,0.2542,1.1082,1.1082,1.1082,0.2726,3.7853
fCMR_Siemens_018,109,1.8419,3.2007,0.6861,0.6883,0.6891,1.972,1.972,1.972,0.8217,10.7475
fCMR_Siemens_113,109,1.0937,2.305,0.1817,0.1818,0.1818,4.9429,4.9429,4.9429,0.2133,11.432
fCMR_Siemens_027,109,2.9462,3.7605,0.1591,0.2969,0.159,0.9843,0.9843,0.9843,0.2076,3.6914
fCMR_Siemens_006,109,2.0995,2.2891,0.1907,0.1906,0.1906,3.1672,3.1672,3.1672,0.238,8.3357
fCMR_Siemens_144,109,1.7087,3.2634,0.1332,0.133,0.1329,2.6275,2.6275,2.6275,0.2241,6.4049
fCMR_Siemens_068,109,2.4927,1.5467,0.2693,0.2695,0.2695,4.1865,4.1865,4.1865,0.2998,9.941
fCMR_Siemens_198,109,3.1277,3.3272,0.2424,0.2424,0.2424,1.1198,1.1198,1.1198,0.2498,6.1987
fCMR_Siemens_018,110,2.1073,2.9968,0.4668,1.7639,0.4839,3.1705,3.1705,3.1705,0.7252,9.5149
fCMR_Siemens_113,110,2.4701,2.4463,0.0776,0.0776,0.0776,5.3679,5.3679,5.3679,0.142,12.4628
fCMR_Siemens_027,110,2.2583,2.6586,0.1792,0.1793,0.1793,2.6639,2.6639,2.6639,0.2162,9.3008
fCMR_Siemens_006,110,1.9773,1.5047,0.2089,0.2088,0.2088,3.2786,3.2786,3.2786,0.2428,7.5387
fCMR_Siemens_144,110,2.4574,2.2709,0.085,0.085,0.085,0.6703,0.6703,0.6703,0.1185,2.2379
fCMR_Siemens_068,110,1.5541,2.577,0.7404,0.9147,0.9643,3.7141,3.7141,3.7141,1.0397,10.2529
fCMR_Siemens_198,110,3.0147,2.5594,0.2331,0.2331,0.2332,1.9414,1.9414,1.9414,0.2543,5.4036
fCMR_Siemens_018,111,3.0468,1.5707,0.2162,0.2166,0.2168,0.9432,0.9432,0.9432,0.2308,4.2527
fCMR_Siemens_113,111,1.9499,2.4578,0.0422,0.0813,0.0418,6.5584,6.5584,6.5584,0.145,15.0964
fCMR_Siemens_027,111,2.7607,2.5529,0.1242,0.1242,0.1242,0.771,0.771,0.771,0.1586,3.1468
fCMR_Siemens_006,111,2.985,2.0061,0.2422,0.3877,0.7515,1.0059,1.0059,1.0059,0.8166,6.4802
fCMR_Siemens_144,111,2.4893,1.9816,0.1939,0.1941,0.1941,1.352,1.352,1.352,0.2362,3.3891
fCMR_Siemens_068,111,2.7369,2.0194,0.244,0.2439,0.2439,3.0312,3.0312,3.0312,0.2705,8.2202
fCMR_Siemens_198,111,3.0252,2.1907,0.1976,0.1976,0.1975,1.3699,1.3699,1.3699,0.2177,4.426
fCMR_Siemens_018,112,1.5701,3.6391,0.2801,0.2805,0.2807,0.9285,0.9285,0.9285,0.328,3.3969
fCMR_Siemens_113,112,2.4136,2.5602,0.1268,0.1268,0.1268,5.0489,5.0489,5.0489,0.1562,12.394
fCMR_Siemens_027,112,1.8854,0.754,0.1591,0.1591,0.1591,0.8359,0.8359,0.8359,0.1854,4.176
fCMR_Siemens_006,112,2.4612,3.1485,0.4719,0.7148,0.7805,1.7903,1.7903,1.7903,0.8102,4.6221
fCMR_Siemens_144,112,0.6355,2.5107,0.0775,0.0774,0.0774,0.8823,0.8823,0.8823,0.1679,2.7194
fCMR_Siemens_068,112,1.7146,3.2174,0.6384,0.6549,0.66,0.196,0.196,0.196,0.6835,3.5308
fCMR_Siemens_198,112,1.8336,1.6758,0.2806,0.2805,0.2805,1.0071,1.0071,1.0071,0.2891,3.9202
fCMR_Siemens_018,113,2.1298,2.7406,0.4565,0.9915,0.5254,1.2873,1.2873,1.2873,0.6346,15.0075
fCMR_Siemens_113,113,2.5264,1.6898,0.1199,0.1198,0.1197,4.1247,4.1247,4.1247,0.1742,8.8874
fCMR_Siemens_027,113,2.3243,2.1907,0.0874,0.0873,0.0872,0.0305,0.0305,0.0305,0.2141,3.1993
fCMR_Siemens_006,113,2.127,2.063,0.1832,0.1855,0.1862,2.3239,2.3239,2.3239,0.2526,8.9952
fCMR_Siemens_144,113,2.6935,2.2291,0.0901,0.0901,0.0901,1.2349,1.2349,1.2349,0.1341,3.4391
fCMR_Siemens_068,113,2.629,1.527,0.509,0.5129,0.5141,0.7823,0.7823,0.7823,0.5437,4.4881
fCMR_Siemens_198,113,2.5516,2.6366,0.2113,0.2113,0.2113,0.5634,0.5634,0.5634,0.2849,3.0818
fCMR_Siemens_018,114,2.6976,3.0024,0.185,0.1912,0.1931,0.4041,0.4041,0.4041,0.3389,3.951
fCMR_Siemens_113,114,2.6843,1.6313,0.0423,0.0423,0.0423,6.7017,6.7017,6.7017,0.0752,15.0295
fCMR_Siemens_027,114,2.057,1.3079,0.1477,0.1477,0.1477,1.0962,1.0962,1.0962,0.2067,3.0707
fCMR_Siemens_006,114,2.0413,2.4096,0.506,0.7879,0.864,2.8017,2.8017,2.8017,0.8787,8.8746
fCMR_Siemens_144,114,2.9611,2.1993,0.1942,0.1942,0.1942,1.7358,1.7358,1.7358,0.2206,5.8294
fCMR_Siemens_068,114,1.8927,2.469,0.7854,0.7854,0.7854,0.2546,0.2546,0.2546,0.7894,2.7008
fCMR_Siemens_198,114,1.0496,1.4275,0.2189,0.2189,0.2189,0.5728,0.5728,0.5728,0.2265,1.994
fCMR_Siemens_018,115,1.3615,2.039,0.5963,0.7159,0.7512,3.1616,3.1616,3.1616,0.8852,9.3229
fCMR_Siemens_113,115,1.8675,3.5039,0.1755,0.1755,0.1755,1.9362,1.9362,1.9362,0.1917,5.1183
fCMR_Siemens_027,115,2.7653,3.1621,0.1591,0.1592,0.1592,1.4306,1.4306,1.4306,0.2133,4.0748
fCMR_Siemens_006,115,3.0321,3.2367,0.4654,0.7104,0.7776,3.144,3.144,3.144,0.8193,11.1211
fCMR_Siemens_144,115,3.0549,1.5338,0.1441,0.1441,0.1442,2.6719,2.6719,2.6719,0.1673,6.2301
fCMR_Siemens_068,115,1.642,3.022,0.6372,0.2827,0.6479,1.0573,1.0573,1.0573,0.6619,5.8506
fCMR_Siemens_198,115,3.1302,2.8072,0.3512,0.537,0.5237,1.6137,1.6137,1.6137,0.6732,6.4115
fCMR_Siemens_018,116,2.7896,0.7094,0.3109,0.3152,0.3166,0.6552,0.6552,0.6552,0.3615,4.6966
fCMR_Siemens_113,116,2.2644,2.3496,0.1004,0.1004,0.1004,6.6174,6.6174,6.6174,0.1372,14.1114
fCMR_Siemens_027,116,1.7855,2.4313,0.1525,0.1525,0.1525,3.1468,3.1468,3.1468,0.176,8.6806
fCMR_Siemens_006,116,1.5512,2.5523,0.1791,0.1791,0.1791,2.2057,2.2057,2.2057,0.2098,6.0384
fCMR_Siemens_144,116,2.123,3.1319,0.1707,0.6256,0.4922,1.3978,1.3978,1.3978,0.7362,4.7413
fCMR_Siemens_068,116,1.7154,2.3043,0.4726,0.2994,0.4734,0.2777,0.2777,0.2777,0.489,2.2614
fCMR_Siemens_198,116,2.6296,2.0355,0.2096,0.2095,0.2095,1.023,1.023,1.023,0.2421,4.0581
fCMR_Siemens_018,117,2.4291,3.3204,0.0904,0.4188,0.7012,2.7154,2.7154,2.7154,0.7911,11.4226
fCMR_Siemens_113,117,2.406,0.9549,0.1164,0.1164,0.1164,8.2196,8.2196,8.2196,0.1367,18.34
fCMR_Siemens_027,117,2.6236,0.9787,0.1331,0.1331,0.1331,0.306,0.306,0.306,0.1598,0.9854
fCMR_Siemens_006,117,3.0424,2.7689,0.3061,0.6294,0.7168,2.5537,2.5537,2.5537,0.75,8.074
fCMR_Siemens_144,117,2.0091,3.1558,0.1652,0.165,0.1649,1.5132,1.5132,1.5132,0.2393,5.6609
fCMR_Siemens_068,117,3.0788,2.7308,0.6941,0.6942,0.6942,1.159,1.159,1.159,0.7025,4.3191
fCMR_Siemens_198,117,2.733,1.2144,0.2783,0.2785,0.2786,1.5786,1.5786,1.5786,0.3046,4.5661
fCMR_Siemens_018,118,2.746,1.6293,0.255,0.2554,0.2555,0.3091,0.3091,0.3091,0.3095,2.1238
fCMR_Siemens_113,118,1.4794,1.4938,0.0535,0.0535,0.0535,6.7821,6.7821,6.7821,0.1316,14.7718
fCMR_Siemens_027,118,2.5848,2.8464,0.2097,0.2097,0.2097,0.8919,0.8919,0.8919,0.2342,3.4148
fCMR_Siemens_006,118,3.0773,2.1365,0.2817,0.654,0.7559,1.3546,1.3546,1.3546,0.7903,8.5526
fCMR_Siemens_144,118,3.0117,1.691,0.124,0.124,0.124,1.6228,1.6228,1.6228,0.1408,4.9708
fCMR_Siemens_068,118,2.6647,2.0614,0.6256,0.6288,0.6298,3.2433,3.2433,3.2433,0.6401,7.7616
fCMR_Siemens_198,118,1.1867,3.2218,0.2356,0.2355,0.2355,1.1251,1.1251,1.1251,0.2543,4.1451
fCMR_Siemens_018,119,2.7373,2.1158,0.2417,0.2417,0.2416,0.5605,0.5605,0.5605,0.2711,4.5628
fCMR_Siemens_113,119,1.2176,2.6041,0.0991,0.0994,0.0995,5.8486,5.8486,5.8486,0.1574,14.2655
fCMR_Siemens_027,119,2.2826,1.5781,0.1039,0.1038,0.1038,0.5913,0.5913,0.5913,0.174,3.9889
fCMR_Siemens_006,119,2.6246,1.6781,0.2914,0.6935,0.8101,2.9205,2.9205,2.9205,0.8528,11.4096
fCMR_Siemens_144,119,1.9385,2.9283,0.1418,0.1418,0.1418,0.8678,0.8678,0.8678,0.1533,2.4356
fCMR_Siemens_068,119,2.0903,2.2793,0.4321,0.4322,0.4322,1.2816,1.2816,1.2816,0.4448,3.543
fCMR_Siemens_198,119,2.8427,3.3205,0.2996,0.2996,0.2997,1.4096,1.4096,1.4096,0.3283,5.0016
fCMR_Siemens_018,120,2.6494,2.0252,0.1956,0.1959,0.1961,0.9639,0.9639,0.9639,0.2509,3.669
fCMR_Siemens_113,120,2.334,2.8259,0.1385,0.1384,0.1384,1.9247,1.9247,1.9247,0.1806,4.9533
fCMR_Siemens_027,120,2.469,1.4612,0.1418,0.1418,0.1418,1.4497,1.4497,1.4497,0.1896,4.899
fCMR_Siemens_006,120,2.0234,2.0681,0.4564,0.5999,0.4617,1.2561,1.2561,1.2561,0.4951,5.056
fCMR_Siemens_144,120,0.8239,0.9249,0.1594,0.1595,0.1595,1.4436,1.4436,1.4436,0.1827,3.8254
fCMR_Siemens_068,120,2.2415,1.3522,0.5532,0.5542,0.5546,0.8681,0.8681,0.8681,0.5591,3.0791
fCMR_Siemens_198,120,2.1473,1.6818,0.2813,0.2812,0.2812,1.2017,1.2017,1.2017,0.301,3.3258
fCMR_Siemens_018,121,2.0711,0.9269,0.4324,0.4324,0.4324,1.9522,1.9522,1.9522,0.4357,5.0076
fCMR_Siemens_113,121,0.9778,1.797,0.0591,0.0591,0.0591,8.7256,8.7256,8.7256,0.0891,18.8096
fCMR_Siemens_027,121,3.1222,2.1439,0.1406,0.1406,0.1406,2.9597,2.9597,2.9597,0.1675,7.3653
fCMR_Siemens_006,121,2.3318,2.7297,0.4066,0.7538,0.8482,1.2454,1.2454,1.2454,0.8591,5.7854
fCMR_Siemens_144,121,1.9392,3.0823,0.1722,0.1722,0.1723,2.2496,2.2496,2.2496,0.1803,6.3332
fCMR_Siemens_068,121,1.4573,1.5786,0.8162,0.8108,0.8091,0.7806,0.7806,0.7806,0.8431,4.073
fCMR_Siemens_198,121,1.0025,2.0227,0.2378,0.2378,0.2378,1.3698,1.3698,1.3698,0.2556,3.9979
fCMR_Siemens_018,122,1.8168,2.4388,0.1395,0.4311,0.5376,2.608,2.608,2.608,0.8169,9.3282
fCMR_Siemens_113,122,2.0173,2.0742,0.1104,0.1104,0.1104,2.7356,2.7356,2.7356,0.1335,6.8741
fCMR_Siemens_027,122,1.1375,3.6846,0.1966,0.1967,0.1968,1.175,1.175,1.175,0.2498,4.118
fCMR_Siemens_006,122,2.6273,2.4246,0.2601,0.6888,0.8101,1.3829,1.3829,1.3829,0.7939,8.048
fCMR_Siemens_144,122,2.7978,2.5249,0.1209,0.1208,0.1208,1.6768,1.6768,1.6768,0.1335,5.0912
fCMR_Siemens_068,122,2.162,2.2221,0.6588,0.6587,0.6587,0.3828,0.3828,0.3828,0.6668,3.7676
fCMR_Siemens_198,122,2.5817,1.7047,0.2667,0.2671,0.2672,2.2143,2.2143,2.2143,0.2898,6.1644
fCMR_Siemens_018,123,2.6461,3.6214,0.2802,0.2801,0.28,2.2376,2.2376,2.2376,0.2934,7.19
fCMR_Siemens_113,123,2.3472,2.8816,0.2127,0.2129,0.2129,4.6231,4.6231,4.6231,0.2245,10.3196
fCMR_Siemens_027,123,1.8454,2.8937,0.0897,0.0898,0.0899,1.0287,1.0287,1.0287,0.1573,3.0543
fCMR_Siemens_006,123,0.8831,1.439,0.1925,0.1925,0.1925,2.1926,2.1926,2.1926,0.2265,6.3492
fCMR_Siemens_144,123,2.6908,0.9304,0.1554,0.1554,0.1554,1.9647,1.9647,1.9647,0.2029,5.162
fCMR_Siemens_068,123,2.9274,2.2643,0.219,0.2189,0.2189,7.7722,7.7722,7.7722,0.2451,17.4054
fCMR_Siemens_198,123,1.7206,2.8392,0.3204,0.3205,0.3205,1.2753,1.2753,1.2753,0.3388,3.9626
fCMR_Siemens_018,124,1.9474,2.7575,0.1579,0.158,0.1581,0.7629,0.7629,0.7629,0.2751,4.2328
fCMR_Siemens_113,124,1.9803,2.3768,0.039,0.0389,0.0389,6.3282,6.3282,6.3282,0.1439,14.2272
fCMR_Siemens_027,124,3.0916,2.2015,0.1255,0.1255,0.1255,1.5678,1.5678,1.5678,0.176,3.5577
fCMR_Siemens_006,124,1.9016,3.0446,0.2633,0.2632,0.2632,1.3277,1.3277,1.3277,0.2931,4.3663
fCMR_Siemens_144,124,2.3748,2.6738,0.1347,0.1347,0.1347,0.802,0.802,0.802,0.1665,3.1742
fCMR_Siemens_068,124,3.1084,3.1474,0.7415,0.7414,0.7414,2.1327,2.1327,2.1327,0.7495,6.1397
fCMR_Siemens_198,124,2.2774,2.2882,0.2634,0.2633,0.2633,1.446,1.446,1.446,0.3017,5.4545
fCMR_Siemens_018,125,2.4151,1.9819,0.1601,0.1619,0.1624,0.629,0.629,0.629,0.2476,4.2947
fCMR_Siemens_113,125,2.019,3.1877,0.0964,0.0965,0.0966,3.1262,3.1262,3.1262,0.1462,7.4292
fCMR_Siemens_027,125,2.6689,0.9936,0.0947,0.0947,0.0947,1.5332,1.5332,1.5332,0.1095,4.1479
fCMR_Siemens_006,125,1.3778,2.4313,0.3103,0.3103,0.3103,0.9854,0.9854,0.9854,0.3215,4.929
fCMR_Siemens_144,125,2.3078,2.0053,0.0654,0.1136,0.0655,1.2776,1.2776,1.2776,0.1085,3.5437
fCMR_Siemens_068,125,2.5604,1.7802,0.3686,0.3684,0.3684,1.1188,1.1188,1.1188,0.3855,4.8752
fCMR_Siemens_198,125,2.158,3.1063,0.2433,0.2433,0.2433,1.0012,1.0012,1.0012,0.278,4.024
fCMR_Siemens_018,126,0.7979,3.3094,0.1386,0.1386,0.1386,2.5002,2.5002,2.5002,0.1795,5.9386
fCMR_Siemens_113,126,1.115,0.702,0.1002,0.1002,0.1002,4.4838,4.4838,4.4838,0.1173,10.2904
fCMR_Siemens_027,126,1.5771,2.0015,0.2038,0.2039,0.2039,0.8948,0.8948,0.8948,0.2298,5.7437
fCMR_Siemens_006,126,3.0614,3.4566,0.7565,0.2352,1.348,3.6692,3.6692,3.6692,1.3923,16.2673
fCMR_Siemens_144,126,2.3075,2.0732,0.0746,0.0746,0.0746,1.3932,1.3932,1.3932,0.108,4.5237
fCMR_Siemens_068,126,2.8899,1.2339,0.3335,0.3336,0.3336,1.9073,1.9073,1.9073,0.3417,6.3016
fCMR_Siemens_198,126,1.3954,0.9167,0.2457,0.2457,0.2457,0.6048,0.6048,0.6048,0.262,3.286
fCMR_Siemens_018,127,1.6645,2.56,0.3902,0.3947,0.3961,1.0035,1.0035,1.0035,0.4115,4.7849
fCMR_Siemens_113,127,2.7936,0.8205,0.0798,0.0798,0.0798,6.1812,6.1812,6.1812,0.1618,13.8454
fCMR_Siemens_027,127,2.2715,3.1124,0.1194,0.1194,0.1194,0.7501,0.7501,0.7501,0.1499,3.4261
fCMR_Siemens_006,127,1.4804,1.5403,0.1947,0.1222,0.1947,0.98,0.98,0.98,0.2299,2.933
fCMR_Siemens_144,127,0.9875,2.0645,0.1209,0.1209,0.1208,0.5078,0.5078,0.5078,0.1664,2.6514
fCMR_Siemens_068,127,2.9928,3.0392,0.3356,0.3355,0.3355,2.5659,2.5659,2.5659,0.3458,7.0554
fCMR_Siemens_198,127,2.481,1.0316,0.2099,0.2098,0.2098,1.146,1.146,1.146,0.231,4.265
fCMR_Siemens_018,128,1.43,2.3452,0.0602,0.0609,0.0611,1.9918,1.9918,1.9918,0.2019,5.8922
fCMR_Siemens_113,128,2.1382,2.2396,0.0491,0.0495,0.0496,7.3866,7.3866,7.3866,0.163,16.3748
fCMR_Siemens_027,128,2.8644,2.3638,0.1672,0.1672,0.1672,3.8645,3.8645,3.8645,0.2144,8.517
fCMR_Siemens_006,128,3.0846,2.9299,0.3261,0.7099,0.8135,2.0122,2.0122,2.0122,0.8726,8.3545
fCMR_Siemens_144,128,2.2444,3.0643,0.0725,0.0726,0.0726,1.8006,1.8006,1.8006,0.144,6.3041
fCMR_Siemens_068,128,0.3693,2.6249,0.2208,0.2208,0.2208,5.8921,5.8921,5.8921,0.2458,14.0756
fCMR_Siemens_198,128,2.4765,1.9754,0.2072,0.2072,0.2072,0.6667,0.6667,0.6667,0.2302,2.1247
fCMR_Siemens_018,129,1.7309,1.9705,0.9894,1.0094,1.0145,3.8422,3.8422,3.8422,1.1922,12.2159
fCMR_Siemens_113,129,2.4172,1.3464,0.0463,0.0464,0.0464,4.6634,4.6634,4.6634,0.1109,11.5376
fCMR_Siemens_027,129,2.8621,2.5788,0.1446,0.1447,0.1447,1.0242,1.0242,1.0242,0.2012,3.5288
fCMR_Siemens_006,129,2.4053,2.0056,0.5256,0.8812,0.965,1.692,1.692,1.692,1.02,9.6874
fCMR_Siemens_144,129,1.3064,2.848,0.1422,0.1422,0.1422,3.6803,3.6803,3.6803,0.1652,8.319
fCMR_Siemens_068,129,1.2745,3.5641,0.4247,0.4248,0.4248,1.4273,1.4273,1.4273,0.434,4.5772
fCMR_Siemens_198,129,2.5606,1.544,0.2436,0.2437,0.2437,1.3978,1.3978,1.3978,0.2626,4.5673
fCMR_Siemens_018,130,2.1733,2.5846,0.4362,0.5659,0.4361,2.1452,2.1452,2.1452,0.4683,7.0196
fCMR_Siemens_113,130,2.9269,2.5579,0.0948,0.0949,0.0949,4.8364,4.8364,4.8364,0.1307,11.6001
fCMR_Siemens_027,130,2.8951,3.1926,0.1685,0.1685,0.1685,0.523,0.523,0.523,0.2027,2.1005
fCMR_Siemens_006,130,2.6792,2.6826,0.2549,0.2549,0.2549,1.587,1.587,1.587,0.2791,5.7632
fCMR_Siemens_144,130,2.2876,3.0383,0.0881,0.0881,0.088,0.8981,0.8981,0.8981,0.1423,2.7539
fCMR_Siemens_068,130,1.2093,3.0102,0.2396,0.2396,0.2396,1.3625,1.3625,1.3625,0.2615,4.7166
fCMR_Siemens_198,130,2.7783,2.5213,0.2337,0.2336,0.2336,0.5637,0.5637,0.5637,0.2728,4.6352
fCMR_Siemens_018,131,2.1721,2.4929,0.388,0.4472,0.4644,1.9639,1.9639,1.9639,0.5949,6.7847
fCMR_Siemens_113,131,2.1221,1.4996,0.1091,0.109,0.1089,2.687,2.687,2.687,0.1512,6.6494
fCMR_Siemens_027,131,2.7686,1.0438,0.1428,0.1428,0.1427,0.5395,0.5395,0.5395,0.1768,3.2046
fCMR_Siemens_006,131,2.0369,2.2745,2.4484,1.9634,1.9261,4.2709,4.2709,4.2709,1.911,13.5105
fCMR_Siemens_144,131,1.9484,2.0117,0.1541,0.5596,0.5874,0.3314,0.3314,0.3314,0.7414,6.2799
fCMR_Siemens_068,131,2.5977,2.4248,0.6313,0.631,0.6309,1.0035,1.0035,1.0035,0.6916,4.4233
fCMR_Siemens_198,131,1.7331,1.8979,0.1658,0.1658,0.1658,0.7213,0.7213,0.7213,0.1967,2.4848
fCMR_Siemens_018,132,1.3157,2.449,0.3288,0.6064,0.3279,0.8522,0.8522,0.8522,0.3876,3.9514
fCMR_Siemens_113,132,3.0353,1.2398,0.0745,0.0746,0.0746,6.9632,6.9632,6.9632,0.0886,14.3393
fCMR_Siemens_027,132,2.7805,2.2595,0.1363,0.1362,0.1362,0.4454,0.4454,0.4454,0.1753,3.6783
fCMR_Siemens_006,132,2.0966,2.8267,0.2641,0.2641,0.2642,2.6128,2.6128,2.6128,0.2757,6.6416
fCMR_Siemens_144,132,2.5166,2.1172,0.1506,0.1505,0.1505,3.0416,3.0416,3.0416,0.2214,8.5312
fCMR_Siemens_068,132,2.7731,2.4924,0.6249,0.2384,0.6234,3.2828,3.2828,3.2828,0.6357,9.79
fCMR_Siemens_198,132,2.1612,2.1154,0.1923,0.1925,0.1925,0.9525,0.9525,0.9525,0.2333,3.8206
fCMR_Siemens_018,133,2.3924,1.4611,0.4024,0.4017,0.4015,1.1645,1.1645,1.1645,0.4098,4.6065
fCMR_Siemens_113,133,2.9962,0.8782,0.0735,0.0735,0.0735,4.197,4.197,4.197,0.1143,9.4155
fCMR_Siemens_027,133,3.0556,1.7184,0.1569,0.1569,0.1569,2.6772,2.6772,2.6772,0.1723,6.5737
fCMR_Siemens_006,133,2.0665,2.6096,0.1724,0.1723,0.1723,2.462,2.462,2.462,0.1874,6.4685
fCMR_Siemens_144,133,2.9754,2.5681,0.1547,0.1546,0.1546,2.0497,2.0497,2.0497,0.1924,4.6781
fCMR_Siemens_068,133,2.3865,2.8202,0.5704,1.6944,0.5739,2.1373,2.1373,2.1373,0.5955,9.1571
fCMR_Siemens_198,133,2.583,2.9449,0.2709,0.2708,0.2708,1.9692,1.9692,1.9692,0.3024,5.8425
fCMR_Siemens_018,134,2.4409,0.5032,0.2028,0.2026,0.2025,1.2749,1.2749,1.2749,0.2809,6.685
fCMR_Siemens_113,134,1.754,2.1264,0.0316,0.0316,0.0316,4.3062,4.3062,4.3062,0.0928,10.2691
fCMR_Siemens_027,134,2.3137,2.5544,0.1898,0.1892,0.189,0.388,0.388,0.388,0.2778,1.3967
fCMR_Siemens_006,134,2.325,3.6498,0.4409,1.4436,1.5134,2.7835,2.7835,2.7835,1.369,10.5785
fCMR_Siemens_144,134,2.8556,2.7522,0.156,0.156,0.156,1.858,1.858,1.858,0.1812,5.673
fCMR_Siemens_068,134,1.4331,2.4576,0.6161,0.6271,0.6307,1.368,1.368,1.368,0.6362,4.12
fCMR_Siemens_198,134,1.6647,2.4513,0.2639,0.6691,0.2638,2.3233,2.3233,2.3233,0.2844,6.1671
fCMR_Siemens_018,135,3.0744,2.963,0.3184,0.3197,0.3202,1.9373,1.9373,1.9373,0.3451,4.4553
fCMR_Siemens_113,135,1.1827,3.254,0.0299,0.03,0.03,8.0139,8.0139,8.0139,0.1182,19.29
fCMR_Siemens_027,135,1.9601,2.2331,0.1329,0.1329,0.1329,0.4848,0.4848,0.4848,0.1491,3.2749
fCMR_Siemens_006,135,2.5115,3.1668,0.2342,0.2339,0.2338,4.8016,4.8016,4.8016,0.2735,10.8474
fCMR_Siemens_144,135,1.7081,0.7686,0.1275,0.1276,0.1276,1.4363,1.4363,1.4363,0.1654,3.7381
fCMR_Siemens_068,135,2.5512,1.531,0.3901,0.2198,0.391,4.0455,4.0455,4.0455,0.4275,10.4844
fCMR_Siemens_198,135,2.1319,2.2414,0.2093,0.3156,0.2094,1.1556,1.1556,1.1556,0.2328,3.1774
fCMR_Siemens_018,136,1.823,2.2839,0.5425,0.5424,0.5424,2.4324,2.4324,2.4324,0.5518,7.407
fCMR_Siemens_113,136,2.8524,2.7877,0.0322,0.0323,0.0324,6.4739,6.4739,6.4739,0.1855,14.7509
fCMR_Siemens_027,136,2.6387,2.5817,0.1539,0.1539,0.1539,1.1347,1.1347,1.1347,0.1752,2.8662
fCMR_Siemens_006,136,3.0909,2.5307,0.2398,0.2398,0.2398,3.9274,3.9274,3.9274,0.284,9.0585
fCMR_Siemens_144,136,2.5503,2.7353,0.1061,0.1062,0.1062,2.7086,2.7086,2.7086,0.1488,6.4725
fCMR_Siemens_068,136,1.5714,2.4757,0.4662,0.2616,0.4696,1.6758,1.6758,1.6758,0.4912,5.1115
fCMR_Siemens_198,136,2.3819,3.0542,0.2341,0.2341,0.2341,0.3652,0.3652,0.3652,0.2711,2.9474
fCMR_Siemens_018,137,2.641,2.5008,0.3714,0.6762,0.3895,1.32,1.32,1.32,0.4314,7.484
fCMR_Siemens_113,137,1.3049,2.8021,0.0575,0.0574,0.0574,8.026,8.026,8.026,0.1116,17.531
fCMR_Siemens_027,137,0.6637,3.2769,0.2184,0.2183,0.2183,1.7924,1.7924,1.7924,0.2773,6.8196
fCMR_Siemens_006,137,1.8741,2.435,2.6471,1.9636,1.9044,3.467,3.467,3.467,1.8743,11.5684
fCMR_Siemens_144,137,2.899,3.2246,0.1436,0.1435,0.1435,1.3275,1.3275,1.3275,0.2475,3.1674
fCMR_Siemens_068,137,2.7658,2.2972,0.7123,0.6616,0.7122,1.7095,1.7095,1.7095,0.7231,5.4624
fCMR_Siemens_198,137,2.642,3.2578,0.1685,0.1685,0.1685,1.228,1.228,1.228,0.1948,5.5526
fCMR_Siemens_018,138,2.4931,1.7892,0.2227,0.2235,0.2237,1.0979,1.0979,1.0979,0.2603,6.808
fCMR_Siemens_113,138,1.9545,2.6477,0.0965,0.0964,0.0964,5.6866,5.6866,5.6866,0.1458,12.7028
fCMR_Siemens_027,138,3.0559,1.4496,0.1598,0.1598,0.1598,1.3107,1.3107,1.3107,0.1651,4.374
fCMR_Siemens_006,138,2.3195,2.3566,0.1971,0.1971,0.1971,2.3349,2.3349,2.3349,0.2279,6.7433
fCMR_Siemens_144,138,2.8478,3.0809,0.0285,0.0286,0.0287,2.5078,2.5078,2.5078,0.1716,5.728
fCMR_Siemens_068,138,2.3031,3.3526,0.356,0.3559,0.3558,2.0977,2.0977,2.0977,0.3867,5.2705
fCMR_Siemens_198,138,2.6574,2.7404,0.203,0.203,0.203,1.7452,1.7452,1.7452,0.237,4.6556
fCMR_Siemens_018,139,3.1298,2.3137,0.4162,0.4287,0.4326,1.0782,1.0782,1.0782,0.4668,4.6185
fCMR_Siemens_113,139,2.4891,2.0439,0.0571,0.0571,0.0571,3.5764,3.5764,3.5764,0.0938,7.9651
fCMR_Siemens_027,139,2.485,1.6875,0.1421,0.1662,0.1737,4.2659,4.2659,4.2659,0.4067,12.1392
fCMR_Siemens_006,139,0.7195,2.153,0.2424,0.2424,0.2424,3.5056,3.5056,3.5056,0.2872,10.0214
fCMR_Siemens_144,139,2.1462,3.4225,0.0811,0.0811,0.0811,1.7807,1.7807,1.7807,0.1001,4.8248
fCMR_Siemens_068,139,2.9383,2.6904,0.8943,1.2177,0.8963,1.8863,1.8863,1.8863,0.9046,5.5939
fCMR_Siemens_198,139,0.6432,1.1563,0.2578,0.2578,0.2578,2.8458,2.8458,2.8458,0.2617,6.2419
fCMR_Siemens_018,140,3.0942,2.6479,0.3578,0.4599,0.4889,2.6662,2.6662,2.6662,0.501,7.855
fCMR_Siemens_113,140,2.3764,3.3646,0.0237,0.0237,0.0237,3.5991,3.5991,3.5991,0.1189,10.2698
fCMR_Siemens_027,140,2.3044,2.533,0.1716,0.1718,0.1718,1.9807,1.9807,1.9807,0.2274,4.8799
fCMR_Siemens_006,140,2.9743,1.0807,0.3672,0.7059,0.8,1.0761,1.0761,1.0761,0.8571,6.2519
fCMR_Siemens_144,140,1.9226,2.0774,0.1229,0.1228,0.1228,1.8419,1.8419,1.8419,0.1349,4.9703
fCMR_Siemens_068,140,2.99,1.7027,0.3257,0.326,0.326,2.5628,2.5628,2.5628,0.3673,7.2435
fCMR_Siemens_198,140,1.2948,3.6781,0.2394,0.2394,0.2394,0.3964,0.3964,0.3964,0.2722,2.5494
fCMR_Siemens_018,141,2.9905,2.7061,0.0943,0.0941,0.094,1.7956,1.7956,1.7956,0.1854,5.7339
fCMR_Siemens_113,141,2.5988,1.1558,0.0356,0.0356,0.0356,4.6166,4.6166,4.6166,0.1255,10.2322
fCMR_Siemens_027,141,2.3358,2.8019,0.1302,0.1302,0.1302,1.003,1.003,1.003,0.1581,3.9637
fCMR_Siemens_006,141,2.2032,2.7967,0.2887,0.7412,0.8704,2.6628,2.6628,2.6628,0.8328,9.2641
fCMR_Siemens_144,141,2.33,3.008,0.1837,0.1836,0.1836,2.6176,2.6176,2.6176,0.2229,6.6938
fCMR_Siemens_068,141,1.3232,2.4004,0.6784,0.6784,0.6784,0.9811,0.9811,0.9811,0.6811,3.3744
fCMR_Siemens_198,141,2.3869,2.8708,0.2282,0.2288,0.229,2.0146,2.0146,2.0146,0.2599,6.2581
fCMR_Siemens_018,142,2.7791,1.8095,0.1861,0.1864,0.1865,0.7308,0.7308,0.7308,0.2503,2.9695
fCMR_Siemens_113,142,3.0512,3.3822,0.0775,0.0774,0.0774,4.5992,4.5992,4.5992,0.1348,11.0786
fCMR_Siemens_027,142,2.6871,3.1591,0.2095,0.2095,0.2095,2.5982,2.5982,2.5982,0.2493,6.326
fCMR_Siemens_006,142,2.6742,3.209,0.3448,0.3449,0.3449,3.3702,3.3702,3.3702,0.3735,9.285
fCMR_Siemens_144,142,2.8421,2.4681,0.0999,0.0999,0.0999,1.4215,1.4215,1.4215,0.2162,4.6942
fCMR_Siemens_068,142,2.4535,2.8792,0.772,0.7699,0.7693,1.9928,1.9928,1.9928,0.7992,9.1267
fCMR_Siemens_198,142,2.9279,1.0841,0.3621,0.3621,0.3621,1.2345,1.2345,1.2345,0.4091,4.3125
fCMR_Siemens_018,143,2.9524,3.0224,0.6633,0.6987,0.7089,3.1401,3.1401,3.1401,0.7418,13.0521
fCMR_Siemens_113,143,2.9915,2.785,0.101,0.101,0.101,4.8461,4.8461,4.8461,0.139,10.3746
fCMR_Siemens_027,143,2.2704,2.46,0.1563,0.1563,0.1563,0.8266,0.8266,0.8266,0.1715,4.4153
fCMR_Siemens_006,143,2.951,2.0052,0.2678,0.61,0.7055,1.2314,1.2314,1.2314,0.7655,8.9227
fCMR_Siemens_144,143,1.3911,2.1741,0.1518,0.1518,0.1518,1.524,1.524,1.524,0.1814,4.4135
fCMR_Siemens_068,143,2.1272,3.7572,0.5092,0.5093,0.5093,1.5976,1.5976,1.5976,0.5603,4.534
fCMR_Siemens_198,143,0.7403,2.683,0.2281,0.2281,0.2281,1.4088,1.4088,1.4088,0.2559,4.7718
fCMR_Siemens_018,144,1.9381,2.769,0.1905,0.3738,0.1901,1.342,1.342,1.342,0.29,3.5354
fCMR_Siemens_113,144,1.2485,1.8735,0.0943,0.0943,0.0943,4.9453,4.9453,4.9453,0.1264,11.1224
fCMR_Siemens_027,144,1.788,1.6764,0.0751,0.0752,0.0752,0.4352,0.4352,0.4352,0.1256,2.1608
fCMR_Siemens_006,144,1.5908,2.455,0.2288,0.3267,0.2287,3.2123,3.2123,3.2123,0.2441,8.4217
fCMR_Siemens_144,144,1.2432,1.4344,0.125,0.1252,0.1252,1.1683,1.1683,1.1683,0.1986,3.5854
fCMR_Siemens_068,144,2.7358,2.9214,0.2938,0.2938,0.2938,0.3332,0.3332,0.3332,0.3115,2.1784
fCMR_Siemens_198,144,2.4539,2.4717,0.1474,0.1474,0.1474,0.3093,0.3093,0.3093,0.1771,1.7774
fCMR_Siemens_018,145,2.7914,2.7477,0.2642,0.2643,0.2644,0.3392,0.3392,0.3392,0.2833,4.079
fCMR_Siemens_113,145,2.0537,2.0938,0.1046,0.1047,0.1047,6.526,6.526,6.526,0.1514,14.6288
fCMR_Siemens_027,145,1.7016,2.0405,0.0677,0.5743,0.0675,8.8063,8.8063,8.8063,0.1721,18.6232
fCMR_Siemens_006,145,1.5209,2.7245,0.2724,0.2724,0.2724,1.4463,1.4463,1.4463,0.3123,4.2267
fCMR_Siemens_144,145,1.843,2.5455,0.1035,0.1035,0.1035,3.1023,3.1023,3.1023,0.1197,6.983
fCMR_Siemens_068,145,2.2214,3.0442,0.4484,0.4485,0.4485,2.8708,2.8708,2.8708,0.4791,6.7712
fCMR_Siemens_198,145,3.1277,2.0854,0.2333,0.2333,0.2333,0.581,0.581,0.581,0.2481,3.697
fCMR_Siemens_018,146,0.3345,1.8989,0.0255,0.0273,0.028,2.8915,2.8915,2.8915,0.2348,8.1103
fCMR_Siemens_113,146,1.2258,1.3717,0.0419,0.0419,0.0419,7.4306,7.4306,7.4306,0.1196,17.6362
fCMR_Siemens_027,146,1.8161,2.9486,0.1795,0.1796,0.1796,1.5997,1.5997,1.5997,0.2097,5.4721
fCMR_Siemens_006,146,2.9485,0.9951,0.3295,0.6984,0.7993,2.8748,2.8748,2.8748,0.8305,9.8026
fCMR_Siemens_144,146,2.8152,3.3022,0.0945,0.0946,0.0946,2.3673,2.3673,2.3673,0.1588,7.3835
fCMR_Siemens_068,146,1.5823,3.0531,0.5527,0.555,0.5557,1.9309,1.9309,1.9309,0.5686,5.9729
fCMR_Siemens_198,146,2.7787,1.3307,0.215,0.2151,0.2151,2.3503,2.3503,2.3503,0.227,5.8645
fCMR_Siemens_018,147,2.2556,3.5176,0.3059,0.3065,0.3067,1.108,1.108,1.108,0.3236,6.1212
fCMR_Siemens_113,147,2.386,2.2429,0.1137,0.1138,0.1138,4.735,4.735,4.735,0.145,11.052
fCMR_Siemens_027,147,2.8443,3.2384,0.1411,0.1411,0.1411,0.2007,0.2007,0.2007,0.1823,1.9548
fCMR_Siemens_006,147,2.3006,1.5556,0.4692,0.3086,0.7742,1.6458,1.6458,1.6458,0.8104,6.3869
fCMR_Siemens_144,147,2.6581,0.4551,0.1945,0.1961,0.1967,1.3659,1.3659,1.3659,0.2167,5.5289
fCMR_Siemens_068,147,2.4596,2.3586,0.1883,0.1884,0.1884,5.4279,5.4279,5.4279,0.213,11.445
fCMR_Siemens_198,147,2.1682,0.8805,0.2716,0.2716,0.2716,0.9811,0.9811,0.9811,0.2824,3.1898
fCMR_Siemens_018,148,2.7191,1.5658,0.1175,0.461,0.5588,0.8625,0.8625,0.8625,0.7249,4.4812
fCMR_Siemens_113,148,2.2858,0.7245,0.0327,0.0327,0.0327,5.3618,5.3618,5.3618,0.1176,12.3512
fCMR_Siemens_027,148,2.0778,2.2679,0.1503,0.1503,0.1503,0.6395,0.6395,0.6395,0.1833,2.0588
fCMR_Siemens_006,148,2.808,2.3104,0.2231,0.2234,0.2236,1.9855,1.9855,1.9855,0.2973,8.0482
fCMR_Siemens_144,148,2.6059,2.8687,0.2173,0.3653,0.7683,1.0935,1.0935,1.0935,0.7771,5.0447
fCMR_Siemens_068,148,1.9206,3.2509,0.3069,0.5004,0.3065,2.2609,2.2609,2.2609,0.3455,7.2193
fCMR_Siemens_198,148,2.7711,2.1456,0.2911,0.2957,0.2972,1.6374,1.6374,1.6374,0.3473,5.1164
fCMR_Siemens_018,149,1.8449,2.92,0.2987,1.1592,0.6917,2.9804,2.9804,2.9804,0.8761,8.2469
fCMR_Siemens_113,149,1.0737,2.114,0.0424,0.0424,0.0424,5.3651,5.3651,5.3651,0.0916,11.498
fCMR_Siemens_027,149,2.7643,2.0365,0.1978,0.1978,0.1978,1.9331,1.9331,1.9331,0.2164,5.7165
fCMR_Siemens_006,149,3.0588,2.2078,2.3226,2.0462,1.823,1.6657,1.6657,1.6657,1.7852,6.9773
fCMR_Siemens_144,149,1.6302,1.7746,0.1473,0.1473,0.1473,2.4626,2.4626,2.4626,0.185,5.8828
fCMR_Siemens_068,149,1.0086,2.7782,0.3509,0.3509,0.3509,3.2576,3.2576,3.2576,0.3658,8.7047
fCMR_Siemens_198,149,2.1924,2.0175,0.2342,0.2342,0.2342,0.729,0.729,0.729,0.2424,2.4366
fCMR_Siemens_018,150,3.1025,1.5023,0.4018,0.4009,0.4007,1.1294,1.1294,1.1294,0.4394,6.9714
fCMR_Siemens_113,150,0.8183,1.4181,0.034,0.0339,0.0339,6.6831,6.6831,6.6831,0.1325,15.2834
fCMR_Siemens_027,150,1.6688,0.8216,0.118,0.5791,0.1183,2.2093,2.2093,2.2093,0.1918,6.9799
fCMR_Siemens_006,150,2.7104,2.3795,0.2677,0.2678,0.2678,2.4321,2.4321,2.4321,0.287,5.9407
fCMR_Siemens_144,150,2.8551,2.7021,0.2524,0.4871,0.4177,0.5906,0.5906,0.5906,0.4843,4.044
fCMR_Siemens_068,150,2.3523,1.8422,0.1745,0.1745,0.1745,3.6074,3.6074,3.6074,0.192,8.9226
fCMR_Siemens_198,150,1.6907,3.2973,0.22,0.2967,0.2201,0.4577,0.4577,0.4577,0.2544,2.6567
fCMR_Siemens_018,151,2.281,3.1403,0.2443,0.2447,0.2449,0.6897,0.6897,0.6897,0.2902,5.9443
fCMR_Siemens_113,151,2.8253,3.4548,0.0266,0.0266,0.0266,3.252,3.252,3.252,0.1225,7.2307
fCMR_Siemens_027,151,1.2768,1.5423,0.1108,0.1108,0.1108,2.6256,2.6256,2.6256,0.1971,8.7564
fCMR_Siemens_006,151,2.2163,2.6148,0.2429,0.2428,0.2428,1.3316,1.3316,1.3316,0.2772,4.1122
fCMR_Siemens_144,151,2.803,2.4396,0.1109,0.1112,0.1113,0.7358,0.7358,0.7358,0.1966,3.259
fCMR_Siemens_068,151,1.9887,1.7154,0.5838,0.584,0.5841,1.156,1.156,1.156,0.6008,4.2788
fCMR_Siemens_198,151,1.6539,2.9604,0.275,0.275,0.275,0.9859,0.9859,0.9859,0.3052,4.1587
fCMR_Siemens_018,152,2.5993,2.3386,0.2517,0.2505,0.2502,1.3439,1.3439,1.3439,0.3772,4.8595
fCMR_Siemens_113,152,2.6074,1.7862,0.1025,0.1025,0.1025,9.1,9.1,9.1,0.1446,18.918
fCMR_Siemens_027,152,2.0886,2.132,0.2017,0.2017,0.2017,0.5824,0.5824,0.5824,0.2302,3.4364
fCMR_Siemens_006,152,1.6689,2.2553,0.27,0.2698,0.2698,1.8271,1.8271,1.8271,0.3125,4.5326
fCMR_Siemens_144,152,1.6425,2.3211,0.0949,0.0947,0.0946,1.6348,1.6348,1.6348,0.1715,4.3656
fCMR_Siemens_068,152,3.0649,1.0447,0.4732,0.1495,0.4781,1.2703,1.2703,1.2703,0.4826,5.2664
fCMR_Siemens_198,152,2.4983,1.4329,0.262,0.262,0.262,2.1203,2.1203,2.1203,0.2821,5.9786
fCMR_Siemens_018,153,1.4737,2.527,0.14,0.1398,0.1398,0.9937,0.9937,0.9937,0.343,3.6064
fCMR_Siemens_113,153,2.965,2.7126,0.0987,0.0987,0.0987,7.8563,7.8563,7.8563,0.1403,17.2415
fCMR_Siemens_027,153,2.1503,2.8981,0.1985,0.1984,0.1984,1.912,1.912,1.912,0.2218,4.5221
fCMR_Siemens_006,153,1.0228,2.1547,0.2492,0.2492,0.2491,0.7689,0.7689,0.7689,0.2712,2.1453
fCMR_Siemens_144,153,1.9998,2.085,0.2366,0.4234,0.6529,1.2299,1.2299,1.2299,0.7073,6.9389
fCMR_Siemens_068,153,1.6794,2.7695,0.4502,0.4504,0.4504,2.5557,2.5557,2.5557,0.4574,7.0631
fCMR_Siemens_198,153,3.0319,3.0986,0.2921,0.2921,0.2922,1.6017,1.6017,1.6017,0.3263,5.0428
fCMR_Siemens_018,154,3.138,2.2411,0.1329,0.1332,0.1333,1.612,1.612,1.612,0.224,5.9982
fCMR_Siemens_113,154,2.3624,2.7324,0.0561,0.0561,0.0561,4.7343,4.7343,4.7343,0.124,11.0298
fCMR_Siemens_027,154,2.5606,0.867,0.1567,0.1566,0.1566,0.171,0.171,0.171,0.1923,2.8219
fCMR_Siemens_006,154,3.1058,1.9916,0.2487,0.2486,0.2486,1.9818,1.9818,1.9818,0.2991,5.7221
fCMR_Siemens_144,154,2.3264,3.2083,0.1666,0.2929,0.1666,4.2361,4.2361,4.2361,0.1915,9.8343
fCMR_Siemens_068,154,2.0722,3.1708,0.4386,0.441,0.4418,2.5703,2.5703,2.5703,0.4893,6.5063
fCMR_Siemens_198,154,2.0723,1.2687,0.2732,0.2732,0.2732,2.7883,2.7883,2.7883,0.295,7.33
fCMR_Siemens_018,155,2.3674,2.0588,0.5854,1.088,0.9404,1.7841,1.7841,1.7841,1.0109,6.3842
fCMR_Siemens_113,155,2.6202,3.246,0.0062,0.0062,0.0062,4.9428,4.9428,4.9428,0.1272,11.239
fCMR_Siemens_027,155,2.8797,2.6819,0.2435,0.4593,0.5768,2.3998,2.3998,2.3998,0.634,8.7418
fCMR_Siemens_006,155,2.1807,1.5554,0.2896,0.2895,0.2895,3.698,3.698,3.698,0.3243,9.2428
fCMR_Siemens_144,155,2.7807,2.9892,0.1827,0.1828,0.1828,1.387,1.387,1.387,0.2479,4.2554
fCMR_Siemens_068,155,1.1738,3.5143,0.4494,0.4494,0.4494,0.1755,0.1755,0.1755,0.477,1.8904
fCMR_Siemens_198,155,0.6596,3.0599,0.1978,0.1978,0.1978,1.641,1.641,1.641,0.2206,5.2218
fCMR_Siemens_018,156,2.4781,1.713,0.2881,0.2882,0.2882,1.2639,1.2639,1.2639,0.3215,3.8563
fCMR_Siemens_113,156,1.2696,2.8198,0.0667,0.0667,0.0667,5.968,5.968,5.968,0.0904,14.0056
fCMR_Siemens_027,156,2.9831,1.2318,0.2547,0.2552,0.2554,3.5588,3.5588,3.5588,0.2886,8.8479
fCMR_Siemens_006,156,2.6312,2.0768,0.1939,0.1938,0.1938,4.5701,4.5701,4.5701,0.2647,11.7526
fCMR_Siemens_144,156,2.6814,2.4117,0.0986,0.099,0.0991,1.3308,1.3308,1.3308,0.1345,3.9607
fCMR_Siemens_068,156,1.8269,2.5764,0.5915,0.5921,0.5924,1.82,1.82,1.82,0.606,5.498
fCMR_Siemens_198,156,1.3395,2.994,0.2575,0.2575,0.2575,3.0772,3.0772,3.0772,0.282,9.3002
fCMR_Siemens_018,157,1.3081,2.396,0.3202,0.3201,0.3201,2.1115,2.1115,2.1115,0.3431,6.4197
fCMR_Siemens_113,157,2.4023,2.345,0.113,0.1131,0.1131,8.6148,8.6148,8.6148,0.1699,20.4047
fCMR_Siemens_027,157,1.9207,2.1084,0.134,0.1341,0.1341,1.2756,1.2756,1.2756,0.1704,4.2722
fCMR_Siemens_006,157,1.1833,2.0865,0.228,0.228,0.228,2.114,2.114,2.114,0.2333,5.3533
fCMR_Siemens_144,157,2.7529,2.2651,0.0522,0.0522,0.0522,1.1159,1.1159,1.1159,0.1047,3.3616
fCMR_Siemens_068,157,2.8883,2.0751,0.2255,0.2254,0.2254,4.1059,4.1059,4.1059,0.2512,10.0833
fCMR_Siemens_198,157,1.4828,2.9231,0.2374,0.2374,0.2374,1.2005,1.2005,1.2005,0.2578,4.3316
fCMR_Siemens_018,158,2.833,3.176,0.3565,0.3645,0.3671,2.4702,2.4702,2.4702,0.3858,12.214
fCMR_Siemens_113,158,1.3582,3.1276,0.1283,0.1283,0.1283,3.1472,3.1472,3.1472,0.1623,7.1808
fCMR_Siemens_027,158,1.3933,2.0337,0.1599,0.1599,0.16,1.9069,1.9069,1.9069,0.225,6.737
fCMR_Siemens_006,158,1.8209,1.1729,0.1999,2.994,0.7937,1.7521,1.7521,1.7521,0.8052,6.1145
fCMR_Siemens_144,158,1.1818,2.4659,0.055,0.0554,0.0556,1.1293,1.1293,1.1293,0.1779,4.1654
fCMR_Siemens_068,158,2.0608,3.0654,0.4402,0.439,0.4386,2.6476,2.6476,2.6476,0.4828,8.1359
fCMR_Siemens_198,158,2.7964,2.161,0.2684,0.2685,0.2685,3.2713,3.2713,3.2713,0.2795,7.6911
fCMR_Siemens_018,159,2.814,2.8699,0.2152,0.2157,0.2158,0.6277,0.6277,0.6277,0.2557,3.905
fCMR_Siemens_113,159,2.2706,2.4605,0.0644,0.0644,0.0645,4.6809,4.6809,4.6809,0.1371,10.1286
fCMR_Siemens_027,159,1.7248,2.019,0.1564,0.1564,0.1564,0.8663,0.8663,0.8663,0.1947,4.8247
fCMR_Siemens_006,159,2.4382,2.4212,0.2765,0.2765,0.2765,1.7813,1.7813,1.7813,0.3091,4.8893
fCMR_Siemens_144,159,1.4756,2.0433,0.1306,0.1307,0.1307,1.8994,1.8994,1.8994,0.1684,5.4564
fCMR_Siemens_068,159,3.0264,1.8861,0.771,1.0681,0.7925,2.4346,2.4346,2.4346,0.8101,7.2939
fCMR_Siemens_198,159,1.8391,1.637,0.1959,0.1959,0.1959,0.8632,0.8632,0.8632,0.21,5.2043
fCMR_Siemens_018,160,2.8151,2.8721,0.4956,0.4967,0.497,1.7095,1.7095,1.7095,0.5812,13.124
fCMR_Siemens_113,160,2.6732,3.9973,0.136,0.0877,0.1359,6.3763,6.3763,6.3763,0.1928,14.7073
fCMR_Siemens_027,160,2.9398,3.1524,0.2614,0.2614,0.2613,0.9195,0.9195,0.9195,0.2766,3.2699
fCMR_Siemens_006,160,1.5646,2.2702,0.2268,0.2268,0.2268,3.4974,3.4974,3.4974,0.2406,7.8873
fCMR_Siemens_144,160,3.0058,2.4773,0.1726,0.6126,0.7391,1.9032,1.9032,1.9032,0.7813,10.7659
fCMR_Siemens_068,160,2.5321,3.3144,0.2782,0.2785,0.2786,2.5676,2.5676,2.5676,0.3129,6.7733
fCMR_Siemens_198,160,2.7118,1.3355,0.1414,0.1414,0.1414,0.9597,0.9597,0.9597,0.174,4.7533
fCMR_Siemens_018,161,2.7668,1.5707,0.3554,0.3554,0.3554,0.4064,0.4064,0.4064,0.3707,4.3773
fCMR_Siemens_113,161,2.5072,2.6372,0.129,0.129,0.129,9.1749,9.1749,9.1749,0.1493,19.9048
fCMR_Siemens_027,161,2.9215,1.8815,0.2243,0.2244,0.2244,2.6527,2.6527,2.6527,0.2514,7.3658
fCMR_Siemens_006,161,1.4621,2.9508,0.3803,0.3803,0.3803,0.8518,0.8518,0.8518,0.3923,3.0848
fCMR_Siemens_144,161,3.0898,1.5044,0.0687,0.0687,0.0686,1.6792,1.6792,1.6792,0.1707,5.3082
fCMR_Siemens_068,161,2.4734,3.2254,0.5758,1.2069,0.578,1.6491,1.6491,1.6491,0.5809,6.9328
fCMR_Siemens_198,161,1.9735,3.2442,0.3192,0.3616,0.3191,1.6868,1.6868,1.6868,0.3333,5.7293
fCMR_Siemens_018,162,2.9247,3.2606,0.1828,0.1839,0.1842,0.9116,0.9116,0.9116,0.225,3.1909
fCMR_Siemens_113,162,3.0127,2.6735,0.0858,0.0858,0.0858,8.1477,8.1477,8.1477,0.1286,17.1118
fCMR_Siemens_027,162,2.2273,2.1909,0.1213,0.1213,0.1213,0.3074,0.3074,0.3074,0.1966,2.8532
fCMR_Siemens_006,162,1.927,3.3575,0.3005,0.3006,0.3007,2.6551,2.6551,2.6551,0.3218,6.5421
fCMR_Siemens_144,162,1.0109,3.8935,0.2008,0.2001,0.1999,1.5272,1.5272,1.5272,0.3074,4.934
fCMR_Siemens_068,162,2.7613,3.2945,0.557,2.9314,0.8954,2.4984,2.4984,2.4984,0.9914,8.39
fCMR_Siemens_198,162,2.1248,1.9115,0.1825,0.1825,0.1825,1.4683,1.4683,1.4683,0.2194,4.116
fCMR_Siemens_018,163,0.9485,1.8375,0.2894,0.2897,0.2898,1.0972,1.0972,1.0972,0.3271,4.7683
fCMR_Siemens_113,163,2.6616,1.8519,0.0541,0.0541,0.0541,6.0824,6.0824,6.0824,0.115,14.1334
fCMR_Siemens_027,163,2.2661,2.9013,0.3047,0.4126,0.3863,0.884,0.884,0.884,0.474,3.9944
fCMR_Siemens_006,163,3.1401,2.0745,0.2302,0.2302,0.2302,2.2541,2.2541,2.2541,0.2694,5.8508
fCMR_Siemens_144,163,2.5995,1.5963,0.2888,0.3617,0.8272,1.5646,1.5646,1.5646,0.8275,8.6719
fCMR_Siemens_068,163,1.436,3.8603,0.4687,0.2016,0.4709,0.2452,0.2452,0.2452,0.4844,1.5337
fCMR_Siemens_198,163,2.4481,1.8424,0.1942,0.1941,0.1941,0.849,0.849,0.849,0.2042,3.2756
fCMR_Siemens_018,164,1.9027,3.3389,0.4445,0.4438,0.4436,6.8325,6.8325,6.8325,0.4746,17.3714
fCMR_Siemens_113,164,2.4428,2.8115,0.0614,0.0613,0.0613,4.8624,4.8624,4.8624,0.1505,10.4504
fCMR_Siemens_027,164,2.753,2.1245,0.107,0.041,0.107,0.9006,0.9006,0.9006,0.1269,2.8177
fCMR_Siemens_006,164,2.3667,2.5863,0.4217,0.2947,0.8221,0.7978,0.7978,0.7978,0.8537,6.0393
fCMR_Siemens_144,164,1.4521,2.6939,0.1328,0.1329,0.1329,2.5119,2.5119,2.5119,0.1738,7.8658
fCMR_Siemens_068,164,2.4609,0.8379,0.5541,0.5568,0.5577,1.0169,1.0169,1.0169,0.5762,5.0149
fCMR_Siemens_198,164,1.5749,1.3911,0.1885,0.1884,0.1884,2.6894,2.6894,2.6894,0.2203,7.1138
fCMR_Siemens_018,165,2.9601,2.0644,0.4494,0.4683,0.474,0.6866,0.6866,0.6866,0.5913,7.229
fCMR_Siemens_113,165,1.9491,3.28,0.0553,0.0579,0.0553,6.0101,6.0101,6.0101,0.131,13.4201
fCMR_Siemens_027,165,1.7372,2.4534,0.0971,0.5929,0.097,0.9293,0.9293,0.9293,0.1762,4.2844
fCMR_Siemens_006,165,2.7139,1.6994,0.2735,0.2738,0.2738,2.0153,2.0153,2.0153,0.2843,5.6686
fCMR_Siemens_144,165,2.1212,2.6119,0.0959,0.0959,0.0959,1.2105,1.2105,1.2105,0.1371,3.6027
fCMR_Siemens_068,165,2.3889,1.8391,0.3553,0.3566,0.357,5.5795,5.5795,5.5795,0.3915,14.5029
fCMR_Siemens_198,165,2.9166,2.153,0.2781,0.2781,0.2781,0.568,0.568,0.568,0.2946,2.3686
fCMR_Siemens_018,166,2.4696,2.1222,0.4752,0.4858,0.4889,2.8753,2.8753,2.8753,0.6019,10.3529
fCMR_Siemens_113,166,2.9016,2.1928,0.073,0.0731,0.0731,7.79,7.79,7.79,0.137,17.3011
fCMR_Siemens_027,166,1.4209,1.6971,0.1378,0.1378,0.1378,1.1342,1.1342,1.1342,0.1787,3.4426
fCMR_Siemens_006,166,1.5924,3.3807,0.8356,0.2696,1.3146,1.6273,1.6273,1.6273,1.3371,7.3702
fCMR_Siemens_144,166,2.8228,2.2854,0.1435,0.1438,0.1439,1.9072,1.9072,1.9072,0.1914,4.7157
fCMR_Siemens_068,166,2.7698,2.4652,0.3487,0.3489,0.349,2.9375,2.9375,2.9375,0.3946,7.7006
fCMR_Siemens_198,166,2.2683,0.925,0.2806,0.5551,0.4217,0.9877,0.9877,0.9877,0.5807,6.747
fCMR_Siemens_018,167,1.8785,0.9162,0.3921,0.3912,0.391,1.2094,1.2094,1.2094,0.427,7.3909
fCMR_Siemens_113,167,1.031,2.4903,0.0778,0.0779,0.0779,5.5063,5.5063,5.5063,0.1579,14.3299
fCMR_Siemens_027,167,2.7133,2.3599,0.2593,0.2593,0.2594,0.616,0.616,0.616,0.2699,4.0359
fCMR_Siemens_006,167,2.488,2.4123,0.2419,0.2419,0.2419,1.6176,1.6176,1.6176,0.2487,4.4999
fCMR_Siemens_144,167,1.9684,2.7669,0.1061,0.1053,0.105,0.7885,0.7885,0.7885,0.2294,3.2368
fCMR_Siemens_068,167,2.67,3.3412,0.504,0.5043,0.5045,0.7566,0.7566,0.7566,0.5146,4.0438
fCMR_Siemens_198,167,1.5665,1.8676,0.2264,0.2264,0.2265,1.2691,1.2691,1.2691,0.2434,5.2683
fCMR_Siemens_018,168,2.085,2.2711,0.4029,0.3267,0.403,0.6088,0.6088,0.6088,0.4157,4.3518
fCMR_Siemens_113,168,2.499,2.5545,0.0353,0.0353,0.0353,6.1978,6.1978,6.1978,0.1169,14.6891
fCMR_Siemens_027,168,1.9579,3.4118,0.0968,0.0968,0.0968,2.3532,2.3532,2.3532,0.116,6.328
fCMR_Siemens_006,168,2.8627,2.894,0.651,0.1633,0.8766,0.3706,0.3706,0.3706,0.888,2.2369
fCMR_Siemens_144,168,2.9497,2.5634,0.1349,0.1357,0.136,0.6759,0.6759,0.6759,0.1865,4.1709
fCMR_Siemens_068,168,2.1386,2.1724,0.6381,0.6406,0.6414,4.8986,4.8986,4.8986,0.6554,11.8494
fCMR_Siemens_198,168,3.0341,3.5824,0.3032,0.3033,0.3033,3.0558,3.0558,3.0558,0.3264,7.2014
fCMR_Siemens_018,169,2.5016,2.5848,0.0913,1.5579,0.1762,2.6204,2.6204,2.6204,0.6023,17.5463
fCMR_Siemens_113,169,2.8233,3.3002,0.0346,0.0346,0.0346,3.6948,3.6948,3.6948,0.0842,9.9493
fCMR_Siemens_027,169,2.9681,0.6375,0.1565,0.1565,0.1565,1.299,1.299,1.299,0.2224,4.143
fCMR_Siemens_006,169,2.8047,3.2206,0.2797,0.281,0.2814,1.7226,1.7226,1.7226,0.3193,5.931
fCMR_Siemens_144,169,0.9242,4.0729,0.1267,0.1267,0.1267,0.4278,0.4278,0.4278,0.192,1.6259
fCMR_Siemens_068,169,2.4882,2.2479,0.6074,0.6071,0.607,1.5251,1.5251,1.5251,0.6103,5.4499
fCMR_Siemens_198,169,2.3971,3.4531,0.2865,0.2866,0.2867,1.0786,1.0786,1.0786,0.2975,4.2554
fCMR_Siemens_018,170,2.6208,1.4274,0.1757,0.2661,0.1757,0.6134,0.6134,0.6134,0.2324,3.8822
fCMR_Siemens_113,170,3.0675,2.6757,0.0788,0.0789,0.0789,6.214,6.214,6.214,0.0915,13.7089
fCMR_Siemens_027,170,2.9876,2.6257,0.1089,0.1089,0.1089,2.8108,2.8108,2.8108,0.138,6.9225
fCMR_Siemens_006,170,3.0424,2.6156,0.4446,0.4468,0.4476,6.0157,6.0157,6.0157,0.4723,13.5241
fCMR_Siemens_144,170,2.6334,2.8559,0.2535,0.2536,0.2536,4.3686,4.3686,4.3686,0.2591,9.9679
fCMR_Siemens_068,170,2.6344,3.5654,0.8014,0.8018,0.802,1.1467,1.1467,1.1467,0.8123,3.2341
fCMR_Siemens_198,170,2.6401,1.5127,0.2369,0.2369,0.2369,4.3666,4.3666,4.3666,0.265,11.4567
fCMR_Siemens_018,171,1.5888,1.7927,0.1003,0.1007,0.1008,1.7225,1.7225,1.7225,0.251,7.1781
fCMR_Siemens_113,171,1.6562,2.8385,0.0565,0.1021,0.0565,6.2982,6.2982,6.2982,0.1112,14.1684
fCMR_Siemens_027,171,1.0952,2.1614,0.1573,0.1574,0.1574,1.1262,1.1262,1.1262,0.198,5.0145
fCMR_Siemens_006,171,2.6733,3.4234,0.2983,0.3129,0.7651,1.9582,1.9582,1.9582,0.7787,7.2464
fCMR_Siemens_144,171,2.9089,2.6909,0.0917,0.0917,0.0917,3.0921,3.0921,3.0921,0.147,7.5853
fCMR_Siemens_068,171,2.6267,2.6956,0.2263,0.2264,0.2264,3.1831,3.1831,3.1831,0.2451,7.7628
fCMR_Siemens_198,171,2.5484,3.279,0.2733,0.4091,0.2734,0.4686,0.4686,0.4686,0.2969,2.6501
fCMR_Siemens_018,172,1.8086,3.5086,0.2475,0.5634,0.272,1.4638,1.4638,1.4638,0.5126,7.2172
fCMR_Siemens_113,172,2.9931,2.2368,0.0402,0.0401,0.0401,4.2238,4.2238,4.2238,0.1408,9.0115
fCMR_Siemens_027,172,2.6401,2.15,0.1196,0.1209,0.1214,1.9883,1.9883,1.9883,0.2367,5.7674
fCMR_Siemens_006,172,2.0965,2.7392,0.3185,0.3184,0.3184,2.9193,2.9193,2.9193,0.3297,7.0074
fCMR_Siemens_144,172,3.0754,2.6383,0.156,0.156,0.156,2.8357,2.8357,2.8357,0.1815,6.8206
fCMR_Siemens_068,172,2.4298,1.2137,0.5932,0.5938,0.594,2.1559,2.1559,2.1559,0.5983,6.9156
fCMR_Siemens_198,172,2.8145,2.8271,0.2435,0.2436,0.2436,1.7497,1.7497,1.7497,0.2675,6.0369
fCMR_Siemens_018,173,2.6879,2.5629,0.2135,0.2133,0.2132,2.241,2.241,2.241,0.27,6.4106
fCMR_Siemens_113,173,2.9136,2.9978,0.0952,0.0952,0.0951,9.4802,9.4802,9.4802,0.1196,20.9055
fCMR_Siemens_027,173,2.2556,3.3653,0.3081,0.3165,0.3192,0.6694,0.6694,0.6694,0.4079,3.5846
fCMR_Siemens_006,173,2.5962,2.1697,0.8679,0.1626,1.1478,2.787,2.787,2.787,1.1661,9.474
fCMR_Siemens_144,173,2.6273,2.0922,0.0651,0.0651,0.0651,1.5036,1.5036,1.5036,0.1499,3.9122
fCMR_Siemens_068,173,2.6423,1.2183,0.5783,0.5792,0.5795,2.2817,2.2817,2.2817,0.6033,6.213
fCMR_Siemens_198,173,3.0408,3.7573,0.2526,0.2527,0.2527,1.0814,1.0814,1.0814,0.2654,3.9654
fCMR_Siemens_018,174,2.9801,2.5779,0.2695,0.1831,0.2706,2.6457,2.6457,2.6457,0.3326,8.2334
fCMR_Siemens_113,174,2.7103,2.5394,0.0826,0.0826,0.0826,7.2794,7.2794,7.2794,0.1274,15.4282
fCMR_Siemens_027,174,2.9578,1.9488,0.1851,0.185,0.1849,1.2551,1.2551,1.2551,0.2359,3.5708
fCMR_Siemens_006,174,2.3344,3.0234,0.3474,0.3609,0.3652,1.6348,1.6348,1.6348,0.3854,6.1896
fCMR_Siemens_144,174,1.1854,2.1911,0.0958,0.0958,0.0958,1.3483,1.3483,1.3483,0.1454,4.4005
fCMR_Siemens_068,174,3.0002,2.6581,0.6207,0.6286,0.6311,2.5347,2.5347,2.5347,0.6782,8.5359
fCMR_Siemens_198,174,2.6987,1.9393,0.2045,0.2045,0.2045,1.6976,1.6976,1.6976,0.2194,6.413
fCMR_Siemens_018,175,1.4468,2.2176,0.4323,0.4321,0.4321,0.4115,0.4115,0.4115,0.4433,2.5686
fCMR_Siemens_113,175,1.2887,2.7131,0.0502,0.0502,0.0502,4.4035,4.4035,4.4035,0.0776,10.4007
fCMR_Siemens_027,175,2.6581,1.3785,0.1446,0.1445,0.1445,2.5596,2.5596,2.5596,0.1873,7.3966
fCMR_Siemens_006,175,2.1971,2.9307,0.5462,0.9583,0.8532,0.5822,0.5822,0.5822,0.8924,3.0998
fCMR_Siemens_144,175,2.2892,3.117,0.0717,0.0718,0.0718,3.5539,3.5539,3.5539,0.1139,7.907
fCMR_Siemens_068,175,2.6154,2.3243,0.5899,0.5892,0.589,0.7573,0.7573,0.7573,0.593,4.254
fCMR_Siemens_198,175,2.0573,1.4652,0.2142,0.535,0.2143,0.6749,0.6749,0.6749,0.245,3.407
fCMR_Siemens_018,176,1.2358,2.8764,0.2384,0.2392,0.2395,0.4927,0.4927,0.4927,0.3214,3.1452
fCMR_Siemens_113,176,2.2181,2.4732,0.0711,0.0712,0.0712,3.4691,3.4691,3.4691,0.1559,8.4756
fCMR_Siemens_027,176,2.0771,2.1328,0.0724,0.1415,0.0724,1.7546,1.7546,1.7546,0.1432,4.7907
fCMR_Siemens_006,176,1.7104,2.2696,0.4681,1.3061,1.3939,2.4456,2.4456,2.4456,1.3648,12.3792
fCMR_Siemens_144,176,2.0341,2.2633,0.1815,0.1815,0.1815,4.3,4.3,4.3,0.2005,11.2146
fCMR_Siemens_068,176,2.2401,1.7352,0.6254,0.6261,0.6264,1.6319,1.6319,1.6319,0.6323,3.93
fCMR_Siemens_198,176,2.8865,2.2103,0.2606,0.2606,0.2606,0.4938,0.4938,0.4938,0.2852,2.3971
fCMR_Siemens_018,177,1.6156,3.3767,0.0968,0.0965,0.0965,0.2914,0.2914,0.2914,0.1769,1.9192
fCMR_Siemens_113,177,1.9285,2.0027,0.0722,0.4705,0.0723,7.3434,7.3434,7.3434,0.1433,15.3074
fCMR_Siemens_027,177,1.6099,3.1965,0.1244,0.1244,0.1244,1.3362,1.3362,1.3362,0.1733,4.6787
fCMR_Siemens_006,177,1.6643,0.8338,0.2411,0.2409,0.2408,3.9304,3.9304,3.9304,0.2691,8.879
fCMR_Siemens_144,177,2.8867,3.7864,0.0981,0.0981,0.0981,1.5089,1.5089,1.5089,0.1614,4.1624
fCMR_Siemens_068,177,1.3384,3.4066,0.2326,0.2326,0.2326,2.5504,2.5504,2.5504,0.2807,8.3094
fCMR_Siemens_198,177,3.0873,1.2299,0.2088,0.2088,0.2088,1.8852,1.8852,1.8852,0.2224,5.8336
fCMR_Siemens_018,178,1.5671,2.6903,0.3958,0.3691,0.7621,1.2515,1.2515,1.2515,0.8245,6.5516
fCMR_Siemens_113,178,1.6896,0.7679,0.1088,0.1088,0.1087,5.7501,5.7501,5.7501,0.159,12.9137
fCMR_Siemens_027,178,0.9989,0.9181,0.108,0.1082,0.1083,0.6891,0.6891,0.6891,0.1818,2.7476
fCMR_Siemens_006,178,2.91,2.6628,0.232,0.232,0.232,4.2369,4.2369,4.2369,0.2763,10.3001
fCMR_Siemens_144,178,2.9833,2.3013,0.1228,0.1227,0.1227,1.1682,1.1682,1.1682,0.1676,2.9132
fCMR_Siemens_068,178,2.8866,2.534,0.5339,0.533,0.5327,3.3924,3.3924,3.3924,0.5705,8.5133
fCMR_Siemens_198,178,3.0065,3.0309,0.3182,0.3182,0.3182,2.2232,2.2232,2.2232,0.3321,6.0594
fCMR_Siemens_018,179,2.4998,2.7722,0.303,0.3036,0.3038,2.5349,2.5349,2.5349,0.374,7.1908
fCMR_Siemens_113,179,3.0673,2.852,0.0742,0.0742,0.0742,10.1948,10.1948,10.1948,0.0938,21.304
fCMR_Siemens_027,179,3.0418,2.3404,0.1328,0.1327,0.1326,3.1246,3.1246,3.1246,0.2171,7.6697
fCMR_Siemens_006,179,2.2221,2.2839,0.1624,0.1623,0.1623,2.2815,2.2815,2.2815,0.2199,6.275
fCMR_Siemens_144,179,2.0203,1.7663,0.1111,0.111,0.111,1.8146,1.8146,1.8146,0.1663,4.225
fCMR_Siemens_068,179,2.7412,1.6553,0.3209,0.4148,0.3223,5.3196,5.3196,5.3196,0.3368,14.4985
fCMR_Siemens_198,179,3.1044,2.4243,0.2819,0.5717,0.4767,0.9046,0.9046,0.9046,0.6391,4.7134
fCMR_Siemens_018,180,2.8573,2.1691,0.5306,0.5341,0.5351,1.3012,1.3012,1.3012,0.5457,7.8892
fCMR_Siemens_113,180,0.5941,3.108,0.1094,0.1094,0.1094,3.7262,3.7262,3.7262,0.1341,9.0567
fCMR_Siemens_027,180,2.3303,2.0461,0.1147,0.1146,0.1145,1.4991,1.4991,1.4991,0.1729,4.3744
fCMR_Siemens_006,180,2.7109,2.664,0.3215,0.6029,0.6784,0.7964,0.7964,0.7964,0.7122,4.1476
fCMR_Siemens_144,180,2.2074,1.5032,0.1739,0.1739,0.1738,0.36,0.36,0.36,0.1966,1.5456
fCMR_Siemens_068,180,2.6352,2.7573,0.5208,0.524,0.5251,0.5336,0.5336,0.5336,0.5394,2.5286
fCMR_Siemens_198,180,1.5335,2.3824,0.2479,0.2478,0.2478,0.8676,0.8676,0.8676,0.2635,2.6724
fCMR_Siemens_018,181,1.1261,3.3569,0.1663,0.1752,0.178,1.2114,1.2114,1.2114,0.2811,6.4458
fCMR_Siemens_113,181,1.4944,2.7686,0.06,0.06,0.06,7.6346,7.6346,7.6346,0.0898,16.0317
fCMR_Siemens_027,181,2.008,1.5299,0.1,0.627,0.1,1.5975,1.5975,1.5975,0.1723,4.8951
fCMR_Siemens_006,181,2.0023,2.7347,0.4177,0.4244,0.4265,4.3721,4.3721,4.3721,0.4431,10.6685
fCMR_Siemens_144,181,1.2991,3.022,0.0525,0.0524,0.0524,1.0501,1.0501,1.0501,0.1363,3.4076
fCMR_Siemens_068,181,1.8551,2.9049,0.4242,0.4239,0.4239,1.4338,1.4338,1.4338,0.4478,6.028
fCMR_Siemens_198,181,3.0393,1.3403,0.22,0.2201,0.2201,2.6069,2.6069,2.6069,0.2418,8.3246
fCMR_Siemens_018,182,2.7205,2.0682,0.5378,1.1746,1.2317,1.4521,1.4521,1.4521,1.356,6.9212
fCMR_Siemens_113,182,2.5875,2.6905,0.0948,0.0948,0.0948,7.3917,7.3917,7.3917,0.1692,16.3651
fCMR_Siemens_027,182,1.1174,3.2588,0.1131,0.113,0.113,0.5302,0.5302,0.5302,0.1701,2.1966
fCMR_Siemens_006,182,1.1492,3.8399,0.3198,0.3198,0.3198,0.9388,0.9388,0.9388,0.3317,3.6066
fCMR_Siemens_144,182,2.7254,1.4267,0.13,0.13,0.13,2.5012,2.5012,2.5012,0.1688,7.3378
fCMR_Siemens_068,182,1.2654,2.4964,0.495,0.495,0.495,1.0602,1.0602,1.0602,0.5037,4.2451
fCMR_Siemens_198,182,1.1897,2.8818,0.2726,0.2729,0.273,0.45,0.45,0.45,0.2863,2.8978
fCMR_Siemens_018,183,2.9622,2.2849,0.2715,0.6867,0.2714,1.5169,1.5169,1.5169,0.3482,4.4127
fCMR_Siemens_113,183,3.0624,1.3124,0.0929,0.0929,0.0929,7.1046,7.1046,7.1046,0.1569,15.3776
fCMR_Siemens_027,183,2.3384,2.9324,0.107,0.107,0.107,2.168,2.168,2.168,0.1803,5.6122
fCMR_Siemens_006,183,1.6088,3.9095,0.2426,0.2426,0.2426,2.3808,2.3808,2.3808,0.259,5.8666
fCMR_Siemens_144,183,2.2186,2.9732,0.0721,0.0721,0.0721,2.9552,2.9552,2.9552,0.1266,7.1945
fCMR_Siemens_068,183,2.7494,3.4817,0.5292,0.5283,0.5281,0.6465,0.6465,0.6465,0.5411,2.5087
fCMR_Siemens_198,183,2.254,2.29,0.26,0.5934,0.6179,1.8848,1.8848,1.8848,0.8203,10.358
fCMR_Siemens_018,184,2.8679,1.2352,0.1617,0.1631,0.1636,1.1921,1.1921,1.1921,0.2325,9.6493
fCMR_Siemens_113,184,2.0487,1.3789,0.0401,0.0401,0.0401,6.3434,6.3434,6.3434,0.1114,13.5588
fCMR_Siemens_027,184,2.9095,2.4636,0.2049,0.4213,0.6724,2.1333,2.1333,2.1333,0.7176,6.0257
fCMR_Siemens_006,184,1.8867,3.5448,0.2335,0.2909,0.2334,2.6815,2.6815,2.6815,0.2744,7.8297
fCMR_Siemens_144,184,2.307,2.8617,0.0758,0.0758,0.0758,1.174,1.174,1.174,0.1346,2.7312
fCMR_Siemens_068,184,2.3969,2.0533,0.4602,0.4638,0.4649,3.5332,3.5332,3.5332,0.4774,9.4598
fCMR_Siemens_198,184,2.4288,1.4522,0.3082,0.3082,0.3082,0.8563,0.8563,0.8563,0.3206,3.7998
fCMR_Siemens_018,185,2.271,2.3235,0.1475,0.5955,0.1478,1.9816,1.9816,1.9816,0.208,5.423
fCMR_Siemens_113,185,2.6935,1.2039,0.0842,0.0842,0.0842,7.2381,7.2381,7.2381,0.1167,15.5868
fCMR_Siemens_027,185,2.0777,2.8507,0.0925,0.0925,0.0925,0.882,0.882,0.882,0.1357,2.9499
fCMR_Siemens_006,185,2.3543,2.9022,0.3867,0.4012,0.4058,2.437,2.437,2.437,0.4321,11.0891
fCMR_Siemens_144,185,2.3558,3.2644,0.1344,0.1344,0.1343,2.4514,2.4514,2.4514,0.1675,5.177
fCMR_Siemens_068,185,2.5161,2.3411,0.435,0.4352,0.4353,1.4036,1.4036,1.4036,0.451,4.6817
fCMR_Siemens_198,185,0.5801,3.0671,0.2558,0.2556,0.2555,2.5013,2.5013,2.5013,0.2982,6.2242
fCMR_Siemens_018,186,3.0292,1.6643,0.0969,0.505,0.6171,1.0212,1.0212,1.0212,0.7263,4.5686
fCMR_Siemens_113,186,3.1035,2.0225,0.0534,0.0534,0.0534,7.4459,7.4459,7.4459,0.1226,16.293
fCMR_Siemens_027,186,1.1705,2.0423,0.2556,0.2557,0.2558,2.2599,2.2599,2.2599,0.2831,6.7922
fCMR_Siemens_006,186,2.4426,3.0365,0.2604,0.261,0.2613,1.5987,1.5987,1.5987,0.3036,4.3106
fCMR_Siemens_144,186,3.0993,2.9177,0.2592,0.3458,0.7502,1.0733,1.0733,1.0733,0.7815,7.9989
fCMR_Siemens_068,186,1.4292,1.7458,0.5893,0.5878,0.5874,2.3711,2.3711,2.3711,0.6328,6.3721
fCMR_Siemens_198,186,2.3229,1.215,0.3019,0.3019,0.3019,1.8162,1.8162,1.8162,0.3172,5.485
fCMR_Siemens_018,187,1.839,2.1166,0.2699,0.2699,0.2699,1.2081,1.2081,1.2081,0.4332,5.4798
fCMR_Siemens_113,187,2.0877,3.2309,0.099,0.099,0.099,3.9274,3.9274,3.9274,0.149,8.6116
fCMR_Siemens_027,187,2.4024,1.5573,0.14,0.4155,0.14,1.5416,1.5416,1.5416,0.1883,5.11
fCMR_Siemens_006,187,2.8733,2.4102,0.5149,0.7822,0.8543,3.5774,3.5774,3.5774,0.9171,13.4806
fCMR_Siemens_144,187,1.5664,2.4872,0.0559,0.0559,0.0559,0.222,0.222,0.222,0.092,1.7964
fCMR_Siemens_068,187,1.3689,2.6277,0.4624,0.1711,0.4659,1.0386,1.0386,1.0386,0.4725,3.3499
fCMR_Siemens_198,187,1.7761,2.6138,0.2869,0.2869,0.2869,1.5254,1.5254,1.5254,0.3017,4.9279
fCMR_Siemens_018,188,3.0444,2.5851,0.4155,0.4153,0.4153,1.4956,1.4956,1.4956,0.4194,5.8773
fCMR_Siemens_113,188,0.7744,1.7757,0.0763,0.0763,0.0763,10.2337,10.2337,10.2337,0.1267,22.6222
fCMR_Siemens_027,188,2.2833,2.8333,0.1224,0.1223,0.1223,1.7753,1.7753,1.7753,0.2017,4.8715
fCMR_Siemens_006,188,1.9161,2.6638,0.2005,0.2004,0.2004,1.4484,1.4484,1.4484,0.2833,4.2577
fCMR_Siemens_144,188,2.089,3.0159,0.2097,0.3591,0.2096,2.2981,2.2981,2.2981,0.2318,5.6185
fCMR_Siemens_068,188,2.3427,1.5787,0.4349,0.4369,0.4375,1.5082,1.5082,1.5082,0.4555,5.3934
fCMR_Siemens_198,188,2.5198,2.7313,0.2388,0.2388,0.2388,1.4971,1.4971,1.4971,0.2524,4.5361
fCMR_Siemens_018,189,1.9094,2.7354,0.3752,0.6528,0.6925,2.2522,2.2522,2.2522,0.9255,7.1314
fCMR_Siemens_113,189,2.5713,2.1596,0.0538,0.0538,0.0538,3.5557,3.5557,3.5557,0.1193,8.8687
fCMR_Siemens_027,189,2.903,2.3534,0.1004,0.1004,0.1004,1.8565,1.8565,1.8565,0.1507,5.39
fCMR_Siemens_006,189,3.0916,1.95,0.2142,0.2142,0.2142,3.5683,3.5683,3.5683,0.2365,7.6908
fCMR_Siemens_144,189,2.7369,2.1704,0.0937,0.0937,0.0937,2.1576,2.1576,2.1576,0.1481,5.0898
fCMR_Siemens_068,189,3.0678,2.7754,0.4426,0.6498,0.7067,4.1127,4.1127,4.1127,0.7341,12.0635
fCMR_Siemens_198,189,2.4261,1.3532,0.2041,0.5133,0.2041,1.6033,1.6033,1.6033,0.2156,4.2637
fCMR_Siemens_018,190,1.9856,0.9728,0.1058,0.1049,0.1046,2.5297,2.5297,2.5297,0.2323,7.3355
fCMR_Siemens_113,190,2.7363,1.9756,0.1008,0.1008,0.1009,5.9767,5.9767,5.9767,0.1455,15.0598
fCMR_Siemens_027,190,1.9757,1.8929,0.1519,0.152,0.152,0.6734,0.6734,0.6734,0.1935,2.9597
fCMR_Siemens_006,190,2.3506,3.1228,0.3306,0.3306,0.3306,4.0609,4.0609,4.0609,0.3407,10.1356
fCMR_Siemens_144,190,2.4819,1.8399,0.1233,0.1584,0.1233,2.7906,2.7906,2.7906,0.1382,7.5658
fCMR_Siemens_068,190,1.7018,2.6188,0.2552,0.2553,0.2553,5.2975,5.2975,5.2975,0.2876,12.9441
fCMR_Siemens_198,190,2.9542,3.0863,0.2451,0.245,0.245,2.3659,2.3659,2.3659,0.2725,6.5271
fCMR_Siemens_018,191,1.3009,2.593,0.0906,0.0948,0.0962,2.4823,2.4823,2.4823,0.2678,11.4124
fCMR_Siemens_113,191,3.0679,2.3236,0.0798,0.0798,0.0798,6.9327,6.9327,6.9327,0.1158,15.717
fCMR_Siemens_027,191,2.4661,2.5304,0.2159,0.2158,0.2158,0.3217,0.3217,0.3217,0.2401,2.5608
fCMR_Siemens_006,191,2.729,2.878,0.3937,0.5296,0.3936,3.8868,3.8868,3.8868,0.4079,9.5781
fCMR_Siemens_144,191,1.7761,2.6114,0.0974,0.0972,0.0971,1.2654,1.2654,1.2654,0.1725,5.6393
fCMR_Siemens_068,191,2.4808,2.4966,0.3934,0.3934,0.3934,2.3419,2.3419,2.3419,0.4247,8.0296
fCMR_Siemens_198,191,1.5933,2.3177,0.2591,0.259,0.259,1.5747,1.5747,1.5747,0.2848,4.904
fCMR_Siemens_018,192,1.8752,1.362,0.3436,0.3426,0.3423,2.2816,2.2816,2.2816,0.4275,7.209
fCMR_Siemens_113,192,3.1081,2.9162,0.1107,0.1107,0.1107,6.9283,6.9283,6.9283,0.1641,15.7586
fCMR_Siemens_027,192,2.479,2.5029,0.181,0.1811,0.1811,4.1054,4.1054,4.1054,0.2455,11.6542
fCMR_Siemens_006,192,1.328,3.5269,0.3703,0.257,0.8771,0.46,0.46,0.46,0.901,5.3475
fCMR_Siemens_144,192,2.2533,1.7923,0.198,0.198,0.198,2.7046,2.7046,2.7046,0.2231,6.9307
fCMR_Siemens_068,192,1.8051,2.1519,0.4447,0.445,0.4451,1.4747,1.4747,1.4747,0.453,5.0596
fCMR_Siemens_198,192,1.5802,1.5562,0.3055,0.3056,0.3057,2.7558,2.7558,2.7558,0.3333,7.6005
fCMR_Siemens_018,193,2.8167,2.9018,0.536,0.5345,0.534,5.1554,5.1554,5.1554,0.6252,13.8021
fCMR_Siemens_113,193,2.8136,3.328,0.0843,0.0843,0.0843,9.1066,9.1066,9.1066,0.1133,19.2917
fCMR_Siemens_027,193,1.413,2.7312,0.1223,0.1223,0.1224,0.9696,0.9696,0.9696,0.1798,3.167
fCMR_Siemens_006,193,2.3184,3.4358,0.5063,0.9463,1.0536,2.8238,2.8238,2.8238,1.0297,9.118
fCMR_Siemens_144,193,2.3192,2.404,0.0949,0.4655,0.5946,0.8118,0.8118,0.8118,0.7023,5.9685
fCMR_Siemens_068,193,2.7885,2.68,0.7443,0.7439,0.7437,2.1067,2.1067,2.1067,0.755,5.3236
fCMR_Siemens_198,193,3.1357,2.6646,0.2773,0.2773,0.2772,2.6329,2.6329,2.6329,0.2866,8.4556
fCMR_Siemens_018,194,2.7415,2.5012,0.5726,0.5717,0.5714,2.5357,2.5357,2.5357,0.6201,11.3257
fCMR_Siemens_113,194,2.9994,2.7032,0.0858,0.0858,0.0858,6.3103,6.3103,6.3103,0.1297,14.7065
fCMR_Siemens_027,194,1.0055,1.9705,0.1973,0.1972,0.1972,1.3431,1.3431,1.3431,0.2253,4.1347
fCMR_Siemens_006,194,3.1221,0.3346,0.2035,0.2035,0.2035,1.7608,1.7608,1.7608,0.2315,6.9864
fCMR_Siemens_144,194,2.8794,2.6071,0.1759,0.1756,0.1755,2.9118,2.9118,2.9118,0.2131,6.624
fCMR_Siemens_068,194,0.5955,3.1359,0.4097,0.4157,0.4177,6.9689,6.9689,6.9689,0.446,16.4398
fCMR_Siemens_198,194,2.7001,2.7778,0.1897,0.1897,0.1897,0.6345,0.6345,0.6345,0.2149,2.7318
fCMR_Siemens_018,195,0.8085,2.5656,0.2836,0.5064,0.5683,1.4681,1.4681,1.4681,0.7271,5.0137
fCMR_Siemens_113,195,1.8462,1.1206,0.0771,0.0771,0.0771,8.3803,8.3803,8.3803,0.0967,18.2666
fCMR_Siemens_027,195,1.776,3.2252,0.1734,0.4325,0.1734,0.3259,0.3259,0.3259,0.2058,2.8303
fCMR_Siemens_006,195,2.5419,2.7333,0.5016,0.5784,0.6007,0.7156,0.7156,0.7156,0.6539,5.7769
fCMR_Siemens_144,195,2.2635,2.6735,0.1776,0.1777,0.1777,1.7798,1.7798,1.7798,0.2034,5.3154
fCMR_Siemens_068,195,2.7691,0.9398,0.3204,0.3204,0.3204,1.6331,1.6331,1.6331,0.3338,4.4442
fCMR_Siemens_198,195,2.6268,2.2258,0.2397,0.2397,0.2397,1.0362,1.0362,1.0362,0.2501,4.5056
fCMR_Siemens_018,196,1.9664,2.8965,0.5171,0.5191,0.5197,1.7146,1.7146,1.7146,0.5677,7.1424
fCMR_Siemens_113,196,3.0346,2.433,0.0374,0.0375,0.0375,8.6788,8.6788,8.6788,0.1129,18.9263
fCMR_Siemens_027,196,2.0849,2.7283,0.0643,0.0644,0.0644,3.7268,3.7268,3.7268,0.1313,8.6795
fCMR_Siemens_006,196,1.8827,3.6921,0.226,0.6498,0.226,2.9933,2.9933,2.9933,0.26,9.2027
fCMR_Siemens_144,196,1.6356,2.9939,0.1239,0.1238,0.1238,3.0522,3.0522,3.0522,0.1904,7.3651
fCMR_Siemens_068,196,1.5926,1.8191,0.5401,0.5401,0.5401,1.1098,1.1098,1.1098,0.5961,4.0414
fCMR_Siemens_198,196,3.1349,2.823,0.2106,0.2106,0.2106,1.7095,1.7095,1.7095,0.2314,6.0978
fCMR_Siemens_018,197,2.2734,2.0686,0.3143,0.3116,0.3107,1.1902,1.1902,1.1902,0.4105,3.3208
fCMR_Siemens_113,197,2.6061,2.964,0.0652,0.0652,0.0652,5.5444,5.5444,5.5444,0.0945,12.8585
fCMR_Siemens_027,197,2.978,3.2298,0.1639,0.1639,0.1639,1.2397,1.2397,1.2397,0.2173,3.8962
fCMR_Siemens_006,197,2.75,1.3865,0.2542,0.2542,0.2542,2.567,2.567,2.567,0.2817,7.0519
fCMR_Siemens_144,197,2.1163,2.4205,0.183,0.4759,0.1829,0.7151,0.7151,0.7151,0.2251,2.9673
fCMR_Siemens_068,197,3.0359,2.8411,0.2585,0.2594,0.2597,7.38,7.38,7.38,0.3173,15.874
fCMR_Siemens_198,197,2.7564,2.7749,0.2541,0.5433,0.592,1.9397,1.9397,1.9397,0.7451,7.2492
fCMR_Siemens_018,198,3.112,1.9403,0.2699,0.2566,0.28,2.8057,2.8057,2.8057,0.3849,11.0197
fCMR_Siemens_113,198,2.2963,1.2036,0.0577,0.0577,0.0577,5.1627,5.1627,5.1627,0.1371,11.4586
fCMR_Siemens_027,198,2.7379,2.8088,0.127,0.127,0.127,3.8398,3.8398,3.8398,0.1628,9.1692
fCMR_Siemens_006,198,2.7997,2.1901,0.2722,0.2722,0.2722,3.3346,3.3346,3.3346,0.3039,8.1393
fCMR_Siemens_144,198,1.0158,1.5819,0.1035,0.1032,0.1031,1.3789,1.3789,1.3789,0.1793,3.5625
fCMR_Siemens_068,198,1.7382,1.7075,0.7307,0.7312,0.7313,1.2646,1.2646,1.2646,0.7374,5.6713
fCMR_Siemens_198,198,2.8155,2.6187,0.1912,0.1912,0.1912,3.4705,3.4705,3.4705,0.1968,9.4964
fCMR_Siemens_018,199,1.6216,2.9273,0.5693,0.7921,0.8728,3.8798,3.8798,3.8798,1.0551,10.7819
fCMR_Siemens_113,199,1.5896,2.4553,0.0688,0.0688,0.0688,4.493,4.493,4.493,0.1291,10.1686
fCMR_Siemens_027,199,0.8372,1.3179,0.0946,0.0946,0.0946,1.2287,1.2287,1.2287,0.1298,3.491
fCMR_Siemens_006,199,2.8668,0.9127,0.2902,0.6834,0.79,2.0259,2.0259,2.0259,0.818,8.9864
fCMR_Siemens_144,199,1.7172,1.8648,0.1115,0.1113,0.1112,1.1032,1.1032,1.1032,0.2035,4.9371
fCMR_Siemens_068,199,1.2797,3.059,0.5624,0.7778,0.5698,0.6739,0.6739,0.6739,0.5987,6.533
fCMR_Siemens_198,199,2.9182,1.2277,0.2434,0.2434,0.2434,0.59,0.59,0.59,0.2778,4.82
fCMR_Siemens_018,200,2.9694,1.5969,0.4386,0.4396,0.4399,0.6092,0.6092,0.6092,0.4465,2.2702
fCMR_Siemens_113,200,0.6373,2.1675,0.06,0.06,0.06,4.2019,4.2019,4.2019,0.1342,9.7589
fCMR_Siemens_027,200,2.1486,2.0524,0.0679,0.068,0.0681,3.4672,3.4672,3.4672,0.1718,8.711
fCMR_Siemens_006,200,2.8174,1.975,0.5218,0.2228,0.7005,3.0928,3.0928,3.0928,0.7209,12.923
fCMR_Siemens_144,200,2.1001,2.4582,0.0739,0.0739,0.0739,1.9761,1.9761,1.9761,0.1322,4.7758
fCMR_Siemens_068,200,1.4311,3.2932,0.356,0.356,0.356,2.2022,2.2022,2.2022,0.3617,6.402
fCMR_Siemens_198,200,1.1302,2.6355,0.199,0.199,0.199,2.5954,2.5954,2.5954,0.2283,7.5942
fCMR_Siemens_018,201,1.2708,1.1293,0.131,0.1315,0.1317,2.2156,2.2156,2.2156,0.2285,5.1184
fCMR_Siemens_113,201,3.1013,2.5702,0.0726,0.0726,0.0726,8.5597,8.5597,8.5597,0.1366,19.77
fCMR_Siemens_027,201,2.4283,2.7743,0.1738,0.1739,0.1739,1.7836,1.7836,1.7836,0.2235,5.161
fCMR_Siemens_006,201,2.918,2.4773,0.2997,0.3,0.3001,1.2444,1.2444,1.2444,0.3194,4.328
fCMR_Siemens_144,201,1.3573,2.3299,0.1479,0.5899,0.7226,0.0503,0.0503,0.0503,0.7574,6.5805
fCMR_Siemens_068,201,2.9822,1.8981,0.6839,0.6886,0.6901,0.3881,0.3881,0.3881,0.7056,2.0798
fCMR_Siemens_198,201,1.6214,2.4108,0.2394,0.2395,0.2395,0.8404,0.8404,0.8404,0.2503,3.5553
fCMR_Siemens_018,202,2.7862,3.3641,0.4542,1.1428,0.4768,2.5703,2.5703,2.5703,0.5387,8.4197
fCMR_Siemens_113,202,2.1311,2.1074,0.086,0.086,0.086,5.0812,5.0812,5.0812,0.1434,11.2544
fCMR_Siemens_027,202,2.6322,2.0575,0.1571,0.1565,0.1572,2.2763,2.2763,2.2763,0.1844,4.9763
fCMR_Siemens_006,202,2.9377,2.5422,0.3111,0.311,0.311,2.3833,2.3833,2.3833,0.3408,7.7083
fCMR_Siemens_144,202,2.8424,2.3773,0.0795,0.0795,0.0795,0.7553,0.7553,0.7553,0.1112,3.146
fCMR_Siemens_068,202,3.1292,2.2092,0.1586,0.1587,0.1587,8.438,8.438,8.438,0.1944,19.157
fCMR_Siemens_198,202,1.5003,2.7922,0.2329,0.2329,0.2329,2.2779,2.2779,2.2779,0.2465,5.99
fCMR_Siemens_018,203,2.7626,2.2213,0.254,0.2582,0.2595,0.4215,0.4215,0.4215,0.3303,3.8006
fCMR_Siemens_113,203,2.5021,0.6627,0.0836,0.0836,0.0836,5.3583,5.3583,5.3583,0.1005,11.7795
fCMR_Siemens_027,203,2.8881,2.5872,0.1335,0.1335,0.1335,3.0526,3.0526,3.0526,0.1792,7.605
fCMR_Siemens_006,203,2.8649,2.015,0.3206,0.6992,0.8046,1.7526,1.7526,1.7526,0.843,6.9328
fCMR_Siemens_144,203,1.9362,2.3487,0.1516,0.2827,0.1517,0.2964,0.2964,0.2964,0.1786,2.5958
fCMR_Siemens_068,203,2.1623,3.0426,0.5376,0.5384,0.5387,2.9493,2.9493,2.9493,0.5439,8.3151
fCMR_Siemens_198,203,2.5031,2.5863,0.2536,0.2536,0.2536,2.0097,2.0097,2.0097,0.2651,5.0901
fCMR_Siemens_018,204,2.1999,2.6601,0.2307,0.2317,0.2321,0.8372,0.8372,0.8372,0.3322,3.0777
fCMR_Siemens_113,204,3.0214,2.8316,0.1083,0.1082,0.1081,3.0928,3.0928,3.0928,0.1598,7.6812
fCMR_Siemens_027,204,2.0449,3.1285,0.1065,0.6439,0.1074,0.7349,0.7349,0.7349,0.1869,3.029
fCMR_Siemens_006,204,2.4939,3.2237,0.3567,0.1929,1.3223,1.0131,1.0131,1.0131,1.3877,6.8747
fCMR_Siemens_144,204,2.4345,2.2344,0.1757,0.3975,0.7254,0.9175,0.9175,0.9175,0.7812,5.4888
fCMR_Siemens_068,204,1.5544,1.7174,0.2883,0.2882,0.2881,1.6798,1.6798,1.6798,0.3645,5.8974
fCMR_Siemens_198,204,3.0588,2.9081,0.2661,0.2661,0.2661,3.1266,3.1266,3.1266,0.2775,6.9444
fCMR_Siemens_018,205,1.7383,2.3043,0.1105,0.1105,0.1105,0.9346,0.9346,0.9346,0.1468,2.9282
fCMR_Siemens_113,205,1.6498,2.9894,0.0389,0.0389,0.0389,6.2954,6.2954,6.2954,0.0951,13.8444
fCMR_Siemens_027,205,2.0096,2.1408,0.082,0.0819,0.0819,1.9539,1.9539,1.9539,0.1682,4.8318
fCMR_Siemens_006,205,2.5721,2.6415,0.2251,0.2252,0.2252,1.6528,1.6528,1.6528,0.253,5.575
fCMR_Siemens_144,205,0.7185,2.7394,0.0961,0.0961,0.0961,1.4808,1.4808,1.4808,0.1349,6.7211
fCMR_Siemens_068,205,2.3343,2.4193,0.3508,0.3507,0.3507,0.161,0.161,0.161,0.3766,2.1154
fCMR_Siemens_198,205,3.109,1.9661,0.2172,0.2172,0.2172,0.6555,0.6555,0.6555,0.2302,2.5389
fCMR_Siemens_018,206,2.6496,2.5222,0.3629,0.365,0.3657,2.7272,2.7272,2.7272,0.3831,9.3623
fCMR_Siemens_113,206,1.5662,2.4526,0.0792,0.0791,0.0791,5.6773,5.6773,5.6773,0.1097,12.3748
fCMR_Siemens_027,206,1.8123,2.4868,0.114,0.1141,0.1141,1.068,1.068,1.068,0.137,4.4212
fCMR_Siemens_006,206,2.7725,2.684,0.2603,0.2609,0.2611,3.26,3.26,3.26,0.2886,8.2197
fCMR_Siemens_144,206,2.3497,2.7012,0.1594,0.1594,0.1594,3.6003,3.6003,3.6003,0.1912,8.9894
fCMR_Siemens_068,206,1.8366,2.2345,0.5773,0.5768,0.5767,2.2233,2.2233,2.2233,0.5917,5.5566
fCMR_Siemens_198,206,1.5777,2.2425,0.3433,0.3434,0.3434,1.483,1.483,1.483,0.3515,4.714
fCMR_Siemens_018,207,2.6598,2.7835,0.1203,0.1203,0.1203,0.1598,0.1598,0.1598,0.147,2.2164
fCMR_Siemens_113,207,1.6132,3.0664,0.0932,0.0932,0.0932,8.0781,8.0781,8.0781,0.1712,18.0233
fCMR_Siemens_027,207,2.3437,1.442,0.1612,0.1612,0.1612,0.9857,0.9857,0.9857,0.1718,2.7861
fCMR_Siemens_006,207,2.878,2.8342,0.3097,0.3099,0.3099,1.7644,1.7644,1.7644,0.3455,4.8282
fCMR_Siemens_144,207,2.3583,2.8659,0.1144,0.1145,0.1145,2.0876,2.0876,2.0876,0.1448,5.3954
fCMR_Siemens_068,207,2.0366,0.9235,0.3511,0.3511,0.3511,1.3957,1.3957,1.3957,0.364,4.2672
fCMR_Siemens_198,207,3.051,2.2012,0.2134,0.2134,0.2134,0.3013,0.3013,0.3013,0.2422,2.8846
fCMR_Siemens_018,208,3.0713,3.1211,0.2039,0.2657,0.2836,2.05,2.05,2.05,0.5413,14.9996
fCMR_Siemens_113,208,2.6219,2.8338,0.0803,0.0803,0.0803,5.8784,5.8784,5.8784,0.1553,13.0962
fCMR_Siemens_027,208,1.0689,1.8677,0.1204,0.1203,0.1203,0.6514,0.6514,0.6514,0.1692,3.0039
fCMR_Siemens_006,208,2.0564,2.0015,0.2599,0.2599,0.2599,2.8507,2.8507,2.8507,0.2822,6.7189
fCMR_Siemens_144,208,2.1823,0.5867,0.0795,0.0794,0.0794,1.334,1.334,1.334,0.157,3.3076
fCMR_Siemens_068,208,2.0173,1.8317,0.4927,0.4927,0.4928,0.5814,0.5814,0.5814,0.5268,3.5719
fCMR_Siemens_198,208,2.0811,2.4864,0.271,0.2712,0.2713,0.8144,0.8144,0.8144,0.3015,4.3845
fCMR_Siemens_018,209,0.8917,3.1336,0.1925,0.1933,0.1935,0.9547,0.9547,0.9547,0.2265,3.8336
fCMR_Siemens_113,209,1.9845,2.3908,0.1117,0.1117,0.1117,8.0234,8.0234,8.0234,0.1467,17.0711
fCMR_Siemens_027,209,2.6069,2.6959,0.2232,0.2232,0.2231,1.2788,1.2788,1.2788,0.2617,3.7264
fCMR_Siemens_006,209,2.5532,1.9603,0.2303,0.6607,0.78,1.4663,1.4663,1.4663,0.8321,8.3974
fCMR_Siemens_144,209,1.0136,2.8225,0.1695,0.1694,0.1694,1.6497,1.6497,1.6497,0.2026,4.6405
fCMR_Siemens_068,209,1.3728,1.9466,0.6237,0.4421,0.626,0.1541,0.1541,0.1541,0.6361,2.7323
fCMR_Siemens_198,209,2.2123,1.2647,0.261,0.261,0.261,2.3455,2.3455,2.3455,0.2754,6.0095
fCMR_Siemens_018,210,3.0363,2.288,0.3502,1.0245,0.3521,1.657,1.657,1.657,0.3987,6.5458
fCMR_Siemens_113,210,2.0464,1.6023,0.0819,0.082,0.082,8.8156,8.8156,8.8156,0.1237,19.0594
fCMR_Siemens_027,210,2.2835,2.1387,0.2338,0.2336,0.2336,0.7536,0.7536,0.7536,0.2878,2.5399
fCMR_Siemens_006,210,1.1263,2.8208,0.291,0.2917,0.2919,0.8304,0.8304,0.8304,0.3358,3.0699
fCMR_Siemens_144,210,1.9162,2.9706,0.1857,0.3112,0.1857,1.809,1.809,1.809,0.2014,4.51
fCMR_Siemens_068,210,1.8576,3.0326,0.4543,0.4539,0.4538,0.6237,0.6237,0.6237,0.4838,4.3788
fCMR_Siemens_198,210,1.4136,3.3667,0.2724,0.2724,0.2724,1.7633,1.7633,1.7633,0.2904,5.5468
fCMR_Siemens_018,211,2.4686,1.0773,0.3859,0.3924,0.3943,1.6279,1.6279,1.6279,0.4507,5.1996
fCMR_Siemens_113,211,2.4908,2.1035,0.052,0.0521,0.0521,4.766,4.766,4.766,0.0995,11.2066
fCMR_Siemens_027,211,2.748,2.7917,0.072,0.0727,0.073,1.8848,1.8848,1.8848,0.2168,5.1104
fCMR_Siemens_006,211,2.5493,3.0833,0.2726,0.2726,0.2726,2.973,2.973,2.973,0.2829,7.4378
fCMR_Siemens_144,211,2.7418,3.2613,0.1222,0.4577,0.5894,2.1318,2.1318,2.1318,0.8328,7.964
fCMR_Siemens_068,211,2.4683,2.8784,0.5002,0.5013,0.5016,1.8961,1.8961,1.8961,0.5462,7.369
fCMR_Siemens_198,211,3.0753,1.3204,0.1789,0.1789,0.1789,0.7312,0.7312,0.7312,0.2136,4.1492
fCMR_Siemens_018,212,1.4284,2.1924,0.6349,0.6346,0.6345,4.8659,4.8659,4.8659,0.6511,13.0026
fCMR_Siemens_113,212,2.2458,1.137,0.0772,0.0771,0.0771,5.912,5.912,5.912,0.1583,13.4828
fCMR_Siemens_027,212,1.3924,1.9727,0.1292,0.1293,0.1294,2.4988,2.4988,2.4988,0.1693,7.2408
fCMR_Siemens_006,212,1.8977,1.5653,0.1913,0.1913,0.1914,2.3348,2.3348,2.3348,0.2099,6.5051
fCMR_Siemens_144,212,1.5977,0.7573,0.1693,0.1692,0.1692,1.8211,1.8211,1.8211,0.2001,5.1337
fCMR_Siemens_068,212,1.046,3.3176,0.3862,0.3865,0.3867,3.5937,3.5937,3.5937,0.4057,8.2214
fCMR_Siemens_198,212,1.9294,2.4887,0.2517,0.319,0.2536,2.004,2.004,2.004,0.3466,6.7008
fCMR_Siemens_018,213,1.9266,2.6356,0.4299,0.4321,0.4328,0.9941,0.9941,0.9941,0.4683,4.3662
fCMR_Siemens_113,213,3.0806,2.0015,0.0869,0.0869,0.0869,3.2548,3.2548,3.2548,0.1047,8.3875
fCMR_Siemens_027,213,1.7458,2.575,0.1595,0.1595,0.1596,1.0022,1.0022,1.0022,0.2013,5.0582
fCMR_Siemens_006,213,2.356,2.8506,0.1901,0.1901,0.19,1.9341,1.9341,1.9341,0.2163,4.8988
fCMR_Siemens_144,213,1.9339,2.9804,0.1228,0.1228,0.1229,1.7082,1.7082,1.7082,0.1396,6.5312
fCMR_Siemens_068,213,3.0658,2.7611,0.3632,0.3643,0.3646,2.1069,2.1069,2.1069,0.4077,5.8236
fCMR_Siemens_198,213,2.4474,2.3001,0.2064,0.2064,0.2064,1.2923,1.2923,1.2923,0.2377,4.3895
fCMR_Siemens_018,214,1.9495,3.2362,0.1642,0.1642,0.1642,2.4196,2.4196,2.4196,0.2489,7.0048
fCMR_Siemens_113,214,1.2363,2.5737,0.0889,0.0889,0.089,8.9429,8.9429,8.9429,0.1316,19.6334
fCMR_Siemens_027,214,2.1863,2.3453,0.1359,0.1359,0.1359,1.8779,1.8779,1.8779,0.1728,5.4789
fCMR_Siemens_006,214,2.0409,1.5541,0.1886,0.1886,0.1886,1.5244,1.5244,1.5244,0.2127,3.878
fCMR_Siemens_144,214,1.3877,3.1511,0.1151,0.1151,0.1151,0.8022,0.8022,0.8022,0.1555,2.6213
fCMR_Siemens_068,214,1.1515,3.1841,0.4403,0.4405,0.4406,3.1029,3.1029,3.1029,0.4572,8.1202
fCMR_Siemens_198,214,2.1547,2.4362,0.2389,0.2389,0.2389,0.7386,0.7386,0.7386,0.2502,2.5765
fCMR_Siemens_018,215,2.5726,2.6906,0.3351,0.9992,0.3357,2.1063,2.1063,2.1063,0.3664,5.6745
fCMR_Siemens_113,215,1.3208,2.0338,0.1012,0.1011,0.1011,6.6301,6.6301,6.6301,0.1107,14.2406
fCMR_Siemens_027,215,1.2095,1.0795,0.1295,0.1295,0.1295,1.2363,1.2363,1.2363,0.1835,5.6865
fCMR_Siemens_006,215,3.0656,1.4089,0.8102,1.1106,1.2413,1.1162,1.1162,1.1162,1.2987,7.8662
fCMR_Siemens_144,215,2.1728,2.1669,0.1683,0.1239,0.1683,1.6625,1.6625,1.6625,0.1949,4.4872
fCMR_Siemens_068,215,2.4402,1.8197,0.3845,0.3869,0.3877,1.7323,1.7323,1.7323,0.4397,5.9699
fCMR_Siemens_198,215,2.725,3.2106,0.1832,0.1831,0.183,1.1366,1.1366,1.1366,0.2137,4.714
fCMR_Siemens_018,216,2.9436,2.3135,0.1944,0.1066,0.1947,1.2377,1.2377,1.2377,0.2879,5.0312
fCMR_Siemens_113,216,2.2948,0.7705,0.0475,0.0474,0.0474,5.0006,5.0006,5.0006,0.14,11.6884
fCMR_Siemens_027,216,2.0495,2.6495,0.161,0.161,0.161,0.66,0.66,0.66,0.2126,2.851
fCMR_Siemens_006,216,2.7751,2.1447,0.345,0.3242,0.7371,1.4462,1.4462,1.4462,0.7559,8.143
fCMR_Siemens_144,216,2.2637,3.32,0.2501,0.2502,0.2502,5.5699,5.5699,5.5699,0.2617,14.0322
fCMR_Siemens_068,216,1.8844,3.7717,0.2324,0.3215,0.2324,2.061,2.061,2.061,0.2486,5.3875
fCMR_Siemens_198,216,2.3355,2.1746,0.2554,0.2554,0.2554,2.6415,2.6415,2.6415,0.2702,6.6194
fCMR_Siemens_018,217,2.9022,2.5385,0.4376,0.4388,0.4392,1.0413,1.0413,1.0413,0.5015,5.3196
fCMR_Siemens_113,217,2.7965,1.7794,0.0339,0.0339,0.0339,10.0185,10.0185,10.0185,0.0646,21.3589
fCMR_Siemens_027,217,2.8846,1.8053,0.1277,0.1275,0.1275,2.6408,2.6408,2.6408,0.1808,6.6006
fCMR_Siemens_006,217,3.0097,3.9411,0.5214,0.7136,0.7655,4.129,4.129,4.129,0.8091,11.3367
fCMR_Siemens_144,217,2.6516,2.553,0.124,0.124,0.124,1.9965,1.9965,1.9965,0.149,5.4294
fCMR_Siemens_068,217,1.3995,3.3644,0.3572,0.3571,0.3571,7.0223,7.0223,7.0223,0.3878,19.1943
fCMR_Siemens_198,217,2.7469,2.65,0.2015,0.2015,0.2014,0.9212,0.9212,0.9212,0.2364,3.2345
fCMR_Siemens_018,218,2.7791,3.2095,0.2665,0.2665,0.2665,0.2143,0.2143,0.2143,0.3182,1.6741
fCMR_Siemens_113,218,2.5905,2.9134,0.0903,0.0903,0.0903,4.9003,4.9003,4.9003,0.134,12.974
fCMR_Siemens_027,218,2.9261,2.3976,0.1628,0.1628,0.1627,1.7684,1.7684,1.7684,0.2369,5.2993
fCMR_Siemens_006,218,2.8135,2.7974,0.2369,0.3874,0.6945,0.7736,0.7736,0.7736,0.7772,5.7856
fCMR_Siemens_144,218,2.3692,2.5687,0.1863,0.1864,0.1864,2.7917,2.7917,2.7917,0.2019,7.7298
fCMR_Siemens_068,218,2.9793,2.0523,0.5032,0.5041,0.5044,0.5951,0.5951,0.5951,0.5107,3.1466
fCMR_Siemens_198,218,0.8452,2.4413,0.3476,0.3476,0.3476,2.1107,2.1107,2.1107,0.3599,6.6573
fCMR_Siemens_018,219,2.985,2.198,0.477,1.477,0.4784,1.67,1.67,1.67,0.4907,6.213
fCMR_Siemens_113,219,2.0225,2.2326,0.0908,0.1298,0.0909,7.0033,7.0033,7.0033,0.1489,16.2023
fCMR_Siemens_027,219,3.0496,0.4294,0.1059,0.1059,0.1059,0.7167,0.7167,0.7167,0.1481,3.3737
fCMR_Siemens_006,219,2.7788,2.4465,0.2446,0.2447,0.2448,4.4886,4.4886,4.4886,0.2553,10.9835
fCMR_Siemens_144,219,2.2628,3.0408,0.1469,0.1468,0.1467,1.521,1.521,1.521,0.2017,3.8503
fCMR_Siemens_068,219,3.0149,2.6883,0.5711,0.5796,0.5824,3.1706,3.1706,3.1706,0.5916,9.8587
fCMR_Siemens_198,219,3.0131,1.6337,0.3334,0.3334,0.3334,1.4136,1.4136,1.4136,0.3393,4.1819
fCMR_Siemens_018,220,2.5365,3.6211,0.35,0.3496,0.3494,2.3604,2.3604,2.3604,0.3868,6.0855
fCMR_Siemens_113,220,2.9543,2.8439,0.1225,0.1225,0.1225,8.1126,8.1126,8.1126,0.1352,17.0986
fCMR_Siemens_027,220,2.3453,2.7208,0.131,0.131,0.131,1.5037,1.5037,1.5037,0.1692,5.5404
fCMR_Siemens_006,220,2.7894,2.5213,0.2629,0.6152,0.7121,0.6754,0.6754,0.6754,0.7596,3.4711
fCMR_Siemens_144,220,1.3921,1.979,0.1734,0.1734,0.1734,0.6579,0.6579,0.6579,0.1903,2.8501
fCMR_Siemens_068,220,1.6956,2.0273,0.762,0.7619,0.7619,1.5646,1.5646,1.5646,0.7727,4.6682
fCMR_Siemens_198,220,1.0097,2.6504,0.286,0.2861,0.2861,2.7486,2.7486,2.7486,0.3208,7.5018
fCMR_Siemens_018,221,2.4479,3.3686,0.4284,0.4271,0.4267,0.9597,0.9597,0.9597,0.4584,3.4255
fCMR_Siemens_113,221,2.4785,2.283,0.1284,0.3721,0.1286,9.0594,9.0594,9.0594,0.1859,19.7619
fCMR_Siemens_027,221,2.7782,1.5235,0.0855,0.0855,0.0855,0.7308,0.7308,0.7308,0.1649,2.8368
fCMR_Siemens_006,221,2.4208,3.5306,0.2543,0.2545,0.2546,1.5028,1.5028,1.5028,0.2644,3.9448
fCMR_Siemens_144,221,1.9996,3.3493,0.2524,0.3758,0.4108,1.449,1.449,1.449,0.5447,5.254
fCMR_Siemens_068,221,1.0097,1.2629,0.2785,0.2785,0.2785,3.0891,3.0891,3.0891,0.313,7.723
fCMR_Siemens_198,221,2.6431,1.9197,0.2889,0.2889,0.2889,0.9711,0.9711,0.9711,0.2966,4.0843
fCMR_Siemens_018,222,2.453,1.5692,0.4075,0.4081,0.4083,0.5997,0.5997,0.5997,0.4282,2.543
fCMR_Siemens_113,222,1.3413,1.9495,0.179,0.179,0.179,8.1897,8.1897,8.1897,0.1931,17.7627
fCMR_Siemens_027,222,2.6593,1.8786,0.1525,0.1522,0.1521,4.3986,4.3986,4.3986,0.2274,10.6601
fCMR_Siemens_006,222,1.6111,2.0899,0.4383,0.451,0.455,1.5696,1.5696,1.5696,0.4767,7.2934
fCMR_Siemens_144,222,2.6263,2.6744,0.0912,0.0912,0.0912,0.4127,0.4127,0.4127,0.132,1.5334
fCMR_Siemens_068,222,2.7964,2.7025,0.5141,0.5143,0.5144,1.6477,1.6477,1.6477,0.5281,4.1628
fCMR_Siemens_198,222,3.126,1.9837,0.2094,0.2094,0.2094,0.6441,0.6441,0.6441,0.2278,2.9551
fCMR_Siemens_018,223,1.9228,2.1061,0.2299,0.2508,0.2573,1.521,1.521,1.521,0.3642,5.4581
fCMR_Siemens_113,223,0.9345,2.6096,0.0682,0.0682,0.0682,3.6333,3.6333,3.6333,0.1025,8.122
fCMR_Siemens_027,223,2.1746,2.4873,0.1687,0.1688,0.1688,1.7873,1.7873,1.7873,0.194,5.8723
fCMR_Siemens_006,223,2.8844,2.8007,0.3163,0.3163,0.3163,1.1332,1.1332,1.1332,0.3378,2.7702
fCMR_Siemens_144,223,1.7778,2.2858,0.1438,0.3191,0.1438,2.309,2.309,2.309,0.1891,5.3144
fCMR_Siemens_068,223,1.889,1.2365,0.769,0.7696,0.7698,0.453,0.453,0.453,0.7745,2.717
fCMR_Siemens_198,223,2.984,2.2638,0.3159,0.316,0.316,0.9061,0.9061,0.9061,0.3262,2.8329
fCMR_Siemens_018,224,2.795,3.4025,0.3671,0.3748,0.3773,2.7125,2.7125,2.7125,0.4323,9.3941
fCMR_Siemens_113,224,1.9543,1.5876,0.0638,0.0638,0.0638,6.1799,6.1799,6.1799,0.0859,12.9699
fCMR_Siemens_027,224,2.4864,3.2568,0.1669,0.1669,0.1669,3.3712,3.3712,3.3712,0.2006,8.365
fCMR_Siemens_006,224,2.2472,2.0226,0.2637,0.2637,0.2637,3.8615,3.8615,3.8615,0.2839,8.8073
fCMR_Siemens_144,224,2.5658,2.2248,0.1437,0.1437,0.1437,1.7663,1.7663,1.7663,0.1527,5.165
fCMR_Siemens_068,224,2.6168,1.3498,0.6264,0.6278,0.6283,0.6107,0.6107,0.6107,0.6517,3.868
fCMR_Siemens_198,224,1.8101,2.6191,0.225,0.4561,0.2249,0.8102,0.8102,0.8102,0.2422,2.8368
fCMR_Siemens_018,225,2.5162,1.8566,0.1282,0.1284,0.1284,0.4442,0.4442,0.4442,0.1692,1.4971
fCMR_Siemens_113,225,2.6126,3.0203,0.0592,0.0592,0.0592,4.9802,4.9802,4.9802,0.0783,11.117
fCMR_Siemens_027,225,2.254,2.5596,0.2143,0.5786,0.2144,1.5243,1.5243,1.5243,0.2575,4.3261
fCMR_Siemens_006,225,2.8906,2.8829,0.2395,0.2396,0.2396,2.4594,2.4594,2.4594,0.2576,6.1053
fCMR_Siemens_144,225,2.8484,3.219,0.1072,0.1072,0.1072,1.9317,1.9317,1.9317,0.1139,5.539
fCMR_Siemens_068,225,2.968,2.4532,0.5387,0.5478,0.5506,3.7082,3.7082,3.7082,0.6178,16.5049
fCMR_Siemens_198,225,3.0964,3.4337,0.2229,0.2228,0.2228,0.3964,0.3964,0.3964,0.2501,2.684
fCMR_Siemens_018,226,1.525,2.2882,0.1373,0.1431,0.1449,2.0665,2.0665,2.0665,0.2688,8.9581
fCMR_Siemens_113,226,3.1063,1.9207,0.1086,0.1086,0.1086,5.0974,5.0974,5.0974,0.1395,10.7804
fCMR_Siemens_027,226,1.046,3.0236,0.1757,0.1757,0.1757,0.2461,0.2461,0.2461,0.2242,3.2676
fCMR_Siemens_006,226,2.8953,2.6174,0.3993,0.4162,0.4216,1.1515,1.1515,1.1515,0.4876,4.6364
fCMR_Siemens_144,226,2.2919,2.4449,0.1039,0.1039,0.1039,2.4021,2.4021,2.4021,0.1445,6.5066
fCMR_Siemens_068,226,2.79,2.668,0.6619,0.6617,0.6617,1.1581,1.1581,1.1581,0.6789,3.9652
fCMR_Siemens_198,226,2.6759,2.126,0.1968,0.1966,0.1965,0.84,0.84,0.84,0.2659,2.2839
fCMR_Siemens_018,227,2.6364,3.0536,0.6149,0.615,0.6151,1.4551,1.4551,1.4551,0.6387,5.9351
fCMR_Siemens_113,227,2.0731,2.1529,0.0584,0.0584,0.0584,3.9286,3.9286,3.9286,0.1138,9.1148
fCMR_Siemens_027,227,0.7094,2.4231,0.1452,0.1452,0.1452,0.8421,0.8421,0.8421,0.164,3.1822
fCMR_Siemens_006,227,2.0815,2.063,0.3127,0.3126,0.3126,2.5642,2.5642,2.5642,0.3423,7.9654
fCMR_Siemens_144,227,1.4986,1.5079,0.1731,0.1726,0.1724,2.9373,2.9373,2.9373,0.2463,6.5236
fCMR_Siemens_068,227,2.0987,1.9902,0.553,0.5713,0.5769,0.8711,0.8711,0.8711,0.5966,4.1868
fCMR_Siemens_198,227,2.6487,2.2741,0.2265,0.2265,0.2265,1.7706,1.7706,1.7706,0.2598,5.6131
fCMR_Siemens_018,228,1.4549,1.5859,0.1572,0.1624,0.164,1.7476,1.7476,1.7476,0.282,5.7269
fCMR_Siemens_113,228,2.2514,2.6984,0.1095,0.1095,0.1095,5.9221,5.9221,5.9221,0.1458,13.4948
fCMR_Siemens_027,228,1.8327,2.4528,0.2104,0.2106,0.2106,0.501,0.501,0.501,0.2404,2.5634
fCMR_Siemens_006,228,2.9233,3.0749,0.4226,0.4231,0.4233,2.7221,2.7221,2.7221,0.4739,7.1072
fCMR_Siemens_144,228,2.7393,0.9236,0.0815,0.0816,0.0816,0.5315,0.5315,0.5315,0.1182,2.3488
fCMR_Siemens_068,228,1.9609,3.4319,0.4999,0.5034,0.5045,2.2319,2.2319,2.2319,0.5441,8.0155
fCMR_Siemens_198,228,1.4092,1.8702,0.2081,0.2082,0.2082,0.7958,0.7958,0.7958,0.2367,3.677
fCMR_Siemens_018,229,1.6129,1.7313,0.2172,0.2228,0.2245,1.061,1.061,1.061,0.3728,4.5477
fCMR_Siemens_113,229,2.0517,2.7698,0.1352,0.1353,0.1353,6.043,6.043,6.043,0.1486,13.8741
fCMR_Siemens_027,229,1.6784,1.5516,0.1429,0.1429,0.1429,3.6104,3.6104,3.6104,0.1721,10.2192
fCMR_Siemens_006,229,3.1265,3.0505,0.3319,0.3321,0.3322,1.5456,1.5456,1.5456,0.3444,5.0166
fCMR_Siemens_144,229,1.9291,2.5658,0.1202,0.1201,0.1201,1.9051,1.9051,1.9051,0.1946,5.1126
fCMR_Siemens_068,229,1.0948,1.8947,0.5426,0.5431,0.5433,1.7113,1.7113,1.7113,0.5528,5.015
fCMR_Siemens_198,229,1.6163,0.9465,0.1849,0.1849,0.1849,1.2433,1.2433,1.2433,0.2437,4.4374
fCMR_Siemens_018,230,2.9371,0.9508,0.1446,0.1447,0.1448,1.7942,1.7942,1.7942,0.193,5.6957
fCMR_Siemens_113,230,3.0397,3.2178,0.0571,0.0571,0.0571,5.9494,5.9494,5.9494,0.1178,13.3098
fCMR_Siemens_027,230,0.724,1.0018,0.1448,0.1449,0.1449,1.3217,1.3217,1.3217,0.1619,4.5144
fCMR_Siemens_006,230,2.8826,2.0731,0.3759,0.3763,0.3764,2.6376,2.6376,2.6376,0.3908,6.1936
fCMR_Siemens_144,230,1.3803,3.3784,0.1619,0.1619,0.1619,1.0103,1.0103,1.0103,0.1854,3.51
fCMR_Siemens_068,230,2.998,1.7493,0.5591,0.559,0.5589,0.8862,0.8862,0.8862,0.5669,3.4209
fCMR_Siemens_198,230,2.4666,2.4733,0.2483,0.2483,0.2483,0.3052,0.3052,0.3052,0.2726,3.6128
fCMR_Siemens_018,231,2.2671,2.4358,0.3,0.0937,0.3001,1.9227,1.9227,1.9227,0.3929,6.6176
fCMR_Siemens_113,231,2.3551,1.4695,0.098,0.0981,0.0981,6.5632,6.5632,6.5632,0.1238,13.7048
fCMR_Siemens_027,231,3.0444,1.5302,0.1354,0.1354,0.1353,2.7238,2.7238,2.7238,0.1992,7.2893
fCMR_Siemens_006,231,2.5809,1.8215,0.2777,0.6798,0.7892,1.1238,1.1238,1.1238,0.8377,6.42
fCMR_Siemens_144,231,2.4167,2.1415,0.24,0.24,0.24,2.8583,2.8583,2.8583,0.2474,6.8069
fCMR_Siemens_068,231,1.9407,2.9423,0.2869,0.2869,0.2868,6.1785,6.1785,6.1785,0.3092,14.7487
fCMR_Siemens_198,231,1.1964,2.2909,0.2726,0.2726,0.2726,2.1365,2.1365,2.1365,0.29,6.5645
fCMR_Siemens_018,232,1.2317,2.2627,0.0842,0.161,0.0848,1.4281,1.4281,1.4281,0.238,4.4613
fCMR_Siemens_113,232,1.944,2.5157,0.026,0.0259,0.0259,3.8647,3.8647,3.8647,0.0998,8.7227
fCMR_Siemens_027,232,1.7664,0.738,0.0655,0.0654,0.0654,0.414,0.414,0.414,0.1029,3.1013
fCMR_Siemens_006,232,2.5961,2.2631,0.2228,0.7006,0.4614,0.7579,0.7579,0.7579,0.8105,5.6519
fCMR_Siemens_144,232,2.8775,2.4668,0.2553,0.4136,0.7309,1.9326,1.9326,1.9326,0.7935,6.8734
fCMR_Siemens_068,232,2.7657,2.9264,0.4781,0.4794,0.4798,1.1015,1.1015,1.1015,0.503,5.224
fCMR_Siemens_198,232,2.1006,2.458,0.2355,0.3206,0.2358,1.5637,1.5637,1.5637,0.2856,6.2958
fCMR_Siemens_018,233,2.9324,1.5475,0.3014,0.3031,0.3036,0.6636,0.6636,0.6636,0.3359,4.7844
fCMR_Siemens_113,233,2.9107,2.6905,0.147,0.147,0.147,7.7851,7.7851,7.7851,0.173,17.4968
fCMR_Siemens_027,233,1.5096,1.6772,0.1326,0.1326,0.1326,1.9545,1.9545,1.9545,0.1634,5.6694
fCMR_Siemens_006,233,1.3219,2.184,0.2798,0.282,0.2827,0.52,0.52,0.52,0.2974,2.933
fCMR_Siemens_144,233,2.8485,1.6989,0.1833,0.1834,0.1834,3.9211,3.9211,3.9211,0.1996,10.5241
fCMR_Siemens_068,233,2.657,3.309,0.8351,0.8338,0.8334,0.1254,0.1254,0.1254,0.8473,2.2392
fCMR_Siemens_198,233,1.5532,2.8825,0.2891,0.2891,0.2891,2.245,2.245,2.245,0.3004,6.8755
fCMR_Siemens_018,234,2.565,1.8542,0.2017,0.2021,0.2022,0.6464,0.6464,0.6464,0.2131,2.1245
fCMR_Siemens_113,234,2.2441,2.338,0.0426,0.0426,0.0426,5.665,5.665,5.665,0.1104,12.8054
fCMR_Siemens_027,234,2.482,2.2539,0.1688,0.1688,0.1688,0.5968,0.5968,0.5968,0.2058,3.0974
fCMR_Siemens_006,234,2.5648,2.2683,0.3067,0.307,0.307,1.8228,1.8228,1.8228,0.3197,5.1961
fCMR_Siemens_144,234,2.5279,3.0691,0.0723,0.0723,0.0723,0.5699,0.5699,0.5699,0.1198,2.2785
fCMR_Siemens_068,234,1.2701,2.7294,0.5691,0.5686,0.5685,0.6338,0.6338,0.6338,0.5741,2.6837
fCMR_Siemens_198,234,2.9475,2.4043,0.2174,0.2174,0.2174,1.4739,1.4739,1.4739,0.2379,4.442
fCMR_Siemens_018,235,2.231,2.0954,0.3918,0.3933,0.3937,0.3647,0.3647,0.3647,0.4303,5.3167
fCMR_Siemens_113,235,2.8752,1.908,0.0948,0.0949,0.0949,6.2434,6.2434,6.2434,0.1375,13.644
fCMR_Siemens_027,235,2.2832,2.6645,0.098,0.0982,0.0983,2.913,2.913,2.913,0.1778,6.6527
fCMR_Siemens_006,235,1.597,3.0886,0.2536,0.2536,0.2536,1.7476,1.7476,1.7476,0.2723,4.532
fCMR_Siemens_144,235,2.4532,2.4572,0.0961,0.0959,0.0959,1.5586,1.5586,1.5586,0.1861,5.3255
fCMR_Siemens_068,235,2.5722,2.9862,0.5889,0.5891,0.5891,1.032,1.032,1.032,0.5986,4.3008
fCMR_Siemens_198,235,1.3538,2.6531,0.2375,0.2375,0.2375,1.8079,1.8079,1.8079,0.243,5.2068
fCMR_Siemens_018,236,2.9629,2.5511,0.3948,0.401,0.403,0.6158,0.6158,0.6158,0.4287,4.895
fCMR_Siemens_113,236,3.0616,2.541,0.1199,0.1199,0.1199,5.4158,5.4158,5.4158,0.137,13.0044
fCMR_Siemens_027,236,1.3955,3.9632,0.2733,0.273,0.273,2.9738,2.9738,2.9738,0.3113,7.8319
fCMR_Siemens_006,236,2.5542,3.1077,0.1159,0.116,0.116,2.7504,2.7504,2.7504,0.173,6.2766
fCMR_Siemens_144,236,1.9142,0.9866,0.1073,0.1073,0.1073,2.1677,2.1677,2.1677,0.1369,5.3134
fCMR_Siemens_068,236,1.7495,3.1671,0.7966,0.7965,0.7965,1.5699,1.5699,1.5699,0.8109,4.8323
fCMR_Siemens_198,236,1.2082,2.9827,0.3272,0.3271,0.3271,1.104,1.104,1.104,0.3463,3.5251
fCMR_Siemens_018,237,3.0066,1.5413,0.2123,0.2123,0.2123,0.6182,0.6182,0.6182,0.2267,3.6346
fCMR_Siemens_113,237,1.354,3.277,0.127,0.127,0.127,4.6478,4.6478,4.6478,0.1547,11.4838
fCMR_Siemens_027,237,1.9297,2.9551,0.1422,0.1422,0.1422,1.2603,1.2603,1.2603,0.1753,4.1819
fCMR_Siemens_006,237,1.2152,2.1116,0.431,0.2787,0.8516,0.9436,0.9436,0.9436,0.8823,5.6428
fCMR_Siemens_144,237,2.9052,2.4156,0.0795,0.0795,0.0795,2.2022,2.2022,2.2022,0.1142,5.6088
fCMR_Siemens_068,237,1.7368,4.1254,0.5867,0.5864,0.5863,0.7049,0.7049,0.7049,0.6066,3.5724
fCMR_Siemens_198,237,1.8647,3.3582,0.2341,0.2341,0.2341,1.3172,1.3172,1.3172,0.248,4.2944
fCMR_Siemens_018,238,2.2122,1.8045,0.2352,0.2375,0.2383,0.6634,0.6634,0.6634,0.2563,3.5806
fCMR_Siemens_113,238,2.2252,3.2799,0.0459,0.0459,0.0459,6.1488,6.1488,6.1488,0.0781,13.6165
fCMR_Siemens_027,238,1.7498,1.4037,0.1213,0.1215,0.1215,0.1735,0.1735,0.1735,0.1571,3.9835
fCMR_Siemens_006,238,2.8818,2.8639,0.1859,0.1859,0.1859,2.1657,2.1657,2.1657,0.2287,5.25
fCMR_Siemens_144,238,2.0552,1.2606,0.1734,0.1931,0.1734,1.6628,1.6628,1.6628,0.2028,5.158
fCMR_Siemens_068,238,1.9469,1.9271,0.3595,0.3594,0.3594,5.4549,5.4549,5.4549,0.3846,15.5375
fCMR_Siemens_198,238,1.9592,2.7125,0.2494,0.2705,0.2494,0.5821,0.5821,0.5821,0.2895,3.81
fCMR_Siemens_018,239,2.9986,3.4852,0.454,0.454,0.454,0.5465,0.5465,0.5465,0.4584,2.4865
fCMR_Siemens_113,239,1.7476,3.2804,0.1349,0.1348,0.1348,4.9882,4.9882,4.9882,0.2002,10.767
fCMR_Siemens_027,239,2.6819,3.1844,0.4702,0.5511,0.5748,5.1007,5.1007,5.1007,0.6155,13.9252
fCMR_Siemens_006,239,1.7294,2.6663,0.2275,0.2276,0.2277,2.1369,2.1369,2.1369,0.2603,6.4364
fCMR_Siemens_144,239,2.9218,3.0983,0.1728,0.1728,0.1728,1.2164,1.2164,1.2164,0.2112,3.6832
fCMR_Siemens_068,239,2.3476,1.9769,0.276,0.2765,0.2766,4.8639,4.8639,4.8639,0.3047,11.7451
fCMR_Siemens_198,239,3.0378,2.8775,0.2083,0.2083,0.2083,0.9365,0.9365,0.9365,0.2492,3.7353
fCMR_Siemens_018,240,2.9381,1.4813,0.1529,0.1544,0.1549,1.2513,1.2513,1.2513,0.1963,4.5717
fCMR_Siemens_113,240,1.892,3.0893,0.0799,0.0798,0.0797,4.9469,4.9469,4.9469,0.1622,12.1868
fCMR_Siemens_027,240,2.0714,2.6718,0.1455,0.1455,0.1455,0.3443,0.3443,0.3443,0.1647,2.2141
fCMR_Siemens_006,240,2.3479,2.6997,0.2794,0.2866,0.2888,1.5167,1.5167,1.5167,0.4724,5.7566
fCMR_Siemens_144,240,0.3629,2.459,0.1374,0.1372,0.1372,1.8204,1.8204,1.8204,0.1993,5.4764
fCMR_Siemens_068,240,1.6121,2.9502,0.3878,0.3878,0.3878,3.1158,3.1158,3.1158,0.4026,7.1651
fCMR_Siemens_198,240,3.0855,1.949,0.2291,0.2291,0.2291,0.4282,0.4282,0.4282,0.2381,4.1242
fCMR_Siemens_018,241,2.4294,1.3792,0.3041,0.3059,0.3065,2.0909,2.0909,2.0909,0.4102,8.0784
fCMR_Siemens_113,241,2.4044,3.1324,0.1937,0.1936,0.1935,9.9043,9.9043,9.9043,0.2064,21.5206
fCMR_Siemens_027,241,2.691,2.5782,0.1938,0.1946,0.1948,0.7798,0.7798,0.7798,0.3012,3.4637
fCMR_Siemens_006,241,1.3885,2.5674,0.2817,0.2816,0.2816,0.9673,0.9673,0.9673,0.2952,3.1572
fCMR_Siemens_144,241,1.5127,3.6293,0.1501,0.1502,0.1502,1.5799,1.5799,1.5799,0.1664,5.2897
fCMR_Siemens_068,241,2.0807,3.129,0.3061,0.306,0.306,1.3823,1.3823,1.3823,0.3172,4.6112
fCMR_Siemens_198,241,1.9655,3.1301,0.269,0.2689,0.2689,0.7691,0.7691,0.7691,0.2888,3.6236
fCMR_Siemens_018,242,1.3371,2.8792,0.215,0.2159,0.2162,1.0489,1.0489,1.0489,0.2579,3.7466
fCMR_Siemens_113,242,2.9583,2.6694,0.0495,0.0494,0.0494,2.7348,2.7348,2.7348,0.1116,6.5833
fCMR_Siemens_027,242,0.4327,2.8661,0.1076,0.1077,0.1077,1.0009,1.0009,1.0009,0.1486,3.4064
fCMR_Siemens_006,242,2.7754,1.0833,0.206,0.206,0.206,2.526,2.526,2.526,0.2144,6.0427
fCMR_Siemens_144,242,3.1273,2.922,0.1358,0.1358,0.1358,1.7415,1.7415,1.7415,0.1945,4.874
fCMR_Siemens_068,242,2.3773,1.7121,0.3739,0.9101,0.3758,1.5529,1.5529,1.5529,0.4483,4.0545
fCMR_Siemens_198,242,3.1089,1.3494,0.2069,0.2071,0.2071,0.4753,0.4753,0.4753,0.233,3.2169
fCMR_Siemens_018,243,3.0734,3.5264,0.0972,0.0973,0.0973,0.7437,0.7437,0.7437,0.2022,5.2132
fCMR_Siemens_113,243,2.1485,2.1907,0.035,0.0701,0.0349,8.4846,8.4846,8.4846,0.1174,19.394
fCMR_Siemens_027,243,2.6967,2.6387,0.1007,0.1007,0.1007,2.8907,2.8907,2.8907,0.177,7.3412
fCMR_Siemens_006,243,2.493,2.4502,0.3048,0.3047,0.3047,1.7823,1.7823,1.7823,0.3282,4.965
fCMR_Siemens_144,243,0.6995,2.8821,0.0783,0.0782,0.0782,1.2139,1.2139,1.2139,0.1471,4.2814
fCMR_Siemens_068,243,2.7407,1.9483,0.3631,0.365,0.3656,3.4186,3.4186,3.4186,0.3916,9.0894
fCMR_Siemens_198,243,1.9049,2.8383,0.2075,0.1309,0.2075,0.8681,0.8681,0.8681,0.2516,3.6091
fCMR_Siemens_018,244,2.6987,2.2396,0.1721,0.1725,0.1726,1.9189,1.9189,1.9189,0.2327,5.0482
fCMR_Siemens_113,244,0.9722,0.9943,0.075,0.0751,0.0751,4.8729,4.8729,4.8729,0.1137,11.2994
fCMR_Siemens_027,244,2.6466,2.7243,0.0751,0.0751,0.0751,0.5484,0.5484,0.5484,0.1754,2.5626
fCMR_Siemens_006,244,2.6146,1.7418,0.2775,0.2775,0.2775,3.6345,3.6345,3.6345,0.306,9.5884
fCMR_Siemens_144,244,2.9013,1.5722,0.118,0.118,0.118,2.03,2.03,2.03,0.1701,5.2935
fCMR_Siemens_068,244,2.7028,2.1495,0.5222,0.5264,0.5277,1.1044,1.1044,1.1044,0.5586,4.0823
fCMR_Siemens_198,244,1.7253,1.3224,0.2255,0.2255,0.2255,0.3571,0.3571,0.3571,0.2422,2.3505
fCMR_Siemens_018,245,1.9223,1.7055,0.1477,0.1477,0.1477,1.1594,1.1594,1.1594,0.2072,4.6036
fCMR_Siemens_113,245,2.5196,2.031,0.1176,0.1177,0.1177,8.2259,8.2259,8.2259,0.1648,17.8114
fCMR_Siemens_027,245,2.8251,2.7307,0.2033,0.2034,0.2034,2.8937,2.8937,2.8937,0.2418,7.4201
fCMR_Siemens_006,245,3.1271,1.9761,0.3102,0.174,0.3151,2.2854,2.2854,2.2854,0.3652,5.3861
fCMR_Siemens_144,245,2.8102,1.9216,0.1507,0.1507,0.1507,1.7196,1.7196,1.7196,0.1908,4.267
fCMR_Siemens_068,245,0.7438,3.4156,0.489,0.4898,0.49,4.5541,4.5541,4.5541,0.5391,11.8346
fCMR_Siemens_198,245,3.0446,2.3457,0.2887,0.2888,0.2888,2.3909,2.3909,2.3909,0.304,5.638
fCMR_Siemens_018,246,0.8089,2.0797,0.1998,0.1998,0.1998,0.8226,0.8226,0.8226,0.2457,3.6998
fCMR_Siemens_113,246,1.2652,1.4283,0.0486,0.0486,0.0486,6.2904,6.2904,6.2904,0.1,13.5074
fCMR_Siemens_027,246,2.6641,2.9717,0.1079,0.1079,0.1079,0.4339,0.4339,0.4339,0.1367,1.6688
fCMR_Siemens_006,246,2.2757,2.0797,0.285,0.2871,0.808,1.4503,1.4503,1.4503,0.8326,5.7314
fCMR_Siemens_144,246,2.0972,3.425,0.0691,0.0691,0.069,2.3182,2.3182,2.3182,0.1133,5.6163
fCMR_Siemens_068,246,2.4941,1.6959,0.493,0.4939,0.4942,0.5981,0.5981,0.5981,0.5065,3.2034
fCMR_Siemens_198,246,1.6436,2.721,0.2287,0.2287,0.2286,0.3529,0.3529,0.3529,0.2504,3.3362
fCMR_Siemens_018,247,2.2636,3.3509,0.292,0.5215,0.3043,0.6454,0.6454,0.6454,0.4088,3.6714
fCMR_Siemens_113,247,2.9718,2.8502,0.0917,0.0917,0.0917,5.2059,5.2059,5.2059,0.1199,11.8846
fCMR_Siemens_027,247,2.9654,3.6943,0.116,0.116,0.116,4.3368,4.3368,4.3368,0.1554,12.435
fCMR_Siemens_006,247,1.8274,1.5687,0.3579,0.6772,0.7634,1.3188,1.3188,1.3188,0.7834,5.8617
fCMR_Siemens_144,247,1.9733,2.1654,0.1203,0.1527,0.1203,2.0562,2.0562,2.0562,0.1294,4.7532
fCMR_Siemens_068,247,2.8,1.9337,0.3432,0.3433,0.3434,2.1748,2.1748,2.1748,0.3518,5.4977
fCMR_Siemens_198,247,1.5712,3.1299,0.2971,0.2972,0.2972,1.3909,1.3909,1.3909,0.3386,5.3419
fCMR_Siemens_018,248,2.2691,2.8031,0.1719,0.1727,0.173,2.793,2.793,2.793,0.2253,9.1524
fCMR_Siemens_113,248,2.8724,2.5059,0.0436,0.0436,0.0436,4.5485,4.5485,4.5485,0.1143,10.2153
fCMR_Siemens_027,248,2.6687,2.5984,0.1198,0.1196,0.1196,0.8616,0.8616,0.8616,0.2106,4.5361
fCMR_Siemens_006,248,3.0539,3.14,0.2267,0.2267,0.2267,1.3339,1.3339,1.3339,0.2354,4.7698
fCMR_Siemens_144,248,1.9842,3.1735,0.203,0.203,0.203,1.9735,1.9735,1.9735,0.2153,4.5103
fCMR_Siemens_068,248,2.3755,3.5036,0.2659,0.2658,0.2658,1.5247,1.5247,1.5247,0.3395,4.3953
fCMR_Siemens_198,248,2.5723,2.3233,0.2754,0.6396,0.2754,1.3144,1.3144,1.3144,0.282,5.4192
fCMR_Siemens_018,249,2.1598,1.4324,0.1232,0.123,0.123,1.5822,1.5822,1.5822,0.22,5.7863
fCMR_Siemens_113,249,1.5499,0.2567,0.1202,0.1203,0.1203,4.4185,4.4185,4.4185,0.1372,10.8316
fCMR_Siemens_027,249,2.8678,1.3656,0.1378,0.1376,0.1376,0.7752,0.7752,0.7752,0.2294,2.2673
fCMR_Siemens_006,249,1.6966,2.6444,0.2022,0.6282,0.7531,2.3924,2.3924,2.3924,0.7852,11.2804
fCMR_Siemens_144,249,2.1098,2.9252,0.1922,0.1925,0.1926,1.4584,1.4584,1.4584,0.2374,4.4897
fCMR_Siemens_068,249,2.1945,1.9988,0.5791,0.5833,0.5847,0.3282,0.3282,0.3282,0.6054,2.1147
fCMR_Siemens_198,249,2.0809,1.8959,0.2748,0.6041,0.4669,0.4799,0.4799,0.4799,0.6559,6.5
