subject_id,step,angle,translation,GD_EP,CD_EP,GD_IP,CD_IP
fCMR_Siemens_018,0,2.4627,3.6442,2.0725,14.7872,2.089,31.6748
fCMR_Siemens_113,0,2.3572,2.4751,0.1238,7.8718,0.1751,17.4526
fCMR_Siemens_027,0,2.5139,2.5289,0.2385,4.3839,0.2532,9.7819
fCMR_Siemens_006,0,0.3702,1.5476,0.215,3.0837,0.2397,7.7154
fCMR_Siemens_144,0,1.3904,2.7458,0.3649,0.718,0.4064,3.4957
fCMR_Siemens_068,0,1.7174,3.41,0.9782,1.2327,0.9976,7.5045
fCMR_Siemens_198,0,1.7898,2.5602,0.3156,0.3748,0.3656,2.6489
fCMR_Siemens_018,1,2.2419,2.0095,2.0598,20.3583,2.0699,42.7038
fCMR_Siemens_113,1,2.2427,3.2482,0.1449,6.9992,0.1581,14.906
fCMR_Siemens_027,1,3.0099,1.8142,0.1642,1.4631,0.218,5.038
fCMR_Siemens_006,1,2.9439,3.0428,0.5675,4.0381,1.0248,13.0159
fCMR_Siemens_144,1,1.8804,1.1887,0.1742,2.0683,0.2929,5.7511
fCMR_Siemens_068,1,2.7336,3.0077,0.8953,0.912,0.9016,4.0259
fCMR_Siemens_198,1,2.8695,2.8175,0.4328,0.6686,0.495,4.1781
fCMR_Siemens_018,2,1.424,2.7904,1.8762,15.6428,1.8166,39.7611
fCMR_Siemens_113,2,1.6737,1.7668,0.1187,7.3258,0.2007,17.568
fCMR_Siemens_027,2,2.421,3.1563,0.1248,5.9039,0.1963,14.0397
fCMR_Siemens_006,2,3.0658,1.7021,0.4037,6.0466,0.7413,14.8822
fCMR_Siemens_144,2,1.3901,2.802,0.2243,0.4975,0.2262,4.2966
fCMR_Siemens_068,2,3.1292,1.2046,1.2084,4.4222,1.7617,16.9966
fCMR_Siemens_198,2,2.2382,2.5363,0.2596,2.2743,0.2869,6.4328
fCMR_Siemens_018,3,2.682,1.85,1.7025,9.5863,1.9088,32.5242
fCMR_Siemens_113,3,2.0734,3.1166,0.1511,9.2182,0.219,23.3546
fCMR_Siemens_027,3,2.1944,2.1807,0.0791,0.2248,0.1671,2.4571
fCMR_Siemens_006,3,1.84,2.6562,0.4485,2.4463,0.9327,10.2742
fCMR_Siemens_144,3,2.2563,2.6121,0.3575,1.4789,0.4167,4.5955
fCMR_Siemens_068,3,2.3746,3.308,1.1552,2.8885,1.4635,7.8965
fCMR_Siemens_198,3,2.7802,3.1723,0.1884,0.8598,0.2265,3.2894
fCMR_Siemens_018,4,1.2407,2.1905,1.3398,10.2631,1.4702,36.2226
fCMR_Siemens_113,4,1.5023,1.3778,0.0888,7.2071,0.1837,15.6696
fCMR_Siemens_027,4,1.4119,3.2066,0.1691,0.8787,0.1913,3.3345
fCMR_Siemens_006,4,2.7529,2.914,0.3467,1.8607,0.9449,11.3222
fCMR_Siemens_144,4,1.4345,1.6732,0.2238,1.2028,0.6832,6.5659
fCMR_Siemens_068,4,1.9869,2.0976,0.8032,3.2854,0.8405,9.6463
fCMR_Siemens_198,4,2.6703,2.5459,0.2445,2.8692,0.2584,7.5891
fCMR_Siemens_018,5,2.9069,3.2508,1.3897,12.7818,1.4498,32.9601
fCMR_Siemens_113,5,2.3217,3.0019,0.098,2.7824,0.167,8.026
fCMR_Siemens_027,5,2.2435,3.4201,0.0789,4.341,0.1681,10.2797
fCMR_Siemens_006,5,1.9621,1.2639,0.4689,2.6135,0.5544,8.3144
fCMR_Siemens_144,5,0.8821,2.5274,0.1285,2.8003,0.2616,8.5161
fCMR_Siemens_068,5,3.045,1.5085,1.13,4.5686,1.8137,13.3051
fCMR_Siemens_198,5,2.9759,3.1053,0.2696,0.5638,0.2978,2.5808
fCMR_Siemens_018,6,1.0381,3.7669,1.9903,8.9594,2.1615,22.403
fCMR_Siemens_113,6,1.3345,2.4717,0.0907,9.1864,0.178,21.1985
fCMR_Siemens_027,6,2.4436,0.894,0.2837,1.0953,0.296,6.2123
fCMR_Siemens_006,6,2.7614,2.8191,1.0228,0.1504,1.2509,6.2063
fCMR_Siemens_144,6,0.9319,1.4897,0.3033,1.1309,0.3181,4.336
fCMR_Siemens_068,6,1.1475,2.3721,2.4758,3.0044,1.9212,10.8928
fCMR_Siemens_198,6,1.9684,2.9714,0.2508,2.0492,0.2933,5.8736
fCMR_Siemens_018,7,3.0408,2.9859,1.8308,9.1137,2.174,20.7897
fCMR_Siemens_113,7,2.4417,2.5253,0.1008,6.866,0.1594,16.1649
fCMR_Siemens_027,7,1.3791,2.5303,0.2047,2.1169,0.2633,6.2704
fCMR_Siemens_006,7,3.0447,2.2048,0.4193,2.1147,0.8382,9.4567
fCMR_Siemens_144,7,1.7503,2.0295,0.2121,3.4759,0.236,8.0808
fCMR_Siemens_068,7,2.5463,2.767,0.9358,3.115,1.3501,9.874
fCMR_Siemens_198,7,1.303,2.7509,0.2139,0.8954,0.2244,4.2645
fCMR_Siemens_018,8,1.7648,2.4986,1.9536,16.7464,1.9539,37.7223
fCMR_Siemens_113,8,0.6138,2.0748,0.0996,6.5036,0.1753,21.0135
fCMR_Siemens_027,8,2.31,1.345,0.3753,1.4086,0.4141,5.6229
fCMR_Siemens_006,8,2.9045,1.5984,0.4801,2.5766,0.6855,8.1499
fCMR_Siemens_144,8,0.7513,2.8568,0.1052,1.0722,0.163,3.247
fCMR_Siemens_068,8,2.5759,3.0457,0.7254,4.5413,1.6387,17.7059
fCMR_Siemens_198,8,2.1548,2.6703,0.2628,0.9144,0.2731,3.5952
fCMR_Siemens_018,9,2.4751,1.1401,1.5514,9.8933,1.8002,32.1407
fCMR_Siemens_113,9,0.7424,0.9909,0.0911,7.2529,0.1371,17.1201
fCMR_Siemens_027,9,1.2814,1.611,0.2842,1.154,0.3282,4.2551
fCMR_Siemens_006,9,2.257,3.0111,0.442,4.3824,0.714,15.8231
fCMR_Siemens_144,9,2.7316,2.7136,0.1666,2.6665,0.2017,6.6487
fCMR_Siemens_068,9,2.3144,2.8132,2.349,10.1889,2.345,23.017
fCMR_Siemens_198,9,2.0477,2.4804,0.1281,0.778,0.174,2.9164
fCMR_Siemens_018,10,2.8339,2.2074,1.3822,6.8338,1.4262,24.4198
fCMR_Siemens_113,10,2.3049,1.2375,0.0923,8.3871,0.132,19.0092
fCMR_Siemens_027,10,2.478,2.0486,0.1305,3.0023,0.1877,7.2107
fCMR_Siemens_006,10,2.5688,2.5751,0.3864,1.5259,0.8842,5.773
fCMR_Siemens_144,10,2.0718,2.6105,0.3343,0.758,0.9039,10.717
fCMR_Siemens_068,10,2.6673,3.7995,1.1065,3.8603,1.4425,16.6259
fCMR_Siemens_198,10,0.9859,2.3864,0.2817,2.4764,0.3157,8.6905
fCMR_Siemens_018,11,3.1416,2.0611,2.1101,22.0421,2.1489,46.7444
fCMR_Siemens_113,11,1.0035,2.4716,0.1447,5.6727,0.1827,18.9058
fCMR_Siemens_027,11,1.6605,2.7142,0.2759,2.0126,0.3567,8.3726
fCMR_Siemens_006,11,3.0044,3.4689,0.396,1.1267,0.8748,6.2812
fCMR_Siemens_144,11,2.9944,3.2581,0.147,1.9592,0.236,7.2689
fCMR_Siemens_068,11,2.0229,1.998,1.095,0.0074,1.1228,3.6361
fCMR_Siemens_198,11,1.8014,2.4232,0.2187,2.3321,0.2378,5.661
fCMR_Siemens_018,12,2.6803,2.684,0.597,0.3241,0.7527,5.3681
fCMR_Siemens_113,12,3.0276,2.6999,0.0631,5.6233,0.1379,12.939
fCMR_Siemens_027,12,2.9812,1.3195,0.3394,1.0402,0.3605,4.2396
fCMR_Siemens_006,12,2.892,3.1128,0.1824,3.1422,0.2235,8.8835
fCMR_Siemens_144,12,0.8524,3.011,0.2249,0.4979,0.2513,2.1469
fCMR_Siemens_068,12,0.5723,3.1596,0.3405,11.2261,1.4458,27.732
fCMR_Siemens_198,12,1.2042,0.6203,0.2258,1.8212,0.2654,4.9779
fCMR_Siemens_018,13,3.1001,1.5231,1.8044,22.5437,2.1223,49.0351
fCMR_Siemens_113,13,1.326,2.0492,0.104,6.455,0.1734,15.0582
fCMR_Siemens_027,13,2.0498,2.5507,0.1191,3.8325,0.1835,10.6028
fCMR_Siemens_006,13,2.9288,1.8507,0.4587,4.0968,0.6962,10.772
fCMR_Siemens_144,13,1.5865,1.3412,0.2725,2.2612,0.3499,8.4683
fCMR_Siemens_068,13,0.8898,3.0815,0.3619,4.4326,0.8986,15.7615
fCMR_Siemens_198,13,2.2512,1.9814,0.2386,2.1553,0.2571,5.3951
fCMR_Siemens_018,14,2.6129,2.9887,1.5336,7.4524,1.8281,25.0825
fCMR_Siemens_113,14,2.4285,2.3169,0.0609,4.1319,0.2538,10.3908
fCMR_Siemens_027,14,2.8615,3.0603,0.1764,2.5715,0.2125,6.8191
fCMR_Siemens_006,14,3.05,1.8323,0.439,2.8312,0.9286,13.4637
fCMR_Siemens_144,14,0.7463,2.6497,0.1723,2.3313,0.2583,6.3102
fCMR_Siemens_068,14,2.4915,2.9893,0.9089,6.4612,0.942,21.1745
fCMR_Siemens_198,14,2.7026,3.1677,0.3642,1.6684,0.393,4.9919
fCMR_Siemens_018,15,1.3093,2.6505,1.8045,7.7752,2.0073,18.0252
fCMR_Siemens_113,15,3.0318,1.4545,0.0584,5.3176,0.1313,12.9344
fCMR_Siemens_027,15,2.1828,1.664,0.4574,1.4108,0.566,10.974
fCMR_Siemens_006,15,2.0372,2.2006,0.3173,3.5756,0.8479,8.9782
fCMR_Siemens_144,15,2.9329,2.529,0.1312,1.8878,0.1735,5.1084
fCMR_Siemens_068,15,2.6717,2.8841,1.0388,2.9482,1.3532,9.8856
fCMR_Siemens_198,15,2.1063,3.5235,0.4189,0.3145,0.4411,3.0007
fCMR_Siemens_018,16,2.8493,2.6053,1.3728,18.2627,1.5343,39.9243
fCMR_Siemens_113,16,2.9813,2.4242,0.1091,6.6485,0.1595,17.8042
fCMR_Siemens_027,16,3.1118,2.4177,0.272,5.9387,0.4979,15.2817
fCMR_Siemens_006,16,2.6184,2.5695,0.2308,2.491,0.8028,9.822
fCMR_Siemens_144,16,1.477,2.9198,0.326,1.0712,0.4144,10.1854
fCMR_Siemens_068,16,2.5911,2.2206,1.0359,2.4691,1.1331,9.0496
fCMR_Siemens_198,16,2.8067,2.3632,0.3064,1.4257,0.3415,4.9823
fCMR_Siemens_018,17,3.1059,2.0913,1.471,14.0815,1.5017,33.516
fCMR_Siemens_113,17,2.9478,2.005,0.1003,5.5662,0.1612,12.7685
fCMR_Siemens_027,17,2.2485,2.6442,0.2131,2.033,0.2457,6.6129
fCMR_Siemens_006,17,1.2741,2.7194,0.421,2.5324,0.7935,8.787
fCMR_Siemens_144,17,2.3848,2.6989,0.2321,0.5668,0.8387,3.3012
fCMR_Siemens_068,17,1.9351,2.8141,1.1862,0.6544,1.2073,2.5648
fCMR_Siemens_198,17,2.346,2.8881,0.4128,1.6924,0.4338,6.9712
fCMR_Siemens_018,18,3.0206,2.6229,1.7466,19.6291,1.8268,42.9958
fCMR_Siemens_113,18,3.0954,3.2779,0.1013,4.8533,0.1532,12.5751
fCMR_Siemens_027,18,2.5048,2.8167,0.1625,2.4802,0.1807,6.7442
fCMR_Siemens_006,18,1.8831,2.9773,2.0701,1.9776,1.8753,8.6918
fCMR_Siemens_144,18,1.4594,2.7995,0.187,2.378,0.2085,6.6264
fCMR_Siemens_068,18,2.3819,3.0389,1.0594,0.8852,1.4482,3.7549
fCMR_Siemens_198,18,3.0398,2.7409,0.2221,1.6614,0.2758,5.9829
fCMR_Siemens_018,19,2.0013,2.3013,2.6447,12.7029,2.2502,31.3388
fCMR_Siemens_113,19,3,2.4023,0.0968,9.1197,0.1645,19.9107
fCMR_Siemens_027,19,2.3763,1.9304,0.1987,1.5661,0.2143,3.9422
fCMR_Siemens_006,19,2.6178,2.9366,0.3058,2.261,0.8458,11.6452
fCMR_Siemens_144,19,1.8828,2.0755,0.1706,2.0926,0.1928,6.2342
fCMR_Siemens_068,19,0.9968,2.5302,0.8222,5.5418,1.2158,16.2834
fCMR_Siemens_198,19,2.9908,2.5726,0.2785,3.1645,0.3246,8.5496
fCMR_Siemens_018,20,3.101,2.561,2.2908,13.7654,2.0045,30.2056
fCMR_Siemens_113,20,2.4343,2.3375,0.1701,4.4847,0.2798,10.132
fCMR_Siemens_027,20,2.8176,3.4353,0.1373,2.4484,0.205,7.3362
fCMR_Siemens_006,20,2.769,3.0514,0.4467,1.2259,0.5635,5.5392
fCMR_Siemens_144,20,1.2838,1.9633,0.1862,2.3203,0.2506,10.0046
fCMR_Siemens_068,20,2.6859,2.7749,2.0494,2.2641,1.8928,7.9725
fCMR_Siemens_198,20,2.3322,2.1564,0.3313,1.939,0.3648,6.118
fCMR_Siemens_018,21,2.5937,0.5292,1.6334,14.356,1.6509,34.7091
fCMR_Siemens_113,21,3.0412,2.3987,0.1905,4.6954,0.2134,12.1714
fCMR_Siemens_027,21,2.5906,2.2903,0.1483,1.3448,0.2235,4.2092
fCMR_Siemens_006,21,1.7936,2.1087,2.3957,6.9947,2.0899,20.3236
fCMR_Siemens_144,21,1.775,2.9489,0.2099,0.9207,0.813,8.3044
fCMR_Siemens_068,21,2.2546,2.9437,0.631,4.7293,1.0506,18.121
fCMR_Siemens_198,21,2.4948,2.0292,0.2349,2.6857,0.2524,6.8744
fCMR_Siemens_018,22,2.1347,2.034,1.9613,13.6999,2.0053,32.5002
fCMR_Siemens_113,22,1.5523,1.8928,0.0548,6.3995,0.097,14.7241
fCMR_Siemens_027,22,2.8689,2.7349,0.127,0.8884,0.1725,2.9682
fCMR_Siemens_006,22,1.711,2.3756,0.4476,3.8139,0.5343,11.1875
fCMR_Siemens_144,22,2.639,2.3974,0.085,1.0798,0.1783,4.7125
fCMR_Siemens_068,22,3.0081,2.2715,0.6845,5.9647,1.0343,17.1404
fCMR_Siemens_198,22,1.4319,3.1578,0.1989,0.437,0.2433,2.0364
fCMR_Siemens_018,23,1.0187,2.5841,1.8206,13.0658,1.8206,29.9898
fCMR_Siemens_113,23,1.7515,2.261,0.1172,10.6448,0.1605,23.7093
fCMR_Siemens_027,23,1.916,1.8615,0.2299,2.0088,0.2885,6.4635
fCMR_Siemens_006,23,2.6023,3.3892,0.9118,4.0819,1.3287,12.0278
fCMR_Siemens_144,23,2.3706,3.0276,0.3003,1.5595,0.3531,5.301
fCMR_Siemens_068,23,2.6483,2.838,0.8109,1.3063,0.8204,6.4849
fCMR_Siemens_198,23,2.7007,2.9163,0.2692,0.6428,0.432,2.1826
fCMR_Siemens_018,24,1.5799,3.0452,1.5348,17.1152,1.6873,36.4062
fCMR_Siemens_113,24,2.8435,2.1167,0.0666,5.5893,0.1354,12.4889
fCMR_Siemens_027,24,1.8045,2.3731,0.1701,2.2601,0.2267,7.0293
fCMR_Siemens_006,24,2.2531,3.1525,0.2532,1.9897,0.2885,5.383
fCMR_Siemens_144,24,2.6494,2.9427,0.323,0.3125,1.3881,5.7868
fCMR_Siemens_068,24,1.3136,1.5997,1.3855,5.3919,1.655,15.2907
fCMR_Siemens_198,24,2.9783,0.9499,0.216,0.9219,0.2449,2.8032
fCMR_Siemens_018,25,2.1181,2.0601,1.5541,11.1498,1.5415,29.4779
fCMR_Siemens_113,25,0.9723,1.3809,0.1354,10.7413,0.2655,24.3672
fCMR_Siemens_027,25,2.3456,3.1296,0.1652,1.2063,0.1883,4.6249
fCMR_Siemens_006,25,1.5367,2.7396,0.5987,5.4949,1.0715,15.5551
fCMR_Siemens_144,25,1.2567,1.4938,0.1386,3.5202,0.2357,10.3568
fCMR_Siemens_068,25,1.235,2.7999,0.6727,0.4594,0.6948,3.2371
fCMR_Siemens_198,25,2.0643,1.8161,0.247,0.8146,0.2645,3.2973
fCMR_Siemens_018,26,1.3157,2.6456,1.9334,15.8821,1.9187,37.9562
fCMR_Siemens_113,26,2.7672,2.5346,0.0235,8.5945,0.0778,20.107
fCMR_Siemens_027,26,2.4685,2.7343,0.1603,0.9136,0.1937,2.861
fCMR_Siemens_006,26,2.4882,2.0883,0.9486,0.3852,1.1825,10.43
fCMR_Siemens_144,26,2.1237,2.2949,0.2184,2.5068,0.3519,7.0638
fCMR_Siemens_068,26,2.8925,1.7255,0.9985,1.5559,1.0142,7.4595
fCMR_Siemens_198,26,1.9878,2.8874,0.3387,2.2306,0.3579,6.2157
fCMR_Siemens_018,27,1.5687,2.7388,2.3432,5.9842,2.3506,17.2691
fCMR_Siemens_113,27,1.4535,2.4271,0.14,8.4206,0.2925,20.5639
fCMR_Siemens_027,27,1.1276,2.7093,0.1636,0.7744,0.2035,3.6802
fCMR_Siemens_006,27,1.9528,0.7843,0.2519,3.7527,0.8152,14.29
fCMR_Siemens_144,27,1.3717,0.7612,0.2012,2.1848,0.23,5.4534
fCMR_Siemens_068,27,1.7233,2.5326,1.3619,0.5628,1.492,3.9413
fCMR_Siemens_198,27,3.0884,1.2515,0.202,3.4308,0.2561,8.5298
fCMR_Siemens_018,28,2.9169,2.2641,1.0796,11.604,1.2456,32.6765
fCMR_Siemens_113,28,2.2551,1.1732,0.0819,4.6691,0.1497,12.3689
fCMR_Siemens_027,28,1.9134,2.1414,0.1279,1.519,0.2512,5.286
fCMR_Siemens_006,28,1.621,1.8878,0.4823,4.4893,0.5091,11.6307
fCMR_Siemens_144,28,3.0464,2.29,0.1552,2.6858,0.264,7.9638
fCMR_Siemens_068,28,3.0011,3.5164,0.9951,3.6405,1.8069,14.0489
fCMR_Siemens_198,28,2.4313,3.2521,0.2475,1.5409,0.2618,4.6296
fCMR_Siemens_018,29,2.9371,3.8883,2.1522,7.5576,2.0754,27.0782
fCMR_Siemens_113,29,1.6392,3.1828,0.1078,7.7935,0.1548,18.5068
fCMR_Siemens_027,29,2.6518,3.3619,0.2423,0.9713,0.3095,3.679
fCMR_Siemens_006,29,2.8942,3.1191,0.2757,2.1674,0.3087,6.8821
fCMR_Siemens_144,29,1.8651,2.9115,0.179,1.4597,0.2017,5.3566
fCMR_Siemens_068,29,3.0276,3.0457,0.8174,0.4599,1.2079,3.4216
fCMR_Siemens_198,29,1.5363,3.1075,0.276,1.6721,0.2858,4.7238
fCMR_Siemens_018,30,2.9117,3.3295,2.017,20.8436,2.1392,47.5071
fCMR_Siemens_113,30,2.9436,1.8089,0.1272,10.1096,0.2417,24.8066
fCMR_Siemens_027,30,0.8878,2.7433,0.2444,1.7679,0.3184,6.9623
fCMR_Siemens_006,30,2.1198,0.489,0.1879,1.7293,0.2148,4.7739
fCMR_Siemens_144,30,2.6745,2.0116,0.2176,3.4213,0.252,7.8655
fCMR_Siemens_068,30,3.0254,1.8133,0.6863,4.517,1.172,12.8901
fCMR_Siemens_198,30,1.7987,2.0138,0.2221,0.3282,0.263,1.7603
fCMR_Siemens_018,31,2.8737,2.794,1.2313,9.0221,1.3192,26.6724
fCMR_Siemens_113,31,2.5765,2.086,0.1181,5.5115,0.1665,12.2182
fCMR_Siemens_027,31,2.5915,0.2368,0.261,0.4688,0.2684,2.2358
fCMR_Siemens_006,31,3.069,2.7241,2.2844,2.7476,1.9213,13.318
fCMR_Siemens_144,31,2.3907,3.9404,0.1552,0.3417,0.2132,2.7472
fCMR_Siemens_068,31,2.1639,2.918,0.845,2.4471,0.9276,7.5443
fCMR_Siemens_198,31,2.5281,1.3241,0.2487,1.5235,0.2846,4.867
fCMR_Siemens_018,32,3.0581,2.688,2.1912,14.8644,2.2733,32.6428
fCMR_Siemens_113,32,1.7888,2.7443,0.1764,1.8722,0.2221,4.852
fCMR_Siemens_027,32,2.5548,2.8747,0.1454,2.6894,0.2139,7.6104
fCMR_Siemens_006,32,2.9178,2.8518,0.3411,1.2357,0.8908,8.3783
fCMR_Siemens_144,32,2.4055,1.7805,0.6217,2.5038,1.2994,13.9595
fCMR_Siemens_068,32,2.3264,2.3596,1.2038,5.1564,1.6471,15.685
fCMR_Siemens_198,32,1.2908,2.6499,0.2604,1.5175,0.3156,5.8613
fCMR_Siemens_018,33,1.8664,3.0474,1.8737,21.599,2.0865,45.6874
fCMR_Siemens_113,33,2.7027,2.9494,0.1221,4.9818,0.1883,12.4777
fCMR_Siemens_027,33,2.6554,0.5593,0.2339,1.1378,0.2663,4.1909
fCMR_Siemens_006,33,1.3358,2.7896,0.8879,3.107,1.4153,12.2765
fCMR_Siemens_144,33,2.0391,2.3985,0.2443,2.2087,0.2907,7.3488
fCMR_Siemens_068,33,1.3154,3.83,0.8995,4.533,0.9538,11.674
fCMR_Siemens_198,33,2.7254,2.5748,0.2477,1.1308,0.2772,3.2543
fCMR_Siemens_018,34,2.4187,1.8465,1.4402,12.5719,1.4964,30.9179
fCMR_Siemens_113,34,1.6994,2.888,0.0889,9.0873,0.2062,22.8494
fCMR_Siemens_027,34,1.9415,0.6014,0.2921,2.5283,0.3164,6.7024
fCMR_Siemens_006,34,1.4279,1.8978,0.6358,3.9642,1.4289,13.7876
fCMR_Siemens_144,34,1.3216,1.8861,0.0983,2.6974,0.1698,6.3113
fCMR_Siemens_068,34,2.1782,2.4025,0.9557,2.7488,1.6139,9.6086
fCMR_Siemens_198,34,2.7312,1.1687,0.2075,1.9357,0.2448,6.141
fCMR_Siemens_018,35,1.6273,3.0746,2.0014,12.3185,2.0929,34.7384
fCMR_Siemens_113,35,1.9824,1.9487,0.1136,7.4557,0.1481,17.8606
fCMR_Siemens_027,35,1.9163,2.0588,0.2157,2.7405,0.2548,6.8975
fCMR_Siemens_006,35,2.2833,2.0026,0.216,3.7264,0.2389,8.1244
fCMR_Siemens_144,35,2.3504,2.5343,0.2465,1.4448,0.2651,4.1617
fCMR_Siemens_068,35,2.4089,2.1113,0.8928,1.9392,0.9156,10.2334
fCMR_Siemens_198,35,2.3849,1.6664,0.3185,1.338,0.3321,6.2153
fCMR_Siemens_018,36,2.6071,2.2372,0.5863,4.1876,1.1449,19.2801
fCMR_Siemens_113,36,1.5838,1.4161,0.0982,7.2694,0.1471,15.5258
fCMR_Siemens_027,36,1.881,2.7293,0.2485,2.408,0.2952,6.5996
fCMR_Siemens_006,36,2.4699,2.1522,0.2894,1.9976,0.8327,10.2574
fCMR_Siemens_144,36,0.9775,2.7204,0.183,0.4413,0.2118,2.2495
fCMR_Siemens_068,36,2.885,2.6887,0.6347,5.4456,1.552,15.8923
fCMR_Siemens_198,36,1.1811,3.3919,0.2947,1.7822,0.3189,5.4694
fCMR_Siemens_018,37,3.0948,1.3257,1.5679,14.3272,1.5829,32.5576
fCMR_Siemens_113,37,0.9389,2.3621,0.1476,5.2148,0.1987,13.8144
fCMR_Siemens_027,37,1.1288,2.5753,0.119,2.0315,0.2019,5.2154
fCMR_Siemens_006,37,2.5465,2.3515,2.3506,0.9571,2.006,7.8918
fCMR_Siemens_144,37,2.4426,1.9922,0.2758,3.6701,0.3201,9.135
fCMR_Siemens_068,37,1.4556,2.0258,1.0871,5.7986,1.4635,13.419
fCMR_Siemens_198,37,2.5518,2.4928,0.2958,0.538,0.3159,3.6756
fCMR_Siemens_018,38,2.9073,2.7932,1.9628,17.6363,1.9909,40.655
fCMR_Siemens_113,38,3.0912,2.6596,0.2014,5.7093,0.2659,12.6334
fCMR_Siemens_027,38,3.0813,1.5018,0.1698,2.3616,0.2748,7.2531
fCMR_Siemens_006,38,2.5116,0.8084,0.2186,4.5952,0.2447,11.4378
fCMR_Siemens_144,38,1.3332,2.48,0.1364,2.6268,0.1547,6.8587
fCMR_Siemens_068,38,2.1982,1.8302,0.3664,3.8967,1.4516,13.9768
fCMR_Siemens_198,38,2.537,3.5928,0.2988,1.7033,0.3533,4.9986
fCMR_Siemens_018,39,2.4095,2.479,2.1304,14.6063,2.1725,35.1649
fCMR_Siemens_113,39,2.4002,2.533,0.1394,6.5973,0.2181,16.0494
fCMR_Siemens_027,39,1.4451,2.3478,0.228,1.7904,0.2716,5.7593
fCMR_Siemens_006,39,0.7235,2.4725,0.1495,5.6045,0.1985,12.4283
fCMR_Siemens_144,39,1.9074,1.1868,0.1762,1.6198,0.2074,5.6482
fCMR_Siemens_068,39,1.176,2.9138,1.2185,0.309,1.4424,3.0865
fCMR_Siemens_198,39,2.253,0.9411,0.1832,1.0659,0.2217,2.9922
fCMR_Siemens_018,40,1.9991,2.0996,1.6178,11.9186,1.9078,31.2124
fCMR_Siemens_113,40,0.9794,3.5949,0.0357,9.4757,0.2065,23.8977
fCMR_Siemens_027,40,2.8451,3.2763,0.328,3.0252,0.3616,7.5006
fCMR_Siemens_006,40,1.8275,2.1036,0.3268,3.3757,0.3513,7.8228
fCMR_Siemens_144,40,1.7933,1.8137,0.2485,1.29,0.2636,4.1774
fCMR_Siemens_068,40,2.4258,2.8762,1.2476,0.4547,1.8883,5.3564
fCMR_Siemens_198,40,1.7275,1.9008,0.2599,1.9751,0.294,6.5713
fCMR_Siemens_018,41,1.7687,2.7078,2.0417,20.6044,2.0462,44.1847
fCMR_Siemens_113,41,3.0574,2.0044,0.0436,6.8235,0.2272,16.407
fCMR_Siemens_027,41,2.6144,3.0524,0.1778,2.3282,0.201,5.5259
fCMR_Siemens_006,41,2.7747,2.9518,0.5133,2.4419,0.7149,6.4823
fCMR_Siemens_144,41,2.5366,3.1238,0.3107,2.1446,0.7726,10.6509
fCMR_Siemens_068,41,2.1055,2.9712,2.6421,1.8865,2.2296,9.023
fCMR_Siemens_198,41,2.2743,3.8973,0.209,1.1852,0.2189,3.6575
fCMR_Siemens_018,42,3.0802,3.0268,1.6982,16.3636,1.7215,41.9026
fCMR_Siemens_113,42,1.6238,1.2684,0.1683,4.9753,0.2036,11.0991
fCMR_Siemens_027,42,2.1522,2.9904,0.3149,2.4388,0.3255,7.9289
fCMR_Siemens_006,42,2.3391,2.3146,1.769,7.3213,1.7304,20.9634
fCMR_Siemens_144,42,3.0659,1.6951,0.3187,0.6097,0.9196,7.6829
fCMR_Siemens_068,42,2.9379,3.2504,0.8919,0.3815,0.9151,5.1438
fCMR_Siemens_198,42,3.0427,1.259,0.1391,1.0968,0.1646,4.195
fCMR_Siemens_018,43,2.0591,2.1164,1.9486,12.453,2.0073,32.9045
fCMR_Siemens_113,43,2.8876,3.0975,0.1153,8.6566,0.1647,18.938
fCMR_Siemens_027,43,1.9143,1.6371,0.3294,0.3495,0.3816,3.9616
fCMR_Siemens_006,43,3.0643,2.4084,0.5302,3.2304,1.0019,14.8269
fCMR_Siemens_144,43,2.7073,1.3698,0.17,1.9095,0.2127,5.5432
fCMR_Siemens_068,43,0.8531,1.9193,0.9451,0.3678,0.9523,3.9155
fCMR_Siemens_198,43,2.4294,2.4157,0.2649,1.2767,0.2855,3.5483
fCMR_Siemens_018,44,1.765,2.0651,2.0215,16.4907,2.3571,37.7421
fCMR_Siemens_113,44,1.871,3.288,0.0598,5.2267,0.1439,13.5254
fCMR_Siemens_027,44,2.5158,3.0914,0.4593,0.816,0.4797,3.0882
fCMR_Siemens_006,44,2.696,1.7515,0.3919,1.7091,0.4278,10.2831
fCMR_Siemens_144,44,1.8818,1.3882,0.4215,2.0967,0.4397,6.3838
fCMR_Siemens_068,44,3.0189,2.6191,0.5405,0.4877,1.0284,3.4587
fCMR_Siemens_198,44,2.6007,1.6257,0.2517,0.6893,0.3174,4.5009
fCMR_Siemens_018,45,2.9295,2.0472,1.0393,9.5837,1.5593,22.0739
fCMR_Siemens_113,45,2.8438,2.9065,0.1269,6.4291,0.2355,15.0586
fCMR_Siemens_027,45,2.37,2.4447,0.1893,4.4312,0.2604,10.786
fCMR_Siemens_006,45,2.9264,3.3548,0.3212,5.4342,0.3446,12.3908
fCMR_Siemens_144,45,0.9751,3.172,0.2572,1.1739,1.3559,11.2646
fCMR_Siemens_068,45,2.8523,2.0041,0.9737,2.4296,0.9881,8.02
fCMR_Siemens_198,45,2.8915,3.4231,0.2285,0.6639,0.2546,2.5109
fCMR_Siemens_018,46,1.8111,2.6683,1.8321,16.2321,2.0508,39.2458
fCMR_Siemens_113,46,1.8857,2.1506,0.1402,7.3948,0.1843,18.5003
fCMR_Siemens_027,46,2.1297,2.4271,0.297,0.6494,0.315,2.5465
fCMR_Siemens_006,46,1.7175,2.3963,0.3402,3.2874,0.8634,9.8472
fCMR_Siemens_144,46,3.0784,2.9839,0.1349,3.9778,0.2129,10.6254
fCMR_Siemens_068,46,2.7243,0.6785,1.2889,1.6821,1.5134,6.3351
fCMR_Siemens_198,46,2.2815,2.957,0.2179,1.0439,0.2765,4.945
fCMR_Siemens_018,47,2.4918,1.3506,1.8836,17.7303,2.0756,42.4797
fCMR_Siemens_113,47,0.8557,3.304,0.0825,3.7801,0.1437,10.1858
fCMR_Siemens_027,47,2.7414,2.8106,0.2872,1.2674,0.3578,7.1054
fCMR_Siemens_006,47,2.9927,2.8678,0.2572,3.4469,0.3377,9.659
fCMR_Siemens_144,47,2.3167,2.6049,0.1042,2.3519,0.2475,6.1018
fCMR_Siemens_068,47,2.7096,1.9059,0.9987,1.6349,1.5034,12.3833
fCMR_Siemens_198,47,2.7993,1.2177,0.2904,1.6411,0.3056,4.9838
fCMR_Siemens_018,48,2.8503,2.4622,1.1846,6.6976,1.3731,18.0409
fCMR_Siemens_113,48,2.5975,2.0246,0.1194,6.4721,0.1853,14.4825
fCMR_Siemens_027,48,1.3742,2.4912,0.3334,1.3328,0.3998,4.606
fCMR_Siemens_006,48,1.9441,2.8638,0.3442,1.4067,0.3677,4.5928
fCMR_Siemens_144,48,1.386,1.3681,0.1703,2.1733,0.2092,5.8266
fCMR_Siemens_068,48,1.5749,1.8512,0.7403,2.3917,0.7593,8.3162
fCMR_Siemens_198,48,3.0267,2.1957,0.2628,1.8025,0.2956,7.0018
fCMR_Siemens_018,49,1.8246,2.7188,1.7435,10.1346,1.669,25.4622
fCMR_Siemens_113,49,3.0689,2.734,0.1072,6.4346,0.1554,14.8757
fCMR_Siemens_027,49,3.0574,0.8683,0.1693,0.8467,0.2672,5.394
fCMR_Siemens_006,49,2.3615,2.6669,0.2752,2.9521,0.2833,7.65
fCMR_Siemens_144,49,2.1783,3.636,0.2219,3.6271,0.3087,9.9734
fCMR_Siemens_068,49,2.6313,1.899,0.892,0.7347,0.8952,5.1297
fCMR_Siemens_198,49,2.0642,3.4678,0.2825,0.9167,0.3037,4.0021
fCMR_Siemens_018,50,3.0613,2.6682,1.3046,12.8372,1.7242,34.0209
fCMR_Siemens_113,50,3.1008,2.2315,0.128,4.5116,0.1756,10.2946
fCMR_Siemens_027,50,2.8653,2.564,0.1423,0.8368,0.2119,3.745
fCMR_Siemens_006,50,1.2675,0.576,0.2965,1.3306,0.3732,7.7736
fCMR_Siemens_144,50,2.6572,1.4822,0.1617,0.5648,0.83,6.051
fCMR_Siemens_068,50,3.1378,1.4945,1.3177,4.5681,1.6409,17.1947
fCMR_Siemens_198,50,1.0901,2.7051,0.2103,0.7923,0.2364,3.6006
fCMR_Siemens_018,51,3.0583,2.25,1.8121,7.2511,1.845,18.8708
fCMR_Siemens_113,51,1.9057,2.6394,0.1226,3.4384,0.1742,8.0994
fCMR_Siemens_027,51,2.4619,2.5905,0.1412,1.4363,0.1835,4.6083
fCMR_Siemens_006,51,1.2447,2.6859,0.1809,3.172,0.2529,8.2229
fCMR_Siemens_144,51,2.6236,3.4425,0.1305,1.7527,0.2882,4.7604
fCMR_Siemens_068,51,2.7488,2.3855,0.9305,2.4907,0.9697,11.2348
fCMR_Siemens_198,51,1.9187,2.658,0.2426,2.4302,0.2712,7.4189
fCMR_Siemens_018,52,2.3734,1.9086,1.0799,10.443,1.5696,29.4851
fCMR_Siemens_113,52,1.4172,3.2091,0.1317,9.4131,0.1829,21.7928
fCMR_Siemens_027,52,3.0422,2.0461,0.1479,2.1141,0.2462,8.223
fCMR_Siemens_006,52,1.4267,1.6779,0.1376,3.8141,0.3076,10.9768
fCMR_Siemens_144,52,1.9985,2.558,0.18,0.1406,0.7889,3.3667
fCMR_Siemens_068,52,2.9469,2.2776,0.9853,0.6574,1.0222,5.0437
fCMR_Siemens_198,52,1.2527,3.5272,0.2672,1.3428,0.2835,3.7196
fCMR_Siemens_018,53,2.1771,2.7971,2.2043,14.181,2.3509,32.4566
fCMR_Siemens_113,53,2.2868,2.6606,0.2222,9.8054,0.278,22.1347
fCMR_Siemens_027,53,0.3992,3.3011,0.254,5.454,0.3024,14.3303
fCMR_Siemens_006,53,2.3521,3.0604,0.515,3.7601,0.6508,14.6547
fCMR_Siemens_144,53,2.0022,1.8086,0.1812,2.0658,0.2422,6.0811
fCMR_Siemens_068,53,1.8601,2.8622,1.4425,1.4434,1.4722,5.2968
fCMR_Siemens_198,53,2.0927,1.7725,0.2798,1.0848,0.2933,4.1602
fCMR_Siemens_018,54,2.0934,2.2755,2.2101,12.0087,2.1162,37.8798
fCMR_Siemens_113,54,1.6581,2.4889,0.2407,1.3995,0.266,3.425
fCMR_Siemens_027,54,1.8937,1.8467,0.2708,1.1081,0.4704,9.3374
fCMR_Siemens_006,54,2.1902,2.661,0.3593,1.6862,0.8286,5.6649
fCMR_Siemens_144,54,2.0322,1.5112,0.1754,2.9455,0.2002,8.8078
fCMR_Siemens_068,54,1.9479,2.5302,0.6293,3.2383,1.345,10.941
fCMR_Siemens_198,54,2.7178,2.1302,0.2591,2.3661,0.3129,7.3736
fCMR_Siemens_018,55,2.2576,2.9846,1.3858,11.9162,1.7417,26.4776
fCMR_Siemens_113,55,2.5781,0.4253,0.1213,4.6574,0.1686,11.23
fCMR_Siemens_027,55,2.9783,3.3986,0.1775,2.6472,0.2116,7.8578
fCMR_Siemens_006,55,2.844,2.724,0.2174,2.1037,0.2849,5.6435
fCMR_Siemens_144,55,0.8685,3.084,0.2111,0.0745,0.7475,3.7222
fCMR_Siemens_068,55,1.7489,2.7015,0.5886,6.5244,1.5359,16.5643
fCMR_Siemens_198,55,3.0963,2.8263,0.1912,0.2989,0.2105,1.2499
fCMR_Siemens_018,56,3.0385,1.4709,1.2445,16.5718,1.2751,40.6225
fCMR_Siemens_113,56,1.1124,2.3702,0.0933,5.5244,0.1986,16.1055
fCMR_Siemens_027,56,2.9652,4.0164,0.4145,1.5674,0.7862,4.7052
fCMR_Siemens_006,56,2.9991,1.9451,0.2972,3.364,0.8384,11.2801
fCMR_Siemens_144,56,0.3241,3.6778,0.2434,3.0505,0.2665,7.5347
fCMR_Siemens_068,56,1.8196,1.3204,1.1188,0.8414,1.5245,6.4128
fCMR_Siemens_198,56,2.0807,1.8149,0.2334,2.5765,0.2547,9.1068
fCMR_Siemens_018,57,1.8197,2.4957,1.5254,7.1477,1.895,18.6001
fCMR_Siemens_113,57,2.1274,2.2411,0.1577,7.8886,0.1901,18.4248
fCMR_Siemens_027,57,1.0192,1.72,0.1694,1.6395,0.2333,4.9753
fCMR_Siemens_006,57,2.4334,2.6471,0.6053,1.69,1.0262,8.9252
fCMR_Siemens_144,57,3.0557,3.099,0.3281,4.1059,0.4628,11.541
fCMR_Siemens_068,57,2.3805,2.0223,1.2123,3.21,1.791,13.515
fCMR_Siemens_198,57,0.9427,1.2672,0.2165,3.2181,0.2427,10.0731
fCMR_Siemens_018,58,2.7536,1.8149,1.9791,20.5509,2.1449,43.7013
fCMR_Siemens_113,58,2.457,1.9324,0.1088,6.6791,0.2427,15.6464
fCMR_Siemens_027,58,2.7442,4.0928,0.3897,1.914,0.9104,7.9818
fCMR_Siemens_006,58,1.2439,3.0379,0.2008,5.9974,0.2326,15.0004
fCMR_Siemens_144,58,3.1063,2.0058,0.3152,0.5818,0.3348,2.6526
fCMR_Siemens_068,58,1.5909,2.5686,0.8171,1.8189,1.6391,9.7919
fCMR_Siemens_198,58,2.9515,2.8021,0.306,2.2122,0.3175,7.133
fCMR_Siemens_018,59,3.0995,2.4921,0.7488,8.0931,1.3012,23.9833
fCMR_Siemens_113,59,2.6038,2.7136,0.1113,8.1877,0.1736,17.7851
fCMR_Siemens_027,59,2.7222,1.8223,0.1867,2.4038,0.2257,6.1919
fCMR_Siemens_006,59,2.418,2.087,0.2306,2.4293,0.2916,6.0089
fCMR_Siemens_144,59,2.462,1.5418,0.0919,0.7145,0.1473,2.9904
fCMR_Siemens_068,59,2.27,2.7018,1.1462,1.4433,1.4634,5.693
fCMR_Siemens_198,59,2.0585,2.8804,0.2791,2.0827,0.2905,5.8608
fCMR_Siemens_018,60,1.5876,2.4834,1.7165,13.6529,1.7287,31.5285
fCMR_Siemens_113,60,1.4411,1.8352,0.0794,8.8314,0.1652,19.9288
fCMR_Siemens_027,60,1.7018,1.3371,0.089,3.8436,0.1456,10.6198
fCMR_Siemens_006,60,1.9953,3.0466,1.4917,2.5381,1.5019,11.5365
fCMR_Siemens_144,60,2.6291,2.7491,0.1786,1.8823,0.8061,7.4568
fCMR_Siemens_068,60,2.781,0.6781,0.7879,4.4795,1.2228,13.9546
fCMR_Siemens_198,60,2.224,3.7642,0.1642,1.3316,0.2334,4.039
fCMR_Siemens_018,61,2.0198,2.842,1.227,10.1079,1.2819,27.2974
fCMR_Siemens_113,61,2.9599,2.5071,0.1459,5.1446,0.1836,12.9835
fCMR_Siemens_027,61,2.0261,3.3253,0.2016,4.5791,0.2663,11.265
fCMR_Siemens_006,61,1.1682,2.0036,0.3029,4.5959,0.3155,12.9748
fCMR_Siemens_144,61,2.0268,1.4646,0.1472,1.9743,0.238,5.8148
fCMR_Siemens_068,61,2.9512,1.9919,1.3963,2.6663,1.5453,8.5511
fCMR_Siemens_198,61,2.7164,3.1574,0.2155,1.3348,0.2377,4.4408
fCMR_Siemens_018,62,2.6035,1.9905,1.6572,15.4209,1.6828,33.8638
fCMR_Siemens_113,62,2.0338,2.122,0.1643,5.8151,0.1926,12.6322
fCMR_Siemens_027,62,2.837,2.3983,0.1801,0.6035,0.2767,3.7556
fCMR_Siemens_006,62,3.0814,1.2013,0.3543,4.5476,0.8782,11.4911
fCMR_Siemens_144,62,2.2727,2.646,0.2505,2.1515,0.2632,6.8576
fCMR_Siemens_068,62,2.7859,0.9541,0.9139,3.3219,1.3771,10.9714
fCMR_Siemens_198,62,1.5748,2.7939,0.243,2.1514,0.3217,7.6746
fCMR_Siemens_018,63,1.7259,1.929,2.6325,4.9888,2.437,17.7778
fCMR_Siemens_113,63,2.5325,2.1919,0.1603,4.4984,0.2111,10.467
fCMR_Siemens_027,63,2.8287,2.3844,0.1629,0.3299,0.3393,2.7333
fCMR_Siemens_006,63,2.2021,1.5991,0.4954,1.6964,0.9656,11.0185
fCMR_Siemens_144,63,2.6443,1.615,0.3706,3.5665,0.3917,8.829
fCMR_Siemens_068,63,2.5224,2.906,0.7024,4.5772,1.5262,11.4923
fCMR_Siemens_198,63,2.7927,1.7345,0.2597,0.6208,0.2715,3.0883
fCMR_Siemens_018,64,1.782,1.7904,2.3818,13.5635,2.4337,31.7214
fCMR_Siemens_113,64,1.6274,2.0342,0.1088,7.3004,0.1821,15.728
fCMR_Siemens_027,64,1.1321,2.6499,0.4449,0.4673,0.6335,5.8732
fCMR_Siemens_006,64,2.0408,1.7461,0.4352,1.5346,0.8463,9.2745
fCMR_Siemens_144,64,0.7096,1.1115,0.2619,0.8336,0.2848,4.3506
fCMR_Siemens_068,64,2.4609,3.245,0.6414,2.891,0.678,8.402
fCMR_Siemens_198,64,1.7323,2.8607,0.3062,6.2891,0.3288,13.7795
fCMR_Siemens_018,65,2.5628,2.6617,2.2799,10.0883,2.0262,29.241
fCMR_Siemens_113,65,2.2531,2.692,0.0951,7.1415,0.1494,16.5703
fCMR_Siemens_027,65,2.928,1.7962,0.1534,0.3143,0.1899,3.0315
fCMR_Siemens_006,65,1.2733,2.9251,0.36,3.4854,0.8189,13.6706
fCMR_Siemens_144,65,2.2104,2.9312,0.2546,3.7711,0.2821,9.6589
fCMR_Siemens_068,65,3.1006,3.0289,0.4829,7.3056,0.9761,17.7858
fCMR_Siemens_198,65,1.0056,2.5518,0.2431,2.9147,0.2738,9.4708
fCMR_Siemens_018,66,1.8518,1.1388,1.7342,8.3289,1.7951,18.6427
fCMR_Siemens_113,66,2.268,2.2335,0.1195,5.535,0.1879,12.4849
fCMR_Siemens_027,66,2.1766,1.0134,0.2364,1.3404,0.2568,4.3354
fCMR_Siemens_006,66,0.8465,3.0793,0.2749,3.2037,0.3928,9.4788
fCMR_Siemens_144,66,2.8578,3.0135,0.1955,1.242,0.3154,5.7321
fCMR_Siemens_068,66,2.2279,2.2468,0.8263,1.557,1.1377,4.6059
fCMR_Siemens_198,66,2.9177,2.6405,0.2549,4.5808,0.2688,9.9768
fCMR_Siemens_018,67,2.2945,0.8348,1.835,8.322,1.8541,24.5656
fCMR_Siemens_113,67,2.7537,2.1915,0.1763,3.3028,0.2067,8.2276
fCMR_Siemens_027,67,2.8667,2.4063,0.2698,1.3994,0.3165,4.7882
fCMR_Siemens_006,67,1.4589,1.3446,0.39,2.431,0.9254,12.7749
fCMR_Siemens_144,67,1.0218,2.5216,0.253,0.5644,0.2703,4.3822
fCMR_Siemens_068,67,3.0662,3.248,2.9228,9.4623,2.4228,24.5254
fCMR_Siemens_198,67,2.3014,2.314,0.1961,1.1594,0.2557,3.3206
fCMR_Siemens_018,68,2.6694,2.3723,0.7038,4.5831,1.0784,19.8108
fCMR_Siemens_113,68,2.2771,1.9537,0.065,7.6692,0.152,18.4298
fCMR_Siemens_027,68,2.2822,3.3795,0.1196,0.1296,0.2261,4.6346
fCMR_Siemens_006,68,2.9862,2.5224,0.2093,2.6849,0.7788,12.4844
fCMR_Siemens_144,68,0.9253,2.6494,0.2817,1.8374,0.3252,5.0058
fCMR_Siemens_068,68,2.5849,1.608,1.1198,2.6465,1.1703,7.6958
fCMR_Siemens_198,68,2.6194,1.5176,0.2234,1.3125,0.2394,3.9323
fCMR_Siemens_018,69,3.1092,3.5257,1.6059,21.5677,1.8946,47.8161
fCMR_Siemens_113,69,1.4625,0.996,0.096,3.8383,0.1566,10.7069
fCMR_Siemens_027,69,2.6078,2.2448,0.1961,1.9277,0.2046,6.7254
fCMR_Siemens_006,69,1.7247,3.146,0.2593,2.5865,0.3071,7.2981
fCMR_Siemens_144,69,2.0852,2.5748,0.1585,1.057,0.174,4.0472
fCMR_Siemens_068,69,1.5919,1.5041,0.8862,9.225,1.4168,26.5704
fCMR_Siemens_198,69,2.878,2.8026,0.2724,4.1418,0.3116,11.89
fCMR_Siemens_018,70,2.7862,1.7199,2.0153,21.5418,2.0472,46.1962
fCMR_Siemens_113,70,1.8995,2.9833,0.1022,4.9475,0.1581,12.3942
fCMR_Siemens_027,70,2.8425,1.7893,0.2168,1.198,0.2347,4.8269
fCMR_Siemens_006,70,1.2655,1.4225,0.2062,1.5919,0.2325,5.2322
fCMR_Siemens_144,70,3.073,1.9886,0.36,1.7596,1.0813,8.6046
fCMR_Siemens_068,70,1.4002,0.6963,0.6185,0.8615,0.6265,6.8473
fCMR_Siemens_198,70,2.9033,1.1506,0.2638,0.8491,0.3046,2.771
fCMR_Siemens_018,71,2.7617,1.3919,1.6391,17.5411,1.8572,41.2783
fCMR_Siemens_113,71,2.3196,2.0665,0.1072,6.2248,0.1633,15.3934
fCMR_Siemens_027,71,2.3473,2.642,0.2561,1.0949,0.3667,4.1497
fCMR_Siemens_006,71,2.3867,3.5533,0.2964,2.0278,0.4001,6.2934
fCMR_Siemens_144,71,2.3608,2.7327,0.088,1.0506,0.2297,3.394
fCMR_Siemens_068,71,2.6057,2.7448,0.6741,2.2006,0.6889,6.9063
fCMR_Siemens_198,71,2.8338,2.8312,0.2155,0.9354,0.2755,4.0859
fCMR_Siemens_018,72,2.5589,2.3399,2.083,8.4079,2.09,22.8043
fCMR_Siemens_113,72,2.0675,2.7285,0.1776,3.0594,0.2242,7.1872
fCMR_Siemens_027,72,1.1896,3.6029,0.2274,1.0974,0.2996,3.6356
fCMR_Siemens_006,72,3.0171,3.4764,0.4928,2.7991,0.7824,9.0463
fCMR_Siemens_144,72,2.3818,2.7279,0.1471,3.3467,0.1819,8.3098
fCMR_Siemens_068,72,2.8006,2.8734,0.9623,0.6336,1.3511,4.2472
fCMR_Siemens_198,72,2.3092,1.6423,0.2591,1.0033,0.2721,3.9505
fCMR_Siemens_018,73,2.8367,2.2496,1.6468,12.6185,1.9368,32.0842
fCMR_Siemens_113,73,2.9165,1.0552,0.075,12.1381,0.1445,27.2221
fCMR_Siemens_027,73,2.5631,2.4298,0.1663,2.9881,0.1965,9.6728
fCMR_Siemens_006,73,1.4676,1.5653,0.3848,3.0981,0.9014,10.9322
fCMR_Siemens_144,73,1.8474,1.2132,0.2635,1.0972,0.9245,8.6864
fCMR_Siemens_068,73,2.2993,1.6658,1.6772,8.2323,1.7684,22.8424
fCMR_Siemens_198,73,1.6012,1.8722,0.3198,3.678,0.3966,12.5314
fCMR_Siemens_018,74,2.0715,3.3826,2.7508,13.805,2.2317,31.7748
fCMR_Siemens_113,74,2.7012,2.6704,0.128,7.0088,0.2299,16.0122
fCMR_Siemens_027,74,1.9777,2.3759,0.3106,0.8719,0.3577,4.6417
fCMR_Siemens_006,74,1.8386,2.4753,0.2066,3.9855,0.2332,9.8453
fCMR_Siemens_144,74,2.1109,1.4071,0.2587,1.4789,0.3193,4.8214
fCMR_Siemens_068,74,2.8568,2.456,1.7697,5.1183,2.1594,18.6205
fCMR_Siemens_198,74,1.8196,2.607,0.2287,2.8885,0.2568,6.9028
fCMR_Siemens_018,75,2.6818,1.5385,1.8388,17.5852,1.8984,41.2958
fCMR_Siemens_113,75,2.843,3.5227,0.1632,3.2799,0.1945,7.8712
fCMR_Siemens_027,75,0.6085,1.5739,0.2286,1.1423,0.2669,5.5742
fCMR_Siemens_006,75,2.0655,2.4622,0.1694,3.6677,0.2214,8.3385
fCMR_Siemens_144,75,1.9005,2.3741,0.1199,0.9143,0.2605,3.7145
fCMR_Siemens_068,75,1.0455,3.4435,0.7195,4.0936,0.7633,11.1674
fCMR_Siemens_198,75,2.1947,1.7261,0.1818,0.751,0.2105,4.1634
fCMR_Siemens_018,76,3.1124,3.2009,1.2313,7.4406,1.7379,25.0442
fCMR_Siemens_113,76,2.4175,2.5033,0.0652,7.6035,0.2216,18.6923
fCMR_Siemens_027,76,2.4702,1.98,0.579,1.6966,1.1839,9.7191
fCMR_Siemens_006,76,2.3957,2.8308,0.3029,1.8988,0.3162,5.5465
fCMR_Siemens_144,76,2.2944,2.0096,0.1901,0.8863,0.2577,4.8417
fCMR_Siemens_068,76,3.0473,1.8819,0.5263,5.4829,1.3341,17.8844
fCMR_Siemens_198,76,2.1195,3.2279,0.3264,3.8864,0.363,10.6185
fCMR_Siemens_018,77,0.7514,2.3761,1.8306,12.1721,1.7793,27.307
fCMR_Siemens_113,77,2.6988,1.8163,0.1186,2.9363,0.1638,9.2566
fCMR_Siemens_027,77,2.4055,2.098,0.2105,1.2523,0.2849,4.0839
fCMR_Siemens_006,77,1.2586,2.0002,0.2702,3.713,0.2895,9.2731
fCMR_Siemens_144,77,2.817,3.0054,0.2312,2.1764,0.2663,6.0757
fCMR_Siemens_068,77,1.401,3.0418,0.6733,2.8322,0.7184,11.6168
fCMR_Siemens_198,77,1.61,1.7062,0.2172,1.3994,0.2544,3.9593
fCMR_Siemens_018,78,2.4914,2.6742,1.8935,8.9807,1.7958,25.9573
fCMR_Siemens_113,78,1.751,1.9863,0.1777,11.6997,0.2248,27.0703
fCMR_Siemens_027,78,2.8015,0.836,0.2328,0.704,0.2555,3.348
fCMR_Siemens_006,78,2.7067,1.8212,0.2282,4.2277,0.2827,10.534
fCMR_Siemens_144,78,1.8974,3.0718,0.2231,0.8393,0.2406,3.9173
fCMR_Siemens_068,78,2.5027,2.9824,0.6781,0.7997,0.7248,8.3174
fCMR_Siemens_198,78,1.4382,2.3206,0.2403,3.5921,0.263,9.334
fCMR_Siemens_018,79,3.059,2.6385,1.6469,11.2848,1.7984,34.171
fCMR_Siemens_113,79,0.5121,1.3288,0.0833,6.1826,0.1253,16.5681
fCMR_Siemens_027,79,1.7119,1.5556,0.0731,0.1557,0.1592,2.366
fCMR_Siemens_006,79,1.7325,2.4835,0.3615,0.2882,0.4149,1.8365
fCMR_Siemens_144,79,1.0566,2.6677,0.2402,0.9784,0.2588,3.6046
fCMR_Siemens_068,79,2.6577,2.3063,0.9204,1.5829,1.4056,9.905
fCMR_Siemens_198,79,1.6077,2.8726,0.2887,0.8655,0.3148,3.8294
fCMR_Siemens_018,80,2.6076,3.5432,1.4415,10.2738,1.4091,30.348
fCMR_Siemens_113,80,2.0306,3.0579,0.2466,5.0635,0.2871,11.1879
fCMR_Siemens_027,80,3.0164,2.7539,0.2778,1.0681,0.2906,3.3906
fCMR_Siemens_006,80,1.4015,2.8191,0.3188,2.5474,0.8544,12.501
fCMR_Siemens_144,80,2.4868,2.9589,0.3143,0.7203,0.3524,3.4895
fCMR_Siemens_068,80,2.9238,2.6758,0.8517,4.4744,1.2074,13.0686
fCMR_Siemens_198,80,1.8792,2.3894,0.3001,0.6334,0.3335,4.7922
fCMR_Siemens_018,81,1.8391,2.6569,2.0491,14.4137,2.2218,37.5124
fCMR_Siemens_113,81,2.9471,2.9527,0.0306,3.4635,0.1043,9.7025
fCMR_Siemens_027,81,2.965,1.138,0.3871,1.66,0.407,6.3604
fCMR_Siemens_006,81,2.2706,1.8372,0.2217,2.4276,0.7803,7.1214
fCMR_Siemens_144,81,2.2284,1.5921,0.2639,2.6338,0.309,5.9506
fCMR_Siemens_068,81,2.3315,1.6729,0.8086,1.2976,1.2624,5.4633
fCMR_Siemens_198,81,1.8542,1.7479,0.2892,0.9839,0.3396,5.1905
fCMR_Siemens_018,82,2.9718,2.6705,2.2591,11.5393,2.4422,28.8054
fCMR_Siemens_113,82,1.7975,3.3233,0.0859,5.3385,0.1527,13.4774
fCMR_Siemens_027,82,3.0209,3.7588,0.2107,0.1474,0.2493,4.1274
fCMR_Siemens_006,82,2.7236,3.2826,0.5722,0.5897,0.7128,6.6307
fCMR_Siemens_144,82,1.3152,2.4999,0.2403,1.5173,0.2681,4.8416
fCMR_Siemens_068,82,1.6747,2.2198,0.4956,1.7035,0.9972,7.4727
fCMR_Siemens_198,82,2.9472,1.1247,0.2872,1.557,0.317,5.4172
fCMR_Siemens_018,83,0.8734,1.4147,1.7777,16.2941,1.8631,37.8685
fCMR_Siemens_113,83,2.0414,2.4403,0.1139,10.4404,0.2591,22.0423
fCMR_Siemens_027,83,1.6813,2.4097,0.2904,2.8424,0.3136,7.0062
fCMR_Siemens_006,83,2.2007,2.7627,0.1853,5.1143,0.2273,11.1132
fCMR_Siemens_144,83,1.4759,2.0494,0.2164,3.0614,0.2578,7.4305
fCMR_Siemens_068,83,2.3497,3.3004,0.6881,3.2174,1.1078,8.7329
fCMR_Siemens_198,83,1.7753,2.4735,0.2785,3.1414,0.2874,7.8257
fCMR_Siemens_018,84,2.1667,2.7955,1.8596,9.1237,2.0034,27.1693
fCMR_Siemens_113,84,1.9079,2.8781,0.0986,5.5389,0.152,13.7175
fCMR_Siemens_027,84,1.2899,2.2752,0.2515,0.594,0.2632,3.1669
fCMR_Siemens_006,84,2.3801,1.2423,0.3653,3.8223,0.8964,14.1284
fCMR_Siemens_144,84,2.5792,3.3749,0.108,0.2412,0.7312,3.2573
fCMR_Siemens_068,84,1.335,3.0605,0.6723,0.8212,0.7547,7.398
fCMR_Siemens_198,84,2.5871,2.6432,0.209,0.4126,0.2277,3.4045
fCMR_Siemens_018,85,2.4638,2.2616,0.9072,6.5882,1.1738,22.7193
fCMR_Siemens_113,85,2.9486,1.1198,0.1511,7.0215,0.2089,18.5652
fCMR_Siemens_027,85,2.8528,1.7819,0.1765,1.0884,0.1967,4.613
fCMR_Siemens_006,85,1.8675,2.9281,0.2002,2.9912,0.2295,6.7208
fCMR_Siemens_144,85,2.6581,2.4464,0.3384,3.6012,0.3571,9.296
fCMR_Siemens_068,85,1.3185,3.0539,0.8675,5.706,1.5269,15.2793
fCMR_Siemens_198,85,3.0298,2.8849,0.225,1.4594,0.2723,4.2193
fCMR_Siemens_018,86,1.8886,3.3924,1.9669,15.6486,2.2066,36.909
fCMR_Siemens_113,86,2.6128,2.7592,0.1332,8.3182,0.2107,17.8707
fCMR_Siemens_027,86,1.2561,1.5766,0.1965,0.4694,0.2363,2.7819
fCMR_Siemens_006,86,2.2925,2.4879,0.7314,1.5582,1.3596,8.416
fCMR_Siemens_144,86,3.0045,2.2775,0.3915,2.3304,1.0165,14.1129
fCMR_Siemens_068,86,2.6674,0.9269,0.9083,2.5072,1.2847,8.991
fCMR_Siemens_198,86,1.9757,1.4091,0.2612,2.9209,0.2826,8.2757
fCMR_Siemens_018,87,2.0454,2.6817,1.2215,10.8725,1.372,25.8527
fCMR_Siemens_113,87,1.711,2.135,0.1241,10.1914,0.2002,24.6348
fCMR_Siemens_027,87,2.7868,2.8384,0.3124,1.0643,0.3308,4.3716
fCMR_Siemens_006,87,2.5605,2.0948,0.6836,6.734,1.0113,17.6662
fCMR_Siemens_144,87,2.8562,2.7364,0.1673,1.8773,0.2827,4.9424
fCMR_Siemens_068,87,3.1155,2.5301,1.1043,3.4268,1.3913,9.611
fCMR_Siemens_198,87,1.5914,2.9469,0.3735,1.0566,0.4191,3.6484
fCMR_Siemens_018,88,2.4343,2.8781,1.9061,11.3034,1.963,24.6066
fCMR_Siemens_113,88,2.027,1.1854,0.1693,6.8692,0.1911,15.4497
fCMR_Siemens_027,88,0.9276,2.2432,0.2142,1.698,0.3311,5.9158
fCMR_Siemens_006,88,1.3543,2.3451,0.2573,2.9413,0.3068,7.363
fCMR_Siemens_144,88,1.2152,3.1231,0.2261,1.5265,0.8383,6.8
fCMR_Siemens_068,88,2.5625,3.153,2.7369,9.0502,2.3195,21.8488
fCMR_Siemens_198,88,2.6056,3.3671,0.2271,2.3405,0.2517,5.7852
fCMR_Siemens_018,89,2.7184,2.9672,2.2998,11.8441,2.2355,26.4654
fCMR_Siemens_113,89,2.6784,2.8849,0.1065,6.1159,0.1949,13.6002
fCMR_Siemens_027,89,2.3782,2.102,0.1837,1.8313,0.2371,6.3208
fCMR_Siemens_006,89,1.5882,2.3784,0.3028,2.3858,0.3234,6.1575
fCMR_Siemens_144,89,1.0598,2.2831,0.1776,2.8189,0.2114,7.4356
fCMR_Siemens_068,89,2.9011,2.9146,0.8505,3.2876,1.2582,11.4569
fCMR_Siemens_198,89,0.6226,2.4385,0.2675,0.5218,0.3323,3.9811
fCMR_Siemens_018,90,1.651,2.1845,1.6456,5.7278,1.9031,18.2464
fCMR_Siemens_113,90,2.1681,1.9564,0.0511,4.4121,0.1051,11.3887
fCMR_Siemens_027,90,2.0125,2.3237,0.2421,5.5078,0.2887,13.5541
fCMR_Siemens_006,90,3.098,2.3142,0.2365,1.0197,0.7921,6.2392
fCMR_Siemens_144,90,1.5577,3.4873,0.64,1.5534,1.1004,7.5278
fCMR_Siemens_068,90,0.484,2.213,0.7673,1.1922,0.8131,5.7768
fCMR_Siemens_198,90,1.7927,2.2686,0.2456,1.4263,0.2575,3.4631
fCMR_Siemens_018,91,2.7143,2.43,2.3359,11.745,2.3459,26.8366
fCMR_Siemens_113,91,2.4812,3.2613,0.1018,5.2193,0.1678,12.1497
fCMR_Siemens_027,91,2.3036,2.6004,0.3463,4.1604,0.3754,12.7113
fCMR_Siemens_006,91,2.8245,0.6826,0.4934,1.2852,0.6727,6.1314
fCMR_Siemens_144,91,1.4851,2.336,0.1553,2.5532,0.1815,6.2966
fCMR_Siemens_068,91,2.6909,3.1659,0.8712,7.9482,1.2742,23.7764
fCMR_Siemens_198,91,3.1374,2.4757,0.3004,0.686,0.3653,4.0622
fCMR_Siemens_018,92,2.0658,3.5908,2.7061,6.943,2.552,23.6563
fCMR_Siemens_113,92,3.0769,3.2355,0.1399,4.149,0.2329,10.8118
fCMR_Siemens_027,92,2.3619,2.9654,0.222,1.3998,0.3206,6.5745
fCMR_Siemens_006,92,2.3058,1.6474,0.3416,1.7004,0.3728,5.3701
fCMR_Siemens_144,92,2.5815,2.5908,0.5737,1.2554,1.3547,7.7566
fCMR_Siemens_068,92,2.6556,1.6376,0.9682,3.3774,1.0001,13.5734
fCMR_Siemens_198,92,2.3785,1.3706,0.1596,0.8304,0.2041,3.675
fCMR_Siemens_018,93,2.3527,1.9106,2.2686,26.1418,2.3306,56.7829
fCMR_Siemens_113,93,3.1145,3.2993,0.1182,4.9753,0.1523,13.336
fCMR_Siemens_027,93,1.562,0.8783,0.2136,0.2364,0.2426,2.8522
fCMR_Siemens_006,93,1.6731,1.262,0.884,1.9315,1.1613,10.1206
fCMR_Siemens_144,93,3.1415,2.0339,0.3214,2.5537,0.4194,9.909
fCMR_Siemens_068,93,0.5241,1.4088,0.7563,1.325,1.1956,7.5614
fCMR_Siemens_198,93,2.1089,3.7242,0.3045,0.3308,0.3276,2.3041
fCMR_Siemens_018,94,3.0259,2.8961,1.2862,6.4541,1.7852,17.9565
fCMR_Siemens_113,94,3.0906,2.2489,0.2161,4.8699,0.227,11.0374
fCMR_Siemens_027,94,1.4033,1.6689,0.387,3.2676,0.8375,13.1293
fCMR_Siemens_006,94,1.2864,3.0346,0.5189,1.1594,0.9532,7.4412
fCMR_Siemens_144,94,3.1231,2.7453,0.2916,0.4463,0.8443,7.8479
fCMR_Siemens_068,94,1.9792,2.8992,0.9165,0.7947,1.1083,12.1817
fCMR_Siemens_198,94,2.7402,2.1115,0.287,2.4913,0.3151,6.6118
fCMR_Siemens_018,95,2.4508,2.1,1.0698,4.9243,1.3637,27.7731
fCMR_Siemens_113,95,1.0719,3.1561,0.0865,8.6187,0.1526,19.5131
fCMR_Siemens_027,95,1.233,2.1178,0.2716,2.1746,0.295,6.8116
fCMR_Siemens_006,95,2.2248,2.3159,0.2472,4.2489,0.2796,11.2256
fCMR_Siemens_144,95,2.5362,1.777,0.2044,2.523,0.2524,6.0346
fCMR_Siemens_068,95,2.4957,2.5359,0.9518,1.1351,0.9673,5.0037
fCMR_Siemens_198,95,2.3542,3.3592,0.2098,1.3146,0.2556,4.521
fCMR_Siemens_018,96,2.6773,2.7429,2.1507,22.9423,2.3331,51.6536
fCMR_Siemens_113,96,2.5924,2.8482,0.104,5.265,0.1932,12.3304
fCMR_Siemens_027,96,1.6657,3.3789,0.2081,0.6568,0.3495,4.8134
fCMR_Siemens_006,96,1.5576,2.5828,0.2778,1.1231,0.3465,3.3917
fCMR_Siemens_144,96,1.8477,3.8376,0.1706,2.6906,0.2289,6.8583
fCMR_Siemens_068,96,2.5631,1.7531,0.6973,4.0605,1.1622,10.0112
fCMR_Siemens_198,96,2.5863,2.3995,0.1749,1.1859,0.2155,3.1885
fCMR_Siemens_018,97,1.6313,3.0585,2.0015,10.8315,2.0458,26.0106
fCMR_Siemens_113,97,1.4066,1.9243,0.1201,3.0572,0.1623,8.4329
fCMR_Siemens_027,97,1.6182,2.5674,0.2007,0.4051,0.2992,3.0502
fCMR_Siemens_006,97,2.7641,1.9977,1.2736,1.1615,1.5479,9.1468
fCMR_Siemens_144,97,3.1145,2.3254,0.3197,1.7052,0.3409,4.7314
fCMR_Siemens_068,97,2.1767,2.686,0.6306,4.5634,1.5607,13.6393
fCMR_Siemens_198,97,2.279,1.9578,0.251,1.5284,0.2643,5.9104
fCMR_Siemens_018,98,2.8951,1.9892,1.6655,13.81,1.8399,32.4837
fCMR_Siemens_113,98,2.4676,2.1969,0.071,5.8183,0.2681,14.843
fCMR_Siemens_027,98,2.039,3.0348,0.1352,2.4894,0.2229,7.0797
fCMR_Siemens_006,98,2.2755,2.7784,0.2729,2.3619,0.3295,7.4712
fCMR_Siemens_144,98,1.4692,1.1606,0.1518,3.5409,0.1837,8.553
fCMR_Siemens_068,98,1.7826,2.8893,0.3241,7.4134,0.8633,20.212
fCMR_Siemens_198,98,3.0681,2.3782,0.2409,1.2235,0.3212,4.397
fCMR_Siemens_018,99,2.1504,2.339,1.7936,6.9466,1.9141,19.9222
fCMR_Siemens_113,99,2.1068,2.8501,0.1448,6.5676,0.2551,15.3142
fCMR_Siemens_027,99,3.1007,2.3096,0.2496,0.7654,0.2648,4.1069
fCMR_Siemens_006,99,3.109,2.5588,0.3307,3.4798,0.3562,9.5794
fCMR_Siemens_144,99,2.6221,2.5388,0.6505,0.753,1.0369,6.1886
fCMR_Siemens_068,99,2.9497,1.9095,0.752,1.9538,1.5494,8.2373
fCMR_Siemens_198,99,1.8966,2.6639,0.2333,1.5725,0.2466,5.1882
fCMR_Siemens_018,100,1.7819,3.6606,1.901,14.6589,2.1602,43.1625
fCMR_Siemens_113,100,2.5659,2.4313,0.0654,7.4167,0.219,18.2808
fCMR_Siemens_027,100,2.8596,2.9796,0.1441,2.7911,0.2016,7.0846
fCMR_Siemens_006,100,2.8209,2.4977,1.0253,0.2783,1.2434,8.1418
fCMR_Siemens_144,100,2.1683,0.8625,0.162,2.15,0.2914,7.0953
fCMR_Siemens_068,100,2.5236,3.3471,1.1091,1.7618,1.2927,7.7932
fCMR_Siemens_198,100,2.6088,2.5208,0.3018,2.8134,0.3195,7.2755
fCMR_Siemens_018,101,0.9996,2.9698,1.8919,13.0568,1.9233,33.0989
fCMR_Siemens_113,101,1.803,2.2348,0.0701,5.7626,0.1321,13.8517
fCMR_Siemens_027,101,2.4597,3.0871,0.1118,0.538,0.1661,3.9359
fCMR_Siemens_006,101,2.859,3.3506,0.5422,3.0596,0.6074,8.1056
fCMR_Siemens_144,101,2.3685,3.7393,0.2454,0.2192,0.8851,4.4498
fCMR_Siemens_068,101,3.014,4.0231,1.0997,0.7062,1.1034,3.4039
fCMR_Siemens_198,101,1.443,3.2725,0.1859,0.705,0.2278,3.7246
fCMR_Siemens_018,102,1.5915,3.4383,1.4991,11.7103,1.5131,27.7094
fCMR_Siemens_113,102,2.1577,1.8674,0.0845,4.7837,0.1722,12.3052
fCMR_Siemens_027,102,2.6998,2.7097,0.1006,1.3981,0.2101,4.0594
fCMR_Siemens_006,102,2.6111,3.2504,0.2267,2.2199,0.2453,5.7518
fCMR_Siemens_144,102,2.8612,2.6661,0.1842,2.3756,0.2051,5.9863
fCMR_Siemens_068,102,2.6574,2.0093,1.0763,3.1305,1.2705,12.7432
fCMR_Siemens_198,102,2.311,2.5127,0.3206,2.9402,0.3353,6.6563
fCMR_Siemens_018,103,1.6741,2.4906,1.5415,9.9701,1.5577,22.2867
fCMR_Siemens_113,103,3.1146,3.2939,0.2519,2.2095,0.2733,5.4067
fCMR_Siemens_027,103,2.2177,2.2397,0.1713,1.2985,0.2476,4.8337
fCMR_Siemens_006,103,1.0815,3.1037,0.7394,1.1469,0.8444,5.51
fCMR_Siemens_144,103,1.2513,3.075,0.2727,3.0754,0.3276,7.7624
fCMR_Siemens_068,103,2.8521,1.983,1.0112,1.795,1.4292,6.4007
fCMR_Siemens_198,103,3.1304,2.4894,0.2966,2.9476,0.3227,7.164
fCMR_Siemens_018,104,2.4972,2.9863,2.1177,18.0442,2.1369,40.6032
fCMR_Siemens_113,104,2.6088,2.984,0.2066,3.8527,0.2699,10.8807
fCMR_Siemens_027,104,1.4745,2.1658,0.1237,0.8594,0.2206,3.9306
fCMR_Siemens_006,104,2.7416,2.1913,0.4114,2.32,0.8791,11.1284
fCMR_Siemens_144,104,2.1076,0.7842,0.1716,1.7213,0.2454,3.7852
fCMR_Siemens_068,104,3.0912,1.6244,1.276,4.9827,1.571,11.4704
fCMR_Siemens_198,104,2.1187,1.5827,0.2766,2.3073,0.29,6.8258
fCMR_Siemens_018,105,1.6407,2.8038,1.6847,11.8581,1.8653,30.7692
fCMR_Siemens_113,105,2.053,2.1649,0.1141,7.7267,0.1714,17.2554
fCMR_Siemens_027,105,2.8489,2.7356,0.305,0.6969,0.3249,2.8804
fCMR_Siemens_006,105,2.0996,1.7699,0.1883,1.9644,0.2662,6.0965
fCMR_Siemens_144,105,2.4554,2.6457,0.1337,1.569,0.1996,5.8749
fCMR_Siemens_068,105,2.4717,3.0511,0.524,1.5277,1.4388,6.7324
fCMR_Siemens_198,105,1.6577,2.4499,0.2265,0.189,0.2575,1.733
fCMR_Siemens_018,106,2.7451,1.5482,1.4969,16.2624,1.693,35.5529
fCMR_Siemens_113,106,1.3292,2.7695,0.1025,7.639,0.2986,19.6801
fCMR_Siemens_027,106,3.0187,3.7176,0.2943,0.6171,0.35,2.8526
fCMR_Siemens_006,106,2.5806,3.1687,0.7005,1.8639,1.208,6.7004
fCMR_Siemens_144,106,2.644,2.9995,0.306,2.2104,0.3377,5.3018
fCMR_Siemens_068,106,3.1105,1.6053,0.7102,9.9933,1.6309,25.9346
fCMR_Siemens_198,106,1.9453,2.515,0.165,3.8748,0.188,8.7618
fCMR_Siemens_018,107,2.7016,2.504,1.8381,17.513,1.9982,38.0814
fCMR_Siemens_113,107,3.0865,2.8597,0.1097,6.7712,0.142,15.1559
fCMR_Siemens_027,107,1.2964,2.8783,0.1633,2.428,0.2501,6.1319
fCMR_Siemens_006,107,0.5339,2.9809,0.1793,3.353,0.3171,10.7135
fCMR_Siemens_144,107,2.9537,0.83,0.1991,0.4138,0.818,4.9212
fCMR_Siemens_068,107,1.7761,2.6846,2.3283,3.8656,2.0431,16.3775
fCMR_Siemens_198,107,2.2221,2.4817,0.2902,2.295,0.3019,6.5381
fCMR_Siemens_018,108,1.6232,1.5791,2.2691,15.3561,2.1384,34.7837
fCMR_Siemens_113,108,1.7668,2.487,0.0885,11.1358,0.2374,27.1837
fCMR_Siemens_027,108,2.9986,2.953,0.1259,1.8885,0.2306,5.788
fCMR_Siemens_006,108,2.5512,2.4876,1.43,1.4994,1.5572,9.9472
fCMR_Siemens_144,108,1.7046,3.1745,0.1916,2.3831,0.2152,8.2915
fCMR_Siemens_068,108,2.7231,2.1195,0.9696,0.6415,1.3131,4.5218
fCMR_Siemens_198,108,2.4319,3.3011,0.2608,0.1892,0.3164,3.4495
fCMR_Siemens_018,109,1.8419,3.2007,1.147,6.2196,1.7502,26.2376
fCMR_Siemens_113,109,1.0937,2.305,0.1426,5.0394,0.181,13.4136
fCMR_Siemens_027,109,2.9462,3.7605,0.2396,1.9807,0.2586,6.9064
fCMR_Siemens_006,109,2.0995,2.2891,0.1788,2.3637,0.1903,6.8411
fCMR_Siemens_144,109,1.7087,3.2634,0.2742,3.9332,0.3061,8.6503
fCMR_Siemens_068,109,2.4927,1.5467,0.4644,4.64,1.1346,13.3726
fCMR_Siemens_198,109,3.1277,3.3272,0.2195,1.6026,0.2319,5.1132
fCMR_Siemens_018,110,2.1073,2.9968,1.8645,19.1232,1.8956,44.2039
fCMR_Siemens_113,110,2.4701,2.4463,0.1887,7.2956,0.2272,16.35
fCMR_Siemens_027,110,2.2583,2.6586,0.2903,2.2928,0.314,5.448
fCMR_Siemens_006,110,1.9773,1.5047,0.2383,2.2121,0.2691,5.6113
fCMR_Siemens_144,110,2.4574,2.2709,0.4986,0.6909,1.4317,8.5462
fCMR_Siemens_068,110,1.5541,2.577,1.1877,5.1313,1.6626,16.5449
fCMR_Siemens_198,110,3.0147,2.5594,0.3128,3.4031,0.3488,8.9036
fCMR_Siemens_018,111,3.0468,1.5707,1.2723,11.5986,1.3104,33.9634
fCMR_Siemens_113,111,1.9499,2.4578,0.0832,12.0871,0.3015,28.5297
fCMR_Siemens_027,111,2.7607,2.5529,0.149,2.082,0.217,6.1531
fCMR_Siemens_006,111,2.985,2.0061,0.2413,1.6956,0.2708,4.6461
fCMR_Siemens_144,111,2.4893,1.9816,0.3263,2.3018,0.3639,5.2133
fCMR_Siemens_068,111,2.7369,2.0194,0.8442,2.4008,0.8612,7.0712
fCMR_Siemens_198,111,3.0252,2.1907,0.2122,0.7301,0.2317,4.3338
fCMR_Siemens_018,112,1.5701,3.6391,1.3152,5.7029,1.3985,19.1402
fCMR_Siemens_113,112,2.4136,2.5602,0.0702,4.2798,0.1673,9.8368
fCMR_Siemens_027,112,1.8854,0.754,0.2712,0.5188,0.3252,3.3398
fCMR_Siemens_006,112,2.4612,3.1485,2.5492,3.688,1.98,10.5682
fCMR_Siemens_144,112,0.6355,2.5107,0.2,2.2257,0.2781,5.9357
fCMR_Siemens_068,112,1.7146,3.2174,0.7861,1.4694,0.8329,7.0053
fCMR_Siemens_198,112,1.8336,1.6758,0.2456,0.4177,0.2914,3.0544
fCMR_Siemens_018,113,2.1298,2.7406,1.9152,17.2378,1.937,36.671
fCMR_Siemens_113,113,2.5264,1.6898,0.1131,7.2268,0.2309,15.8857
fCMR_Siemens_027,113,2.3243,2.1907,0.0443,0.6567,0.1956,4.3127
fCMR_Siemens_006,113,2.127,2.063,0.3233,1.3998,0.7997,7.0918
fCMR_Siemens_144,113,2.6935,2.2291,0.2007,2.2206,0.2598,5.9236
fCMR_Siemens_068,113,2.629,1.527,0.9222,2.8216,1.3951,9.3352
fCMR_Siemens_198,113,2.5516,2.6366,0.2445,0.6166,0.2738,3.8733
fCMR_Siemens_018,114,2.6976,3.0024,1.7336,15.7159,1.8683,35.7019
fCMR_Siemens_113,114,2.6843,1.6313,0.0973,5.1638,0.1299,11.5794
fCMR_Siemens_027,114,2.057,1.3079,0.1683,1.2512,0.3344,5.4607
fCMR_Siemens_006,114,2.0413,2.4096,0.2826,6.2889,0.3424,13.486
fCMR_Siemens_144,114,2.9611,2.1993,0.1344,1.4554,0.2048,4.6541
fCMR_Siemens_068,114,1.8927,2.469,1.0472,2.9964,1.0521,9.8365
fCMR_Siemens_198,114,1.0496,1.4275,0.3017,1.3871,0.3232,6.3566
fCMR_Siemens_018,115,1.3615,2.039,1.4987,7.0544,1.8902,17.5447
fCMR_Siemens_113,115,1.8675,3.5039,0.2109,6.5965,0.2412,14.9781
fCMR_Siemens_027,115,2.7653,3.1621,0.1585,5.2375,0.3374,14.0026
fCMR_Siemens_006,115,3.0321,3.2367,0.2925,5.4123,0.3058,12.4148
fCMR_Siemens_144,115,3.0549,1.5338,0.3603,1.3017,0.862,8.932
fCMR_Siemens_068,115,1.642,3.022,1.1785,3.0541,1.4812,12.5318
fCMR_Siemens_198,115,3.1302,2.8072,0.2798,1.0065,0.323,3.6705
fCMR_Siemens_018,116,2.7896,0.7094,1.2241,13.6924,1.3531,32.717
fCMR_Siemens_113,116,2.2644,2.3496,0.124,6.818,0.3001,15.9582
fCMR_Siemens_027,116,1.7855,2.4313,0.2159,1.2046,0.2426,3.1756
fCMR_Siemens_006,116,1.5512,2.5523,0.6273,1.7038,1.4215,10.9194
fCMR_Siemens_144,116,2.123,3.1319,0.2082,1.2675,0.2758,4.1806
fCMR_Siemens_068,116,1.7154,2.3043,0.7717,1.6113,1.4774,6.3948
fCMR_Siemens_198,116,2.6296,2.0355,0.2506,1.5207,0.3017,4.6641
fCMR_Siemens_018,117,2.4291,3.3204,0.2857,9.5005,1.3517,39.8605
fCMR_Siemens_113,117,2.406,0.9549,0.0745,10.4122,0.1735,22.3699
fCMR_Siemens_027,117,2.6236,0.9787,0.2349,0.9215,0.3083,4.2236
fCMR_Siemens_006,117,3.0424,2.7689,0.2228,2.8157,0.2343,7.4135
fCMR_Siemens_144,117,2.0091,3.1558,0.2542,2.586,0.2656,7.7322
fCMR_Siemens_068,117,3.0788,2.7308,2.9406,4.545,2.1344,18.7182
fCMR_Siemens_198,117,2.733,1.2144,0.4153,4.6504,0.4254,12.2901
fCMR_Siemens_018,118,2.746,1.6293,1.841,16.309,2.0609,35.0981
fCMR_Siemens_113,118,1.4794,1.4938,0.1535,6.9049,0.1622,17.0378
fCMR_Siemens_027,118,2.5848,2.8464,0.2153,2.6168,0.3343,9.2644
fCMR_Siemens_006,118,3.0773,2.1365,0.236,1.7217,0.328,5.1151
fCMR_Siemens_144,118,3.0117,1.691,0.0861,0.5793,0.7215,7.1892
fCMR_Siemens_068,118,2.6647,2.0614,0.9333,3.2126,0.9634,11.4458
fCMR_Siemens_198,118,1.1867,3.2218,0.2496,2.1203,0.2942,6.3615
fCMR_Siemens_018,119,2.7373,2.1158,2.0517,13.8193,2.0842,34.5195
fCMR_Siemens_113,119,1.2176,2.6041,0.1296,10.4732,0.1944,23.2929
fCMR_Siemens_027,119,2.2826,1.5781,0.1543,0.0142,0.1878,2.1513
fCMR_Siemens_006,119,2.6246,1.6781,0.421,4.382,0.4603,14.5471
fCMR_Siemens_144,119,1.9385,2.9283,2.6001,0.5978,2.0898,8.0977
fCMR_Siemens_068,119,2.0903,2.2793,0.7497,0.701,1.2173,7.0047
fCMR_Siemens_198,119,2.8427,3.3205,0.284,0.5769,0.3124,3.7248
fCMR_Siemens_018,120,2.6494,2.0252,1.7368,8.3187,1.7022,25.7377
fCMR_Siemens_113,120,2.334,2.8259,0.1609,5.4167,0.2082,11.7523
fCMR_Siemens_027,120,2.469,1.4612,0.1598,2.0754,0.1863,5.5314
fCMR_Siemens_006,120,2.0234,2.0681,0.3253,1.5751,0.3389,5.0247
fCMR_Siemens_144,120,0.8239,0.9249,0.084,2.2358,0.2324,11.4398
fCMR_Siemens_068,120,2.2415,1.3522,0.455,1.9425,0.9595,8.7765
fCMR_Siemens_198,120,2.1473,1.6818,0.2297,1.4454,0.2457,4.5733
fCMR_Siemens_018,121,2.0711,0.9269,1.7187,13.1085,1.7558,27.6248
fCMR_Siemens_113,121,0.9778,1.797,0.1053,5.6351,0.1401,14.4761
fCMR_Siemens_027,121,3.1222,2.1439,0.2772,4.2238,0.3138,10.6329
fCMR_Siemens_006,121,2.3318,2.7297,0.4878,1.1132,0.7848,6.7723
fCMR_Siemens_144,121,1.9392,3.0823,0.3114,2.3206,0.3248,6.203
fCMR_Siemens_068,121,1.4573,1.5786,0.5045,0.6748,0.5322,5.9498
fCMR_Siemens_198,121,1.0025,2.0227,0.2532,1.0781,0.2873,3.6992
fCMR_Siemens_018,122,1.8168,2.4388,1.5354,13.6368,1.5916,33.0044
fCMR_Siemens_113,122,2.0173,2.0742,0.2015,6.4316,0.2117,16.9225
fCMR_Siemens_027,122,1.1375,3.6846,0.3219,0.4653,0.3424,2.4532
fCMR_Siemens_006,122,2.6273,2.4246,0.263,1.4711,0.2986,5.953
fCMR_Siemens_144,122,2.7978,2.5249,0.2295,1.0794,0.2759,3.777
fCMR_Siemens_068,122,2.162,2.2221,0.9164,2.1422,0.9619,7.2736
fCMR_Siemens_198,122,2.5817,1.7047,0.2645,1.3074,0.2859,4.4488
fCMR_Siemens_018,123,2.6461,3.6214,1.5005,19.9247,1.5214,44.2045
fCMR_Siemens_113,123,2.3472,2.8816,0.1077,4.9854,0.1878,11.986
fCMR_Siemens_027,123,1.8454,2.8937,0.0825,1.3993,0.185,4.5058
fCMR_Siemens_006,123,0.8831,1.439,0.2518,3.1904,0.3079,9.056
fCMR_Siemens_144,123,2.6908,0.9304,0.2365,1.9219,0.2508,6.2336
fCMR_Siemens_068,123,2.9274,2.2643,1.9457,16.4787,1.7671,39.5887
fCMR_Siemens_198,123,1.7206,2.8392,0.3907,1.2385,0.4123,4.2869
fCMR_Siemens_018,124,1.9474,2.7575,2.0309,17.7664,2.0552,39.0674
fCMR_Siemens_113,124,1.9803,2.3768,0.0385,7.142,0.1399,17.1348
fCMR_Siemens_027,124,3.0916,2.2015,0.3456,0.5066,0.374,3.1458
fCMR_Siemens_006,124,1.9016,3.0446,0.2542,2.2495,0.3453,8.8265
fCMR_Siemens_144,124,2.3748,2.6738,0.6129,1.4986,1.2743,6.968
fCMR_Siemens_068,124,3.1084,3.1474,0.8861,1.3964,0.9144,5.4289
fCMR_Siemens_198,124,2.2774,2.2882,0.2034,1.1474,0.2484,3.6162
fCMR_Siemens_018,125,2.4151,1.9819,1.9094,11.546,2.0031,26.4584
fCMR_Siemens_113,125,2.019,3.1877,0.1319,4.5562,0.2164,10.5642
fCMR_Siemens_027,125,2.6689,0.9936,0.1207,0.4385,0.1408,5.0794
fCMR_Siemens_006,125,1.3778,2.4313,0.3324,1.0298,0.8676,6.0391
fCMR_Siemens_144,125,2.3078,2.0053,0.1417,1.4005,0.2084,4.2504
fCMR_Siemens_068,125,2.5604,1.7802,0.6229,1.8742,1.0768,7.0639
fCMR_Siemens_198,125,2.158,3.1063,0.2672,1.2848,0.287,3.974
fCMR_Siemens_018,126,0.7979,3.3094,1.2169,9.7295,1.5861,22.2648
fCMR_Siemens_113,126,1.115,0.702,0.1225,7.7633,0.1932,19.0459
fCMR_Siemens_027,126,1.5771,2.0015,0.3271,0.2268,0.4317,2.7184
fCMR_Siemens_006,126,3.0614,3.4566,0.3307,1.0345,0.9355,7.4471
fCMR_Siemens_144,126,2.3075,2.0732,0.1741,1.4712,0.2051,4.3436
fCMR_Siemens_068,126,2.8899,1.2339,1.3618,4.6711,2.0103,12.4159
fCMR_Siemens_198,126,1.3954,0.9167,0.2142,1.0083,0.2441,4.4795
fCMR_Siemens_018,127,1.6645,2.56,1.5466,11.2681,1.7129,26.9073
fCMR_Siemens_113,127,2.7936,0.8205,0.1499,5.4104,0.2266,11.9733
fCMR_Siemens_027,127,2.2715,3.1124,0.2068,0.475,0.255,3.51
fCMR_Siemens_006,127,1.4804,1.5403,0.368,1.3417,0.852,11.253
fCMR_Siemens_144,127,0.9875,2.0645,0.1886,0.7941,0.3342,4.6532
fCMR_Siemens_068,127,2.9928,3.0392,0.4884,4.0023,0.9845,11.6294
fCMR_Siemens_198,127,2.481,1.0316,0.3528,2.177,0.3669,8.2235
fCMR_Siemens_018,128,1.43,2.3452,1.7839,15.5194,2.0398,34.2612
fCMR_Siemens_113,128,2.1382,2.2396,0.0824,5.1015,0.1318,11.6327
fCMR_Siemens_027,128,2.8644,2.3638,0.1292,2.5852,0.2037,9.5178
fCMR_Siemens_006,128,3.0846,2.9299,0.8924,3.1756,1.4831,13.7809
fCMR_Siemens_144,128,2.2444,3.0643,0.3069,0.8921,0.3749,3.8549
fCMR_Siemens_068,128,0.3693,2.6249,0.7634,4.935,1.6093,13.0619
fCMR_Siemens_198,128,2.4765,1.9754,0.2164,1.5945,0.2349,4.4652
fCMR_Siemens_018,129,1.7309,1.9705,1.628,6.9703,1.7038,24.5698
fCMR_Siemens_113,129,2.4172,1.3464,0.1418,6.1276,0.1707,14.4364
fCMR_Siemens_027,129,2.8621,2.5788,0.1133,1.3527,0.2708,4.4953
fCMR_Siemens_006,129,2.4053,2.0056,1.9102,2.8231,1.7766,14.4946
fCMR_Siemens_144,129,1.3064,2.848,0.1626,3.6025,0.189,9.0031
fCMR_Siemens_068,129,1.2745,3.5641,1.0537,2.2598,1.1903,10.7027
fCMR_Siemens_198,129,2.5606,1.544,0.2956,2.5129,0.3142,6.8097
fCMR_Siemens_018,130,2.1733,2.5846,1.482,15.3146,1.7536,35.7286
fCMR_Siemens_113,130,2.9269,2.5579,0.0493,7.4881,0.2002,17.0242
fCMR_Siemens_027,130,2.8951,3.1926,0.2397,1.1586,0.2651,3.7945
fCMR_Siemens_006,130,2.6792,2.6826,0.2777,1.9258,0.3231,5.2132
fCMR_Siemens_144,130,2.2876,3.0383,0.1572,2.5859,0.2126,7.7099
fCMR_Siemens_068,130,1.2093,3.0102,1.1516,1.927,1.1613,8.5346
fCMR_Siemens_198,130,2.7783,2.5213,0.2125,1.0395,0.239,3.7094
fCMR_Siemens_018,131,2.1721,2.4929,1.8177,22.6205,1.9862,47.318
fCMR_Siemens_113,131,2.1221,1.4996,0.0835,5.2986,0.1852,13.7385
fCMR_Siemens_027,131,2.7686,1.0438,0.1131,1.4114,0.164,5.3736
fCMR_Siemens_006,131,2.0369,2.2745,0.6074,2.1497,1.0958,10.7289
fCMR_Siemens_144,131,1.9484,2.0117,0.3721,0.9102,0.9487,6.3046
fCMR_Siemens_068,131,2.5977,2.4248,1.2079,5.7461,1.3948,14.0428
fCMR_Siemens_198,131,1.7331,1.8979,0.2837,0.7791,0.2972,3.2639
fCMR_Siemens_018,132,1.3157,2.449,1.391,7.6678,1.8001,22.2189
fCMR_Siemens_113,132,3.0353,1.2398,0.0442,5.6567,0.1191,13.0651
fCMR_Siemens_027,132,2.7805,2.2595,0.3278,0.4606,0.3774,2.5258
fCMR_Siemens_006,132,2.0966,2.8267,0.4227,1.5959,0.9666,6.2739
fCMR_Siemens_144,132,2.5166,2.1172,0.1884,1.7693,0.2723,5.0148
fCMR_Siemens_068,132,2.7731,2.4924,0.8954,8.4976,1.4016,20.0604
fCMR_Siemens_198,132,2.1612,2.1154,0.2582,1.001,0.2765,3.6722
fCMR_Siemens_018,133,2.3924,1.4611,1.6781,13.2485,1.6773,33.1482
fCMR_Siemens_113,133,2.9962,0.8782,0.1137,9.8423,0.1806,21.3457
fCMR_Siemens_027,133,3.0556,1.7184,0.2277,1.005,0.2422,3.7324
fCMR_Siemens_006,133,2.0665,2.6096,0.2234,3.351,0.2436,8.763
fCMR_Siemens_144,133,2.9754,2.5681,0.177,0.9038,0.7957,6.4956
fCMR_Siemens_068,133,2.3865,2.8202,0.7832,1.1051,0.8172,6.6026
fCMR_Siemens_198,133,2.583,2.9449,0.1681,3.7327,0.233,8.5035
fCMR_Siemens_018,134,2.4409,0.5032,1.8071,12.3864,2.0821,31.479
fCMR_Siemens_113,134,1.754,2.1264,0.0895,7.693,0.1446,16.8567
fCMR_Siemens_027,134,2.3137,2.5544,0.1645,0.3448,0.2351,1.5976
fCMR_Siemens_006,134,2.325,3.6498,2.6009,6.0077,2.268,17.3318
fCMR_Siemens_144,134,2.8556,2.7522,0.1799,2.7683,0.271,7.4579
fCMR_Siemens_068,134,1.4331,2.4576,1.417,2.83,1.686,11.6516
fCMR_Siemens_198,134,1.6647,2.4513,0.2606,0.8515,0.3045,4.476
fCMR_Siemens_018,135,3.0744,2.963,2.4728,13.7723,2.3191,32.6361
fCMR_Siemens_113,135,1.1827,3.254,0.0725,8.1498,0.2404,20.522
fCMR_Siemens_027,135,1.9601,2.2331,0.1139,0.3902,0.1712,3.7307
fCMR_Siemens_006,135,2.5115,3.1668,0.2327,5.8651,0.2379,13.2262
fCMR_Siemens_144,135,1.7081,0.7686,0.1789,0.8593,0.1948,3.9968
fCMR_Siemens_068,135,2.5512,1.531,0.7955,4.6012,1.2878,14.1971
fCMR_Siemens_198,135,2.1319,2.2414,0.3402,2.9725,0.3568,7.9439
fCMR_Siemens_018,136,1.823,2.2839,1.7954,16.2407,1.8957,39.6616
fCMR_Siemens_113,136,2.8524,2.7877,0.0654,9.548,0.1647,20.1259
fCMR_Siemens_027,136,2.6387,2.5817,0.0789,0.5782,0.1709,2.7053
fCMR_Siemens_006,136,3.0909,2.5307,0.2377,2.1637,0.2663,6.5768
fCMR_Siemens_144,136,2.5503,2.7353,0.1818,1.8554,0.2243,6.335
fCMR_Siemens_068,136,1.5714,2.4757,1.3328,1.0574,1.7055,8.1944
fCMR_Siemens_198,136,2.3819,3.0542,0.2639,0.465,0.3119,2.9369
fCMR_Siemens_018,137,2.641,2.5008,1.8918,23.4998,1.9245,50.924
fCMR_Siemens_113,137,1.3049,2.8021,0.1762,11.6226,0.246,27.0904
fCMR_Siemens_027,137,0.6637,3.2769,0.207,1.4784,0.3191,5.7133
fCMR_Siemens_006,137,1.8741,2.435,1.6532,2.0767,1.665,11.3957
fCMR_Siemens_144,137,2.899,3.2246,0.2307,1.1369,0.2699,4.0894
fCMR_Siemens_068,137,2.7658,2.2972,0.8417,1.5606,0.9338,6.6808
fCMR_Siemens_198,137,2.642,3.2578,0.2329,0.8835,0.2629,3.445
fCMR_Siemens_018,138,2.4931,1.7892,1.7162,9.574,1.8452,21.6313
fCMR_Siemens_113,138,1.9545,2.6477,0.0893,5.7425,0.1358,12.9898
fCMR_Siemens_027,138,3.0559,1.4496,0.2378,1.1848,0.3012,7.2176
fCMR_Siemens_006,138,2.3195,2.3566,0.2866,3.2183,0.8739,11.9262
fCMR_Siemens_144,138,2.8478,3.0809,0.3099,0.7499,0.8151,7.769
fCMR_Siemens_068,138,2.3031,3.3526,0.8872,2.3623,1.1975,7.3822
fCMR_Siemens_198,138,2.6574,2.7404,0.24,2.9151,0.2766,7.5229
fCMR_Siemens_018,139,3.1298,2.3137,1.3022,12.4047,1.3954,32.5955
fCMR_Siemens_113,139,2.4891,2.0439,0.0506,5.989,0.1579,14.0264
fCMR_Siemens_027,139,2.485,1.6875,0.1343,3.6005,0.1831,10.0278
fCMR_Siemens_006,139,0.7195,2.153,0.2509,2.8858,0.2839,7.5847
fCMR_Siemens_144,139,2.1462,3.4225,0.2282,2.2064,0.2824,7.4884
fCMR_Siemens_068,139,2.9383,2.6904,0.9107,3.066,1.3496,14.5975
fCMR_Siemens_198,139,0.6432,1.1563,0.2887,2.0504,0.3111,5.6582
fCMR_Siemens_018,140,3.0942,2.6479,1.9322,15.3546,1.9485,32.4897
fCMR_Siemens_113,140,2.3764,3.3646,0.1198,5.9308,0.1682,13.1732
fCMR_Siemens_027,140,2.3044,2.533,0.2635,1.395,0.283,4.2425
fCMR_Siemens_006,140,2.9743,1.0807,0.3464,2.5697,0.8718,8.6521
fCMR_Siemens_144,140,1.9226,2.0774,0.2133,2.0699,0.2641,6.5905
fCMR_Siemens_068,140,2.99,1.7027,0.6325,0.824,1.574,5.6234
fCMR_Siemens_198,140,1.2948,3.6781,0.2162,2.2259,0.2415,6.1395
fCMR_Siemens_018,141,2.9905,2.7061,1.6048,10.2907,1.9811,26.5462
fCMR_Siemens_113,141,2.5988,1.1558,0.1236,2.501,0.1984,9.8661
fCMR_Siemens_027,141,2.3358,2.8019,0.1428,0.7195,0.1943,4.2143
fCMR_Siemens_006,141,2.2032,2.7967,0.4995,0.382,0.5931,7.7933
fCMR_Siemens_144,141,2.33,3.008,0.1967,2.6107,0.2724,7.7432
fCMR_Siemens_068,141,1.3232,2.4004,0.8886,2.3287,1.0346,9.4069
fCMR_Siemens_198,141,2.3869,2.8708,0.3787,3.662,0.4008,8.9349
fCMR_Siemens_018,142,2.7791,1.8095,1.6252,8.4219,1.5554,21.1554
fCMR_Siemens_113,142,3.0512,3.3822,0.2302,5.7951,0.3282,13.6604
fCMR_Siemens_027,142,2.6871,3.1591,0.1988,4.2519,0.2877,10.3476
fCMR_Siemens_006,142,2.6742,3.209,0.632,0.9912,0.8671,8.8627
fCMR_Siemens_144,142,2.8421,2.4681,0.29,0.2755,0.9006,6.9536
fCMR_Siemens_068,142,2.4535,2.8792,0.8544,2.2931,1.28,7.8329
fCMR_Siemens_198,142,2.9279,1.0841,0.1882,2.1514,0.1976,5.6205
fCMR_Siemens_018,143,2.9524,3.0224,1.3069,10.4468,2.0233,25.5709
fCMR_Siemens_113,143,2.9915,2.785,0.1131,5.448,0.1456,13.7547
fCMR_Siemens_027,143,2.2704,2.46,0.1937,0.3361,0.2307,3.3669
fCMR_Siemens_006,143,2.951,2.0052,0.3031,1.5562,0.8506,8.1578
fCMR_Siemens_144,143,1.3911,2.1741,1.0139,0.9699,1.5932,7.968
fCMR_Siemens_068,143,2.1272,3.7572,1.2529,5.8613,1.7602,18.553
fCMR_Siemens_198,143,0.7403,2.683,0.3149,1.112,0.338,4.1228
fCMR_Siemens_018,144,1.9381,2.769,1.4164,12.0169,1.4152,29.4588
fCMR_Siemens_113,144,1.2485,1.8735,0.0444,7.1775,0.2339,17.011
fCMR_Siemens_027,144,1.788,1.6764,0.1029,0.6165,0.1594,2.1719
fCMR_Siemens_006,144,1.5908,2.455,0.2066,6.4143,0.2603,14.9471
fCMR_Siemens_144,144,1.2432,1.4344,0.1624,1.3867,0.2203,6.5015
fCMR_Siemens_068,144,2.7358,2.9214,1.1098,5.7289,1.311,14.2011
fCMR_Siemens_198,144,2.4539,2.4717,0.2961,1.2839,0.3459,8.441
fCMR_Siemens_018,145,2.7914,2.7477,1.8093,9.8998,2.0472,29.9765
fCMR_Siemens_113,145,2.0537,2.0938,0.0997,11.1873,0.214,23.8635
fCMR_Siemens_027,145,1.7016,2.0405,0.1392,6.5309,0.2642,15.0356
fCMR_Siemens_006,145,1.5209,2.7245,0.2505,2.0108,0.7891,9.3914
fCMR_Siemens_144,145,1.843,2.5455,0.1843,0.7541,0.7601,5.436
fCMR_Siemens_068,145,2.2214,3.0442,2.735,7.1516,2.0677,17.6261
fCMR_Siemens_198,145,3.1277,2.0854,0.252,1.0052,0.2838,3.1424
fCMR_Siemens_018,146,0.3345,1.8989,0.9952,9.0729,1.4585,26.1592
fCMR_Siemens_113,146,1.2258,1.3717,0.138,4.1148,0.1725,11.4157
fCMR_Siemens_027,146,1.8161,2.9486,0.4745,1.9556,0.4797,5.762
fCMR_Siemens_006,146,2.9485,0.9951,0.2688,6.4763,0.8018,17.3931
fCMR_Siemens_144,146,2.8152,3.3022,0.2298,3.2991,0.3514,9.1536
fCMR_Siemens_068,146,1.5823,3.0531,1.095,2.5304,1.0911,8.9726
fCMR_Siemens_198,146,2.7787,1.3307,0.2573,4.9155,0.2979,11.3842
fCMR_Siemens_018,147,2.2556,3.5176,2.0017,16.7336,2.0432,37.0936
fCMR_Siemens_113,147,2.386,2.2429,0.0813,7.3336,0.1277,16.6973
fCMR_Siemens_027,147,2.8443,3.2384,0.1606,0.6262,0.2204,2.4351
fCMR_Siemens_006,147,2.3006,1.5556,0.5184,2.2207,0.5585,10.6534
fCMR_Siemens_144,147,2.6581,0.4551,0.207,1.5375,0.2519,6.9904
fCMR_Siemens_068,147,2.4596,2.3586,1.2016,1.942,1.2613,12.3279
fCMR_Siemens_198,147,2.1682,0.8805,0.2636,1.3139,0.2908,6.8785
fCMR_Siemens_018,148,2.7191,1.5658,1.4431,6.8962,1.5545,20.7344
fCMR_Siemens_113,148,2.2858,0.7245,0.1555,3.5293,0.1762,9.3345
fCMR_Siemens_027,148,2.0778,2.2679,0.2191,1.6542,0.2466,5.3464
fCMR_Siemens_006,148,2.808,2.3104,0.2715,2.3516,0.3549,9.148
fCMR_Siemens_144,148,2.6059,2.8687,0.3328,2.1114,0.7674,11.6647
fCMR_Siemens_068,148,1.9206,3.2509,0.6024,3.8097,1.0792,10.9528
fCMR_Siemens_198,148,2.7711,2.1456,0.2858,2.9113,0.3085,7.694
fCMR_Siemens_018,149,1.8449,2.92,1.7899,15.4885,1.789,35.1953
fCMR_Siemens_113,149,1.0737,2.114,0.1133,4.8164,0.1633,12.8666
fCMR_Siemens_027,149,2.7643,2.0365,0.2241,0.4656,0.2754,3.5788
fCMR_Siemens_006,149,3.0588,2.2078,0.9569,0.5335,1.2501,4.9785
fCMR_Siemens_144,149,1.6302,1.7746,0.3147,0.4184,0.8419,8.3168
fCMR_Siemens_068,149,1.0086,2.7782,1.1048,2.829,1.1376,13.3069
fCMR_Siemens_198,149,2.1924,2.0175,0.2321,1.7447,0.2638,5.0782
fCMR_Siemens_018,150,3.1025,1.5023,1.4665,6.8686,1.6719,21.7599
fCMR_Siemens_113,150,0.8183,1.4181,0.0971,11.782,0.1966,29.8521
fCMR_Siemens_027,150,1.6688,0.8216,0.2346,3.4134,0.2478,7.8217
fCMR_Siemens_006,150,2.7104,2.3795,0.3282,2.7303,0.9207,7.4317
fCMR_Siemens_144,150,2.8551,2.7021,0.1595,1.8812,0.2412,4.8078
fCMR_Siemens_068,150,2.3523,1.8422,1.1604,3.5181,1.1973,9.9916
fCMR_Siemens_198,150,1.6907,3.2973,0.2934,1.1928,0.321,4.5337
fCMR_Siemens_018,151,2.281,3.1403,0.9161,5.1986,1.1936,18.2195
fCMR_Siemens_113,151,2.8253,3.4548,0.0092,4.4772,0.1205,10.5818
fCMR_Siemens_027,151,1.2768,1.5423,0.2106,4.6107,0.2768,12.3158
fCMR_Siemens_006,151,2.2163,2.6148,0.4434,0.8148,0.6853,6.4582
fCMR_Siemens_144,151,2.803,2.4396,0.2906,0.9569,0.3269,3.9927
fCMR_Siemens_068,151,1.9887,1.7154,0.7829,2.4969,0.7881,9.2828
fCMR_Siemens_198,151,1.6539,2.9604,0.2936,3.2487,0.3246,8.0715
fCMR_Siemens_018,152,2.5993,2.3386,1.8737,5.3108,2.0114,15.2188
fCMR_Siemens_113,152,2.6074,1.7862,0.0874,10.8341,0.1811,22.8064
fCMR_Siemens_027,152,2.0886,2.132,0.2101,0.2645,0.2719,2.2952
fCMR_Siemens_006,152,1.6689,2.2553,0.5333,4.7172,0.6861,15.3739
fCMR_Siemens_144,152,1.6425,2.3211,0.2133,1.7698,0.2687,5.77
fCMR_Siemens_068,152,3.0649,1.0447,1.0878,2.364,1.494,9.6886
fCMR_Siemens_198,152,2.4983,1.4329,0.2344,2.4478,0.2747,7.1506
fCMR_Siemens_018,153,1.4737,2.527,2.3308,8.4738,2.128,22.5114
fCMR_Siemens_113,153,2.965,2.7126,0.1116,10.6447,0.1681,23.3524
fCMR_Siemens_027,153,2.1503,2.8981,0.1253,2.1999,0.1511,7.7668
fCMR_Siemens_006,153,1.0228,2.1547,0.3149,0.7895,0.343,5.5914
fCMR_Siemens_144,153,1.9998,2.085,0.1169,0.1411,0.7845,4.8304
fCMR_Siemens_068,153,1.6794,2.7695,0.6744,3.8008,1.1124,13.5407
fCMR_Siemens_198,153,3.0319,3.0986,0.2563,2.265,0.2907,6.0474
fCMR_Siemens_018,154,3.138,2.2411,1.9968,18.3204,1.7766,41.0072
fCMR_Siemens_113,154,2.3624,2.7324,0.0813,7.7428,0.1068,17.315
fCMR_Siemens_027,154,2.5606,0.867,0.1583,1.9527,0.2282,7.5369
fCMR_Siemens_006,154,3.1058,1.9916,0.3155,3.099,0.3496,7.3006
fCMR_Siemens_144,154,2.3264,3.2083,0.4662,4.574,0.4912,11.114
fCMR_Siemens_068,154,2.0722,3.1708,1.7031,1.9308,2.0435,8.7395
fCMR_Siemens_198,154,2.0723,1.2687,0.301,1.4295,0.3214,4.3086
fCMR_Siemens_018,155,2.3674,2.0588,0.9894,7.8012,1.3944,22.2655
fCMR_Siemens_113,155,2.6202,3.246,0.054,9.3421,0.1389,19.9794
fCMR_Siemens_027,155,2.8797,2.6819,0.1457,3.0931,0.1823,8.0773
fCMR_Siemens_006,155,2.1807,1.5554,0.5806,1.9001,1.038,8.1596
fCMR_Siemens_144,155,2.7807,2.9892,0.2351,2.7425,0.3075,7.349
fCMR_Siemens_068,155,1.1738,3.5143,0.9627,0.3155,0.9766,4.4626
fCMR_Siemens_198,155,0.6596,3.0599,0.3101,1.7703,0.3361,6.2742
fCMR_Siemens_018,156,2.4781,1.713,1.8992,10.5533,1.9934,25.1119
fCMR_Siemens_113,156,1.2696,2.8198,0.2269,12.5334,0.2566,26.5619
fCMR_Siemens_027,156,2.9831,1.2318,0.3893,1.1211,0.3971,4.474
fCMR_Siemens_006,156,2.6312,2.0768,0.1908,2.6951,0.2369,8.2071
fCMR_Siemens_144,156,2.6814,2.4117,0.2419,0.7987,0.7625,4.6059
fCMR_Siemens_068,156,1.8269,2.5764,0.8689,2.2295,1.3428,11.1799
fCMR_Siemens_198,156,1.3395,2.994,0.1809,2.3145,0.2434,7.669
fCMR_Siemens_018,157,1.3081,2.396,1.4613,12.5499,1.4923,35.3335
fCMR_Siemens_113,157,2.4023,2.345,0.0758,9.0167,0.2117,23.1739
fCMR_Siemens_027,157,1.9207,2.1084,0.1834,1.7162,0.2353,7.4356
fCMR_Siemens_006,157,1.1833,2.0865,0.2285,3.8557,0.2958,9.0423
fCMR_Siemens_144,157,2.7529,2.2651,0.2896,1.9175,0.308,5.4724
fCMR_Siemens_068,157,2.8883,2.0751,0.4501,7.7666,0.9841,18.1293
fCMR_Siemens_198,157,1.4828,2.9231,0.3113,2.224,0.3435,6.4036
fCMR_Siemens_018,158,2.833,3.176,0.4716,6.9702,0.7413,19.526
fCMR_Siemens_113,158,1.3582,3.1276,0.2435,4.4394,0.2975,11.6802
fCMR_Siemens_027,158,1.3933,2.0337,0.1751,1.5035,0.3156,5.8447
fCMR_Siemens_006,158,1.8209,1.1729,0.3716,1.0137,0.8891,8.4349
fCMR_Siemens_144,158,1.1818,2.4659,0.2453,1.0612,0.2595,5.094
fCMR_Siemens_068,158,2.0608,3.0654,0.7001,4.8818,1.4597,16.005
fCMR_Siemens_198,158,2.7964,2.161,0.2561,2.0848,0.2715,5.5386
fCMR_Siemens_018,159,2.814,2.8699,1.6302,12.1866,1.9568,30.2266
fCMR_Siemens_113,159,2.2706,2.4605,0.1727,5.0439,0.2059,11.8864
fCMR_Siemens_027,159,1.7248,2.019,0.2063,1.3225,0.2309,3.4964
fCMR_Siemens_006,159,2.4382,2.4212,0.2104,2.5254,0.2204,8.3741
fCMR_Siemens_144,159,1.4756,2.0433,0.3203,4.3315,0.7479,13.0826
fCMR_Siemens_068,159,3.0264,1.8861,2.3243,4.81,2.0414,18.9913
fCMR_Siemens_198,159,1.8391,1.637,0.2149,0.7565,0.2805,4.362
fCMR_Siemens_018,160,2.8151,2.8721,2.0427,17.2933,2.2814,41.3424
fCMR_Siemens_113,160,2.6732,3.9973,0.0845,4.347,0.1269,10.3818
fCMR_Siemens_027,160,2.9398,3.1524,0.0871,1.648,0.1413,4.7951
fCMR_Siemens_006,160,1.5646,2.2702,2.2804,3.7354,2.099,14.1749
fCMR_Siemens_144,160,3.0058,2.4773,0.2357,1.6915,0.3101,5.3941
fCMR_Siemens_068,160,2.5321,3.3144,0.9593,2.0427,1.1281,7.6934
fCMR_Siemens_198,160,2.7118,1.3355,0.1711,2.6067,0.2033,6.9457
fCMR_Siemens_018,161,2.7668,1.5707,3.0354,11.609,2.7293,26.6698
fCMR_Siemens_113,161,2.5072,2.6372,0.0546,11.2135,0.1606,24.0071
fCMR_Siemens_027,161,2.9215,1.8815,0.1078,2.4256,0.1869,7.6541
fCMR_Siemens_006,161,1.4621,2.9508,0.8689,1.5602,1.2495,9.5586
fCMR_Siemens_144,161,3.0898,1.5044,0.4109,2.1389,1.0037,14.1631
fCMR_Siemens_068,161,2.4734,3.2254,1.2103,3.591,1.5532,8.8625
fCMR_Siemens_198,161,1.9735,3.2442,0.282,1.4737,0.2976,5.124
fCMR_Siemens_018,162,2.9247,3.2606,0.7817,5.9791,1.043,19.1215
fCMR_Siemens_113,162,3.0127,2.6735,0.1172,7.7506,0.1908,16.8709
fCMR_Siemens_027,162,2.2273,2.1909,0.1241,0.1336,0.225,1.8844
fCMR_Siemens_006,162,1.927,3.3575,0.2373,1.7233,0.3004,6.9064
fCMR_Siemens_144,162,1.0109,3.8935,0.3078,1.3284,0.3778,5.6313
fCMR_Siemens_068,162,2.7613,3.2945,0.7647,0.2029,1.199,1.8784
fCMR_Siemens_198,162,2.1248,1.9115,0.1795,0.6399,0.2119,3.8296
fCMR_Siemens_018,163,0.9485,1.8375,1.4499,14.813,1.6828,35.1174
fCMR_Siemens_113,163,2.6616,1.8519,0.0981,6.3291,0.2189,15.8287
fCMR_Siemens_027,163,2.2661,2.9013,0.253,2.0104,0.3366,6.9664
fCMR_Siemens_006,163,3.1401,2.0745,0.2695,2.8641,0.3166,7.3288
fCMR_Siemens_144,163,2.5995,1.5963,0.2327,1.1856,0.3283,5.8687
fCMR_Siemens_068,163,1.436,3.8603,1.0353,1.1623,1.0516,7.1403
fCMR_Siemens_198,163,2.4481,1.8424,0.1557,1.1662,0.182,4.65
fCMR_Siemens_018,164,1.9027,3.3389,1.3315,16.8887,1.7662,38.7033
fCMR_Siemens_113,164,2.4428,2.8115,0.1231,5.1007,0.2167,12.4614
fCMR_Siemens_027,164,2.753,2.1245,0.1272,0.4563,0.1839,5.8947
fCMR_Siemens_006,164,2.3667,2.5863,0.5883,0.9105,1.0064,5.7714
fCMR_Siemens_144,164,1.4521,2.6939,0.2767,3.0124,0.2979,9.1564
fCMR_Siemens_068,164,2.4609,0.8379,2.8004,3.8864,2.1042,10.6694
fCMR_Siemens_198,164,1.5749,1.3911,0.2696,2.6102,0.3066,6.3792
fCMR_Siemens_018,165,2.9601,2.0644,0.8369,5.1135,1.3454,14.5792
fCMR_Siemens_113,165,1.9491,3.28,0.083,10.9165,0.1479,25.2748
fCMR_Siemens_027,165,1.7372,2.4534,0.305,0.4004,0.3478,2.944
fCMR_Siemens_006,165,2.7139,1.6994,0.3275,3.239,0.8447,12.9546
fCMR_Siemens_144,165,2.1212,2.6119,0.1918,2.3614,0.2292,9.6594
fCMR_Siemens_068,165,2.3889,1.8391,0.6085,7.7179,1.1564,20.8942
fCMR_Siemens_198,165,2.9166,2.153,0.2471,0.9669,0.2632,3.4057
fCMR_Siemens_018,166,2.4696,2.1222,1.6925,17.3731,1.7815,38.3328
fCMR_Siemens_113,166,2.9016,2.1928,0.0726,5.3779,0.1247,15.4626
fCMR_Siemens_027,166,1.4209,1.6971,0.1372,1.5312,0.1735,3.8847
fCMR_Siemens_006,166,1.5924,3.3807,0.3542,2.5552,0.8441,11.0253
fCMR_Siemens_144,166,2.8228,2.2854,0.5252,1.183,1.5048,7.6736
fCMR_Siemens_068,166,2.7698,2.4652,0.7341,1.2647,0.8655,8.0512
fCMR_Siemens_198,166,2.2683,0.925,0.2576,1.3975,0.2792,3.5543
fCMR_Siemens_018,167,1.8785,0.9162,1.9523,13.3381,2.171,33.3212
fCMR_Siemens_113,167,1.031,2.4903,0.0716,6.4666,0.1187,16.1132
fCMR_Siemens_027,167,2.7133,2.3599,0.0645,0.4639,0.1494,3.9748
fCMR_Siemens_006,167,2.488,2.4123,2.3775,2.985,1.9022,10.4234
fCMR_Siemens_144,167,1.9684,2.7669,0.2509,0.0605,0.8205,2.8997
fCMR_Siemens_068,167,2.67,3.3412,0.9701,1.8054,1.0716,8.0967
fCMR_Siemens_198,167,1.5665,1.8676,0.2428,1.6218,0.3012,6.3031
fCMR_Siemens_018,168,2.085,2.2711,0.7587,7.7818,0.9744,20.3976
fCMR_Siemens_113,168,2.499,2.5545,0.071,6.2612,0.1529,14.4042
fCMR_Siemens_027,168,1.9579,3.4118,0.1357,3.7878,0.2078,9.9617
fCMR_Siemens_006,168,2.8627,2.894,0.2742,1.3384,0.2813,4.6236
fCMR_Siemens_144,168,2.9497,2.5634,0.2123,0.2002,0.2662,3.6676
fCMR_Siemens_068,168,2.1386,2.1724,1.0813,9.4788,1.5681,25.2464
fCMR_Siemens_198,168,3.0341,3.5824,0.2398,2.7216,0.2949,8.1348
fCMR_Siemens_018,169,2.5016,2.5848,1.4114,11.1795,1.3637,31.5667
fCMR_Siemens_113,169,2.8233,3.3002,0.1015,9.2061,0.1261,20.7148
fCMR_Siemens_027,169,2.9681,0.6375,0.2355,0.7557,0.3226,3.2081
fCMR_Siemens_006,169,2.8047,3.2206,0.3659,4.3642,0.7912,12.4405
fCMR_Siemens_144,169,0.9242,4.0729,0.3338,1.0763,0.3573,4.5752
fCMR_Siemens_068,169,2.4882,2.2479,0.8279,2.2747,0.8437,5.1187
fCMR_Siemens_198,169,2.3971,3.4531,0.2974,1.4971,0.3201,4.1745
fCMR_Siemens_018,170,2.6208,1.4274,1.756,11.592,1.9237,29.9287
fCMR_Siemens_113,170,3.0675,2.6757,0.1002,5.7723,0.2326,15.3428
fCMR_Siemens_027,170,2.9876,2.6257,0.2579,2.1009,0.2783,7.3754
fCMR_Siemens_006,170,3.0424,2.6156,0.2671,5.7749,0.2783,12.5325
fCMR_Siemens_144,170,2.6334,2.8559,0.2977,3.2669,0.3277,8.394
fCMR_Siemens_068,170,2.6344,3.5654,0.8504,2.5707,1.0013,9.0868
fCMR_Siemens_198,170,2.6401,1.5127,0.2155,0.7999,0.2515,3.8985
fCMR_Siemens_018,171,1.5888,1.7927,1.6625,12.6875,1.6959,33.6293
fCMR_Siemens_113,171,1.6562,2.8385,0.1733,5.7847,0.2768,15.7638
fCMR_Siemens_027,171,1.0952,2.1614,0.3032,1.2519,0.8093,7.0999
fCMR_Siemens_006,171,2.6733,3.4234,0.2625,1.7374,0.2896,5.1262
fCMR_Siemens_144,171,2.9089,2.6909,0.1886,2.5313,0.233,7.8188
fCMR_Siemens_068,171,2.6267,2.6956,0.8874,4.2546,1.3028,11.3876
fCMR_Siemens_198,171,2.5484,3.279,0.2647,0.5472,0.2908,3.3113
fCMR_Siemens_018,172,1.8086,3.5086,2.9158,5.4326,1.8243,28.9708
fCMR_Siemens_113,172,2.9931,2.2368,0.1268,7.5134,0.2639,17.3763
fCMR_Siemens_027,172,2.6401,2.15,0.3601,1.5274,0.3742,4.8962
fCMR_Siemens_006,172,2.0965,2.7392,0.2183,3.8302,0.3039,9.5809
fCMR_Siemens_144,172,3.0754,2.6383,0.3322,1.9622,0.3696,5.354
fCMR_Siemens_068,172,2.4298,1.2137,0.6794,2.1641,0.6958,7.3362
fCMR_Siemens_198,172,2.8145,2.8271,0.2698,4.1098,0.379,12.597
fCMR_Siemens_018,173,2.6879,2.5629,1.2297,11.7511,1.299,27.6663
fCMR_Siemens_113,173,2.9136,2.9978,0.2549,11.9948,0.287,26.91
fCMR_Siemens_027,173,2.2556,3.3653,0.2238,4.4777,0.6745,13.7846
fCMR_Siemens_006,173,2.5962,2.1697,0.3145,2.368,0.3831,9.6037
fCMR_Siemens_144,173,2.6273,2.0922,0.1481,1.4566,0.1911,5.1072
fCMR_Siemens_068,173,2.6423,1.2183,1.0736,4.1549,1.1005,11.1716
fCMR_Siemens_198,173,3.0408,3.7573,0.2563,0.8217,0.3107,3.5627
fCMR_Siemens_018,174,2.9801,2.5779,0.5536,7.2453,1.1066,24.3966
fCMR_Siemens_113,174,2.7103,2.5394,0.0754,9.7815,0.1313,21.332
fCMR_Siemens_027,174,2.9578,1.9488,0.2056,0.5836,0.2518,2.8677
fCMR_Siemens_006,174,2.3344,3.0234,0.1916,1.6918,0.7722,9.7879
fCMR_Siemens_144,174,1.1854,2.1911,0.2569,2.6015,0.8606,10.4967
fCMR_Siemens_068,174,3.0002,2.6581,0.6475,6.7676,1.5052,17.3324
fCMR_Siemens_198,174,2.6987,1.9393,0.2259,1.6571,0.2403,4.4567
fCMR_Siemens_018,175,1.4468,2.2176,1.9217,14.1234,1.8639,36.336
fCMR_Siemens_113,175,1.2887,2.7131,0.0279,5.5722,0.1695,15.0272
fCMR_Siemens_027,175,2.6581,1.3785,0.1448,1.8686,0.1923,5.6774
fCMR_Siemens_006,175,2.1971,2.9307,0.3253,1.7111,0.4054,8.1823
fCMR_Siemens_144,175,2.2892,3.117,0.2216,3.5805,0.2738,7.7517
fCMR_Siemens_068,175,2.6154,2.3243,1.3966,3.0125,1.8407,12.0902
fCMR_Siemens_198,175,2.0573,1.4652,0.2423,0.8875,0.2499,4.449
fCMR_Siemens_018,176,1.2358,2.8764,1.8117,10.8712,1.9184,25.158
fCMR_Siemens_113,176,2.2181,2.4732,0.0553,7.5937,0.2174,18.336
fCMR_Siemens_027,176,2.0771,2.1328,0.1866,0.4155,0.2056,3.0975
fCMR_Siemens_006,176,1.7104,2.2696,0.2149,3.0539,0.3051,8.6085
fCMR_Siemens_144,176,2.0341,2.2633,0.1517,2.3007,0.4042,7.1667
fCMR_Siemens_068,176,2.2401,1.7352,2.5775,2.4795,2.0967,11.2015
fCMR_Siemens_198,176,2.8865,2.2103,0.2591,1.4658,0.3013,4.5462
fCMR_Siemens_018,177,1.6156,3.3767,1.4335,8.2217,1.5983,24.9587
fCMR_Siemens_113,177,1.9285,2.0027,0.196,5.445,0.2457,12.1966
fCMR_Siemens_027,177,1.6099,3.1965,0.0878,3.1194,0.1895,9.0879
fCMR_Siemens_006,177,1.6643,0.8338,0.2684,0.7619,0.3167,5.6698
fCMR_Siemens_144,177,2.8867,3.7864,0.3431,2.5291,0.3557,6.9969
fCMR_Siemens_068,177,1.3384,3.4066,1.3255,5.2372,1.7019,16.4276
fCMR_Siemens_198,177,3.0873,1.2299,0.3731,1.6846,0.408,6.044
fCMR_Siemens_018,178,1.5671,2.6903,1.9442,19.2607,2.1829,44.6344
fCMR_Siemens_113,178,1.6896,0.7679,0.1059,10.4254,0.1961,23.1446
fCMR_Siemens_027,178,0.9989,0.9181,0.2124,2.1245,0.2314,7.3927
fCMR_Siemens_006,178,2.91,2.6628,0.3903,1.9992,0.8024,5.2264
fCMR_Siemens_144,178,2.9833,2.3013,0.1942,1.5189,0.2687,4.8638
fCMR_Siemens_068,178,2.8866,2.534,0.747,2.9095,1.1889,10.9313
fCMR_Siemens_198,178,3.0065,3.0309,0.3246,2.1072,0.3636,6.1269
fCMR_Siemens_018,179,2.4998,2.7722,2.016,22.7618,2.1827,49.2375
fCMR_Siemens_113,179,3.0673,2.852,0.089,10.9301,0.134,23.3152
fCMR_Siemens_027,179,3.0418,2.3404,0.3532,2.6238,0.3712,6.0454
fCMR_Siemens_006,179,2.2221,2.2839,0.2725,1.8498,0.3008,6.4294
fCMR_Siemens_144,179,2.0203,1.7663,0.1424,1.4432,0.157,4.5938
fCMR_Siemens_068,179,2.7412,1.6553,1.9637,2.2835,1.7613,8.536
fCMR_Siemens_198,179,3.1044,2.4243,0.3441,1.6561,0.3885,7.1292
fCMR_Siemens_018,180,2.8573,2.1691,1.5722,13.0905,2.0014,34.7602
fCMR_Siemens_113,180,0.5941,3.108,0.0978,6.3798,0.1887,15.5756
fCMR_Siemens_027,180,2.3303,2.0461,0.1759,1.5433,0.2661,5.8659
fCMR_Siemens_006,180,2.7109,2.664,0.0695,2.5347,1.4662,16.1185
fCMR_Siemens_144,180,2.2074,1.5032,0.4225,1.042,0.5516,4.3176
fCMR_Siemens_068,180,2.6352,2.7573,0.8404,1.3993,1.2979,4.9766
fCMR_Siemens_198,180,1.5335,2.3824,0.3312,1.5972,0.3592,4.1104
fCMR_Siemens_018,181,1.1261,3.3569,2.2101,11.6319,2.0699,27.4396
fCMR_Siemens_113,181,1.4944,2.7686,0.1805,5.8139,0.2262,13.0378
fCMR_Siemens_027,181,2.008,1.5299,0.2066,5.105,0.262,13.352
fCMR_Siemens_006,181,2.0023,2.7347,0.2539,5.3338,0.296,11.8392
fCMR_Siemens_144,181,1.2991,3.022,0.2286,0.0866,0.7885,2.7639
fCMR_Siemens_068,181,1.8551,2.9049,0.8566,1.6877,0.8799,7.354
fCMR_Siemens_198,181,3.0393,1.3403,0.2199,1.1675,0.2614,5.5712
fCMR_Siemens_018,182,2.7205,2.0682,1.9647,25.6222,2.0779,57.1147
fCMR_Siemens_113,182,2.5875,2.6905,0.0369,8.4929,0.147,19.133
fCMR_Siemens_027,182,1.1174,3.2588,0.1822,0.6014,0.198,3.5067
fCMR_Siemens_006,182,1.1492,3.8399,0.3417,1.7433,0.393,4.6098
fCMR_Siemens_144,182,2.7254,1.4267,0.1549,4.0559,0.2415,9.6438
fCMR_Siemens_068,182,1.2654,2.4964,0.7265,1.8745,1.216,8.1604
fCMR_Siemens_198,182,1.1897,2.8818,0.2971,0.4319,0.3496,2.1037
fCMR_Siemens_018,183,2.9622,2.2849,0.8181,6.5821,1.2624,17.1795
fCMR_Siemens_113,183,3.0624,1.3124,0.0476,9.9963,0.0905,22.0146
fCMR_Siemens_027,183,2.3384,2.9324,0.2001,3.0653,0.2436,8.3914
fCMR_Siemens_006,183,1.6088,3.9095,0.259,3.1624,0.2838,7.1102
fCMR_Siemens_144,183,2.2186,2.9732,0.1277,3.0209,0.2453,7.5665
fCMR_Siemens_068,183,2.7494,3.4817,0.6391,0.4718,1.1061,8.3419
fCMR_Siemens_198,183,2.254,2.29,0.3415,2.7969,0.3637,6.9785
fCMR_Siemens_018,184,2.8679,1.2352,2.4393,11.8229,2.1287,38.5941
fCMR_Siemens_113,184,2.0487,1.3789,0.0943,8.1427,0.1739,19.315
fCMR_Siemens_027,184,2.9095,2.4636,0.2648,2.1874,0.3128,8.138
fCMR_Siemens_006,184,1.8867,3.5448,0.3683,2.0807,0.3951,4.8281
fCMR_Siemens_144,184,2.307,2.8617,0.2999,3.0321,0.3182,8.9694
fCMR_Siemens_068,184,2.3969,2.0533,3.0476,5.0667,2.2376,19.4683
fCMR_Siemens_198,184,2.4288,1.4522,0.2066,1.543,0.2259,4.827
fCMR_Siemens_018,185,2.271,2.3235,1.5715,19.1136,1.6054,42.4251
fCMR_Siemens_113,185,2.6935,1.2039,0.0828,7.7148,0.1561,16.287
fCMR_Siemens_027,185,2.0777,2.8507,0.194,2.7426,0.23,6.9785
fCMR_Siemens_006,185,2.3543,2.9022,0.2072,1.2728,0.7677,8.9124
fCMR_Siemens_144,185,2.3558,3.2644,0.2806,2.4146,0.3119,6.924
fCMR_Siemens_068,185,2.5161,2.3411,1.0895,5.7792,1.5114,14.5022
fCMR_Siemens_198,185,0.5801,3.0671,0.344,2.2197,0.3735,7.5387
fCMR_Siemens_018,186,3.0292,1.6643,1.8769,23.2474,1.9235,51.4787
fCMR_Siemens_113,186,3.1035,2.0225,0.0882,4.511,0.1768,11.6206
fCMR_Siemens_027,186,1.1705,2.0423,0.3161,2.1573,0.3701,6.422
fCMR_Siemens_006,186,2.4426,3.0365,0.2363,1.6282,0.81,5.6036
fCMR_Siemens_144,186,3.0993,2.9177,0.2111,1.4089,0.2562,6.141
fCMR_Siemens_068,186,1.4292,1.7458,0.9934,2.9902,1.3962,13.8892
fCMR_Siemens_198,186,2.3229,1.215,0.3608,1.3216,0.3665,4.6853
fCMR_Siemens_018,187,1.839,2.1166,2.4066,13.3341,2.1839,30.6014
fCMR_Siemens_113,187,2.0877,3.2309,0.0445,6.5997,0.2315,14.5418
fCMR_Siemens_027,187,2.4024,1.5573,0.0843,3.8937,0.1502,10.7225
fCMR_Siemens_006,187,2.8733,2.4102,0.4599,3.8393,0.8758,10.595
fCMR_Siemens_144,187,1.5664,2.4872,0.2911,0.4817,0.3844,4.1228
fCMR_Siemens_068,187,1.3689,2.6277,1.2625,1.0133,1.358,6.4068
fCMR_Siemens_198,187,1.7761,2.6138,0.3182,1.7923,0.3477,6.1313
fCMR_Siemens_018,188,3.0444,2.5851,1.6255,14.6695,1.6291,37.5646
fCMR_Siemens_113,188,0.7744,1.7757,0.1366,12.7484,0.2133,28.3
fCMR_Siemens_027,188,2.2833,2.8333,0.2053,1.6032,0.2559,5.8658
fCMR_Siemens_006,188,1.9161,2.6638,0.3172,3.3148,0.8487,13.4246
fCMR_Siemens_144,188,2.089,3.0159,0.2074,2.0919,0.2616,6.4898
fCMR_Siemens_068,188,2.3427,1.5787,0.7947,4.8824,1.2668,14.7995
fCMR_Siemens_198,188,2.5198,2.7313,0.2077,1.1744,0.2367,3.3432
fCMR_Siemens_018,189,1.9094,2.7354,1.8036,15.4454,1.7341,38.8894
fCMR_Siemens_113,189,2.5713,2.1596,0.1365,4.1996,0.1912,11.253
fCMR_Siemens_027,189,2.903,2.3534,0.2014,1.5154,0.2153,4.8453
fCMR_Siemens_006,189,3.0916,1.95,0.2469,3.1418,0.2811,8.8339
fCMR_Siemens_144,189,2.7369,2.1704,0.2609,2.4813,0.2717,7.8826
fCMR_Siemens_068,189,3.0678,2.7754,0.5187,1.6926,0.5559,8.5643
fCMR_Siemens_198,189,2.4261,1.3532,0.2815,1.9303,0.2976,4.7944
fCMR_Siemens_018,190,1.9856,0.9728,1.9694,15.9445,2.0809,41.9121
fCMR_Siemens_113,190,2.7363,1.9756,0.0969,5.7726,0.1801,14.9087
fCMR_Siemens_027,190,1.9757,1.8929,0.2954,0.3885,0.3025,1.6238
fCMR_Siemens_006,190,2.3506,3.1228,0.2654,4.6673,0.2952,11.8286
fCMR_Siemens_144,190,2.4819,1.8399,0.3198,1.5147,0.9099,8.322
fCMR_Siemens_068,190,1.7018,2.6188,0.5247,4.608,0.5481,10.6578
fCMR_Siemens_198,190,2.9542,3.0863,0.2486,1.0862,0.2903,4.0545
fCMR_Siemens_018,191,1.3009,2.593,1.8647,9.2243,1.9631,24.3374
fCMR_Siemens_113,191,3.0679,2.3236,0.0838,6.7465,0.1908,16.0571
fCMR_Siemens_027,191,2.4661,2.5304,0.1247,0.951,0.1672,3.616
fCMR_Siemens_006,191,2.729,2.878,0.2787,3.2172,0.3696,8.3612
fCMR_Siemens_144,191,1.7761,2.6114,0.2877,1.4237,0.8134,9.7713
fCMR_Siemens_068,191,2.4808,2.4966,0.5043,2.0266,1.4689,9.1527
fCMR_Siemens_198,191,1.5933,2.3177,0.3897,2.5368,0.4223,6.396
fCMR_Siemens_018,192,1.8752,1.362,1.6747,12.6831,1.9293,31.7022
fCMR_Siemens_113,192,3.1081,2.9162,0.0906,4.1977,0.1454,11.1128
fCMR_Siemens_027,192,2.479,2.5029,0.1988,4.891,0.3256,11.4986
fCMR_Siemens_006,192,1.328,3.5269,0.2344,1.3745,0.8199,7.9064
fCMR_Siemens_144,192,2.2533,1.7923,0.1887,1.1649,0.2708,5.0756
fCMR_Siemens_068,192,1.8051,2.1519,1.1015,0.414,1.3795,5.844
fCMR_Siemens_198,192,1.5802,1.5562,0.2297,3.9126,0.2791,9.5117
fCMR_Siemens_018,193,2.8167,2.9018,1.4869,17.0527,1.6044,38.7676
fCMR_Siemens_113,193,2.8136,3.328,0.2972,11.7175,0.3522,26.562
fCMR_Siemens_027,193,1.413,2.7312,0.3209,1.3007,0.3322,5.2897
fCMR_Siemens_006,193,2.3184,3.4358,0.4642,3.9068,0.5667,10.618
fCMR_Siemens_144,193,2.3192,2.404,0.1262,0.4709,0.2078,4.24
fCMR_Siemens_068,193,2.7885,2.68,0.808,3.9328,1.5557,11.5661
fCMR_Siemens_198,193,3.1357,2.6646,0.248,2.9322,0.2872,8.9025
fCMR_Siemens_018,194,2.7415,2.5012,1.6497,9.9717,1.8742,27.6994
fCMR_Siemens_113,194,2.9994,2.7032,0.0345,2.9255,0.1439,7.8166
fCMR_Siemens_027,194,1.0055,1.9705,0.1883,2.9228,0.238,7.6003
fCMR_Siemens_006,194,3.1221,0.3346,0.3752,2.547,0.8849,9.6982
fCMR_Siemens_144,194,2.8794,2.6071,0.1142,1.5015,0.1591,4.8161
fCMR_Siemens_068,194,0.5955,3.1359,0.7929,4.5507,1.287,14.1245
fCMR_Siemens_198,194,2.7001,2.7778,0.2757,1.1649,0.3183,6.0012
fCMR_Siemens_018,195,0.8085,2.5656,1.7033,9.4629,2.0555,26.5073
fCMR_Siemens_113,195,1.8462,1.1206,0.1278,6.0406,0.2204,13.0578
fCMR_Siemens_027,195,1.776,3.2252,0.1589,0.252,0.2415,4.9622
fCMR_Siemens_006,195,2.5419,2.7333,0.3831,0.9269,0.8988,7.2262
fCMR_Siemens_144,195,2.2635,2.6735,0.1548,0.8756,0.3031,3.8338
fCMR_Siemens_068,195,2.7691,0.9398,0.5962,3.5192,0.6234,8.3155
fCMR_Siemens_198,195,2.6268,2.2258,0.3379,1.2482,0.3585,3.8251
fCMR_Siemens_018,196,1.9664,2.8965,2.7932,12.3756,2.3674,39.3533
fCMR_Siemens_113,196,3.0346,2.433,0.0766,11.5841,0.2684,26.2057
fCMR_Siemens_027,196,2.0849,2.7283,0.1177,0.9389,0.1718,3.9582
fCMR_Siemens_006,196,1.8827,3.6921,0.2062,1.9408,0.2332,5.4208
fCMR_Siemens_144,196,1.6356,2.9939,0.1974,5.4543,0.2091,13.5363
fCMR_Siemens_068,196,1.5926,1.8191,1.105,1.7944,1.1174,7.8224
fCMR_Siemens_198,196,3.1349,2.823,0.2003,2.1165,0.2171,6.3649
fCMR_Siemens_018,197,2.2734,2.0686,1.665,14.1572,1.6993,36.2076
fCMR_Siemens_113,197,2.6061,2.964,0.0459,5.4542,0.1076,13.1804
fCMR_Siemens_027,197,2.978,3.2298,0.2368,0.9226,0.2961,3.0572
fCMR_Siemens_006,197,2.75,1.3865,0.1868,5.0328,0.2105,12.758
fCMR_Siemens_144,197,2.1163,2.4205,0.2542,0.7706,0.8017,3.6762
fCMR_Siemens_068,197,3.0359,2.8411,2.1548,5.7919,1.8333,14.6626
fCMR_Siemens_198,197,2.7564,2.7749,0.3423,1.5484,0.3608,5.1358
fCMR_Siemens_018,198,3.112,1.9403,1.4066,13.2238,1.6956,31.8185
fCMR_Siemens_113,198,2.2963,1.2036,0.069,6.1038,0.2025,16.3492
fCMR_Siemens_027,198,2.7379,2.8088,0.1339,1.1548,0.2168,5.2783
fCMR_Siemens_006,198,2.7997,2.1901,0.3167,2.5608,0.3258,6.6905
fCMR_Siemens_144,198,1.0158,1.5819,0.1306,0.3729,0.1853,3.5698
fCMR_Siemens_068,198,1.7382,1.7075,2.1016,7.0413,1.9399,18.2809
fCMR_Siemens_198,198,2.8155,2.6187,0.1779,1.6967,0.1961,4.7638
fCMR_Siemens_018,199,1.6216,2.9273,1.7093,19.49,1.7631,45.503
fCMR_Siemens_113,199,1.5896,2.4553,0.1812,12.6233,0.2387,28.778
fCMR_Siemens_027,199,0.8372,1.3179,0.2793,1.9814,0.3075,5.877
fCMR_Siemens_006,199,2.8668,0.9127,0.3962,5.0422,0.5387,15.6212
fCMR_Siemens_144,199,1.7172,1.8648,0.2575,2.1415,0.296,6.931
fCMR_Siemens_068,199,1.2797,3.059,0.8044,0.4699,0.8656,5.2792
fCMR_Siemens_198,199,2.9182,1.2277,0.3363,0.938,0.3733,3.6107
fCMR_Siemens_018,200,2.9694,1.5969,1.6815,7.9595,1.6865,18.5688
fCMR_Siemens_113,200,0.6373,2.1675,0.1321,7.3631,0.2449,18.3956
fCMR_Siemens_027,200,2.1486,2.0524,0.1954,5.7699,0.2131,12.3383
fCMR_Siemens_006,200,2.8174,1.975,0.256,4.9423,0.2938,12.8386
fCMR_Siemens_144,200,2.1001,2.4582,0.2933,1.5504,0.3684,5.999
fCMR_Siemens_068,200,1.4311,3.2932,0.6906,0.5199,0.7044,3.9549
fCMR_Siemens_198,200,1.1302,2.6355,0.247,1.6539,0.2934,4.8355
fCMR_Siemens_018,201,1.2708,1.1293,2.091,11.6086,2.0116,29.1476
fCMR_Siemens_113,201,3.1013,2.5702,0.0604,7.6744,0.1607,18.2936
fCMR_Siemens_027,201,2.4283,2.7743,0.1144,0.7161,0.1725,3.6974
fCMR_Siemens_006,201,2.918,2.4773,0.2922,1.0275,0.3131,3.8882
fCMR_Siemens_144,201,1.3573,2.3299,0.1545,0.5978,0.1927,2.103
fCMR_Siemens_068,201,2.9822,1.8981,0.8877,2.559,1.4659,10.5948
fCMR_Siemens_198,201,1.6214,2.4108,0.2824,0.8825,0.3032,3.9588
fCMR_Siemens_018,202,2.7862,3.3641,1.8999,14.523,1.9015,30.9514
fCMR_Siemens_113,202,2.1311,2.1074,0.149,7.9394,0.2157,17.8679
fCMR_Siemens_027,202,2.6322,2.0575,0.2595,0.4197,0.2902,3.3605
fCMR_Siemens_006,202,2.9377,2.5422,0.839,4.1596,1.4802,15.3042
fCMR_Siemens_144,202,2.8424,2.3773,0.288,0.1312,0.7492,2.5648
fCMR_Siemens_068,202,3.1292,2.2092,0.8079,14.106,1.0748,32.3723
fCMR_Siemens_198,202,1.5003,2.7922,0.2551,4.3019,0.2721,9.7604
fCMR_Siemens_018,203,2.7626,2.2213,1.6042,9.8764,1.5735,23.5186
fCMR_Siemens_113,203,2.5021,0.6627,0.1023,5.9068,0.1837,13.3472
fCMR_Siemens_027,203,2.8881,2.5872,0.1071,4.9239,0.1519,10.4823
fCMR_Siemens_006,203,2.8649,2.015,3.0647,2.0138,2.4179,10.6395
fCMR_Siemens_144,203,1.9362,2.3487,0.2014,1.4289,0.297,3.9836
fCMR_Siemens_068,203,2.1623,3.0426,0.8039,1.6357,0.8163,6.6566
fCMR_Siemens_198,203,2.5031,2.5863,0.2691,5.0924,0.2889,10.9959
fCMR_Siemens_018,204,2.1999,2.6601,2.102,12.8525,2.2626,26.8058
fCMR_Siemens_113,204,3.0214,2.8316,0.1075,6.0822,0.163,13.8445
fCMR_Siemens_027,204,2.0449,3.1285,0.1298,0.9472,0.1538,3.947
fCMR_Siemens_006,204,2.4939,3.2237,0.9544,0.4642,1.2874,8.8884
fCMR_Siemens_144,204,2.4345,2.2344,0.3557,0.8532,0.421,7.844
fCMR_Siemens_068,204,1.5544,1.7174,0.9883,1.7283,1.031,10.048
fCMR_Siemens_198,204,3.0588,2.9081,0.2823,3.31,0.3162,7.8895
fCMR_Siemens_018,205,1.7383,2.3043,2.5442,6.2168,2.1371,15.8872
fCMR_Siemens_113,205,1.6498,2.9894,0.0872,8.7014,0.2122,22.5088
fCMR_Siemens_027,205,2.0096,2.1408,0.1192,1.408,0.1752,5.7583
fCMR_Siemens_006,205,2.5721,2.6415,0.3624,2.3994,0.3958,10.4691
fCMR_Siemens_144,205,0.7185,2.7394,0.4154,3.1686,0.4287,8.9962
fCMR_Siemens_068,205,2.3343,2.4193,1.1261,0.4993,1.61,4.7043
fCMR_Siemens_198,205,3.109,1.9661,0.2349,0.5716,0.2633,3.0313
fCMR_Siemens_018,206,2.6496,2.5222,1.6827,20.804,1.8338,48.6098
fCMR_Siemens_113,206,1.5662,2.4526,0.1129,7.1314,0.1338,15.7874
fCMR_Siemens_027,206,1.8123,2.4868,0.2019,3.0226,0.2204,8.6086
fCMR_Siemens_006,206,2.7725,2.684,0.2455,3.9295,0.2925,8.7848
fCMR_Siemens_144,206,2.3497,2.7012,0.2523,5.1602,0.338,11.3429
fCMR_Siemens_068,206,1.8366,2.2345,0.9729,3.0803,1.0337,11.4745
fCMR_Siemens_198,206,1.5777,2.2425,0.323,3.8327,0.3689,10.2284
fCMR_Siemens_018,207,2.6598,2.7835,2.1717,10.8924,2.3965,24.8064
fCMR_Siemens_113,207,1.6132,3.0664,0.0611,8.7021,0.1981,19.9615
fCMR_Siemens_027,207,2.3437,1.442,0.1587,1.2773,0.2016,4.7738
fCMR_Siemens_006,207,2.878,2.8342,0.2927,1.6846,0.8482,7.9002
fCMR_Siemens_144,207,2.3583,2.8659,0.2734,1.6051,1.0515,9.1737
fCMR_Siemens_068,207,2.0366,0.9235,0.6711,3.0856,0.7037,9.0321
fCMR_Siemens_198,207,3.051,2.2012,0.243,1.8292,0.2573,5.2389
fCMR_Siemens_018,208,3.0713,3.1211,1.584,6.8738,1.7379,16.4644
fCMR_Siemens_113,208,2.6219,2.8338,0.1982,4.6487,0.2124,10.2679
fCMR_Siemens_027,208,1.0689,1.8677,0.159,0.8286,0.2028,5.1937
fCMR_Siemens_006,208,2.0564,2.0015,0.3757,3.5462,0.8244,10.1884
fCMR_Siemens_144,208,2.1823,0.5867,0.2348,0.6081,0.8159,8.0632
fCMR_Siemens_068,208,2.0173,1.8317,0.8199,1.7493,1.4095,7.7453
fCMR_Siemens_198,208,2.0811,2.4864,0.2948,2.3294,0.3271,6.4742
fCMR_Siemens_018,209,0.8917,3.1336,1.3748,6.1672,1.4249,15.5965
fCMR_Siemens_113,209,1.9845,2.3908,0.0396,14.9143,0.1491,32.6285
fCMR_Siemens_027,209,2.6069,2.6959,0.3392,2.5808,0.3713,9.8504
fCMR_Siemens_006,209,2.5532,1.9603,0.3043,1.1194,0.3528,5.2671
fCMR_Siemens_144,209,1.0136,2.8225,0.2054,1.8532,0.2648,6.3906
fCMR_Siemens_068,209,1.3728,1.9466,1.1104,0.9251,1.1141,6.8766
fCMR_Siemens_198,209,2.2123,1.2647,0.2965,2.8868,0.3293,9.5744
fCMR_Siemens_018,210,3.0363,2.288,2.0445,20.9475,2.2259,47.7376
fCMR_Siemens_113,210,2.0464,1.6023,0.143,10.3163,0.208,22.8555
fCMR_Siemens_027,210,2.2835,2.1387,0.2109,1.9495,0.252,5.6547
fCMR_Siemens_006,210,1.1263,2.8208,0.4814,0.2331,0.9025,3.9047
fCMR_Siemens_144,210,1.9162,2.9706,0.2093,0.8292,0.334,3.3126
fCMR_Siemens_068,210,1.8576,3.0326,0.5805,0.778,0.8364,6.2963
fCMR_Siemens_198,210,1.4136,3.3667,0.2386,1.4428,0.2707,5.2922
fCMR_Siemens_018,211,2.4686,1.0773,2.0361,19.4401,2.0565,44.2778
fCMR_Siemens_113,211,2.4908,2.1035,0.0182,5.407,0.1285,12.8232
fCMR_Siemens_027,211,2.748,2.7917,0.2896,1.1497,0.4221,6.8666
fCMR_Siemens_006,211,2.5493,3.0833,0.3321,4.1984,0.3409,9.732
fCMR_Siemens_144,211,2.7418,3.2613,0.1946,0.7403,0.2743,6.0606
fCMR_Siemens_068,211,2.4683,2.8784,0.8803,4.6761,1.2041,15.6971
fCMR_Siemens_198,211,3.0753,1.3204,0.2383,1.151,0.3041,4.0752
fCMR_Siemens_018,212,1.4284,2.1924,2.0634,21.0163,2.2874,48.6072
fCMR_Siemens_113,212,2.2458,1.137,0.0579,5.5164,0.1311,13.2803
fCMR_Siemens_027,212,1.3924,1.9727,0.1789,0.4487,0.2923,3.1893
fCMR_Siemens_006,212,1.8977,1.5653,0.314,0.6769,0.3686,4.6253
fCMR_Siemens_144,212,1.5977,0.7573,0.2517,0.9175,0.2991,2.9908
fCMR_Siemens_068,212,1.046,3.3176,1.3203,3.7977,1.32,11.0394
fCMR_Siemens_198,212,1.9294,2.4887,0.2692,1.4692,0.3186,5.5134
fCMR_Siemens_018,213,1.9266,2.6356,1.7656,13.0044,1.9625,33.2158
fCMR_Siemens_113,213,3.0806,2.0015,0.0863,4.5354,0.1323,11.7254
fCMR_Siemens_027,213,1.7458,2.575,0.0895,0.8468,0.1525,3.9398
fCMR_Siemens_006,213,2.356,2.8506,0.2261,1.6739,0.237,4.6618
fCMR_Siemens_144,213,1.9339,2.9804,0.2129,0.3823,0.638,5.1539
fCMR_Siemens_068,213,3.0658,2.7611,2.8924,2.9346,2.1147,9.6824
fCMR_Siemens_198,213,2.4474,2.3001,0.2826,1.2385,0.3031,3.6812
fCMR_Siemens_018,214,1.9495,3.2362,1.361,7.9671,1.7422,22.0106
fCMR_Siemens_113,214,1.2363,2.5737,0.0835,13.011,0.1551,28.9728
fCMR_Siemens_027,214,2.1863,2.3453,0.383,1.7525,0.3981,6.0676
fCMR_Siemens_006,214,2.0409,1.5541,0.3299,2.6356,0.9058,9.2176
fCMR_Siemens_144,214,1.3877,3.1511,0.1778,2.4706,0.2378,6.4634
fCMR_Siemens_068,214,1.1515,3.1841,0.7986,0.7999,1.1795,9.2555
fCMR_Siemens_198,214,2.1547,2.4362,0.3088,0.738,0.3275,2.9258
fCMR_Siemens_018,215,2.5726,2.6906,0.9528,9.9693,1.0273,22.0038
fCMR_Siemens_113,215,1.3208,2.0338,0.1211,7.8756,0.1993,19.8025
fCMR_Siemens_027,215,1.2095,1.0795,0.1163,0.3983,0.1605,2.8401
fCMR_Siemens_006,215,3.0656,1.4089,0.8277,0.9645,1.4335,6.3952
fCMR_Siemens_144,215,2.1728,2.1669,0.1664,1.1279,0.1972,4.1126
fCMR_Siemens_068,215,2.4402,1.8197,0.8839,1.0899,0.9032,5.104
fCMR_Siemens_198,215,2.725,3.2106,0.1689,1.0418,0.2005,3.4544
fCMR_Siemens_018,216,2.9436,2.3135,1.4698,12.0157,1.5628,29.8111
fCMR_Siemens_113,216,2.2948,0.7705,0.1196,4.852,0.1793,11.0556
fCMR_Siemens_027,216,2.0495,2.6495,0.2167,0.9537,0.2545,3.5975
fCMR_Siemens_006,216,2.7751,2.1447,0.7317,1.4838,1.4804,9.792
fCMR_Siemens_144,216,2.2637,3.32,0.1682,3.2451,0.2475,7.7343
fCMR_Siemens_068,216,1.8844,3.7717,0.796,4.0385,1.389,15.4659
fCMR_Siemens_198,216,2.3355,2.1746,0.2825,4.7704,0.2938,12.7016
fCMR_Siemens_018,217,2.9022,2.5385,1.5477,15.6637,2.109,35.9221
fCMR_Siemens_113,217,2.7965,1.7794,0.0514,11.8091,0.1765,25.1141
fCMR_Siemens_027,217,2.8846,1.8053,0.1208,3.4497,0.1871,8.6094
fCMR_Siemens_006,217,3.0097,3.9411,0.5254,4.8431,1.0297,18.6241
fCMR_Siemens_144,217,2.6516,2.553,0.2563,2.8851,0.2775,7.6897
fCMR_Siemens_068,217,1.3995,3.3644,0.6921,6.2984,1.0285,17.05
fCMR_Siemens_198,217,2.7469,2.65,0.1473,1.0156,0.2,4.427
fCMR_Siemens_018,218,2.7791,3.2095,2.2931,14.7891,2.4016,33.2393
fCMR_Siemens_113,218,2.5905,2.9134,0.1082,14.2016,0.2893,30.1907
fCMR_Siemens_027,218,2.9261,2.3976,0.2406,5.613,0.2769,12.8142
fCMR_Siemens_006,218,2.8135,2.7974,1.0262,4.5893,1.4387,11.994
fCMR_Siemens_144,218,2.3692,2.5687,0.2609,2.0364,0.3216,6.5576
fCMR_Siemens_068,218,2.9793,2.0523,2.8781,3.4361,2.0141,13.6006
fCMR_Siemens_198,218,0.8452,2.4413,0.3714,2.9801,0.4027,7.6862
fCMR_Siemens_018,219,2.985,2.198,1.3954,17.8396,1.7824,38.5902
fCMR_Siemens_113,219,2.0225,2.2326,0.0287,7.7946,0.132,16.6762
fCMR_Siemens_027,219,3.0496,0.4294,0.122,0.1806,0.1861,3.5914
fCMR_Siemens_006,219,2.7788,2.4465,0.2713,3.8291,0.2979,8.7384
fCMR_Siemens_144,219,2.2628,3.0408,0.1088,1.1852,0.2028,4.7188
fCMR_Siemens_068,219,3.0149,2.6883,0.7845,6.3599,0.8177,17.6643
fCMR_Siemens_198,219,3.0131,1.6337,0.2628,1.7701,0.2771,5.5109
fCMR_Siemens_018,220,2.5365,3.6211,2.2402,11.7045,2.3674,24.9926
fCMR_Siemens_113,220,2.9543,2.8439,0.1557,10.0821,0.2448,23.0241
fCMR_Siemens_027,220,2.3453,2.7208,0.1738,0.8984,0.1947,3.6008
fCMR_Siemens_006,220,2.7894,2.5213,0.3933,1.3346,0.4448,5.5261
fCMR_Siemens_144,220,1.3921,1.979,0.2115,0.3154,0.2439,2.2297
fCMR_Siemens_068,220,1.6956,2.0273,0.9191,1.1654,1.3336,9.3993
fCMR_Siemens_198,220,1.0097,2.6504,0.357,1.9357,0.3822,10.8399
fCMR_Siemens_018,221,2.4479,3.3686,1.6354,12.0149,1.8713,30.6358
fCMR_Siemens_113,221,2.4785,2.283,0.1702,3.2265,0.2211,7.7147
fCMR_Siemens_027,221,2.7782,1.5235,0.1427,0.2223,0.1765,1.5548
fCMR_Siemens_006,221,2.4208,3.5306,0.2939,0.5619,0.3071,3.5542
fCMR_Siemens_144,221,1.9996,3.3493,0.1978,1.2039,0.3251,6.5727
fCMR_Siemens_068,221,1.0097,1.2629,0.7961,0.962,1.2292,7.3895
fCMR_Siemens_198,221,2.6431,1.9197,0.2607,1.2015,0.271,5.0574
fCMR_Siemens_018,222,2.453,1.5692,1.32,9.3364,1.3901,27.397
fCMR_Siemens_113,222,1.3413,1.9495,0.0871,7.0505,0.1495,16.7816
fCMR_Siemens_027,222,2.6593,1.8786,0.1534,2.512,0.1987,6.5009
fCMR_Siemens_006,222,1.6111,2.0899,0.3375,0.5156,0.871,7.6842
fCMR_Siemens_144,222,2.6263,2.6744,0.3437,0.8323,0.3674,4.3406
fCMR_Siemens_068,222,2.7964,2.7025,0.8247,5.0759,1.3923,14.2543
fCMR_Siemens_198,222,3.126,1.9837,0.2178,1.0208,0.2405,3.5249
fCMR_Siemens_018,223,1.9228,2.1061,1.9059,9.3803,1.9375,25.9127
fCMR_Siemens_113,223,0.9345,2.6096,0.1673,5.3347,0.1919,13.6136
fCMR_Siemens_027,223,2.1746,2.4873,0.1622,2.2034,0.2379,6.1974
fCMR_Siemens_006,223,2.8844,2.8007,0.5067,0.4573,1.0088,7.4508
fCMR_Siemens_144,223,1.7778,2.2858,0.2046,0.8202,0.7466,10.1152
fCMR_Siemens_068,223,1.889,1.2365,0.9213,0.5905,0.9505,5.8146
fCMR_Siemens_198,223,2.984,2.2638,0.2284,1.4978,0.2631,5.0392
fCMR_Siemens_018,224,2.795,3.4025,1.5625,7.2982,1.6924,19.8221
fCMR_Siemens_113,224,1.9543,1.5876,0.1066,5.4707,0.194,11.9895
fCMR_Siemens_027,224,2.4864,3.2568,0.2247,4.8912,0.389,15.4304
fCMR_Siemens_006,224,2.2472,2.0226,0.253,3.0127,0.3013,7.1044
fCMR_Siemens_144,224,2.5658,2.2248,0.2151,1.8135,0.2608,5.7632
fCMR_Siemens_068,224,2.6168,1.3498,0.8747,1.2439,1.2533,8.0537
fCMR_Siemens_198,224,1.8101,2.6191,0.3689,0.9653,0.4069,5.5836
fCMR_Siemens_018,225,2.5162,1.8566,1.9569,18.0964,2.078,40.0344
fCMR_Siemens_113,225,2.6126,3.0203,0.2041,5.0917,0.2512,11.9436
fCMR_Siemens_027,225,2.254,2.5596,0.4095,1.2168,0.424,4.6879
fCMR_Siemens_006,225,2.8906,2.8829,0.3581,0.9479,0.8538,8.3215
fCMR_Siemens_144,225,2.8484,3.219,0.1816,2.9098,0.2749,8.0629
fCMR_Siemens_068,225,2.968,2.4532,0.6471,3.5111,1.0675,14.8284
fCMR_Siemens_198,225,3.0964,3.4337,0.1866,0.8164,0.242,2.8327
fCMR_Siemens_018,226,1.525,2.2882,1.7164,11.5891,1.7673,32.0588
fCMR_Siemens_113,226,3.1063,1.9207,0.0916,6.2706,0.186,13.1178
fCMR_Siemens_027,226,1.046,3.0236,0.2078,1.4125,0.2966,6.1346
fCMR_Siemens_006,226,2.8953,2.6174,0.3058,3.1225,0.3704,9.9956
fCMR_Siemens_144,226,2.2919,2.4449,0.1512,1.4419,0.3455,7.8588
fCMR_Siemens_068,226,2.79,2.668,2.9323,0.9238,2.2388,5.3938
fCMR_Siemens_198,226,2.6759,2.126,0.3043,2.3445,0.3995,6.529
fCMR_Siemens_018,227,2.6364,3.0536,1.2066,10.4267,1.6081,29.2831
fCMR_Siemens_113,227,2.0731,2.1529,0.0658,7.8724,0.1456,17.1019
fCMR_Siemens_027,227,0.7094,2.4231,0.2231,1.4169,0.8733,7.1609
fCMR_Siemens_006,227,2.0815,2.063,0.4753,1.475,0.6806,8.2589
fCMR_Siemens_144,227,1.4986,1.5079,0.0693,2.0203,0.1793,8.8403
fCMR_Siemens_068,227,2.0987,1.9902,0.6064,1.2506,1.0954,4.8194
fCMR_Siemens_198,227,2.6487,2.2741,0.1859,1.0303,0.2327,3.2467
fCMR_Siemens_018,228,1.4549,1.5859,1.4487,4.8049,1.6459,18.3571
fCMR_Siemens_113,228,2.2514,2.6984,0.113,7.8804,0.2352,17.1564
fCMR_Siemens_027,228,1.8327,2.4528,0.2656,0.976,0.3006,3.2056
fCMR_Siemens_006,228,2.9233,3.0749,1.1679,1.1443,1.4994,9.996
fCMR_Siemens_144,228,2.7393,0.9236,0.1179,2.1143,0.2549,6.3197
fCMR_Siemens_068,228,1.9609,3.4319,0.6548,4.595,0.781,13.5875
fCMR_Siemens_198,228,1.4092,1.8702,0.3304,1.5537,0.3824,4.5755
fCMR_Siemens_018,229,1.6129,1.7313,1.14,7.066,1.3183,25.022
fCMR_Siemens_113,229,2.0517,2.7698,0.1783,7.3168,0.2498,16.5339
fCMR_Siemens_027,229,1.6784,1.5516,0.1694,3.6009,0.2153,11.1987
fCMR_Siemens_006,229,3.1265,3.0505,0.438,1.9101,0.8469,6.3064
fCMR_Siemens_144,229,1.9291,2.5658,0.2918,2.3774,0.3128,6.5058
fCMR_Siemens_068,229,1.0948,1.8947,1.0093,1.0154,1.0229,5.1074
fCMR_Siemens_198,229,1.6163,0.9465,0.199,0.3781,0.2204,3.556
fCMR_Siemens_018,230,2.9371,0.9508,2.216,15.8984,2.2865,34.4702
fCMR_Siemens_113,230,3.0397,3.2178,0.1537,4.6729,0.1838,10.8393
fCMR_Siemens_027,230,0.724,1.0018,0.1825,1.5022,0.2539,4.5093
fCMR_Siemens_006,230,2.8826,2.0731,0.3201,2.5337,0.8394,11.0273
fCMR_Siemens_144,230,1.3803,3.3784,0.1733,1.4602,0.297,6.3933
fCMR_Siemens_068,230,2.998,1.7493,1.6272,4.7183,2.0083,13.9418
fCMR_Siemens_198,230,2.4666,2.4733,0.1806,0.4469,0.1936,3.3058
fCMR_Siemens_018,231,2.2671,2.4358,1.9501,15.8203,1.9972,34.1132
fCMR_Siemens_113,231,2.3551,1.4695,0.144,9.1138,0.2952,21.864
fCMR_Siemens_027,231,3.0444,1.5302,0.077,1.3711,0.2172,5.7626
fCMR_Siemens_006,231,2.5809,1.8215,2.7717,3.368,1.9663,13.2371
fCMR_Siemens_144,231,2.4167,2.1415,0.1658,3.7663,0.2203,9.4475
fCMR_Siemens_068,231,1.9407,2.9423,2.4287,11.289,2.2062,27.91
fCMR_Siemens_198,231,1.1964,2.2909,0.2819,1.4311,0.3432,6.0123
fCMR_Siemens_018,232,1.2317,2.2627,1.7817,12.8023,2.0046,39.2875
fCMR_Siemens_113,232,1.944,2.5157,0.0584,7.9021,0.1738,18.2294
fCMR_Siemens_027,232,1.7664,0.738,0.2467,0.8775,0.2621,2.4964
fCMR_Siemens_006,232,2.5961,2.2631,0.8336,0.7619,1.3069,12.6073
fCMR_Siemens_144,232,2.8775,2.4668,0.4742,1.7405,0.6585,8.9123
fCMR_Siemens_068,232,2.7657,2.9264,0.911,1.2843,1.5277,6.2042
fCMR_Siemens_198,232,2.1006,2.458,0.2615,0.856,0.2802,3.3712
fCMR_Siemens_018,233,2.9324,1.5475,1.3782,8.6949,1.392,26.63
fCMR_Siemens_113,233,2.9107,2.6905,0.1751,6.03,0.2564,15.8976
fCMR_Siemens_027,233,1.5096,1.6772,0.1598,1.3183,0.244,4.6958
fCMR_Siemens_006,233,1.3219,2.184,0.1581,3.5136,0.7601,11.5755
fCMR_Siemens_144,233,2.8485,1.6989,0.2541,1.5123,0.5325,6.9219
fCMR_Siemens_068,233,2.657,3.309,1.5143,0.5083,2.0473,4.7658
fCMR_Siemens_198,233,1.5532,2.8825,0.2602,2.01,0.2754,6.5293
fCMR_Siemens_018,234,2.565,1.8542,1.4743,9.549,1.5233,24.0944
fCMR_Siemens_113,234,2.2441,2.338,0.1099,7.3607,0.1957,17.1402
fCMR_Siemens_027,234,2.482,2.2539,0.067,0.6784,0.1462,3.0036
fCMR_Siemens_006,234,2.5648,2.2683,2.2602,1.4711,1.8722,7.9487
fCMR_Siemens_144,234,2.5279,3.0691,0.3746,0.5394,0.7939,4.1733
fCMR_Siemens_068,234,1.2701,2.7294,2.6275,1.3653,2.0857,4.7666
fCMR_Siemens_198,234,2.9475,2.4043,0.28,1.1799,0.3007,3.1116
fCMR_Siemens_018,235,2.231,2.0954,1.9495,13.266,2.2439,30.244
fCMR_Siemens_113,235,2.8752,1.908,0.1662,5.6429,0.2041,12.9938
fCMR_Siemens_027,235,2.2832,2.6645,0.1165,1.0806,0.1701,3.217
fCMR_Siemens_006,235,1.597,3.0886,0.3258,1.2005,0.3527,4.4796
fCMR_Siemens_144,235,2.4532,2.4572,1.0656,1.29,1.606,10.8622
fCMR_Siemens_068,235,2.5722,2.9862,0.7418,1.5671,1.0539,5.7962
fCMR_Siemens_198,235,1.3538,2.6531,0.308,1.6974,0.3188,4.9864
fCMR_Siemens_018,236,2.9629,2.5511,1.8043,15.414,2.1286,35.6966
fCMR_Siemens_113,236,3.0616,2.541,0.1795,6.2433,0.2182,19.0237
fCMR_Siemens_027,236,1.3955,3.9632,0.3367,6.0138,0.4091,14.1909
fCMR_Siemens_006,236,2.5542,3.1077,0.1837,3.5033,0.2059,8.7456
fCMR_Siemens_144,236,1.9142,0.9866,0.1232,1.0094,0.1529,5.2629
fCMR_Siemens_068,236,1.7495,3.1671,0.8462,2.2131,1.0127,9.5363
fCMR_Siemens_198,236,1.2082,2.9827,0.3317,1.4055,0.3429,5.1446
fCMR_Siemens_018,237,3.0066,1.5413,1.5544,14.8596,1.7885,38.284
fCMR_Siemens_113,237,1.354,3.277,0.1688,7.1114,0.1805,15.7674
fCMR_Siemens_027,237,1.9297,2.9551,0.2095,1.2129,0.2564,4.4954
fCMR_Siemens_006,237,1.2152,2.1116,0.2456,2.0736,0.2766,7.5334
fCMR_Siemens_144,237,2.9052,2.4156,0.2222,1.2705,0.2463,4.8359
fCMR_Siemens_068,237,1.7368,4.1254,0.7711,1.7615,1.2193,10.6018
fCMR_Siemens_198,237,1.8647,3.3582,0.3086,2.6848,0.317,7.4242
fCMR_Siemens_018,238,2.2122,1.8045,1.629,23.0737,1.8931,51.1958
fCMR_Siemens_113,238,2.2252,3.2799,0.1529,7.2369,0.1962,16.2507
fCMR_Siemens_027,238,1.7498,1.4037,0.1693,0.271,0.2389,2.6194
fCMR_Siemens_006,238,2.8818,2.8639,0.2192,2.7788,0.2518,7.7418
fCMR_Siemens_144,238,2.0552,1.2606,0.1839,2.6885,0.2128,5.8929
fCMR_Siemens_068,238,1.9469,1.9271,0.774,5.4839,1.2289,18.7229
fCMR_Siemens_198,238,1.9592,2.7125,0.333,0.7771,0.3628,7.2683
fCMR_Siemens_018,239,2.9986,3.4852,1.6506,13.9369,1.6535,33.2317
fCMR_Siemens_113,239,1.7476,3.2804,0.1231,6.3036,0.2341,21.1816
fCMR_Siemens_027,239,2.6819,3.1844,0.3621,6.7004,0.4349,16.1996
fCMR_Siemens_006,239,1.7294,2.6663,0.3367,2.7633,0.3999,11.5863
fCMR_Siemens_144,239,2.9218,3.0983,0.1434,0.3842,0.1694,2.7744
fCMR_Siemens_068,239,2.3476,1.9769,0.6496,3.4881,1.1928,8.5047
fCMR_Siemens_198,239,3.0378,2.8775,0.4061,0.8082,0.4293,2.8609
fCMR_Siemens_018,240,2.9381,1.4813,1.69,17.3485,1.9115,42.6788
fCMR_Siemens_113,240,1.892,3.0893,0.1592,8.9727,0.1939,19.5854
fCMR_Siemens_027,240,2.0714,2.6718,0.2428,3.0186,0.2826,7.2618
fCMR_Siemens_006,240,2.3479,2.6997,0.2795,2.3428,0.3061,5.3239
fCMR_Siemens_144,240,0.3629,2.459,0.2288,2.3825,0.2507,7.3268
fCMR_Siemens_068,240,1.6121,2.9502,0.8568,1.7585,0.8636,4.8557
fCMR_Siemens_198,240,3.0855,1.949,0.266,1.1708,0.2742,4.6637
fCMR_Siemens_018,241,2.4294,1.3792,1.1379,7.0624,1.3255,17.7686
fCMR_Siemens_113,241,2.4044,3.1324,0.0462,5.0305,0.0964,12.9269
fCMR_Siemens_027,241,2.691,2.5782,0.4753,1.7666,0.8288,6.9903
fCMR_Siemens_006,241,1.3885,2.5674,0.3257,1.641,0.3684,5.057
fCMR_Siemens_144,241,1.5127,3.6293,0.1814,0.432,0.2349,2.9718
fCMR_Siemens_068,241,2.0807,3.129,0.7003,1.5374,0.8432,8.7967
fCMR_Siemens_198,241,1.9655,3.1301,0.3044,0.9204,0.3198,4.3027
fCMR_Siemens_018,242,1.3371,2.8792,1.9493,18.2631,1.8264,41.8533
fCMR_Siemens_113,242,2.9583,2.6694,0.1402,6.3502,0.1872,15.6043
fCMR_Siemens_027,242,0.4327,2.8661,0.1179,7.1122,0.1839,18.4067
fCMR_Siemens_006,242,2.7754,1.0833,0.2208,3.5938,0.2377,9.0542
fCMR_Siemens_144,242,3.1273,2.922,0.1575,1.9664,0.234,5.095
fCMR_Siemens_068,242,2.3773,1.7121,1.0801,1.6632,1.3351,11.3336
fCMR_Siemens_198,242,3.1089,1.3494,0.3187,4.6324,0.3625,11.0147
fCMR_Siemens_018,243,3.0734,3.5264,1.2368,12.6563,1.4408,33.2491
fCMR_Siemens_113,243,2.1485,2.1907,0.0967,10.1104,0.1922,22.96
fCMR_Siemens_027,243,2.6967,2.6387,0.12,2.5536,0.2153,8.6361
fCMR_Siemens_006,243,2.493,2.4502,0.3555,1.8104,0.406,5.7118
fCMR_Siemens_144,243,0.6995,2.8821,0.1624,1.9457,0.1822,6.1506
fCMR_Siemens_068,243,2.7407,1.9483,0.6948,2.718,0.7117,7.2526
fCMR_Siemens_198,243,1.9049,2.8383,0.2568,1.0552,0.2847,4.9883
fCMR_Siemens_018,244,2.6987,2.2396,0.9488,6.096,1.3617,15.1393
fCMR_Siemens_113,244,0.9722,0.9943,0.0601,6.4094,0.1979,18.1581
fCMR_Siemens_027,244,2.6466,2.7243,0.1555,0.4298,0.1826,2.5392
fCMR_Siemens_006,244,2.6146,1.7418,0.1993,3.4126,0.2573,9.2156
fCMR_Siemens_144,244,2.9013,1.5722,0.2768,0.5696,0.8716,4.576
fCMR_Siemens_068,244,2.7028,2.1495,1.0844,3.4119,1.5277,12.4145
fCMR_Siemens_198,244,1.7253,1.3224,0.2725,0.7018,0.3329,5.1063
fCMR_Siemens_018,245,1.9223,1.7055,1.9925,19.3513,1.966,41.0903
fCMR_Siemens_113,245,2.5196,2.031,0.117,9.7353,0.1448,20.9311
fCMR_Siemens_027,245,2.8251,2.7307,0.2867,3.2292,0.4176,9.2963
fCMR_Siemens_006,245,3.1271,1.9761,0.3604,2.5249,0.4286,8.7031
fCMR_Siemens_144,245,2.8102,1.9216,0.3038,1.6672,0.3251,4.991
fCMR_Siemens_068,245,0.7438,3.4156,0.8251,3.3883,1.6468,11.2907
fCMR_Siemens_198,245,3.0446,2.3457,0.3276,3.3773,0.3477,8.356
fCMR_Siemens_018,246,0.8089,2.0797,1.484,7.7879,1.8125,19.3136
fCMR_Siemens_113,246,1.2652,1.4283,0.1411,11.7435,0.212,27.4578
fCMR_Siemens_027,246,2.6641,2.9717,0.2695,0.1138,0.2981,1.592
fCMR_Siemens_006,246,2.2757,2.0797,0.2499,0.8728,0.7936,9.9706
fCMR_Siemens_144,246,2.0972,3.425,0.1096,1.8154,0.1931,4.7039
fCMR_Siemens_068,246,2.4941,1.6959,1.2692,1.6188,1.4439,6.7804
fCMR_Siemens_198,246,1.6436,2.721,0.3009,0.9497,0.3721,6.9736
fCMR_Siemens_018,247,2.2636,3.3509,0.8455,13.0513,1.563,31.4113
fCMR_Siemens_113,247,2.9718,2.8502,0.0673,3.9494,0.1766,9.735
fCMR_Siemens_027,247,2.9654,3.6943,0.1864,4.5396,0.2293,9.9509
fCMR_Siemens_006,247,1.8274,1.5687,0.3554,1.7371,0.3788,6.2156
fCMR_Siemens_144,247,1.9733,2.1654,0.1941,0.8841,0.2587,2.5854
fCMR_Siemens_068,247,2.8,1.9337,0.4885,5.0874,0.9675,14.495
fCMR_Siemens_198,247,1.5712,3.1299,0.3502,0.4969,0.3726,3.3425
fCMR_Siemens_018,248,2.2691,2.8031,1.1833,8.2852,1.239,24.3771
fCMR_Siemens_113,248,2.8724,2.5059,0.0717,4.4443,0.1199,11.1997
fCMR_Siemens_027,248,2.6687,2.5984,0.4116,2.5644,0.5601,7.6545
fCMR_Siemens_006,248,3.0539,3.14,0.4539,1.3381,0.8229,4.886
fCMR_Siemens_144,248,1.9842,3.1735,0.2972,3.1381,0.307,8.3436
fCMR_Siemens_068,248,2.3755,3.5036,1.5243,1.3489,1.5791,5.6207
fCMR_Siemens_198,248,2.5723,2.3233,0.2394,1.133,0.307,3.5483
fCMR_Siemens_018,249,2.1598,1.4324,2.0679,19.9488,2.0809,46.213
fCMR_Siemens_113,249,1.5499,0.2567,0.2107,3.1103,0.2232,9.9378
fCMR_Siemens_027,249,2.8678,1.3656,0.1477,1.455,0.1905,4.2718
fCMR_Siemens_006,249,1.6966,2.6444,0.2434,1.0731,0.3343,5.3943
fCMR_Siemens_144,249,2.1098,2.9252,0.4055,0.8229,0.7807,5.4838
fCMR_Siemens_068,249,2.1945,1.9988,1.1812,2.0973,1.6009,10.5637
fCMR_Siemens_198,249,2.0809,1.8959,0.3528,1.8916,0.3724,5.9102
