subject_id,step,angle,translation,GD_EP,CD_EP,GD_IP,CD_IP
fCMR_Philips_117,0,2.4627,3.6442,0.1348,0.6174,0.1723,1.9268
fCMR_Philips_002,0,2.3572,2.4751,0.1964,1.4861,0.2133,3.5616
fCMR_Philips_052,0,2.5139,2.5289,0.2331,0.3792,0.2371,1.6058
fCMR_Philips_123,0,0.3702,1.5476,0.084,0.3001,0.112,1.3478
fCMR_Philips_079,0,1.3904,2.7458,0.1449,1.1223,0.1646,3.1016
fCMR_Philips_041,0,1.7174,3.41,0.0633,0.2789,0.1207,0.9285
fCMR_Philips_090,0,1.7898,2.5602,0.1421,0.895,0.1693,2.6773
fCMR_Philips_114,0,2.2419,2.0095,0.0878,1.8094,0.1233,4.2554
fCMR_Philips_065,0,2.2427,3.2482,0.2019,0.8924,0.2156,2.6546
fCMR_Philips_132,0,3.0099,1.8142,0.2234,5.1389,0.2334,10.9209
fCMR_Philips_031,0,2.9439,3.0428,0.0897,0.4276,0.1465,1.5208
fCMR_Philips_104,0,1.8804,1.1887,0.103,1.8722,0.1377,4.7941
fCMR_Philips_094,0,2.7336,3.0077,0.1554,0.4988,0.1739,1.6138
fCMR_Philips_136,0,2.8695,2.8175,0.0417,0.0298,0.1138,0.5537
fCMR_Philips_087,0,1.424,2.7904,0.4277,1.7693,0.4342,5.0227
fCMR_Philips_003,0,1.6737,1.7668,0.1373,0.1519,0.1448,1.1174
fCMR_Philips_047,0,2.421,3.1563,0.2659,3.1078,0.3286,9.2938
fCMR_Philips_057,0,3.0658,1.7021,0.233,1.0681,0.2472,3.0144
fCMR_Philips_097,0,1.3901,2.802,0.3864,0.2291,0.4041,0.8253
fCMR_Philips_070,0,3.1292,1.2046,0.3823,0.7247,0.3888,1.963
fCMR_Philips_068,0,2.2382,2.5363,0.2098,0.5141,0.2161,1.5123
fCMR_Philips_117,1,2.682,1.85,0.1903,0.7755,0.2497,2.1332
fCMR_Philips_002,1,2.0734,3.1166,0.2374,0.5883,0.2456,1.7702
fCMR_Philips_052,1,2.1944,2.1807,0.1668,0.7312,0.2009,2.4311
fCMR_Philips_123,1,1.84,2.6562,0.1419,0.2753,0.1637,1.3314
fCMR_Philips_079,1,2.2563,2.6121,0.0991,0.6997,0.1308,2.9102
fCMR_Philips_041,1,2.3746,3.308,0.1021,0.5108,0.149,1.9954
fCMR_Philips_090,1,2.7802,3.1723,0.1277,1.4098,0.1414,3.0483
fCMR_Philips_114,1,1.2407,2.1905,0.1413,2.3542,0.1693,5.1517
fCMR_Philips_065,1,1.5023,1.3778,0.1404,1.6703,0.1536,3.6688
fCMR_Philips_132,1,1.4119,3.2066,0.1993,4.8876,0.2168,10.3034
fCMR_Philips_031,1,2.7529,2.914,0.0614,0.8231,0.1171,2.3097
fCMR_Philips_104,1,1.4345,1.6732,0.0803,1.3497,0.0933,3.4147
fCMR_Philips_094,1,1.9869,2.0976,0.1233,0.1892,0.1375,1.2841
fCMR_Philips_136,1,2.6703,2.5459,0.062,0.0319,0.1514,0.9422
fCMR_Philips_087,1,2.9069,3.2508,0.369,2.0494,0.375,4.2764
fCMR_Philips_003,1,2.3217,3.0019,0.1682,0.6165,0.1767,1.3822
fCMR_Philips_047,1,2.2435,3.4201,0.3455,6.7055,0.4034,16.0736
fCMR_Philips_057,1,1.9621,1.2639,0.1654,1.4117,0.1761,3.2191
fCMR_Philips_097,1,0.8821,2.5274,0.3798,0.1513,0.3938,1.6253
fCMR_Philips_070,1,3.045,1.5085,0.372,1.4181,0.3828,3.0592
fCMR_Philips_068,1,2.9759,3.1053,0.2674,0.6223,0.2799,1.4804
fCMR_Philips_117,2,1.0381,3.7669,0.1797,0.1594,0.1948,0.9058
fCMR_Philips_002,2,1.3345,2.4717,0.2056,0.6994,0.2155,2.1288
fCMR_Philips_052,2,2.4436,0.894,0.0766,0.33,0.1158,1.2605
fCMR_Philips_123,2,2.7614,2.8191,0.0805,0.1066,0.1353,1.4048
fCMR_Philips_079,2,0.9319,1.4897,0.1184,0.3457,0.1391,1.6304
fCMR_Philips_041,2,1.1475,2.3721,0.0716,0.4372,0.0989,1.6768
fCMR_Philips_090,2,1.9684,2.9714,0.1007,1.0472,0.1486,3.148
fCMR_Philips_114,2,3.0408,2.9859,0.111,1.4518,0.1217,3.774
fCMR_Philips_065,2,2.4417,2.5253,0.1212,1.9423,0.1906,4.4923
fCMR_Philips_132,2,1.3791,2.5303,0.2392,4.0561,0.248,8.8576
fCMR_Philips_031,2,3.0447,2.2048,0.1428,0.3995,0.1606,1.3092
fCMR_Philips_104,2,1.7503,2.0295,0.1298,1.4626,0.1681,3.6881
fCMR_Philips_094,2,2.5463,2.767,0.0949,0.3272,0.1275,1.1689
fCMR_Philips_136,2,1.303,2.7509,0.0511,0.0708,0.0917,0.4596
fCMR_Philips_087,2,1.7648,2.4986,0.376,3.0077,0.3828,6.2984
fCMR_Philips_003,2,0.6138,2.0748,0.1447,0.1526,0.1633,0.5872
fCMR_Philips_047,2,2.31,1.345,0.232,0.54,0.2801,2.3482
fCMR_Philips_057,2,2.9045,1.5984,0.3,1.2015,0.3076,3.6299
fCMR_Philips_097,2,0.7513,2.8568,0.3156,0.251,0.3295,1.2197
fCMR_Philips_070,2,2.5759,3.0457,0.4053,0.3982,0.432,1.6326
fCMR_Philips_068,2,2.1548,2.6703,0.2552,0.5752,0.2716,1.8194
fCMR_Philips_117,3,2.4751,1.1401,0.1452,1.1517,0.177,2.6956
fCMR_Philips_002,3,0.7424,0.9909,0.1557,0.5767,0.1965,1.9195
fCMR_Philips_052,3,1.2814,1.611,0.1174,0.7075,0.1474,1.9568
fCMR_Philips_123,3,2.257,3.0111,0.0372,0.3357,0.0761,1.3607
fCMR_Philips_079,3,2.7316,2.7136,0.1178,1.3496,0.1342,3.6138
fCMR_Philips_041,3,2.3144,2.8132,0.0904,0.5002,0.1083,2.1576
fCMR_Philips_090,3,2.0477,2.4804,0.1589,0.6327,0.1971,1.6595
fCMR_Philips_114,3,2.8339,2.2074,0.1385,2.0744,0.1569,4.6487
fCMR_Philips_065,3,2.3049,1.2375,0.1392,2.1667,0.1597,4.7947
fCMR_Philips_132,3,2.478,2.0486,0.1784,4.1712,0.2002,8.7932
fCMR_Philips_031,3,2.5688,2.5751,0.1304,1.0643,0.1568,2.7702
fCMR_Philips_104,3,2.0718,2.6105,0.1464,1.3377,0.1903,3.4877
fCMR_Philips_094,3,2.6673,3.7995,0.1065,0.0106,0.1602,0.735
fCMR_Philips_136,3,0.9859,2.3864,0.1724,0.4552,0.1804,1.3482
fCMR_Philips_087,3,3.1416,2.0611,0.3705,1.6959,0.378,4.2529
fCMR_Philips_003,3,1.0035,2.4716,0.1687,0.2504,0.1834,1.0392
fCMR_Philips_047,3,1.6605,2.7142,0.3415,4.6507,0.3616,11.3201
fCMR_Philips_057,3,3.0044,3.4689,0.2653,0.5433,0.2723,1.4759
fCMR_Philips_097,3,2.9944,3.2581,0.3831,0.0932,0.4053,1.0969
fCMR_Philips_070,3,2.0229,1.998,0.4437,0.4348,0.4587,1.8332
fCMR_Philips_068,3,1.8014,2.4232,0.2358,0.619,0.2464,1.972
fCMR_Philips_117,4,2.6803,2.684,0.1724,1.6133,0.2279,3.7551
fCMR_Philips_002,4,3.0276,2.6999,0.2656,0.5169,0.2745,1.648
fCMR_Philips_052,4,2.9812,1.3195,0.1294,0.3558,0.1746,2.202
fCMR_Philips_123,4,2.892,3.1128,0.0771,0.891,0.15,2.5232
fCMR_Philips_079,4,0.8524,3.011,0.1296,0.4784,0.159,2.326
fCMR_Philips_041,4,0.5723,3.1596,0.1567,0.4192,0.2018,1.4923
fCMR_Philips_090,4,1.2042,0.6203,0.1199,0.7487,0.1763,2.0773
fCMR_Philips_114,4,3.1001,1.5231,0.1849,1.4746,0.2088,3.1018
fCMR_Philips_065,4,1.326,2.0492,0.1367,1.7496,0.1622,4.0764
fCMR_Philips_132,4,2.0498,2.5507,0.2963,4.6476,0.3085,9.7946
fCMR_Philips_031,4,2.9288,1.8507,0.0921,0.3615,0.123,1.0441
fCMR_Philips_104,4,1.5865,1.3412,0.152,2.2668,0.1914,4.8748
fCMR_Philips_094,4,0.8898,3.0815,0.1711,1.4618,0.1863,3.5395
fCMR_Philips_136,4,2.2512,1.9814,0.1911,0.5793,0.21,1.7173
fCMR_Philips_087,4,2.6129,2.9887,0.3943,2.5314,0.4184,5.711
fCMR_Philips_003,4,2.4285,2.3169,0.1946,0.4135,0.2076,2.2064
fCMR_Philips_047,4,2.8615,3.0603,0.3306,6.3715,0.3493,13.1401
fCMR_Philips_057,4,3.05,1.8323,0.2556,0.8142,0.2622,2.4568
fCMR_Philips_097,4,0.7463,2.6497,0.3479,0.6988,0.3649,2.1918
fCMR_Philips_070,4,2.4915,2.9893,0.3916,1.0693,0.4148,2.5741
fCMR_Philips_068,4,2.7026,3.1677,0.2701,0.8237,0.2737,2.4081
fCMR_Philips_117,5,1.3093,2.6505,0.1181,0.265,0.155,0.8894
fCMR_Philips_002,5,3.0318,1.4545,0.2054,0.6488,0.2155,2.4079
fCMR_Philips_052,5,2.1828,1.664,0.1175,0.3688,0.158,1.9493
fCMR_Philips_123,5,2.0372,2.2006,0.1073,0.2129,0.1194,1.5644
fCMR_Philips_079,5,2.9329,2.529,0.1649,1.312,0.1796,3.486
fCMR_Philips_041,5,2.6717,2.8841,0.0606,0.741,0.0785,2.8661
fCMR_Philips_090,5,2.1063,3.5235,0.1081,0.3045,0.1556,1.6245
fCMR_Philips_114,5,2.8493,2.6053,0.1506,1.8136,0.1659,4.3465
fCMR_Philips_065,5,2.9813,2.4242,0.0609,1.671,0.1086,3.9821
fCMR_Philips_132,5,3.1118,2.4177,0.1263,2.9237,0.1517,6.3574
fCMR_Philips_031,5,2.6184,2.5695,0.0906,0.974,0.1248,2.4218
fCMR_Philips_104,5,1.477,2.9198,0.1127,2.0506,0.1407,4.3431
fCMR_Philips_094,5,2.5911,2.2206,0.1583,0.2615,0.2083,1.6742
fCMR_Philips_136,5,2.8067,2.3632,0.0856,0.1536,0.1307,0.5834
fCMR_Philips_087,5,3.1059,2.0913,0.3662,2.4489,0.3719,5.2922
fCMR_Philips_003,5,2.9478,2.005,0.1605,0.1448,0.1784,0.8485
fCMR_Philips_047,5,2.2485,2.6442,0.4204,6.3886,0.4475,14.0772
fCMR_Philips_057,5,1.2741,2.7194,0.2622,0.8292,0.2772,2.3198
fCMR_Philips_097,5,2.3848,2.6989,0.286,0.6889,0.2997,1.7947
fCMR_Philips_070,5,1.9351,2.8141,0.4279,0.2637,0.4348,1.0806
fCMR_Philips_068,5,2.346,2.8881,0.2502,0.9306,0.2732,2.6407
fCMR_Philips_117,6,3.0206,2.6229,0.1719,0.6836,0.1875,1.7338
fCMR_Philips_002,6,3.0954,3.2779,0.1627,1.2976,0.1712,2.764
fCMR_Philips_052,6,2.5048,2.8167,0.1455,0.5867,0.183,2.0285
fCMR_Philips_123,6,1.8831,2.9773,0.1284,0.7161,0.1611,1.7855
fCMR_Philips_079,6,1.4594,2.7995,0.0747,0.6264,0.1028,2.9104
fCMR_Philips_041,6,2.3819,3.0389,0.1039,0.1339,0.1201,0.81
fCMR_Philips_090,6,3.0398,2.7409,0.1383,0.542,0.1635,1.917
fCMR_Philips_114,6,2.0013,2.3013,0.0999,1.9452,0.1076,4.485
fCMR_Philips_065,6,3.0,2.4023,0.1852,1.8317,0.1923,4.5382
fCMR_Philips_132,6,2.3763,1.9304,0.2627,4.6555,0.2713,9.6628
fCMR_Philips_031,6,2.6178,2.9366,0.1389,0.4409,0.1906,1.3612
fCMR_Philips_104,6,1.8828,2.0755,0.1646,3.3037,0.1924,7.2494
fCMR_Philips_094,6,0.9968,2.5302,0.1483,0.8561,0.1706,2.3385
fCMR_Philips_136,6,2.9908,2.5726,0.0987,0.5813,0.1372,2.2046
fCMR_Philips_087,6,3.101,2.561,0.3799,2.2373,0.3849,4.8253
fCMR_Philips_003,6,2.4343,2.3375,0.1552,0.5173,0.169,1.5307
fCMR_Philips_047,6,2.8176,3.4353,0.2473,0.4603,0.2667,1.8968
fCMR_Philips_057,6,2.769,3.0514,0.2071,0.7634,0.2241,1.9396
fCMR_Philips_097,6,1.2838,1.9633,0.3445,0.5092,0.3538,1.6257
fCMR_Philips_070,6,2.6859,2.7749,0.4386,1.7055,0.4611,4.5722
fCMR_Philips_068,6,2.3322,2.1564,0.2106,0.7307,0.2164,1.9938
fCMR_Philips_117,7,2.5937,0.5292,0.1605,0.6846,0.1708,1.8751
fCMR_Philips_002,7,3.0412,2.3987,0.1652,1.5458,0.1733,3.4462
fCMR_Philips_052,7,2.5906,2.2903,0.1115,0.4017,0.1514,1.3322
fCMR_Philips_123,7,1.7936,2.1087,0.1148,0.0803,0.1314,1.0572
fCMR_Philips_079,7,1.775,2.9489,0.0666,0.3606,0.126,2.3098
fCMR_Philips_041,7,2.2546,2.9437,0.0308,0.2695,0.1027,0.9941
fCMR_Philips_090,7,2.4948,2.0292,0.1533,0.7274,0.1769,2.7423
fCMR_Philips_114,7,2.1347,2.034,0.1716,2.8395,0.1899,6.33
fCMR_Philips_065,7,1.5523,1.8928,0.1528,1.8741,0.1655,4.1944
fCMR_Philips_132,7,2.8689,2.7349,0.1826,2.8793,0.2012,6.4691
fCMR_Philips_031,7,1.711,2.3756,0.1486,0.6221,0.2112,1.9419
fCMR_Philips_104,7,2.639,2.3974,0.0909,3.4869,0.1999,8.2069
fCMR_Philips_094,7,3.0081,2.2715,0.16,0.1846,0.1792,1.1817
fCMR_Philips_136,7,1.4319,3.1578,0.0737,0.3327,0.1102,0.9617
fCMR_Philips_087,7,1.0187,2.5841,0.3784,1.0034,0.3844,2.4915
fCMR_Philips_003,7,1.7515,2.261,0.2475,0.1449,0.2522,0.6026
fCMR_Philips_047,7,1.916,1.8615,0.2607,1.8417,0.2732,4.2735
fCMR_Philips_057,7,2.6023,3.3892,0.2055,1.1259,0.2151,2.9884
fCMR_Philips_097,7,2.3706,3.0276,0.4287,0.5341,0.4513,2.6122
fCMR_Philips_070,7,2.6483,2.838,0.3997,1.0044,0.4021,3.017
fCMR_Philips_068,7,2.7007,2.9163,0.228,0.674,0.2343,1.8622
fCMR_Philips_117,8,1.5799,3.0452,0.1295,0.8839,0.1617,2.4215
fCMR_Philips_002,8,2.8435,2.1167,0.1567,1.3018,0.1662,3.4658
fCMR_Philips_052,8,1.8045,2.3731,0.1344,0.515,0.1615,1.6197
fCMR_Philips_123,8,2.2531,3.1525,0.129,0.411,0.1527,1.5728
fCMR_Philips_079,8,2.6494,2.9427,0.0537,0.1463,0.1174,1.0954
fCMR_Philips_041,8,1.3136,1.5997,0.0429,0.4567,0.1072,1.2772
fCMR_Philips_090,8,2.9783,0.9499,0.1062,0.6857,0.1363,2.0064
fCMR_Philips_114,8,2.1181,2.0601,0.1303,1.889,0.1677,4.4538
fCMR_Philips_065,8,0.9723,1.3809,0.0816,0.968,0.1073,2.6031
fCMR_Philips_132,8,2.3456,3.1296,0.2448,3.8008,0.2595,8.2481
fCMR_Philips_031,8,1.5367,2.7396,0.0584,0.4632,0.1056,2.0297
fCMR_Philips_104,8,1.2567,1.4938,0.17,1.9902,0.1857,5.2594
fCMR_Philips_094,8,1.235,2.7999,0.1379,0.1935,0.1493,1.1656
fCMR_Philips_136,8,2.0643,1.8161,0.0768,0.0234,0.1359,0.9711
fCMR_Philips_087,8,1.3157,2.6456,0.3399,2.2721,0.3491,4.9596
fCMR_Philips_003,8,2.7672,2.5346,0.121,0.1799,0.1508,0.8434
fCMR_Philips_047,8,2.4685,2.7343,0.2186,2.0536,0.2391,5.4128
fCMR_Philips_057,8,2.4882,2.0883,0.2849,1.1698,0.2982,2.8422
fCMR_Philips_097,8,2.1237,2.2949,0.3562,0.5062,0.3616,1.3028
fCMR_Philips_070,8,2.8925,1.7255,0.4151,0.4128,0.4362,1.8915
fCMR_Philips_068,8,1.9878,2.8874,0.256,0.7741,0.293,2.0134
fCMR_Philips_117,9,1.5687,2.7388,0.0914,0.3088,0.1345,1.4816
fCMR_Philips_002,9,1.4535,2.4271,0.1324,0.8404,0.1513,2.6176
fCMR_Philips_052,9,1.1276,2.7093,0.1168,1.7159,0.1697,4.4244
fCMR_Philips_123,9,1.9528,0.7843,0.1519,0.2212,0.1693,1.433
fCMR_Philips_079,9,1.3717,0.7612,0.1029,0.9334,0.1125,3.0828
fCMR_Philips_041,9,1.7233,2.5326,0.0491,0.4991,0.1474,1.58
fCMR_Philips_090,9,3.0884,1.2515,0.0881,1.4242,0.1253,3.2575
fCMR_Philips_114,9,2.9169,2.2641,0.1373,2.0766,0.1685,4.5007
fCMR_Philips_065,9,2.2551,1.1732,0.157,1.8174,0.1795,4.3703
fCMR_Philips_132,9,1.9134,2.1414,0.1927,4.4542,0.1974,9.4706
fCMR_Philips_031,9,1.621,1.8878,0.0717,0.6672,0.1071,2.1407
fCMR_Philips_104,9,3.0464,2.29,0.0963,1.661,0.1117,3.6174
fCMR_Philips_094,9,3.0011,3.5164,0.1784,1.1519,0.1836,2.6931
fCMR_Philips_136,9,2.4313,3.2521,0.0481,0.0141,0.1284,0.7857
fCMR_Philips_087,9,2.9371,3.8883,0.3436,2.3379,0.3576,5.0516
fCMR_Philips_003,9,1.6392,3.1828,0.148,0.2195,0.1703,1.3932
fCMR_Philips_047,9,2.6518,3.3619,0.4264,4.3756,0.4391,10.7514
fCMR_Philips_057,9,2.8942,3.1191,0.2456,1.5442,0.2523,3.5031
fCMR_Philips_097,9,1.8651,2.9115,0.4418,0.0466,0.4721,0.7334
fCMR_Philips_070,9,3.0276,3.0457,0.379,1.5821,0.3862,4.4176
fCMR_Philips_068,9,1.5363,3.1075,0.1871,0.7484,0.2052,2.125
fCMR_Philips_117,10,2.9117,3.3295,0.1615,0.2005,0.1879,0.6867
fCMR_Philips_002,10,2.9436,1.8089,0.1391,2.0277,0.173,5.2938
fCMR_Philips_052,10,0.8878,2.7433,0.1311,0.3926,0.1571,2.0581
fCMR_Philips_123,10,2.1198,0.489,0.1203,0.2503,0.1322,1.0727
fCMR_Philips_079,10,2.6745,2.0116,0.1097,0.7017,0.1235,1.9508
fCMR_Philips_041,10,3.0254,1.8133,0.0849,0.9032,0.1238,3.316
fCMR_Philips_090,10,1.7987,2.0138,0.1517,0.4371,0.1621,1.6821
fCMR_Philips_114,10,2.8737,2.794,0.1986,0.7578,0.2111,1.8076
fCMR_Philips_065,10,2.5765,2.086,0.0933,1.3581,0.1092,3.1767
fCMR_Philips_132,10,2.5915,0.2368,0.2525,4.9603,0.2587,10.6832
fCMR_Philips_031,10,3.069,2.7241,0.1209,0.532,0.1371,1.4798
fCMR_Philips_104,10,2.3907,3.9404,0.2254,3.2815,0.3329,7.555
fCMR_Philips_094,10,2.1639,2.918,0.1568,0.5738,0.1879,1.5006
fCMR_Philips_136,10,2.5281,1.3241,0.0523,0.1611,0.1548,1.115
fCMR_Philips_087,10,3.0581,2.688,0.4379,2.7135,0.4569,6.5954
fCMR_Philips_003,10,1.7888,2.7443,0.1465,0.3422,0.1805,1.4148
fCMR_Philips_047,10,2.5548,2.8747,0.1744,2.2334,0.2306,6.4353
fCMR_Philips_057,10,2.9178,2.8518,0.2427,1.1927,0.2497,2.9602
fCMR_Philips_097,10,2.4055,1.7805,0.3743,0.3664,0.3795,1.798
fCMR_Philips_070,10,2.3264,2.3596,0.3443,1.1668,0.3667,3.0797
fCMR_Philips_068,10,1.2908,2.6499,0.2171,1.2781,0.2264,3.8524
fCMR_Philips_117,11,1.8664,3.0474,0.072,0.8444,0.1571,2.3208
fCMR_Philips_002,11,2.7027,2.9494,0.1872,1.1844,0.201,3.1199
fCMR_Philips_052,11,2.6554,0.5593,0.1516,0.6392,0.186,1.964
fCMR_Philips_123,11,1.3358,2.7896,0.1343,0.1002,0.1716,1.1338
fCMR_Philips_079,11,2.0391,2.3985,0.0513,0.1825,0.1205,0.8016
fCMR_Philips_041,11,1.3154,3.83,0.0191,0.2547,0.066,0.9682
fCMR_Philips_090,11,2.7254,2.5748,0.1702,0.4149,0.1841,1.5615
fCMR_Philips_114,11,2.4187,1.8465,0.1072,2.7041,0.121,6.149
fCMR_Philips_065,11,1.6994,2.888,0.1702,2.1002,0.1993,5.1518
fCMR_Philips_132,11,1.9415,0.6014,0.215,4.5098,0.2296,10.1062
fCMR_Philips_031,11,1.4279,1.8978,0.1488,0.2578,0.1727,1.4678
fCMR_Philips_104,11,1.3216,1.8861,0.0762,1.8512,0.1608,4.6762
fCMR_Philips_094,11,2.1782,2.4025,0.082,0.9019,0.1091,3.006
fCMR_Philips_136,11,2.7312,1.1687,0.0634,0.0882,0.1042,0.7828
fCMR_Philips_087,11,1.6273,3.0746,0.2927,1.3099,0.2955,3.2297
fCMR_Philips_003,11,1.9824,1.9487,0.2229,0.1248,0.2458,0.769
fCMR_Philips_047,11,1.9163,2.0588,0.2424,0.8453,0.3052,2.9989
fCMR_Philips_057,11,2.2833,2.0026,0.249,1.165,0.262,2.9521
fCMR_Philips_097,11,2.3504,2.5343,0.3138,0.3408,0.3569,1.2709
fCMR_Philips_070,11,2.4089,2.1113,0.3247,1.1492,0.3315,3.5596
fCMR_Philips_068,11,2.3849,1.6664,0.2308,0.5182,0.2592,1.5461
fCMR_Philips_117,12,2.6071,2.2372,0.0738,1.1012,0.1584,2.6527
fCMR_Philips_002,12,1.5838,1.4161,0.1607,1.1122,0.1772,3.0972
fCMR_Philips_052,12,1.881,2.7293,0.1292,0.2241,0.1473,1.0067
fCMR_Philips_123,12,2.4699,2.1522,0.0878,0.7196,0.1274,2.3349
fCMR_Philips_079,12,0.9775,2.7204,0.1595,0.2362,0.1876,1.2289
fCMR_Philips_041,12,2.885,2.6887,0.0261,0.3742,0.0734,1.6348
fCMR_Philips_090,12,1.1811,3.3919,0.0661,1.5085,0.1107,3.4096
fCMR_Philips_114,12,3.0948,1.3257,0.1472,2.1968,0.1588,4.8902
fCMR_Philips_065,12,0.9389,2.3621,0.0701,1.5278,0.1096,3.645
fCMR_Philips_132,12,1.1288,2.5753,0.1915,4.0097,0.2079,8.7112
fCMR_Philips_031,12,2.5465,2.3515,0.1085,0.6785,0.1469,1.7606
fCMR_Philips_104,12,2.4426,1.9922,0.082,1.6432,0.1142,4.0687
fCMR_Philips_094,12,1.4556,2.0258,0.0888,0.3678,0.1089,1.6277
fCMR_Philips_136,12,2.5518,2.4928,0.1387,0.1985,0.151,0.9778
fCMR_Philips_087,12,2.9073,2.7932,0.458,2.8163,0.465,6.0074
fCMR_Philips_003,12,3.0912,2.6596,0.1378,0.2751,0.1527,0.8316
fCMR_Philips_047,12,3.0813,1.5018,0.2011,0.7502,0.2502,2.7728
fCMR_Philips_057,12,2.5116,0.8084,0.2589,0.8272,0.2688,2.075
fCMR_Philips_097,12,1.3332,2.48,0.3949,0.782,0.4034,1.9548
fCMR_Philips_070,12,2.1982,1.8302,0.3306,0.8741,0.3395,2.6008
fCMR_Philips_068,12,2.537,3.5928,0.2358,0.6473,0.2563,1.4674
fCMR_Philips_117,13,2.4095,2.479,0.1669,1.1783,0.1865,3.7466
fCMR_Philips_002,13,2.4002,2.533,0.2761,0.6424,0.2939,2.1014
fCMR_Philips_052,13,1.4451,2.3478,0.1811,0.6546,0.2126,2.1846
fCMR_Philips_123,13,0.7235,2.4725,0.0806,0.4088,0.1098,3.1074
fCMR_Philips_079,13,1.9074,1.1868,0.0843,0.5873,0.1282,1.9062
fCMR_Philips_041,13,1.176,2.9138,0.1033,1.7438,0.1576,4.4543
fCMR_Philips_090,13,2.253,0.9411,0.1235,0.851,0.1369,2.1539
fCMR_Philips_114,13,1.9991,2.0996,0.1739,1.2053,0.206,2.7184
fCMR_Philips_065,13,0.9794,3.5949,0.0583,0.1756,0.1208,1.2342
fCMR_Philips_132,13,2.8451,3.2763,0.2501,3.6352,0.2559,7.7964
fCMR_Philips_031,13,1.8275,2.1036,0.0943,0.7493,0.1202,2.1261
fCMR_Philips_104,13,1.7933,1.8137,0.0483,1.3618,0.1125,3.8418
fCMR_Philips_094,13,2.4258,2.8762,0.1309,0.5709,0.1516,2.4454
fCMR_Philips_136,13,1.7275,1.9008,0.1481,0.2038,0.1549,1.2979
fCMR_Philips_087,13,1.7687,2.7078,0.4287,1.5165,0.4371,3.6302
fCMR_Philips_003,13,3.0574,2.0044,0.147,0.259,0.1637,0.8955
fCMR_Philips_047,13,2.6144,3.0524,0.1818,0.8978,0.2168,2.6855
fCMR_Philips_057,13,2.7747,2.9518,0.28,0.9105,0.2861,2.3256
fCMR_Philips_097,13,2.5366,3.1238,0.4369,0.1966,0.4722,0.7472
fCMR_Philips_070,13,2.1055,2.9712,0.3712,1.5083,0.3792,4.1528
fCMR_Philips_068,13,2.2743,3.8973,0.2452,0.7526,0.2795,2.0882
fCMR_Philips_117,14,3.0802,3.0268,0.1211,0.7677,0.143,2.3014
fCMR_Philips_002,14,1.6238,1.2684,0.1827,1.2485,0.1952,3.0394
fCMR_Philips_052,14,2.1522,2.9904,0.2353,0.5131,0.2509,2.0674
fCMR_Philips_123,14,2.3391,2.3146,0.1478,0.3444,0.176,1.5206
fCMR_Philips_079,14,3.0659,1.6951,0.0926,0.4528,0.1052,1.8653
fCMR_Philips_041,14,2.9379,3.2504,0.1044,0.5143,0.1307,1.4698
fCMR_Philips_090,14,3.0427,1.259,0.1369,0.8123,0.1751,1.8453
fCMR_Philips_114,14,2.0591,2.1164,0.1255,1.9562,0.2116,4.6065
fCMR_Philips_065,14,2.8876,3.0975,0.0553,0.5635,0.0857,1.7829
fCMR_Philips_132,14,1.9143,1.6371,0.2006,5.9603,0.2099,12.6171
fCMR_Philips_031,14,3.0643,2.4084,0.1787,1.0972,0.1949,2.8021
fCMR_Philips_104,14,2.7073,1.3698,0.0859,1.3524,0.1238,3.4084
fCMR_Philips_094,14,0.8531,1.9193,0.0924,0.6298,0.1272,2.2514
fCMR_Philips_136,14,2.4294,2.4157,0.1008,0.576,0.126,2.04
fCMR_Philips_087,14,1.765,2.0651,0.2914,1.5842,0.2989,3.6211
fCMR_Philips_003,14,1.871,3.288,0.1935,0.3992,0.204,1.6046
fCMR_Philips_047,14,2.5158,3.0914,0.2992,0.3908,0.3087,1.5562
fCMR_Philips_057,14,2.696,1.7515,0.2204,0.6498,0.2342,1.8974
fCMR_Philips_097,14,1.8818,1.3882,0.2858,0.5162,0.3497,2.1932
fCMR_Philips_070,14,3.0189,2.6191,0.327,0.7176,0.3413,2.2395
fCMR_Philips_068,14,2.6007,1.6257,0.232,0.6123,0.2437,1.7516
fCMR_Philips_117,15,2.9295,2.0472,0.1726,0.6059,0.2234,1.4808
fCMR_Philips_002,15,2.8438,2.9065,0.1657,0.4991,0.1851,1.4628
fCMR_Philips_052,15,2.37,2.4447,0.166,0.7204,0.1969,2.1758
fCMR_Philips_123,15,2.9264,3.3548,0.1101,0.5794,0.1578,1.7966
fCMR_Philips_079,15,0.9751,3.172,0.1569,0.3126,0.197,1.7002
fCMR_Philips_041,15,2.8523,2.0041,0.0755,0.6227,0.1164,1.9558
fCMR_Philips_090,15,2.8915,3.4231,0.093,0.8175,0.1926,3.4348
fCMR_Philips_114,15,1.8111,2.6683,0.0938,2.1109,0.1269,5.2373
fCMR_Philips_065,15,1.8857,2.1506,0.0552,1.3271,0.1179,3.5016
fCMR_Philips_132,15,2.1297,2.4271,0.1839,3.0207,0.1903,7.0601
fCMR_Philips_031,15,1.7175,2.3963,0.1514,0.7098,0.1816,2.4531
fCMR_Philips_104,15,3.0784,2.9839,0.1293,1.383,0.1667,3.0668
fCMR_Philips_094,15,2.7243,0.6785,0.113,0.4667,0.1429,1.332
fCMR_Philips_136,15,2.2815,2.957,0.0757,0.2015,0.1218,0.9528
fCMR_Philips_087,15,2.4918,1.3506,0.3987,2.4372,0.4091,5.4056
fCMR_Philips_003,15,0.8557,3.304,0.1165,0.4184,0.1526,1.5527
fCMR_Philips_047,15,2.7414,2.8106,0.2358,1.1656,0.2644,3.7012
fCMR_Philips_057,15,2.9927,2.8678,0.2435,2.1119,0.2518,4.363
fCMR_Philips_097,15,2.3167,2.6049,0.3972,0.2154,0.4111,1.508
fCMR_Philips_070,15,2.7096,1.9059,0.3157,1.3883,0.3204,3.9402
fCMR_Philips_068,15,2.7993,1.2177,0.2698,1.1258,0.2767,2.772
fCMR_Philips_117,16,2.8503,2.4622,0.1123,0.5346,0.1327,1.3717
fCMR_Philips_002,16,2.5975,2.0246,0.1327,0.5832,0.1377,2.5075
fCMR_Philips_052,16,1.3742,2.4912,0.1521,1.3516,0.1876,3.5265
fCMR_Philips_123,16,1.9441,2.8638,0.1152,0.284,0.1621,1.3939
fCMR_Philips_079,16,1.386,1.3681,0.0698,0.1871,0.105,1.2881
fCMR_Philips_041,16,1.5749,1.8512,0.046,0.2401,0.111,0.913
fCMR_Philips_090,16,3.0267,2.1957,0.065,1.5488,0.1136,3.4965
fCMR_Philips_114,16,1.8246,2.7188,0.186,0.9661,0.2077,2.3667
fCMR_Philips_065,16,3.0689,2.734,0.0349,0.7827,0.0904,2.3693
fCMR_Philips_132,16,3.0574,0.8683,0.2019,3.3148,0.2092,7.3348
fCMR_Philips_031,16,2.3615,2.6669,0.097,0.7429,0.1633,2.2126
fCMR_Philips_104,16,2.1783,3.636,0.0565,1.042,0.1227,3.2219
fCMR_Philips_094,16,2.6313,1.899,0.1074,0.6841,0.1358,2.1526
fCMR_Philips_136,16,2.0642,3.4678,0.1182,0.3976,0.158,1.4482
fCMR_Philips_087,16,3.0613,2.6682,0.4003,1.6435,0.4098,3.7872
fCMR_Philips_003,16,3.1008,2.2315,0.1974,0.6802,0.2179,2.0889
fCMR_Philips_047,16,2.8653,2.564,0.2762,1.0324,0.3188,3.6053
fCMR_Philips_057,16,1.2675,0.576,0.2628,0.4737,0.2755,1.5914
fCMR_Philips_097,16,2.6572,1.4822,0.3623,0.0511,0.3682,0.6943
fCMR_Philips_070,16,3.1378,1.4945,0.3291,1.2868,0.3444,2.9462
fCMR_Philips_068,16,1.0901,2.7051,0.2837,0.5249,0.3012,1.4164
fCMR_Philips_117,17,3.0583,2.25,0.1664,0.9447,0.1761,2.133
fCMR_Philips_002,17,1.9057,2.6394,0.1938,1.1825,0.202,3.5582
fCMR_Philips_052,17,2.4619,2.5905,0.1187,0.938,0.161,2.5768
fCMR_Philips_123,17,1.2447,2.6859,0.1649,0.2695,0.1743,1.0092
fCMR_Philips_079,17,2.6236,3.4425,0.1388,1.323,0.1695,3.8261
fCMR_Philips_041,17,2.7488,2.3855,0.0585,0.3042,0.0847,1.3447
fCMR_Philips_090,17,1.9187,2.658,0.1332,0.3824,0.1411,1.6338
fCMR_Philips_114,17,2.3734,1.9086,0.0849,2.6072,0.1517,5.7884
fCMR_Philips_065,17,1.4172,3.2091,0.0606,1.5756,0.0921,3.7299
fCMR_Philips_132,17,3.0422,2.0461,0.2281,5.0911,0.2432,10.8184
fCMR_Philips_031,17,1.4267,1.6779,0.1464,0.5118,0.1718,2.1902
fCMR_Philips_104,17,1.9985,2.558,0.0986,1.8889,0.2161,4.8119
fCMR_Philips_094,17,2.9469,2.2776,0.1469,0.3055,0.1736,1.0471
fCMR_Philips_136,17,1.2527,3.5272,0.177,0.0499,0.1906,0.6786
fCMR_Philips_087,17,2.1771,2.7971,0.4106,3.0104,0.4222,6.9921
fCMR_Philips_003,17,2.2868,2.6606,0.1113,0.6327,0.125,1.7024
fCMR_Philips_047,17,0.3992,3.3011,0.2658,3.0864,0.2696,7.2089
fCMR_Philips_057,17,2.3521,3.0604,0.2387,1.8049,0.2741,4.2194
fCMR_Philips_097,17,2.0022,1.8086,0.3703,0.3017,0.3921,2.1726
fCMR_Philips_070,17,1.8601,2.8622,0.3367,0.6351,0.3509,2.6066
fCMR_Philips_068,17,2.0927,1.7725,0.2282,0.9159,0.2576,2.5214
fCMR_Philips_117,18,2.0934,2.2755,0.2097,2.0132,0.2407,4.7619
fCMR_Philips_002,18,1.6581,2.4889,0.1915,1.0896,0.2106,2.9407
fCMR_Philips_052,18,1.8937,1.8467,0.211,0.4563,0.224,1.8167
fCMR_Philips_123,18,2.1902,2.661,0.1492,0.1073,0.1917,0.7113
fCMR_Philips_079,18,2.0322,1.5112,0.0852,1.0549,0.1044,2.8175
fCMR_Philips_041,18,1.9479,2.5302,0.0558,0.6123,0.1069,1.7804
fCMR_Philips_090,18,2.7178,2.1302,0.0954,0.5545,0.1268,1.3034
fCMR_Philips_114,18,2.2576,2.9846,0.1351,2.5848,0.1891,5.7426
fCMR_Philips_065,18,2.5781,0.4253,0.1505,1.7383,0.1656,4.1442
fCMR_Philips_132,18,2.9783,3.3986,0.3007,4.3377,0.3034,9.0699
fCMR_Philips_031,18,2.844,2.724,0.1441,0.8967,0.1651,2.8286
fCMR_Philips_104,18,0.8685,3.084,0.0851,3.0656,0.1884,6.6245
fCMR_Philips_094,18,1.7489,2.7015,0.1156,0.9252,0.1325,2.6293
fCMR_Philips_136,18,3.0963,2.8263,0.1129,0.0399,0.142,0.489
fCMR_Philips_087,18,3.0385,1.4709,0.3683,3.1346,0.381,6.9791
fCMR_Philips_003,18,1.1124,2.3702,0.1708,0.1901,0.1926,0.7771
fCMR_Philips_047,18,2.9652,4.0164,0.2445,3.8189,0.2585,8.9146
fCMR_Philips_057,18,2.9991,1.9451,0.2488,0.3677,0.2611,1.5207
fCMR_Philips_097,18,0.3241,3.6778,0.3225,0.5815,0.36,1.4408
fCMR_Philips_070,18,1.8196,1.3204,0.3548,1.0849,0.3737,2.8747
fCMR_Philips_068,18,2.0807,1.8149,0.2666,0.934,0.2874,2.3363
fCMR_Philips_117,19,1.8197,2.4957,0.1794,0.88,0.2001,2.9902
fCMR_Philips_002,19,2.1274,2.2411,0.2463,1.3434,0.2572,3.3195
fCMR_Philips_052,19,1.0192,1.72,0.0884,1.0939,0.132,3.181
fCMR_Philips_123,19,2.4334,2.6471,0.1715,0.0049,0.1829,0.8343
fCMR_Philips_079,19,3.0557,3.099,0.1357,1.8169,0.1543,4.9485
fCMR_Philips_041,19,2.3805,2.0223,0.0418,0.3011,0.0929,1.0631
fCMR_Philips_090,19,0.9427,1.2672,0.1435,0.5795,0.158,1.7734
fCMR_Philips_114,19,2.7536,1.8149,0.1102,1.3629,0.1543,3.3877
fCMR_Philips_065,19,2.457,1.9324,0.1738,2.0401,0.1988,4.346
fCMR_Philips_132,19,2.7442,4.0928,0.2242,3.9256,0.2325,8.4066
fCMR_Philips_031,19,1.2439,3.0379,0.0975,0.6546,0.1466,1.9503
fCMR_Philips_104,19,3.1063,2.0058,0.061,1.1752,0.1505,3.16
fCMR_Philips_094,19,1.5909,2.5686,0.0994,0.2794,0.1338,2.325
fCMR_Philips_136,19,2.9515,2.8021,0.06,0.3564,0.0994,1.1648
fCMR_Philips_087,19,3.0995,2.4921,0.4081,3.2911,0.4109,7.2968
fCMR_Philips_003,19,2.6038,2.7136,0.1795,0.5042,0.2065,1.7297
fCMR_Philips_047,19,2.7222,1.8223,0.2598,2.7393,0.3304,7.3901
fCMR_Philips_057,19,2.418,2.087,0.2338,1.3043,0.2617,2.9166
fCMR_Philips_097,19,2.462,1.5418,0.4146,0.9062,0.4575,2.5084
fCMR_Philips_070,19,2.27,2.7018,0.3982,0.429,0.4144,2.038
fCMR_Philips_068,19,2.0585,2.8804,0.1778,1.404,0.1863,3.5175
fCMR_Philips_117,20,1.5876,2.4834,0.1924,0.5284,0.2123,1.6428
fCMR_Philips_002,20,1.4411,1.8352,0.1356,1.4654,0.1532,3.7212
fCMR_Philips_052,20,1.7018,1.3371,0.095,0.5603,0.1258,1.8475
fCMR_Philips_123,20,1.9953,3.0466,0.1379,0.12,0.1721,0.804
fCMR_Philips_079,20,2.6291,2.7491,0.1001,0.3094,0.1198,1.2338
fCMR_Philips_041,20,2.781,0.6781,0.0285,0.3159,0.0915,1.2992
fCMR_Philips_090,20,2.224,3.7642,0.1394,0.3174,0.1575,1.2721
fCMR_Philips_114,20,2.0198,2.842,0.1343,1.6387,0.1434,3.9922
fCMR_Philips_065,20,2.9599,2.5071,0.1137,0.8475,0.129,2.477
fCMR_Philips_132,20,2.0261,3.3253,0.2024,4.5866,0.2247,9.884
fCMR_Philips_031,20,1.1682,2.0036,0.1097,0.6283,0.1406,2.0396
fCMR_Philips_104,20,2.0268,1.4646,0.1895,2.8584,0.2127,6.619
fCMR_Philips_094,20,2.9512,1.9919,0.1076,0.9522,0.1271,3.1676
fCMR_Philips_136,20,2.7164,3.1574,0.1502,0.1298,0.1815,0.5202
fCMR_Philips_087,20,2.6035,1.9905,0.3742,1.9733,0.3831,4.2376
fCMR_Philips_003,20,2.0338,2.122,0.201,0.1406,0.2136,0.9773
fCMR_Philips_047,20,2.837,2.3983,0.3136,3.2178,0.3418,7.5025
fCMR_Philips_057,20,3.0814,1.2013,0.2663,1.6675,0.2683,4.2423
fCMR_Philips_097,20,2.2727,2.646,0.3517,0.2964,0.357,0.9943
fCMR_Philips_070,20,2.7859,0.9541,0.3865,0.7302,0.4056,2.2594
fCMR_Philips_068,20,1.5748,2.7939,0.2304,0.4752,0.2488,1.9565
fCMR_Philips_117,21,1.7259,1.929,0.1575,0.8281,0.1903,2.3222
fCMR_Philips_002,21,2.5325,2.1919,0.2066,1.3546,0.2359,3.7054
fCMR_Philips_052,21,2.8287,2.3844,0.1748,0.9905,0.1979,2.6524
fCMR_Philips_123,21,2.2021,1.5991,0.1302,0.0301,0.1651,0.8353
fCMR_Philips_079,21,2.6443,1.615,0.0568,0.6053,0.0783,1.5985
fCMR_Philips_041,21,2.5224,2.906,0.128,0.1332,0.1862,0.9684
fCMR_Philips_090,21,2.7927,1.7345,0.0664,0.8937,0.1373,3.067
fCMR_Philips_114,21,1.782,1.7904,0.0839,1.5599,0.1105,3.8889
fCMR_Philips_065,21,1.6274,2.0342,0.0488,1.0431,0.1083,2.7968
fCMR_Philips_132,21,1.1321,2.6499,0.2316,5.0558,0.2549,10.6032
fCMR_Philips_031,21,2.0408,1.7461,0.0943,1.0429,0.1246,2.5286
fCMR_Philips_104,21,0.7096,1.1115,0.1196,1.4905,0.1644,3.4848
fCMR_Philips_094,21,2.4609,3.245,0.0909,0.149,0.1119,1.1366
fCMR_Philips_136,21,1.7323,2.8607,0.0468,0.1207,0.0831,1.0915
fCMR_Philips_087,21,2.5628,2.6617,0.2787,2.1848,0.2941,4.8433
fCMR_Philips_003,21,2.2531,2.692,0.1168,0.1748,0.1423,0.976
fCMR_Philips_047,21,2.928,1.7962,0.1837,1.1641,0.2284,3.1587
fCMR_Philips_057,21,1.2733,2.9251,0.2252,1.0703,0.237,2.6852
fCMR_Philips_097,21,2.2104,2.9312,0.4164,0.6493,0.4327,1.6292
fCMR_Philips_070,21,3.1006,3.0289,0.2575,0.7922,0.2714,2.1212
fCMR_Philips_068,21,1.0056,2.5518,0.267,0.4668,0.2765,1.542
fCMR_Philips_117,22,1.8518,1.1388,0.1613,0.539,0.1788,1.6629
fCMR_Philips_002,22,2.268,2.2335,0.3165,0.7867,0.335,2.3872
fCMR_Philips_052,22,2.1766,1.0134,0.1513,0.3407,0.1797,1.666
fCMR_Philips_123,22,0.8465,3.0793,0.09,0.2649,0.1518,1.273
fCMR_Philips_079,22,2.8578,3.0135,0.1583,0.5825,0.1912,1.5857
fCMR_Philips_041,22,2.2279,2.2468,0.0428,0.5634,0.1271,1.6682
fCMR_Philips_090,22,2.9177,2.6405,0.1254,0.2505,0.161,1.6096
fCMR_Philips_114,22,2.2945,0.8348,0.0849,2.1023,0.1179,4.6921
fCMR_Philips_065,22,2.7537,2.1915,0.1021,1.3613,0.1281,3.2877
fCMR_Philips_132,22,2.8667,2.4063,0.1964,3.9119,0.2039,8.1851
fCMR_Philips_031,22,1.4589,1.3446,0.0877,0.8104,0.1352,2.0188
fCMR_Philips_104,22,1.0218,2.5216,0.0822,1.9957,0.1548,5.2893
fCMR_Philips_094,22,3.0662,3.248,0.0511,0.3575,0.1229,1.882
fCMR_Philips_136,22,2.3014,2.314,0.0863,0.8286,0.1095,2.5893
fCMR_Philips_087,22,2.6694,2.3723,0.3273,1.8096,0.3368,4.3397
fCMR_Philips_003,22,2.2771,1.9537,0.1913,0.1082,0.2028,0.5113
fCMR_Philips_047,22,2.2822,3.3795,0.147,2.1528,0.2374,5.607
fCMR_Philips_057,22,2.9862,2.5224,0.2059,1.2989,0.2305,3.4084
fCMR_Philips_097,22,0.9253,2.6494,0.4455,0.1731,0.479,1.2976
fCMR_Philips_070,22,2.5849,1.608,0.4114,1.3189,0.4225,3.7097
fCMR_Philips_068,22,2.6194,1.5176,0.2179,0.8661,0.2348,2.1614
fCMR_Philips_117,23,3.1092,3.5257,0.1273,0.4914,0.1603,1.7237
fCMR_Philips_002,23,1.4625,0.996,0.1499,0.9903,0.1862,3.0972
fCMR_Philips_052,23,2.6078,2.2448,0.1361,0.412,0.1585,1.179
fCMR_Philips_123,23,1.7247,3.146,0.1325,0.4627,0.1464,1.4717
fCMR_Philips_079,23,2.0852,2.5748,0.1291,0.2161,0.1933,1.5796
fCMR_Philips_041,23,1.5919,1.5041,0.061,0.8221,0.1219,2.1704
fCMR_Philips_090,23,2.878,2.8026,0.126,0.9122,0.1424,2.3599
fCMR_Philips_114,23,2.7862,1.7199,0.1862,2.0971,0.1973,4.6556
fCMR_Philips_065,23,1.8995,2.9833,0.1054,1.5446,0.1256,3.942
fCMR_Philips_132,23,2.8425,1.7893,0.2178,5.6213,0.2303,12.056
fCMR_Philips_031,23,1.2655,1.4225,0.052,0.6463,0.1226,2.2241
fCMR_Philips_104,23,3.073,1.9886,0.1772,1.8987,0.2322,4.4566
fCMR_Philips_094,23,1.4002,0.6963,0.1699,0.8379,0.1935,3.0492
fCMR_Philips_136,23,2.9033,1.1506,0.0402,0.0317,0.1077,0.6725
fCMR_Philips_087,23,2.7617,1.3919,0.3533,1.48,0.359,3.6802
fCMR_Philips_003,23,2.3196,2.0665,0.1691,0.0801,0.2121,0.7908
fCMR_Philips_047,23,2.3473,2.642,0.269,0.5553,0.2892,2.43
fCMR_Philips_057,23,2.3867,3.5533,0.3495,0.6989,0.3599,2.2172
fCMR_Philips_097,23,2.3608,2.7327,0.4071,0.61,0.4349,2.4389
fCMR_Philips_070,23,2.6057,2.7448,0.4187,0.8461,0.429,2.4518
fCMR_Philips_068,23,2.8338,2.8312,0.2636,0.5259,0.2764,1.616
fCMR_Philips_117,24,2.5589,2.3399,0.1522,1.0858,0.1979,2.968
fCMR_Philips_002,24,2.0675,2.7285,0.1951,1.098,0.2134,2.5764
fCMR_Philips_052,24,1.1896,3.6029,0.191,0.6826,0.2165,2.0928
fCMR_Philips_123,24,3.0171,3.4764,0.1885,0.1215,0.2313,0.5526
fCMR_Philips_079,24,2.3818,2.7279,0.0644,0.2644,0.1275,0.8879
fCMR_Philips_041,24,2.8006,2.8734,0.0623,0.5321,0.1064,1.8093
fCMR_Philips_090,24,2.3092,1.6423,0.1461,0.8754,0.1635,2.2678
fCMR_Philips_114,24,2.8367,2.2496,0.1138,2.6608,0.1671,5.9604
fCMR_Philips_065,24,2.9165,1.0552,0.1518,2.1575,0.187,5.3902
fCMR_Philips_132,24,2.5631,2.4298,0.2454,3.9633,0.2577,8.4174
fCMR_Philips_031,24,1.4676,1.5653,0.0819,0.9238,0.1141,2.6936
fCMR_Philips_104,24,1.8474,1.2132,0.0359,0.9995,0.1851,2.966
fCMR_Philips_094,24,2.2993,1.6658,0.1539,0.5012,0.1618,2.1689
fCMR_Philips_136,24,1.6012,1.8722,0.0274,0.2189,0.093,0.9739
fCMR_Philips_087,24,2.0715,3.3826,0.4022,0.8436,0.4126,2.1465
fCMR_Philips_003,24,2.7012,2.6704,0.0983,0.2517,0.1322,0.7767
fCMR_Philips_047,24,1.9777,2.3759,0.202,0.8578,0.224,3.3378
fCMR_Philips_057,24,1.8386,2.4753,0.2234,1.0698,0.2306,2.5532
fCMR_Philips_097,24,2.1109,1.4071,0.3768,0.3906,0.4013,1.5937
fCMR_Philips_070,24,2.8568,2.456,0.4577,1.0059,0.4692,3.2389
fCMR_Philips_068,24,1.8196,2.607,0.2711,0.7177,0.2785,1.8085
fCMR_Philips_117,25,2.6818,1.5385,0.1454,1.199,0.1856,3.232
fCMR_Philips_002,25,2.843,3.5227,0.2304,1.0601,0.2573,2.9012
fCMR_Philips_052,25,0.6085,1.5739,0.1601,0.8932,0.1945,2.9844
fCMR_Philips_123,25,2.0655,2.4622,0.1105,0.0476,0.1327,1.3443
fCMR_Philips_079,25,1.9005,2.3741,0.0882,1.1191,0.1066,3.2044
fCMR_Philips_041,25,1.0455,3.4435,0.1213,0.7472,0.1616,1.915
fCMR_Philips_090,25,2.1947,1.7261,0.0894,1.3329,0.1285,2.947
fCMR_Philips_114,25,3.1124,3.2009,0.1314,1.6687,0.1587,4.357
fCMR_Philips_065,25,2.4175,2.5033,0.2045,1.4802,0.2314,3.9724
fCMR_Philips_132,25,2.4702,1.98,0.2511,5.0729,0.2649,10.6866
fCMR_Philips_031,25,2.3957,2.8308,0.0883,1.0075,0.1232,2.4105
fCMR_Philips_104,25,2.2944,2.0096,0.195,2.1674,0.2292,4.7758
fCMR_Philips_094,25,3.0473,1.8819,0.1743,0.2857,0.1913,1.5018
fCMR_Philips_136,25,2.1195,3.2279,0.125,0.158,0.1743,1.1908
fCMR_Philips_087,25,0.7514,2.3761,0.426,2.794,0.431,6.9519
fCMR_Philips_003,25,2.6988,1.8163,0.1428,0.1315,0.1495,0.4162
fCMR_Philips_047,25,2.4055,2.098,0.2096,1.1112,0.2296,3.1268
fCMR_Philips_057,25,1.2586,2.0002,0.2455,0.7245,0.258,2.219
fCMR_Philips_097,25,2.817,3.0054,0.2647,0.345,0.2975,1.9289
fCMR_Philips_070,25,1.401,3.0418,0.247,1.4754,0.2599,3.6317
fCMR_Philips_068,25,1.61,1.7062,0.2259,0.746,0.2438,2.0648
fCMR_Philips_117,26,2.4914,2.6742,0.1851,0.4288,0.2484,2.3182
fCMR_Philips_002,26,1.751,1.9863,0.173,0.8525,0.1775,2.2318
fCMR_Philips_052,26,2.8015,0.836,0.0936,0.7353,0.1085,2.6487
fCMR_Philips_123,26,2.7067,1.8212,0.1005,0.2017,0.1351,0.8544
fCMR_Philips_079,26,1.8974,3.0718,0.0892,0.2163,0.14,1.0458
fCMR_Philips_041,26,2.5027,2.9824,0.0163,0.5724,0.0554,1.8677
fCMR_Philips_090,26,1.4382,2.3206,0.0718,0.9722,0.093,2.3236
fCMR_Philips_114,26,3.059,2.6385,0.1481,1.5843,0.1632,3.7501
fCMR_Philips_065,26,0.5121,1.3288,0.1207,1.4184,0.1416,3.4588
fCMR_Philips_132,26,1.7119,1.5556,0.2514,3.602,0.2713,7.488
fCMR_Philips_031,26,1.7325,2.4835,0.1701,0.8064,0.2139,2.0278
fCMR_Philips_104,26,1.0566,2.6677,0.0477,1.5485,0.0764,4.0014
fCMR_Philips_094,26,2.6577,2.3063,0.108,0.0551,0.1454,0.489
fCMR_Philips_136,26,1.6077,2.8726,0.0389,0.069,0.0975,0.7528
fCMR_Philips_087,26,2.6076,3.5432,0.3021,1.4091,0.3204,3.2215
fCMR_Philips_003,26,2.0306,3.0579,0.1586,0.1706,0.1766,1.0543
fCMR_Philips_047,26,3.0164,2.7539,0.1337,0.9494,0.1746,3.2574
fCMR_Philips_057,26,1.4015,2.8191,0.2395,0.2282,0.2435,1.0262
fCMR_Philips_097,26,2.4868,2.9589,0.3237,0.0685,0.35,1.6334
fCMR_Philips_070,26,2.9238,2.6758,0.4485,0.5433,0.4652,1.5693
fCMR_Philips_068,26,1.8792,2.3894,0.2201,0.634,0.2325,1.6426
fCMR_Philips_117,27,1.8391,2.6569,0.1229,1.0438,0.1574,2.5564
fCMR_Philips_002,27,2.9471,2.9527,0.183,1.7391,0.2119,4.1074
fCMR_Philips_052,27,2.965,1.138,0.1015,0.4498,0.1193,2.1866
fCMR_Philips_123,27,2.2706,1.8372,0.1169,0.0347,0.1348,1.2186
fCMR_Philips_079,27,2.2284,1.5921,0.0751,0.8961,0.11,2.6776
fCMR_Philips_041,27,2.3315,1.6729,0.0466,0.7164,0.0733,1.704
fCMR_Philips_090,27,1.8542,1.7479,0.1202,0.6264,0.1625,1.8635
fCMR_Philips_114,27,2.9718,2.6705,0.1407,1.3748,0.1634,3.2852
fCMR_Philips_065,27,1.7975,3.3233,0.0845,0.5249,0.1234,1.8478
fCMR_Philips_132,27,3.0209,3.7588,0.1883,2.5276,0.2023,5.5421
fCMR_Philips_031,27,2.7236,3.2826,0.0928,0.3163,0.1374,1.4824
fCMR_Philips_104,27,1.3152,2.4999,0.1457,1.4232,0.18,3.4834
fCMR_Philips_094,27,1.6747,2.2198,0.1719,0.5354,0.1778,1.5951
fCMR_Philips_136,27,2.9472,1.1247,0.1127,0.2535,0.1476,0.935
fCMR_Philips_087,27,0.8734,1.4147,0.4061,1.8072,0.4087,4.0506
fCMR_Philips_003,27,2.0414,2.4403,0.2471,0.4908,0.2726,1.5669
fCMR_Philips_047,27,1.6813,2.4097,0.2536,1.0791,0.3173,4.7077
fCMR_Philips_057,27,2.2007,2.7627,0.2681,1.0705,0.2771,2.7616
fCMR_Philips_097,27,1.4759,2.0494,0.3843,0.9159,0.3898,2.5779
fCMR_Philips_070,27,2.3497,3.3004,0.4469,1.1125,0.4601,2.8704
fCMR_Philips_068,27,1.7753,2.4735,0.2294,0.4451,0.2421,1.5406
fCMR_Philips_117,28,2.1667,2.7955,0.1457,0.4445,0.1686,1.4436
fCMR_Philips_002,28,1.9079,2.8781,0.1999,0.9622,0.2179,2.5907
fCMR_Philips_052,28,1.2899,2.2752,0.2248,0.1892,0.2334,1.5543
fCMR_Philips_123,28,2.3801,1.2423,0.098,0.5489,0.109,2.1565
fCMR_Philips_079,28,2.5792,3.3749,0.1221,0.2481,0.1339,1.2998
fCMR_Philips_041,28,1.335,3.0605,0.1026,1.2641,0.1267,3.0483
fCMR_Philips_090,28,2.5871,2.6432,0.0854,1.1626,0.1378,3.0644
fCMR_Philips_114,28,2.4638,2.2616,0.1254,2.0195,0.1563,4.576
fCMR_Philips_065,28,2.9486,1.1198,0.0727,1.6883,0.116,4.2326
fCMR_Philips_132,28,2.8528,1.7819,0.2632,3.6168,0.2695,8.1984
fCMR_Philips_031,28,1.8675,2.9281,0.0966,0.5464,0.1367,1.506
fCMR_Philips_104,28,2.6581,2.4464,0.1481,1.9845,0.2222,4.9052
fCMR_Philips_094,28,1.3185,3.0539,0.1604,0.5051,0.1744,3.1105
fCMR_Philips_136,28,3.0298,2.8849,0.0953,0.2435,0.1232,1.1608
fCMR_Philips_087,28,1.8886,3.3924,0.3474,1.8591,0.3612,4.934
fCMR_Philips_003,28,2.6128,2.7592,0.1485,0.208,0.1682,0.8068
fCMR_Philips_047,28,1.2561,1.5766,0.255,0.9894,0.2628,2.704
fCMR_Philips_057,28,2.2925,2.4879,0.2685,0.4512,0.2763,1.2559
fCMR_Philips_097,28,3.0045,2.2775,0.437,0.2434,0.4626,0.9072
fCMR_Philips_070,28,2.6674,0.9269,0.4725,0.9372,0.4838,2.94
fCMR_Philips_068,28,1.9757,1.4091,0.2414,0.4775,0.2575,1.729
fCMR_Philips_117,29,2.0454,2.6817,0.1893,0.5522,0.2132,1.7389
fCMR_Philips_002,29,1.711,2.135,0.2505,0.7905,0.267,2.5663
fCMR_Philips_052,29,2.7868,2.8384,0.1537,0.3005,0.1601,1.6088
fCMR_Philips_123,29,2.5605,2.0948,0.124,0.6208,0.154,2.1412
fCMR_Philips_079,29,2.8562,2.7364,0.0399,1.2656,0.1073,3.1853
fCMR_Philips_041,29,3.1155,2.5301,0.0911,0.3703,0.1345,1.6256
fCMR_Philips_090,29,1.5914,2.9469,0.103,0.4337,0.1224,1.3195
fCMR_Philips_114,29,2.4343,2.8781,0.0306,1.6706,0.0859,3.6254
fCMR_Philips_065,29,2.027,1.1854,0.1112,2.2702,0.1541,5.2859
fCMR_Philips_132,29,0.9276,2.2432,0.2108,4.5516,0.2167,10.3935
fCMR_Philips_031,29,1.3543,2.3451,0.0979,0.5357,0.1363,1.669
fCMR_Philips_104,29,1.2152,3.1231,0.3658,1.4807,0.3816,3.8412
fCMR_Philips_094,29,2.5625,3.153,0.1054,0.5736,0.1282,1.6868
fCMR_Philips_136,29,2.6056,3.3671,0.0871,0.6051,0.1238,1.7077
fCMR_Philips_087,29,2.7184,2.9672,0.3202,2.2945,0.3279,5.1181
fCMR_Philips_003,29,2.6784,2.8849,0.1525,0.1692,0.1911,1.2508
fCMR_Philips_047,29,2.3782,2.102,0.2587,2.7925,0.2835,7.4352
fCMR_Philips_057,29,1.5882,2.3784,0.1555,1.9261,0.1645,4.5007
fCMR_Philips_097,29,1.0598,2.2831,0.3695,0.2227,0.3836,1.1204
fCMR_Philips_070,29,2.9011,2.9146,0.372,0.922,0.3909,2.2008
fCMR_Philips_068,29,0.6226,2.4385,0.2605,1.1275,0.2649,2.6791
fCMR_Philips_117,30,1.651,2.1845,0.1135,0.8692,0.1414,2.4967
fCMR_Philips_002,30,2.1681,1.9564,0.216,0.5394,0.2359,2.166
fCMR_Philips_052,30,2.0125,2.3237,0.127,0.3086,0.1575,1.1476
fCMR_Philips_123,30,3.098,2.3142,0.1163,0.256,0.1421,1.1648
fCMR_Philips_079,30,1.5577,3.4873,0.1273,0.5026,0.1519,1.556
fCMR_Philips_041,30,0.484,2.213,0.0829,0.7958,0.1143,2.1481
fCMR_Philips_090,30,1.7927,2.2686,0.1445,0.3931,0.1574,1.6564
fCMR_Philips_114,30,2.7143,2.43,0.2268,0.7798,0.241,2.4009
fCMR_Philips_065,30,2.4812,3.2613,0.0352,0.66,0.0974,2.489
fCMR_Philips_132,30,2.3036,2.6004,0.1844,4.1207,0.202,8.8646
fCMR_Philips_031,30,2.8245,0.6826,0.11,1.507,0.1414,3.7271
fCMR_Philips_104,30,1.4851,2.336,0.1776,1.0526,0.1835,3.1972
fCMR_Philips_094,30,2.6909,3.1659,0.079,0.5742,0.1643,2.0679
fCMR_Philips_136,30,3.1374,2.4757,0.0809,0.0831,0.115,0.5752
fCMR_Philips_087,30,2.0658,3.5908,0.3861,1.3605,0.3883,3.3942
fCMR_Philips_003,30,3.0769,3.2355,0.1586,0.2919,0.1901,1.2076
fCMR_Philips_047,30,2.3619,2.9654,0.2296,0.8644,0.2382,2.5064
fCMR_Philips_057,30,2.3058,1.6474,0.2511,1.737,0.2611,3.9911
fCMR_Philips_097,30,2.5815,2.5908,0.3594,0.4092,0.3621,1.6705
fCMR_Philips_070,30,2.6556,1.6376,0.3778,0.207,0.4084,1.122
fCMR_Philips_068,30,2.3785,1.3706,0.241,0.3761,0.2649,1.4938
fCMR_Philips_117,31,2.3527,1.9106,0.1498,0.6834,0.1834,2.1691
fCMR_Philips_002,31,3.1145,3.2993,0.2207,0.761,0.236,1.8662
fCMR_Philips_052,31,1.562,0.8783,0.1385,0.9739,0.1634,3.0346
fCMR_Philips_123,31,1.6731,1.262,0.116,0.2013,0.1682,0.9984
fCMR_Philips_079,31,3.1415,2.0339,0.077,0.4533,0.1047,1.3728
fCMR_Philips_041,31,0.5241,1.4088,0.1079,0.474,0.1219,2.647
fCMR_Philips_090,31,2.1089,3.7242,0.0526,0.4914,0.1019,1.783
fCMR_Philips_114,31,3.0259,2.8961,0.1426,1.5831,0.1587,3.7173
fCMR_Philips_065,31,3.0906,2.2489,0.1424,1.0938,0.1562,2.6541
fCMR_Philips_132,31,1.4033,1.6689,0.2125,3.59,0.2261,7.9752
fCMR_Philips_031,31,1.2864,3.0346,0.1639,1.1645,0.2056,3.4092
fCMR_Philips_104,31,3.1231,2.7453,0.246,1.2754,0.2662,2.9466
fCMR_Philips_094,31,1.9792,2.8992,0.0578,0.4747,0.0856,2.2362
fCMR_Philips_136,31,2.7402,2.1115,0.1052,0.2807,0.1251,1.0415
fCMR_Philips_087,31,2.4508,2.1,0.3928,1.7015,0.3984,4.1356
fCMR_Philips_003,31,1.0719,3.1561,0.1031,0.2033,0.1502,1.207
fCMR_Philips_047,31,1.233,2.1178,0.1301,0.574,0.1778,3.0064
fCMR_Philips_057,31,2.2248,2.3159,0.2141,0.6361,0.225,1.9656
fCMR_Philips_097,31,2.5362,1.777,0.3096,0.2446,0.3356,1.0265
fCMR_Philips_070,31,2.4957,2.5359,0.4038,0.9054,0.4157,2.1998
fCMR_Philips_068,31,2.3542,3.3592,0.2657,1.0566,0.2751,3.1355
fCMR_Philips_117,32,2.6773,2.7429,0.1454,0.7929,0.1813,2.885
fCMR_Philips_002,32,2.5924,2.8482,0.1151,1.1253,0.1555,3.3306
fCMR_Philips_052,32,1.6657,3.3789,0.1354,0.7283,0.1624,1.9759
fCMR_Philips_123,32,1.5576,2.5828,0.0504,0.464,0.1652,1.7796
fCMR_Philips_079,32,1.8477,3.8376,0.0603,1.1564,0.1169,3.0978
fCMR_Philips_041,32,2.5631,1.7531,0.0391,0.2625,0.1378,1.6694
fCMR_Philips_090,32,2.5863,2.3995,0.0634,1.1692,0.143,3.1344
fCMR_Philips_114,32,1.6313,3.0585,0.0538,1.1757,0.1115,2.7986
fCMR_Philips_065,32,1.4066,1.9243,0.0231,1.7006,0.0964,4.5064
fCMR_Philips_132,32,1.6182,2.5674,0.2406,5.1954,0.2513,11.4068
fCMR_Philips_031,32,2.7641,1.9977,0.1338,0.6648,0.181,1.9016
fCMR_Philips_104,32,3.1145,2.3254,0.1895,1.6415,0.2298,4.2478
fCMR_Philips_094,32,2.1767,2.686,0.0766,0.1829,0.1735,1.105
fCMR_Philips_136,32,2.279,1.9578,0.0734,0.2793,0.0907,0.8421
fCMR_Philips_087,32,2.8951,1.9892,0.3165,1.7824,0.3184,4.1037
fCMR_Philips_003,32,2.4676,2.1969,0.1704,0.2517,0.201,1.4436
fCMR_Philips_047,32,2.039,3.0348,0.2312,0.777,0.2496,2.758
fCMR_Philips_057,32,2.2755,2.7784,0.1967,0.9939,0.2093,2.5601
fCMR_Philips_097,32,1.4692,1.1606,0.3481,0.3903,0.3644,1.6611
fCMR_Philips_070,32,1.7826,2.8893,0.4684,0.7365,0.4856,1.9898
fCMR_Philips_068,32,3.0681,2.3782,0.2651,0.8813,0.2715,2.0175
fCMR_Philips_117,33,2.1504,2.339,0.2114,1.5333,0.2378,3.5226
fCMR_Philips_002,33,2.1068,2.8501,0.1413,1.544,0.1769,3.768
fCMR_Philips_052,33,3.1007,2.3096,0.1829,0.4126,0.1912,1.5646
fCMR_Philips_123,33,3.109,2.5588,0.1263,0.4305,0.1331,1.186
fCMR_Philips_079,33,2.6221,2.5388,0.0421,0.3179,0.1005,1.0631
fCMR_Philips_041,33,2.9497,1.9095,0.0442,0.4009,0.0778,1.2628
fCMR_Philips_090,33,1.8966,2.6639,0.1725,0.5789,0.1849,2.0758
fCMR_Philips_114,33,1.7819,3.6606,0.1276,1.9864,0.1751,4.6452
fCMR_Philips_065,33,2.5659,2.4313,0.0675,0.7586,0.1125,2.087
fCMR_Philips_132,33,2.8596,2.9796,0.2728,3.5132,0.2806,7.6928
fCMR_Philips_031,33,2.8209,2.4977,0.1103,0.9245,0.1737,2.7086
fCMR_Philips_104,33,2.1683,0.8625,0.134,1.7253,0.2526,4.1654
fCMR_Philips_094,33,2.5236,3.3471,0.15,0.1453,0.1606,0.8099
fCMR_Philips_136,33,2.6088,2.5208,0.0929,0.0244,0.1142,0.2881
fCMR_Philips_087,33,0.9996,2.9698,0.3237,1.6887,0.3296,3.7475
fCMR_Philips_003,33,1.803,2.2348,0.1754,0.1134,0.1865,0.7717
fCMR_Philips_047,33,2.4597,3.0871,0.2544,3.9102,0.2713,11.1126
fCMR_Philips_057,33,2.859,3.3506,0.2592,0.499,0.2685,1.2619
fCMR_Philips_097,33,2.3685,3.7393,0.203,0.133,0.2454,0.7482
fCMR_Philips_070,33,3.014,4.0231,0.4454,0.8911,0.4706,3.0057
fCMR_Philips_068,33,1.443,3.2725,0.3137,0.5938,0.3248,1.5917
fCMR_Philips_117,34,1.5915,3.4383,0.18,0.4174,0.2188,1.6981
fCMR_Philips_002,34,2.1577,1.8674,0.1741,1.456,0.1902,3.4963
fCMR_Philips_052,34,2.6998,2.7097,0.1823,0.6665,0.1953,2.1934
fCMR_Philips_123,34,2.6111,3.2504,0.0823,0.4806,0.116,1.8877
fCMR_Philips_079,34,2.8612,2.6661,0.1713,0.6795,0.1869,2.2568
fCMR_Philips_041,34,2.6574,2.0093,0.1128,0.4791,0.1451,1.9788
fCMR_Philips_090,34,2.311,2.5127,0.0824,1.1881,0.1027,2.945
fCMR_Philips_114,34,1.6741,2.4906,0.1605,0.9251,0.1765,2.8059
fCMR_Philips_065,34,3.1146,3.2939,0.1432,2.0033,0.1629,4.7237
fCMR_Philips_132,34,2.2177,2.2397,0.1574,4.608,0.1873,10.073
fCMR_Philips_031,34,1.0815,3.1037,0.1076,0.9325,0.1765,2.9331
fCMR_Philips_104,34,1.2513,3.075,0.1223,1.5343,0.1968,3.9743
fCMR_Philips_094,34,2.8521,1.983,0.1957,0.3844,0.1976,2.1336
fCMR_Philips_136,34,3.1304,2.4894,0.0657,0.0674,0.1016,0.8077
fCMR_Philips_087,34,2.4972,2.9863,0.3886,1.4529,0.3995,3.5773
fCMR_Philips_003,34,2.6088,2.984,0.1663,0.6277,0.2059,2.1751
fCMR_Philips_047,34,1.4745,2.1658,0.2196,2.0557,0.2827,5.4047
fCMR_Philips_057,34,2.7416,2.1913,0.2627,0.9518,0.2737,2.2511
fCMR_Philips_097,34,2.1076,0.7842,0.2767,0.6342,0.2862,1.8153
fCMR_Philips_070,34,3.0912,1.6244,0.4027,1.2051,0.4091,3.8705
fCMR_Philips_068,34,2.1187,1.5827,0.2423,0.7175,0.2648,2.005
fCMR_Philips_117,35,1.6407,2.8038,0.1396,0.1681,0.1784,1.1705
fCMR_Philips_002,35,2.053,2.1649,0.2097,1.3244,0.2193,3.0341
fCMR_Philips_052,35,2.8489,2.7356,0.1626,0.3607,0.1929,1.3656
fCMR_Philips_123,35,2.0996,1.7699,0.1669,0.1114,0.1911,1.0992
fCMR_Philips_079,35,2.4554,2.6457,0.0966,0.7095,0.1317,2.9034
fCMR_Philips_041,35,2.4717,3.0511,0.0905,0.6266,0.1157,1.6928
fCMR_Philips_090,35,1.6577,2.4499,0.1029,0.6195,0.1256,1.6198
fCMR_Philips_114,35,2.7451,1.5482,0.0839,2.0929,0.1255,4.8471
fCMR_Philips_065,35,1.3292,2.7695,0.1432,1.2019,0.1604,2.7716
fCMR_Philips_132,35,3.0187,3.7176,0.2412,4.2642,0.2667,9.5021
fCMR_Philips_031,35,2.5806,3.1687,0.1318,0.5703,0.1604,1.6282
fCMR_Philips_104,35,2.644,2.9995,0.042,3.6719,0.1045,8.2226
fCMR_Philips_094,35,3.1105,1.6053,0.149,0.4906,0.1754,1.768
fCMR_Philips_136,35,1.9453,2.515,0.0472,0.2233,0.1265,1.1548
fCMR_Philips_087,35,2.7016,2.504,0.3703,1.7316,0.3743,3.7415
fCMR_Philips_003,35,3.0865,2.8597,0.1541,0.1039,0.1904,0.6313
fCMR_Philips_047,35,1.2964,2.8783,0.1919,2.5944,0.2154,7.222
fCMR_Philips_057,35,0.5339,2.9809,0.2316,0.8008,0.2435,2.1495
fCMR_Philips_097,35,2.9537,0.83,0.3591,0.4119,0.3641,1.7308
fCMR_Philips_070,35,1.7761,2.6846,0.3529,1.4793,0.364,3.5441
fCMR_Philips_068,35,2.2221,2.4817,0.2448,0.1807,0.2583,0.9207
fCMR_Philips_117,36,1.6232,1.5791,0.0596,0.5264,0.1009,1.6539
fCMR_Philips_002,36,1.7668,2.487,0.196,1.0013,0.2133,2.5388
fCMR_Philips_052,36,2.9986,2.953,0.1267,0.6108,0.1533,3.0196
fCMR_Philips_123,36,2.5512,2.4876,0.1174,0.659,0.1742,2.1874
fCMR_Philips_079,36,1.7046,3.1745,0.0899,0.1229,0.1048,1.0056
fCMR_Philips_041,36,2.7231,2.1195,0.0857,0.6555,0.128,1.5473
fCMR_Philips_090,36,2.4319,3.3011,0.138,0.4653,0.1716,1.6294
fCMR_Philips_114,36,1.8419,3.2007,0.1289,1.6984,0.1768,4.0441
fCMR_Philips_065,36,1.0937,2.305,0.1066,1.8038,0.1107,3.998
fCMR_Philips_132,36,2.9462,3.7605,0.3049,5.3886,0.3164,11.3458
fCMR_Philips_031,36,2.0995,2.2891,0.1087,0.7258,0.1431,1.7945
fCMR_Philips_104,36,1.7087,3.2634,0.1317,1.6912,0.1727,4.0859
fCMR_Philips_094,36,2.4927,1.5467,0.1427,0.6939,0.1532,1.9242
fCMR_Philips_136,36,3.1277,3.3272,0.1001,0.8214,0.1362,2.0237
fCMR_Philips_087,36,2.1073,2.9968,0.4032,1.7039,0.4092,3.7635
fCMR_Philips_003,36,2.4701,2.4463,0.1346,0.2687,0.1543,1.4109
fCMR_Philips_047,36,2.2583,2.6586,0.2528,1.3298,0.2668,3.3428
fCMR_Philips_057,36,1.9773,1.5047,0.2234,0.9211,0.2356,2.6124
fCMR_Philips_097,36,2.4574,2.2709,0.3136,0.4688,0.3406,1.4118
fCMR_Philips_070,36,1.5541,2.577,0.3429,1.3406,0.358,3.432
fCMR_Philips_068,36,3.0147,2.5594,0.188,1.9044,0.2075,4.2774
fCMR_Philips_117,37,3.0468,1.5707,0.1624,1.1154,0.2042,2.9879
fCMR_Philips_002,37,1.9499,2.4578,0.2154,1.1927,0.2209,2.6872
fCMR_Philips_052,37,2.7607,2.5529,0.0871,1.3215,0.1484,4.1292
fCMR_Philips_123,37,2.985,2.0061,0.1542,0.4985,0.1809,1.353
fCMR_Philips_079,37,2.4893,1.9816,0.1649,0.3807,0.1889,1.3737
fCMR_Philips_041,37,2.7369,2.0194,0.0142,0.4033,0.1141,1.7426
fCMR_Philips_090,37,3.0252,2.1907,0.1934,1.8713,0.2109,4.5615
fCMR_Philips_114,37,1.5701,3.6391,0.1745,1.7814,0.2098,4.7151
fCMR_Philips_065,37,2.4136,2.5602,0.0613,1.06,0.1035,2.6395
fCMR_Philips_132,37,1.8854,0.754,0.2759,5.6313,0.2794,11.9563
fCMR_Philips_031,37,2.4612,3.1485,0.1187,0.7526,0.1355,1.6585
fCMR_Philips_104,37,0.6355,2.5107,0.1269,1.7826,0.1512,4.2121
fCMR_Philips_094,37,1.7146,3.2174,0.1422,0.0226,0.1609,0.892
fCMR_Philips_136,37,1.8336,1.6758,0.0848,0.2638,0.0991,0.911
fCMR_Philips_087,37,2.1298,2.7406,0.333,2.1039,0.3369,4.6909
fCMR_Philips_003,37,2.5264,1.6898,0.1702,0.3624,0.1936,1.517
fCMR_Philips_047,37,2.3243,2.1907,0.1682,2.1965,0.2229,6.2823
fCMR_Philips_057,37,2.127,2.063,0.2141,1.8647,0.22,4.2267
fCMR_Philips_097,37,2.6935,2.2291,0.3765,0.2494,0.4,1.5488
fCMR_Philips_070,37,2.629,1.527,0.4171,0.6806,0.436,2.1814
fCMR_Philips_068,37,2.5516,2.6366,0.2396,0.359,0.2464,1.4741
fCMR_Philips_117,38,2.6976,3.0024,0.1518,0.9415,0.1712,2.4349
fCMR_Philips_002,38,2.6843,1.6313,0.2553,1.7564,0.2614,4.2161
fCMR_Philips_052,38,2.057,1.3079,0.19,1.1734,0.1991,3.0927
fCMR_Philips_123,38,2.0413,2.4096,0.2388,0.0302,0.2487,0.5077
fCMR_Philips_079,38,2.9611,2.1993,0.0922,0.2697,0.1265,1.4249
fCMR_Philips_041,38,1.8927,2.469,0.0565,0.8133,0.0919,1.8228
fCMR_Philips_090,38,1.0496,1.4275,0.1232,0.3389,0.1577,1.3222
fCMR_Philips_114,38,1.3615,2.039,0.2052,0.9583,0.219,2.5632
fCMR_Philips_065,38,1.8675,3.5039,0.0814,1.3326,0.1288,3.2836
fCMR_Philips_132,38,2.7653,3.1621,0.3121,5.2404,0.3192,11.5793
fCMR_Philips_031,38,3.0321,3.2367,0.0796,0.2873,0.1015,1.137
fCMR_Philips_104,38,3.0549,1.5338,0.1722,1.8232,0.2274,4.2656
fCMR_Philips_094,38,1.642,3.022,0.0478,0.127,0.0648,1.1326
fCMR_Philips_136,38,3.1302,2.8072,0.0303,0.0944,0.0827,0.902
fCMR_Philips_087,38,2.7896,0.7094,0.3741,1.5246,0.3781,3.4184
fCMR_Philips_003,38,2.2644,2.3496,0.1775,0.3346,0.1965,1.2442
fCMR_Philips_047,38,1.7855,2.4313,0.214,0.3666,0.2485,2.6848
fCMR_Philips_057,38,1.5512,2.5523,0.2806,1.0025,0.2853,2.3146
fCMR_Philips_097,38,2.123,3.1319,0.3665,0.4384,0.3848,1.4428
fCMR_Philips_070,38,1.7154,2.3043,0.3806,0.9244,0.3856,2.227
fCMR_Philips_068,38,2.6296,2.0355,0.3146,0.612,0.3182,2.2688
fCMR_Philips_117,39,2.4291,3.3204,0.0848,0.5149,0.1277,1.7773
fCMR_Philips_002,39,2.406,0.9549,0.195,0.6557,0.2298,2.4978
fCMR_Philips_052,39,2.6236,0.9787,0.116,0.4285,0.1472,2.0479
fCMR_Philips_123,39,3.0424,2.7689,0.13,0.1587,0.1648,1.3676
fCMR_Philips_079,39,2.0091,3.1558,0.0868,0.2942,0.1188,1.6493
fCMR_Philips_041,39,3.0788,2.7308,0.1314,0.9296,0.1415,2.4822
fCMR_Philips_090,39,2.733,1.2144,0.1687,0.863,0.1928,2.1431
fCMR_Philips_114,39,2.746,1.6293,0.1316,2.6973,0.1589,6.2636
fCMR_Philips_065,39,1.4794,1.4938,0.082,2.3276,0.095,5.361
fCMR_Philips_132,39,2.5848,2.8464,0.2464,5.6998,0.2519,12.3383
fCMR_Philips_031,39,3.0773,2.1365,0.1032,0.7908,0.1174,1.992
fCMR_Philips_104,39,3.0117,1.691,0.1025,2.865,0.1426,6.2305
fCMR_Philips_094,39,2.6647,2.0614,0.1969,1.1993,0.2146,3.0067
fCMR_Philips_136,39,1.1867,3.2218,0.0998,0.0706,0.1374,0.7239
fCMR_Philips_087,39,2.7373,2.1158,0.3592,2.218,0.3664,4.845
fCMR_Philips_003,39,1.2176,2.6041,0.1536,0.6458,0.1857,2.1579
fCMR_Philips_047,39,2.2826,1.5781,0.1749,0.9639,0.2312,2.337
fCMR_Philips_057,39,2.6246,1.6781,0.217,1.8079,0.2348,4.4783
fCMR_Philips_097,39,1.9385,2.9283,0.3212,0.5367,0.3441,1.8646
fCMR_Philips_070,39,2.0903,2.2793,0.374,0.472,0.3847,2.2146
fCMR_Philips_068,39,2.8427,3.3205,0.2125,0.6862,0.2238,1.6902
fCMR_Philips_117,40,2.6494,2.0252,0.1266,0.5554,0.1614,1.5014
fCMR_Philips_002,40,2.334,2.8259,0.1899,1.4095,0.1971,3.0798
fCMR_Philips_052,40,2.469,1.4612,0.1401,0.2826,0.197,1.7073
fCMR_Philips_123,40,2.0234,2.0681,0.0935,0.1237,0.1533,0.983
fCMR_Philips_079,40,0.8239,0.9249,0.0863,0.1521,0.1043,1.0566
fCMR_Philips_041,40,2.2415,1.3522,0.0483,0.9688,0.1088,2.8151
fCMR_Philips_090,40,2.1473,1.6818,0.1384,0.4768,0.1435,1.6131
fCMR_Philips_114,40,2.0711,0.9269,0.0681,1.9346,0.1151,4.399
fCMR_Philips_065,40,0.9778,1.797,0.146,1.2371,0.156,2.905
fCMR_Philips_132,40,3.1222,2.1439,0.2129,4.4658,0.2272,9.3353
fCMR_Philips_031,40,2.3318,2.7297,0.0868,0.8965,0.1603,2.5178
fCMR_Philips_104,40,1.9392,3.0823,0.1317,2.1468,0.1821,4.9774
fCMR_Philips_094,40,1.4573,1.5786,0.0962,0.6732,0.1536,2.6337
fCMR_Philips_136,40,1.0025,2.0227,0.153,0.1515,0.1825,0.9571
fCMR_Philips_087,40,1.8168,2.4388,0.3954,1.5924,0.4143,3.7348
fCMR_Philips_003,40,2.0173,2.0742,0.2506,0.445,0.2567,1.5336
fCMR_Philips_047,40,1.1375,3.6846,0.2914,1.2982,0.2964,3.3174
fCMR_Philips_057,40,2.6273,2.4246,0.2344,1.3316,0.2387,3.1062
fCMR_Philips_097,40,2.7978,2.5249,0.45,0.2936,0.4695,1.6629
fCMR_Philips_070,40,2.162,2.2221,0.3316,0.9873,0.3483,2.6055
fCMR_Philips_068,40,2.5817,1.7047,0.2454,1.0033,0.2562,2.3479
fCMR_Philips_117,41,2.6461,3.6214,0.1645,1.2964,0.2036,3.1248
fCMR_Philips_002,41,2.3472,2.8816,0.2266,1.4778,0.239,3.4097
fCMR_Philips_052,41,1.8454,2.8937,0.1409,0.6577,0.156,2.2878
fCMR_Philips_123,41,0.8831,1.439,0.1245,0.3364,0.1634,1.3817
fCMR_Philips_079,41,2.6908,0.9304,0.148,0.2811,0.1579,1.0954
fCMR_Philips_041,41,2.9274,2.2643,0.0384,0.337,0.116,1.603
fCMR_Philips_090,41,1.7206,2.8392,0.0527,0.445,0.0856,1.7816
fCMR_Philips_114,41,1.9474,2.7575,0.2504,0.8302,0.2657,2.5624
fCMR_Philips_065,41,1.9803,2.3768,0.069,0.3225,0.1529,1.1975
fCMR_Philips_132,41,3.0916,2.2015,0.2422,5.5506,0.2534,11.5866
fCMR_Philips_031,41,1.9016,3.0446,0.0596,0.9231,0.0948,3.3318
fCMR_Philips_104,41,2.3748,2.6738,0.1635,1.5476,0.2579,3.9568
fCMR_Philips_094,41,3.1084,3.1474,0.1326,0.7645,0.1527,2.4725
fCMR_Philips_136,41,2.2774,2.2882,0.085,0.2886,0.1046,1.4022
fCMR_Philips_087,41,2.4151,1.9819,0.4159,1.5975,0.4201,3.8258
fCMR_Philips_003,41,2.019,3.1877,0.2073,0.3377,0.2256,1.1858
fCMR_Philips_047,41,2.6689,0.9936,0.1946,3.019,0.2506,7.1022
fCMR_Philips_057,41,1.3778,2.4313,0.2219,1.4217,0.2241,3.1726
fCMR_Philips_097,41,2.3078,2.0053,0.4534,0.1851,0.5004,0.5835
fCMR_Philips_070,41,2.5604,1.7802,0.4003,0.4941,0.4083,1.8372
fCMR_Philips_068,41,2.158,3.1063,0.2982,0.7215,0.3129,1.7864
fCMR_Philips_117,42,0.7979,3.3094,0.0815,0.5555,0.1704,2.1017
fCMR_Philips_002,42,1.115,0.702,0.136,1.1669,0.1573,3.0536
fCMR_Philips_052,42,1.5771,2.0015,0.1134,0.3013,0.1586,2.0692
fCMR_Philips_123,42,3.0614,3.4566,0.1084,0.2198,0.1349,1.1772
fCMR_Philips_079,42,2.3075,2.0732,0.0724,0.2506,0.1306,1.3193
fCMR_Philips_041,42,2.8899,1.2339,0.0582,0.9049,0.1109,2.3336
fCMR_Philips_090,42,1.3954,0.9167,0.1917,0.7636,0.196,2.2652
fCMR_Philips_114,42,1.6645,2.56,0.1194,1.3687,0.1436,3.5637
fCMR_Philips_065,42,2.7936,0.8205,0.2349,2.5099,0.2402,5.7566
fCMR_Philips_132,42,2.2715,3.1124,0.2024,3.6677,0.2104,7.8833
fCMR_Philips_031,42,1.4804,1.5403,0.0515,0.859,0.1057,2.5374
fCMR_Philips_104,42,0.9875,2.0645,0.0847,2.0183,0.1708,5.251
fCMR_Philips_094,42,2.9928,3.0392,0.226,0.2729,0.2552,0.9442
fCMR_Philips_136,42,2.481,1.0316,0.0194,0.1835,0.1136,0.9149
fCMR_Philips_087,42,1.43,2.3452,0.3473,2.1563,0.3545,5.2034
fCMR_Philips_003,42,2.1382,2.2396,0.1819,0.2923,0.1915,0.9156
fCMR_Philips_047,42,2.8644,2.3638,0.2807,1.6452,0.3041,4.449
fCMR_Philips_057,42,3.0846,2.9299,0.3483,0.6507,0.366,1.7524
fCMR_Philips_097,42,2.2444,3.0643,0.4368,0.2304,0.4644,1.1819
fCMR_Philips_070,42,0.3693,2.6249,0.4162,1.4197,0.4284,4.0329
fCMR_Philips_068,42,2.4765,1.9754,0.1997,1.4158,0.2101,3.5643
fCMR_Philips_117,43,1.7309,1.9705,0.145,0.5548,0.1702,1.6138
fCMR_Philips_002,43,2.4172,1.3464,0.1464,1.2356,0.1669,3.0774
fCMR_Philips_052,43,2.8621,2.5788,0.0748,1.1912,0.1014,3.007
fCMR_Philips_123,43,2.4053,2.0056,0.1112,0.4503,0.1536,1.4747
fCMR_Philips_079,43,1.3064,2.848,0.0981,0.4418,0.1307,1.5606
fCMR_Philips_041,43,1.2745,3.5641,0.103,0.2718,0.1311,1.6089
fCMR_Philips_090,43,2.5606,1.544,0.1662,0.9059,0.1914,2.3424
fCMR_Philips_114,43,2.1733,2.5846,0.0846,1.3934,0.1132,2.9945
fCMR_Philips_065,43,2.9269,2.5579,0.048,0.5837,0.0655,1.6786
fCMR_Philips_132,43,2.8951,3.1926,0.2765,4.739,0.283,10.2307
fCMR_Philips_031,43,2.6792,2.6826,0.0952,0.9138,0.1362,2.6184
fCMR_Philips_104,43,2.2876,3.0383,0.0544,1.3075,0.1505,3.8488
fCMR_Philips_094,43,1.2093,3.0102,0.1218,0.343,0.1436,1.3436
fCMR_Philips_136,43,2.7783,2.5213,0.1686,0.2138,0.1919,0.9727
fCMR_Philips_087,43,2.1721,2.4929,0.4242,1.7987,0.4287,4.0951
fCMR_Philips_003,43,2.1221,1.4996,0.1838,0.1864,0.2057,1.0879
fCMR_Philips_047,43,2.7686,1.0438,0.2233,0.4891,0.2455,2.118
fCMR_Philips_057,43,2.0369,2.2745,0.1893,1.1638,0.2031,2.7156
fCMR_Philips_097,43,1.9484,2.0117,0.4363,1.2577,0.4534,3.1824
fCMR_Philips_070,43,2.5977,2.4248,0.4461,1.0083,0.4613,2.6357
fCMR_Philips_068,43,1.7331,1.8979,0.2641,0.6058,0.278,2.0683
fCMR_Philips_117,44,1.3157,2.449,0.0603,0.2796,0.143,1.2063
fCMR_Philips_002,44,3.0353,1.2398,0.1272,1.6588,0.1755,4.3061
fCMR_Philips_052,44,2.7805,2.2595,0.1786,0.7177,0.1932,2.06
fCMR_Philips_123,44,2.0966,2.8267,0.2113,0.3937,0.2227,1.3387
fCMR_Philips_079,44,2.5166,2.1172,0.1304,1.1776,0.1458,3.0771
fCMR_Philips_041,44,2.7731,2.4924,0.0771,0.7099,0.1191,2.0109
fCMR_Philips_090,44,2.1612,2.1154,0.1472,0.6974,0.1699,2.0644
fCMR_Philips_114,44,2.3924,1.4611,0.0666,2.0076,0.1101,4.8663
fCMR_Philips_065,44,2.9962,0.8782,0.068,1.5801,0.1293,4.4229
fCMR_Philips_132,44,3.0556,1.7184,0.1792,4.4069,0.1982,9.5182
fCMR_Philips_031,44,2.0665,2.6096,0.0812,0.9786,0.1428,2.5621
fCMR_Philips_104,44,2.9754,2.5681,0.0953,1.1299,0.1371,2.5315
fCMR_Philips_094,44,2.3865,2.8202,0.1516,0.7386,0.1656,2.3905
fCMR_Philips_136,44,2.583,2.9449,0.0679,0.182,0.1028,0.6907
fCMR_Philips_087,44,2.4409,0.5032,0.5208,2.7487,0.5254,5.9201
fCMR_Philips_003,44,1.754,2.1264,0.1011,0.5115,0.1626,1.8175
fCMR_Philips_047,44,2.3137,2.5544,0.2304,2.3487,0.2536,5.5573
fCMR_Philips_057,44,2.325,3.6498,0.1735,0.8991,0.2083,2.7604
fCMR_Philips_097,44,2.8556,2.7522,0.3776,0.2828,0.3962,1.7628
fCMR_Philips_070,44,1.4331,2.4576,0.3695,0.9774,0.3857,3.6321
fCMR_Philips_068,44,1.6647,2.4513,0.3315,1.222,0.3371,3.0113
fCMR_Philips_117,45,3.0744,2.963,0.1195,0.7489,0.1396,2.2103
fCMR_Philips_002,45,1.1827,3.254,0.2166,0.3464,0.2214,1.2402
fCMR_Philips_052,45,1.9601,2.2331,0.1421,1.2061,0.1774,3.1128
fCMR_Philips_123,45,2.5115,3.1668,0.166,0.1387,0.2042,1.1658
fCMR_Philips_079,45,1.7081,0.7686,0.0565,1.0095,0.1357,3.0822
fCMR_Philips_041,45,2.5512,1.531,0.0219,0.19,0.0779,1.376
fCMR_Philips_090,45,2.1319,2.2414,0.1173,1.0726,0.1477,2.8604
fCMR_Philips_114,45,1.823,2.2839,0.1009,2.8679,0.1251,6.3387
fCMR_Philips_065,45,2.8524,2.7877,0.1295,1.9118,0.1452,4.434
fCMR_Philips_132,45,2.6387,2.5817,0.1466,3.3667,0.2131,7.2828
fCMR_Philips_031,45,3.0909,2.5307,0.161,0.8471,0.1807,2.0837
fCMR_Philips_104,45,2.5503,2.7353,0.0147,1.4866,0.121,3.6962
fCMR_Philips_094,45,1.5714,2.4757,0.1328,0.4378,0.1389,2.2834
fCMR_Philips_136,45,2.3819,3.0542,0.0642,0.1068,0.1228,0.7361
fCMR_Philips_087,45,2.641,2.5008,0.3893,1.1083,0.3923,2.9198
fCMR_Philips_003,45,1.3049,2.8021,0.1625,0.5304,0.1746,1.4083
fCMR_Philips_047,45,0.6637,3.2769,0.1905,1.5203,0.2233,4.8526
fCMR_Philips_057,45,1.8741,2.435,0.2356,0.6435,0.2395,2.0457
fCMR_Philips_097,45,2.899,3.2246,0.3772,0.182,0.4416,0.8582
fCMR_Philips_070,45,2.7658,2.2972,0.4053,0.5347,0.4265,2.3153
fCMR_Philips_068,45,2.642,3.2578,0.2198,0.7807,0.2401,2.0139
fCMR_Philips_117,46,2.4931,1.7892,0.1283,0.6523,0.1424,2.7633
fCMR_Philips_002,46,1.9545,2.6477,0.1743,1.2496,0.1969,3.1227
fCMR_Philips_052,46,3.0559,1.4496,0.1751,0.1946,0.1984,1.9121
fCMR_Philips_123,46,2.3195,2.3566,0.1501,0.2403,0.1899,1.437
fCMR_Philips_079,46,2.8478,3.0809,0.0792,0.6996,0.1397,1.736
fCMR_Philips_041,46,2.3031,3.3526,0.08,1.2436,0.1359,3.1496
fCMR_Philips_090,46,2.6574,2.7404,0.1509,1.1384,0.1609,2.7061
fCMR_Philips_114,46,3.1298,2.3137,0.1548,1.6713,0.1772,4.4634
fCMR_Philips_065,46,2.4891,2.0439,0.0646,0.6927,0.1045,1.6627
fCMR_Philips_132,46,2.485,1.6875,0.1582,3.2956,0.1717,7.1011
fCMR_Philips_031,46,0.7195,2.153,0.0652,1.1538,0.099,3.2247
fCMR_Philips_104,46,2.1462,3.4225,0.0601,1.4656,0.1031,3.4831
fCMR_Philips_094,46,2.9383,2.6904,0.1248,0.043,0.1332,0.7154
fCMR_Philips_136,46,0.6432,1.1563,0.1543,0.4257,0.1686,1.3272
fCMR_Philips_087,46,3.0942,2.6479,0.3867,2.1801,0.4142,4.9076
fCMR_Philips_003,46,2.3764,3.3646,0.157,0.4663,0.171,1.592
fCMR_Philips_047,46,2.3044,2.533,0.2822,0.7646,0.3149,2.6241
fCMR_Philips_057,46,2.9743,1.0807,0.2633,0.7681,0.2755,2.2206
fCMR_Philips_097,46,1.9226,2.0774,0.3077,0.5314,0.3223,1.627
fCMR_Philips_070,46,2.99,1.7027,0.3471,0.2608,0.3583,1.0758
fCMR_Philips_068,46,1.2948,3.6781,0.1521,0.8451,0.1677,2.4407
fCMR_Philips_117,47,2.9905,2.7061,0.1498,0.9348,0.1709,2.6344
fCMR_Philips_002,47,2.5988,1.1558,0.0992,0.9234,0.1259,2.5494
fCMR_Philips_052,47,2.3358,2.8019,0.1193,0.7147,0.1505,2.2732
fCMR_Philips_123,47,2.2032,2.7967,0.1226,0.5792,0.1364,1.7434
fCMR_Philips_079,47,2.33,3.008,0.0715,0.813,0.1141,2.6671
fCMR_Philips_041,47,1.3232,2.4004,0.0223,0.3832,0.1021,1.1474
fCMR_Philips_090,47,2.3869,2.8708,0.1589,0.3932,0.1695,1.1632
fCMR_Philips_114,47,2.7791,1.8095,0.1379,1.6563,0.1631,3.8937
fCMR_Philips_065,47,3.0512,3.3822,0.0821,1.6088,0.1247,4.2863
fCMR_Philips_132,47,2.6871,3.1591,0.3503,4.7981,0.3551,9.7679
fCMR_Philips_031,47,2.6742,3.209,0.0741,0.8571,0.1201,2.5414
fCMR_Philips_104,47,2.8421,2.4681,0.087,0.852,0.1441,1.8617
fCMR_Philips_094,47,2.4535,2.8792,0.1547,0.2778,0.1727,1.2195
fCMR_Philips_136,47,2.9279,1.0841,0.0728,0.3308,0.1129,1.021
fCMR_Philips_087,47,2.9524,3.0224,0.37,2.0716,0.3778,4.6943
fCMR_Philips_003,47,2.9915,2.785,0.1375,0.556,0.1511,1.5262
fCMR_Philips_047,47,2.2704,2.46,0.2711,1.0182,0.2881,2.9217
fCMR_Philips_057,47,2.951,2.0052,0.2362,0.5099,0.2469,1.5723
fCMR_Philips_097,47,1.3911,2.1741,0.4263,0.5927,0.4518,2.3731
fCMR_Philips_070,47,2.1272,3.7572,0.4267,0.8921,0.444,3.3837
fCMR_Philips_068,47,0.7403,2.683,0.2391,0.5263,0.2493,2.158
fCMR_Philips_117,48,1.9381,2.769,0.1717,1.6308,0.1958,3.9985
fCMR_Philips_002,48,1.2485,1.8735,0.1352,0.9087,0.1649,2.9268
fCMR_Philips_052,48,1.788,1.6764,0.1174,1.0699,0.1413,2.7136
fCMR_Philips_123,48,1.5908,2.455,0.0504,0.8927,0.1069,2.6616
fCMR_Philips_079,48,1.2432,1.4344,0.073,0.7329,0.1266,2.2698
fCMR_Philips_041,48,2.7358,2.9214,0.0571,0.7604,0.0973,2.2308
fCMR_Philips_090,48,2.4539,2.4717,0.1059,0.4691,0.1261,1.1767
fCMR_Philips_114,48,2.7914,2.7477,0.1302,1.3312,0.1732,3.0655
fCMR_Philips_065,48,2.0537,2.0938,0.0222,1.408,0.1154,3.4994
fCMR_Philips_132,48,1.7016,2.0405,0.1941,3.408,0.2026,7.4523
fCMR_Philips_031,48,1.5209,2.7245,0.111,0.6372,0.1633,1.7737
fCMR_Philips_104,48,1.843,2.5455,0.1092,1.7167,0.154,4.3662
fCMR_Philips_094,48,2.2214,3.0442,0.1564,1.3605,0.1649,3.701
fCMR_Philips_136,48,3.1277,2.0854,0.0901,0.3667,0.1263,1.1797
fCMR_Philips_087,48,0.3345,1.8989,0.31,2.2705,0.3198,5.493
fCMR_Philips_003,48,1.2258,1.3717,0.1376,0.4493,0.1657,1.3628
fCMR_Philips_047,48,1.8161,2.9486,0.2681,2.7684,0.2889,6.6423
fCMR_Philips_057,48,2.9485,0.9951,0.2616,1.1082,0.2745,3.1208
fCMR_Philips_097,48,2.8152,3.3022,0.1879,0.1103,0.2116,1.1094
fCMR_Philips_070,48,1.5823,3.0531,0.4041,1.3314,0.4198,3.3014
fCMR_Philips_068,48,2.7787,1.3307,0.2559,0.8883,0.2688,2.4538
fCMR_Philips_117,49,2.2556,3.5176,0.1389,0.5563,0.2195,1.8838
fCMR_Philips_002,49,2.386,2.2429,0.1635,1.7649,0.1702,4.4132
fCMR_Philips_052,49,2.8443,3.2384,0.128,0.5363,0.1658,2.6135
fCMR_Philips_123,49,2.3006,1.5556,0.0789,0.1604,0.0985,0.6824
fCMR_Philips_079,49,2.6581,0.4551,0.0704,0.6579,0.0878,2.1757
fCMR_Philips_041,49,2.4596,2.3586,0.0971,0.6206,0.1203,1.9462
fCMR_Philips_090,49,2.1682,0.8805,0.1521,0.7727,0.1763,2.25
fCMR_Philips_114,49,2.7191,1.5658,0.2261,0.9062,0.2392,2.2107
fCMR_Philips_065,49,2.2858,0.7245,0.1477,1.9654,0.1585,4.4921
fCMR_Philips_132,49,2.0778,2.2679,0.2361,5.2556,0.2472,11.1932
fCMR_Philips_031,49,2.808,2.3104,0.1346,2.0203,0.1671,5.2039
fCMR_Philips_104,49,2.6059,2.8687,0.1263,1.4289,0.1705,4.0768
fCMR_Philips_094,49,1.9206,3.2509,0.2047,1.3612,0.2114,3.9548
fCMR_Philips_136,49,2.7711,2.1456,0.0884,0.2713,0.1237,1.2946
fCMR_Philips_087,49,1.8449,2.92,0.3705,1.8419,0.3883,4.1996
fCMR_Philips_003,49,1.0737,2.114,0.136,0.0601,0.1423,0.4477
fCMR_Philips_047,49,2.7643,2.0365,0.2603,0.9532,0.2768,3.3718
fCMR_Philips_057,49,3.0588,2.2078,0.2524,1.5143,0.2622,3.4842
fCMR_Philips_097,49,1.6302,1.7746,0.4052,0.5808,0.4276,1.8823
fCMR_Philips_070,49,1.0086,2.7782,0.3859,1.1956,0.3931,3.1696
fCMR_Philips_068,49,2.1924,2.0175,0.1959,0.6534,0.2081,1.885
fCMR_Philips_117,50,3.1025,1.5023,0.1324,0.3345,0.1625,1.3741
fCMR_Philips_002,50,0.8183,1.4181,0.1511,0.5461,0.1622,1.7068
fCMR_Philips_052,50,1.6688,0.8216,0.0899,0.2195,0.1354,1.4164
fCMR_Philips_123,50,2.7104,2.3795,0.1313,0.0574,0.1461,0.568
fCMR_Philips_079,50,2.8551,2.7021,0.0766,0.2366,0.1124,1.16
fCMR_Philips_041,50,2.3523,1.8422,0.0605,0.4995,0.1217,1.5027
fCMR_Philips_090,50,1.6907,3.2973,0.0845,1.1201,0.112,2.6964
fCMR_Philips_114,50,2.281,3.1403,0.1269,1.5038,0.1536,3.4899
fCMR_Philips_065,50,2.8253,3.4548,0.0947,0.4108,0.1249,1.5364
fCMR_Philips_132,50,1.2768,1.5423,0.1941,4.7073,0.2003,10.2825
fCMR_Philips_031,50,2.2163,2.6148,0.0881,0.6103,0.1906,1.7747
fCMR_Philips_104,50,2.803,2.4396,0.1628,2.8174,0.1881,6.5145
fCMR_Philips_094,50,1.9887,1.7154,0.1048,0.7102,0.1332,2.9179
fCMR_Philips_136,50,1.6539,2.9604,0.0326,0.0887,0.077,0.6363
fCMR_Philips_087,50,2.5993,2.3386,0.3366,2.7261,0.3424,5.9678
fCMR_Philips_003,50,2.6074,1.7862,0.1693,0.154,0.1876,0.689
fCMR_Philips_047,50,2.0886,2.132,0.251,2.081,0.2629,5.4574
fCMR_Philips_057,50,1.6689,2.2553,0.1881,1.7197,0.2064,3.9852
fCMR_Philips_097,50,1.6425,2.3211,0.3554,0.6833,0.3617,2.2538
fCMR_Philips_070,50,3.0649,1.0447,0.4683,1.4465,0.4773,3.6265
fCMR_Philips_068,50,2.4983,1.4329,0.2409,0.868,0.2499,2.04
fCMR_Philips_117,51,1.4737,2.527,0.2036,0.485,0.2706,2.1609
fCMR_Philips_002,51,2.965,2.7126,0.2285,0.9196,0.2578,2.3016
fCMR_Philips_052,51,2.1503,2.8981,0.1195,0.6495,0.1648,2.4453
fCMR_Philips_123,51,1.0228,2.1547,0.0355,0.4717,0.111,1.9549
fCMR_Philips_079,51,1.9998,2.085,0.1335,0.8463,0.1563,2.375
fCMR_Philips_041,51,1.6794,2.7695,0.0867,0.1177,0.1176,1.0061
fCMR_Philips_090,51,3.0319,3.0986,0.1482,0.9899,0.1558,2.4065
fCMR_Philips_114,51,3.138,2.2411,0.1031,1.6191,0.1294,3.4521
fCMR_Philips_065,51,2.3624,2.7324,0.0675,1.4314,0.0918,3.8794
fCMR_Philips_132,51,2.5606,0.867,0.186,4.8506,0.1953,10.2202
fCMR_Philips_031,51,3.1058,1.9916,0.1445,1.8423,0.183,4.9932
fCMR_Philips_104,51,2.3264,3.2083,0.1784,2.1746,0.2181,5.341
fCMR_Philips_094,51,2.0722,3.1708,0.1583,0.8325,0.1652,2.6008
fCMR_Philips_136,51,2.0723,1.2687,0.0437,0.0295,0.0944,0.6487
fCMR_Philips_087,51,2.3674,2.0588,0.359,1.0055,0.3647,2.5822
fCMR_Philips_003,51,2.6202,3.246,0.1974,0.4922,0.2146,1.6344
fCMR_Philips_047,51,2.8797,2.6819,0.155,1.5928,0.2111,4.6014
fCMR_Philips_057,51,2.1807,1.5554,0.2292,0.7741,0.235,2.1759
fCMR_Philips_097,51,2.7807,2.9892,0.315,0.1117,0.3413,1.5921
fCMR_Philips_070,51,1.1738,3.5143,0.3868,0.3885,0.4142,1.4339
fCMR_Philips_068,51,0.6596,3.0599,0.1949,0.6174,0.2094,1.9596
fCMR_Philips_117,52,2.4781,1.713,0.1442,0.3717,0.1576,1.0388
fCMR_Philips_002,52,1.2696,2.8198,0.1962,0.6359,0.2043,2.5546
fCMR_Philips_052,52,2.9831,1.2318,0.1365,0.3754,0.1514,1.4904
fCMR_Philips_123,52,2.6312,2.0768,0.1017,0.3814,0.2131,1.5373
fCMR_Philips_079,52,2.6814,2.4117,0.1349,0.3104,0.1493,0.9972
fCMR_Philips_041,52,1.8269,2.5764,0.0805,0.1566,0.1328,1.1212
fCMR_Philips_090,52,1.3395,2.994,0.1538,1.3631,0.1672,3.3566
fCMR_Philips_114,52,1.3081,2.396,0.0969,2.0242,0.1577,4.7084
fCMR_Philips_065,52,2.4023,2.345,0.1237,0.6288,0.1732,1.5156
fCMR_Philips_132,52,1.9207,2.1084,0.2829,5.4794,0.29,11.9917
fCMR_Philips_031,52,1.1833,2.0865,0.1096,0.708,0.1386,2.2808
fCMR_Philips_104,52,2.7529,2.2651,0.091,0.5696,0.1639,1.7409
fCMR_Philips_094,52,2.8883,2.0751,0.1213,0.1797,0.1946,1.9756
fCMR_Philips_136,52,1.4828,2.9231,0.075,0.2307,0.1067,1.1449
fCMR_Philips_087,52,2.833,3.176,0.3637,2.1894,0.3717,4.6688
fCMR_Philips_003,52,1.3582,3.1276,0.176,0.3108,0.189,1.0945
fCMR_Philips_047,52,1.3933,2.0337,0.2926,5.4976,0.3234,12.6095
fCMR_Philips_057,52,1.8209,1.1729,0.2226,1.595,0.2309,3.848
fCMR_Philips_097,52,1.1818,2.4659,0.3521,1.0103,0.3703,2.7288
fCMR_Philips_070,52,2.0608,3.0654,0.3396,1.4422,0.3617,3.9037
fCMR_Philips_068,52,2.7964,2.161,0.2703,0.7067,0.2901,2.1557
fCMR_Philips_117,53,2.814,2.8699,0.1189,1.3518,0.1751,3.4034
fCMR_Philips_002,53,2.2706,2.4605,0.1547,0.9895,0.1724,2.9156
fCMR_Philips_052,53,1.7248,2.019,0.1426,0.2838,0.1966,1.6618
fCMR_Philips_123,53,2.4382,2.4212,0.0721,0.7689,0.1205,2.6937
fCMR_Philips_079,53,1.4756,2.0433,0.0702,1.1666,0.1041,3.1605
fCMR_Philips_041,53,3.0264,1.8861,0.0258,0.7728,0.0701,1.9221
fCMR_Philips_090,53,1.8391,1.637,0.1461,0.6557,0.164,1.6521
fCMR_Philips_114,53,2.8151,2.8721,0.0782,1.6144,0.1062,3.6908
fCMR_Philips_065,53,2.6732,3.9973,0.1506,0.6316,0.165,1.4537
fCMR_Philips_132,53,2.9398,3.1524,0.222,2.8243,0.2319,6.3942
fCMR_Philips_031,53,1.5646,2.2702,0.1465,1.9791,0.1668,4.9328
fCMR_Philips_104,53,3.0058,2.4773,0.1523,1.929,0.1808,4.8297
fCMR_Philips_094,53,2.5321,3.3144,0.1507,0.673,0.1712,2.4324
fCMR_Philips_136,53,2.7118,1.3355,0.1654,0.3389,0.1894,1.6484
fCMR_Philips_087,53,2.7668,1.5707,0.3503,2.7382,0.3546,5.6998
fCMR_Philips_003,53,2.5072,2.6372,0.138,0.0333,0.1455,0.5324
fCMR_Philips_047,53,2.9215,1.8815,0.2066,1.7607,0.2303,5.3002
fCMR_Philips_057,53,1.4621,2.9508,0.3352,0.9893,0.3441,2.5493
fCMR_Philips_097,53,3.0898,1.5044,0.3164,0.3307,0.3466,1.3016
fCMR_Philips_070,53,2.4734,3.2254,0.2799,0.7435,0.286,2.314
fCMR_Philips_068,53,1.9735,3.2442,0.2453,0.4687,0.2645,1.2456
fCMR_Philips_117,54,2.9247,3.2606,0.0975,0.4696,0.1914,1.4141
fCMR_Philips_002,54,3.0127,2.6735,0.2009,0.8286,0.2205,2.3483
fCMR_Philips_052,54,2.2273,2.1909,0.1304,1.2473,0.153,3.2648
fCMR_Philips_123,54,1.927,3.3575,0.0977,0.093,0.1477,0.7113
fCMR_Philips_079,54,1.0109,3.8935,0.1195,0.2946,0.1396,1.8404
fCMR_Philips_041,54,2.7613,3.2945,0.066,0.4432,0.0971,1.2851
fCMR_Philips_090,54,2.1248,1.9115,0.0814,1.3623,0.1165,3.1962
fCMR_Philips_114,54,0.9485,1.8375,0.1356,2.6044,0.1565,6.1179
fCMR_Philips_065,54,2.6616,1.8519,0.0954,0.942,0.1223,2.6593
fCMR_Philips_132,54,2.2661,2.9013,0.2356,4.3612,0.2415,9.167
fCMR_Philips_031,54,3.1401,2.0745,0.0547,0.904,0.0949,2.8938
fCMR_Philips_104,54,2.5995,1.5963,0.0955,1.7735,0.1252,5.0401
fCMR_Philips_094,54,1.436,3.8603,0.0721,0.389,0.1252,2.095
fCMR_Philips_136,54,2.4481,1.8424,0.0621,0.0205,0.0732,0.5602
fCMR_Philips_087,54,1.9027,3.3389,0.3617,1.588,0.3658,3.5868
fCMR_Philips_003,54,2.4428,2.8115,0.2092,0.1863,0.2167,0.9955
fCMR_Philips_047,54,2.753,2.1245,0.2324,3.0093,0.2734,6.8533
fCMR_Philips_057,54,2.3667,2.5863,0.3789,0.9138,0.3851,2.3672
fCMR_Philips_097,54,1.4521,2.6939,0.2897,0.6382,0.3111,1.6414
fCMR_Philips_070,54,2.4609,0.8379,0.3533,1.3104,0.3602,3.7223
fCMR_Philips_068,54,1.5749,1.3911,0.213,0.9551,0.2232,2.647
fCMR_Philips_117,55,2.9601,2.0644,0.1833,0.3017,0.193,1.2436
fCMR_Philips_002,55,1.9491,3.28,0.1696,0.7477,0.1768,2.098
fCMR_Philips_052,55,1.7372,2.4534,0.1565,0.5917,0.1643,1.9787
fCMR_Philips_123,55,2.7139,1.6994,0.1152,0.9099,0.1375,2.3513
fCMR_Philips_079,55,2.1212,2.6119,0.1143,0.4003,0.1496,1.9504
fCMR_Philips_041,55,2.3889,1.8391,0.0739,0.5302,0.1318,1.8993
fCMR_Philips_090,55,2.9166,2.153,0.072,1.1265,0.1185,2.488
fCMR_Philips_114,55,2.4696,2.1222,0.1586,1.5529,0.1998,3.7047
fCMR_Philips_065,55,2.9016,2.1928,0.1737,1.593,0.2003,4.0829
fCMR_Philips_132,55,1.4209,1.6971,0.2545,3.527,0.2643,7.9878
fCMR_Philips_031,55,1.5924,3.3807,0.0792,0.4132,0.1136,1.6674
fCMR_Philips_104,55,2.8228,2.2854,0.1458,2.0232,0.1981,5.3276
fCMR_Philips_094,55,2.7698,2.4652,0.2079,0.741,0.2334,2.329
fCMR_Philips_136,55,2.2683,0.925,0.0815,0.1027,0.0899,0.8395
fCMR_Philips_087,55,1.8785,0.9162,0.3553,2.0204,0.3584,4.6618
fCMR_Philips_003,55,1.031,2.4903,0.1607,0.6862,0.1817,2.1323
fCMR_Philips_047,55,2.7133,2.3599,0.2266,1.3597,0.2576,4.501
fCMR_Philips_057,55,2.488,2.4123,0.255,0.6203,0.2749,1.4792
fCMR_Philips_097,55,1.9684,2.7669,0.4029,0.8046,0.4273,2.9196
fCMR_Philips_070,55,2.67,3.3412,0.3594,0.833,0.3744,2.4069
fCMR_Philips_068,55,1.5665,1.8676,0.252,0.6083,0.2601,1.4825
fCMR_Philips_117,56,2.085,2.2711,0.1021,0.7013,0.1112,2.6915
fCMR_Philips_002,56,2.499,2.5545,0.1424,1.1103,0.1631,3.2523
fCMR_Philips_052,56,1.9579,3.4118,0.1792,0.2396,0.2055,0.8977
fCMR_Philips_123,56,2.8627,2.894,0.0547,0.1072,0.1107,1.1453
fCMR_Philips_079,56,2.9497,2.5634,0.1873,0.2623,0.1954,2.0396
fCMR_Philips_041,56,2.1386,2.1724,0.0573,1.118,0.0929,3.0993
fCMR_Philips_090,56,3.0341,3.5824,0.135,0.9111,0.1641,2.714
fCMR_Philips_114,56,2.5016,2.5848,0.1224,2.2712,0.1609,5.1528
fCMR_Philips_065,56,2.8233,3.3002,0.0674,1.8844,0.1237,4.3165
fCMR_Philips_132,56,2.9681,0.6375,0.1799,4.5094,0.1973,9.8702
fCMR_Philips_031,56,2.8047,3.2206,0.0963,1.2776,0.1328,3.0236
fCMR_Philips_104,56,0.9242,4.0729,0.115,1.8008,0.2028,3.8789
fCMR_Philips_094,56,2.4882,2.2479,0.1391,0.0132,0.1508,0.9554
fCMR_Philips_136,56,2.3971,3.4531,0.0719,0.1417,0.1196,0.6162
fCMR_Philips_087,56,2.6208,1.4274,0.3664,1.716,0.3731,3.7424
fCMR_Philips_003,56,3.0675,2.6757,0.1508,0.3514,0.1663,1.3702
fCMR_Philips_047,56,2.9876,2.6257,0.2071,0.4195,0.2778,2.7765
fCMR_Philips_057,56,3.0424,2.6156,0.2124,1.2907,0.2264,3.3103
fCMR_Philips_097,56,2.6334,2.8559,0.3202,0.3476,0.3485,1.9991
fCMR_Philips_070,56,2.6344,3.5654,0.4298,0.647,0.4444,2.1882
fCMR_Philips_068,56,2.6401,1.5127,0.2445,0.7355,0.25,2.2242
fCMR_Philips_117,57,1.5888,1.7927,0.1541,0.3141,0.1832,1.2931
fCMR_Philips_002,57,1.6562,2.8385,0.1539,0.3838,0.1703,1.2683
fCMR_Philips_052,57,1.0952,2.1614,0.1471,0.8092,0.1604,2.2707
fCMR_Philips_123,57,2.6733,3.4234,0.1484,0.1958,0.1613,1.2628
fCMR_Philips_079,57,2.9089,2.6909,0.0724,0.7991,0.094,2.0165
fCMR_Philips_041,57,2.6267,2.6956,0.076,0.3207,0.139,1.122
fCMR_Philips_090,57,2.5484,3.279,0.0853,0.6878,0.1233,1.4534
fCMR_Philips_114,57,1.8086,3.5086,0.1741,1.0652,0.1994,3.0799
fCMR_Philips_065,57,2.9931,2.2368,0.1403,1.7502,0.1521,4.2243
fCMR_Philips_132,57,2.6401,2.15,0.2485,4.5218,0.2539,9.5015
fCMR_Philips_031,57,2.0965,2.7392,0.0324,0.7067,0.0533,2.7604
fCMR_Philips_104,57,3.0754,2.6383,0.1599,2.7316,0.2025,6.0458
fCMR_Philips_094,57,2.4298,1.2137,0.108,0.6043,0.1531,2.2116
fCMR_Philips_136,57,2.8145,2.8271,0.0521,0.0001,0.1,0.4214
fCMR_Philips_087,57,2.6879,2.5629,0.3407,1.4021,0.3547,3.5902
fCMR_Philips_003,57,2.9136,2.9978,0.1535,0.6694,0.1641,1.8412
fCMR_Philips_047,57,2.2556,3.3653,0.2427,1.8364,0.2534,4.2664
fCMR_Philips_057,57,2.5962,2.1697,0.3079,1.3336,0.3138,3.2277
fCMR_Philips_097,57,2.6273,2.0922,0.3463,0.154,0.3682,0.7058
fCMR_Philips_070,57,2.6423,1.2183,0.4111,1.5052,0.424,3.6045
fCMR_Philips_068,57,3.0408,3.7573,0.2713,0.6308,0.28,1.9457
fCMR_Philips_117,58,2.9801,2.5779,0.1317,0.3574,0.1868,1.3537
fCMR_Philips_002,58,2.7103,2.5394,0.2178,0.2823,0.2335,0.8809
fCMR_Philips_052,58,2.9578,1.9488,0.146,1.4292,0.1563,3.6843
fCMR_Philips_123,58,2.3344,3.0234,0.0698,0.3388,0.1377,1.6834
fCMR_Philips_079,58,1.1854,2.1911,0.1315,0.9052,0.1674,2.5884
fCMR_Philips_041,58,3.0002,2.6581,0.0892,0.7043,0.1306,2.787
fCMR_Philips_090,58,2.6987,1.9393,0.1485,0.6053,0.1941,1.9862
fCMR_Philips_114,58,1.4468,2.2176,0.1277,1.3403,0.1577,3.076
fCMR_Philips_065,58,1.2887,2.7131,0.0619,1.1167,0.1011,2.6442
fCMR_Philips_132,58,2.6581,1.3785,0.1578,3.1856,0.1745,6.7002
fCMR_Philips_031,58,2.1971,2.9307,0.1329,0.8985,0.1731,2.8558
fCMR_Philips_104,58,2.2892,3.117,0.1179,1.777,0.1373,3.9909
fCMR_Philips_094,58,2.6154,2.3243,0.1628,0.1126,0.1815,0.6524
fCMR_Philips_136,58,2.0573,1.4652,0.0582,0.0675,0.0924,0.5929
fCMR_Philips_087,58,1.2358,2.8764,0.3096,1.6303,0.3122,3.9361
fCMR_Philips_003,58,2.2181,2.4732,0.1768,0.8273,0.1923,2.3078
fCMR_Philips_047,58,2.0771,2.1328,0.2019,2.3457,0.2456,6.5795
fCMR_Philips_057,58,1.7104,2.2696,0.2735,0.851,0.28,2.7135
fCMR_Philips_097,58,2.0341,2.2633,0.4054,0.3003,0.4196,1.3491
fCMR_Philips_070,58,2.2401,1.7352,0.4116,1.2111,0.419,3.6704
fCMR_Philips_068,58,2.8865,2.2103,0.2887,0.9346,0.3016,2.3765
fCMR_Philips_117,59,1.6156,3.3767,0.1499,0.3838,0.1777,1.0532
fCMR_Philips_002,59,1.9285,2.0027,0.1999,1.3229,0.2047,3.2835
fCMR_Philips_052,59,1.6099,3.1965,0.1383,0.7004,0.1679,2.1725
fCMR_Philips_123,59,1.6643,0.8338,0.0732,0.005,0.1206,1.0636
fCMR_Philips_079,59,2.8867,3.7864,0.0801,0.4635,0.1249,1.6715
fCMR_Philips_041,59,1.3384,3.4066,0.1063,0.5472,0.118,1.4559
fCMR_Philips_090,59,3.0873,1.2299,0.141,0.3136,0.1919,1.6536
fCMR_Philips_114,59,1.5671,2.6903,0.2419,1.5355,0.2544,3.5168
fCMR_Philips_065,59,1.6896,0.7679,0.1217,2.6364,0.146,6.155
fCMR_Philips_132,59,0.9989,0.9181,0.1956,4.7724,0.2056,10.183
fCMR_Philips_031,59,2.91,2.6628,0.0838,0.8318,0.1336,2.4075
fCMR_Philips_104,59,2.9833,2.3013,0.152,5.0158,0.1931,10.4416
fCMR_Philips_094,59,2.8866,2.534,0.16,0.6962,0.1873,2.229
fCMR_Philips_136,59,3.0065,3.0309,0.0456,0.1707,0.0843,0.4842
fCMR_Philips_087,59,2.4998,2.7722,0.3414,1.3429,0.3703,3.0129
fCMR_Philips_003,59,3.0673,2.852,0.1674,0.9684,0.183,2.7545
fCMR_Philips_047,59,3.0418,2.3404,0.2533,1.6954,0.2787,4.328
fCMR_Philips_057,59,2.2221,2.2839,0.1759,1.0997,0.192,2.4291
fCMR_Philips_097,59,2.0203,1.7663,0.3496,0.266,0.371,1.1685
fCMR_Philips_070,59,2.7412,1.6553,0.4015,1.1229,0.4082,2.7638
fCMR_Philips_068,59,3.1044,2.4243,0.2801,0.5997,0.2855,1.8294
fCMR_Philips_117,60,2.8573,2.1691,0.1662,1.3873,0.1826,3.2514
fCMR_Philips_002,60,0.5941,3.108,0.1566,0.3715,0.1828,1.1079
fCMR_Philips_052,60,2.3303,2.0461,0.202,0.5052,0.2111,1.7276
fCMR_Philips_123,60,2.7109,2.664,0.0635,0.675,0.088,2.4348
fCMR_Philips_079,60,2.2074,1.5032,0.0693,0.7859,0.123,2.471
fCMR_Philips_041,60,2.6352,2.7573,0.0578,0.2102,0.1542,1.316
fCMR_Philips_090,60,1.5335,2.3824,0.0886,0.731,0.1282,2.2124
fCMR_Philips_114,60,1.1261,3.3569,0.1203,1.3123,0.1481,3.4654
fCMR_Philips_065,60,1.4944,2.7686,0.1749,1.4734,0.1857,4.0924
fCMR_Philips_132,60,2.008,1.5299,0.1914,5.3579,0.209,11.354
fCMR_Philips_031,60,2.0023,2.7347,0.1108,0.6572,0.1761,1.5722
fCMR_Philips_104,60,1.2991,3.022,0.1766,3.3019,0.2064,7.6462
fCMR_Philips_094,60,1.8551,2.9049,0.1959,0.4236,0.2083,1.4152
fCMR_Philips_136,60,3.0393,1.3403,0.0356,0.1394,0.1021,0.6682
fCMR_Philips_087,60,2.7205,2.0682,0.3939,1.8152,0.4103,4.5305
fCMR_Philips_003,60,2.5875,2.6905,0.1317,0.635,0.1638,1.9613
fCMR_Philips_047,60,1.1174,3.2588,0.1773,1.2479,0.1893,3.6372
fCMR_Philips_057,60,1.1492,3.8399,0.2961,0.733,0.2992,2.4383
fCMR_Philips_097,60,2.7254,1.4267,0.3812,0.0959,0.3888,0.8154
fCMR_Philips_070,60,1.2654,2.4964,0.3894,0.7718,0.4142,2.2002
fCMR_Philips_068,60,1.1897,2.8818,0.287,0.5403,0.2966,1.713
fCMR_Philips_117,61,2.9622,2.2849,0.1749,0.8707,0.2021,2.3965
fCMR_Philips_002,61,3.0624,1.3124,0.1906,1.3596,0.2036,3.3216
fCMR_Philips_052,61,2.3384,2.9324,0.1631,0.1314,0.2073,0.9736
fCMR_Philips_123,61,1.6088,3.9095,0.1285,0.1246,0.1648,1.0342
fCMR_Philips_079,61,2.2186,2.9732,0.0849,0.4609,0.1002,1.196
fCMR_Philips_041,61,2.7494,3.4817,0.0626,0.3767,0.0802,1.2876
fCMR_Philips_090,61,2.254,2.29,0.1738,0.4798,0.1944,1.7496
fCMR_Philips_114,61,2.8679,1.2352,0.0733,2.5956,0.127,6.7768
fCMR_Philips_065,61,2.0487,1.3789,0.0925,0.9144,0.1295,2.693
fCMR_Philips_132,61,2.9095,2.4636,0.1636,3.4196,0.1798,7.1624
fCMR_Philips_031,61,1.8867,3.5448,0.1603,1.0784,0.167,2.594
fCMR_Philips_104,61,2.307,2.8617,0.1653,0.8232,0.1952,2.0693
fCMR_Philips_094,61,2.3969,2.0533,0.0824,0.2749,0.1165,1.1765
fCMR_Philips_136,61,2.4288,1.4522,0.1393,0.3891,0.159,1.1112
fCMR_Philips_087,61,2.271,2.3235,0.3893,1.4309,0.4011,3.347
fCMR_Philips_003,61,2.6935,1.2039,0.1892,0.7919,0.2095,2.179
fCMR_Philips_047,61,2.0777,2.8507,0.2796,5.4635,0.308,12.6422
fCMR_Philips_057,61,2.3543,2.9022,0.1879,0.8391,0.1999,2.3048
fCMR_Philips_097,61,2.3558,3.2644,0.3488,0.5322,0.3519,1.719
fCMR_Philips_070,61,2.5161,2.3411,0.2823,1.1207,0.3295,4.1741
fCMR_Philips_068,61,0.5801,3.0671,0.1915,0.3645,0.2011,1.2386
fCMR_Philips_117,62,3.0292,1.6643,0.2106,1.1348,0.2466,3.2943
fCMR_Philips_002,62,3.1035,2.0225,0.1653,0.9967,0.2007,2.9208
fCMR_Philips_052,62,1.1705,2.0423,0.1861,0.1851,0.2027,0.9773
fCMR_Philips_123,62,2.4426,3.0365,0.165,0.1593,0.184,1.6281
fCMR_Philips_079,62,3.0993,2.9177,0.0497,0.4439,0.0967,1.7894
fCMR_Philips_041,62,1.4292,1.7458,0.061,0.2539,0.0913,1.4996
fCMR_Philips_090,62,2.3229,1.215,0.1131,0.6042,0.1302,1.3998
fCMR_Philips_114,62,1.839,2.1166,0.1784,1.8493,0.2068,4.5745
fCMR_Philips_065,62,2.0877,3.2309,0.0806,0.4675,0.1006,1.7423
fCMR_Philips_132,62,2.4024,1.5573,0.2698,4.3008,0.2781,8.797
fCMR_Philips_031,62,2.8733,2.4102,0.0419,0.8222,0.09,2.5156
fCMR_Philips_104,62,1.5664,2.4872,0.1143,2.3475,0.2014,5.2576
fCMR_Philips_094,62,1.3689,2.6277,0.0602,0.4155,0.1112,2.3266
fCMR_Philips_136,62,1.7761,2.6138,0.0549,0.3241,0.1245,1.0306
fCMR_Philips_087,62,3.0444,2.5851,0.3917,1.744,0.3999,3.8796
fCMR_Philips_003,62,0.7744,1.7757,0.1716,0.3334,0.1919,1.4495
fCMR_Philips_047,62,2.2833,2.8333,0.2192,1.088,0.2796,5.1379
fCMR_Philips_057,62,1.9161,2.6638,0.3001,1.0712,0.3034,3.0162
fCMR_Philips_097,62,2.089,3.0159,0.383,0.2188,0.3985,0.9006
fCMR_Philips_070,62,2.3427,1.5787,0.437,0.3409,0.4438,0.9595
fCMR_Philips_068,62,2.5198,2.7313,0.2712,0.5356,0.2887,1.4695
fCMR_Philips_117,63,1.9094,2.7354,0.2132,0.2031,0.2389,0.9156
fCMR_Philips_002,63,2.5713,2.1596,0.2156,1.5261,0.2395,3.8406
fCMR_Philips_052,63,2.903,2.3534,0.1403,0.9634,0.1529,2.3805
fCMR_Philips_123,63,3.0916,1.95,0.1522,0.0151,0.1677,0.4598
fCMR_Philips_079,63,2.7369,2.1704,0.0427,0.6937,0.1119,2.0538
fCMR_Philips_041,63,3.0678,2.7754,0.1007,0.2564,0.1454,0.8353
fCMR_Philips_090,63,2.4261,1.3532,0.0696,0.9644,0.1213,2.5338
fCMR_Philips_114,63,1.9856,0.9728,0.0748,1.9772,0.1208,4.6996
fCMR_Philips_065,63,2.7363,1.9756,0.1415,1.4231,0.1591,3.631
fCMR_Philips_132,63,1.9757,1.8929,0.179,3.5313,0.2048,7.8835
fCMR_Philips_031,63,2.3506,3.1228,0.0702,0.5536,0.0994,1.5928
fCMR_Philips_104,63,2.4819,1.8399,0.1621,2.3313,0.1723,5.4456
fCMR_Philips_094,63,1.7018,2.6188,0.1112,0.2705,0.1299,1.9988
fCMR_Philips_136,63,2.9542,3.0863,0.0848,0.1246,0.1244,0.5658
fCMR_Philips_087,63,1.3009,2.593,0.3799,2.4808,0.393,5.229
fCMR_Philips_003,63,3.0679,2.3236,0.1492,0.3575,0.1576,1.1384
fCMR_Philips_047,63,2.4661,2.5304,0.2498,1.1804,0.2952,4.3871
fCMR_Philips_057,63,2.729,2.878,0.1663,0.8579,0.185,2.279
fCMR_Philips_097,63,1.7761,2.6114,0.4933,0.8106,0.5106,2.5232
fCMR_Philips_070,63,2.4808,2.4966,0.2828,0.839,0.3202,2.6308
fCMR_Philips_068,63,1.5933,2.3177,0.2505,0.8353,0.2705,2.3238
fCMR_Philips_117,64,1.8752,1.362,0.1708,1.1692,0.1944,3.0498
fCMR_Philips_002,64,3.1081,2.9162,0.1474,0.6932,0.1611,2.9539
fCMR_Philips_052,64,2.479,2.5029,0.1431,0.4501,0.1736,2.101
fCMR_Philips_123,64,1.328,3.5269,0.1081,0.6481,0.1529,2.5474
fCMR_Philips_079,64,2.2533,1.7923,0.1101,0.6815,0.1569,2.5535
fCMR_Philips_041,64,1.8051,2.1519,0.0539,0.4729,0.0765,1.449
fCMR_Philips_090,64,1.5802,1.5562,0.1299,1.3119,0.157,3.4064
fCMR_Philips_114,64,2.8167,2.9018,0.2245,2.478,0.2345,5.3232
fCMR_Philips_065,64,2.8136,3.328,0.141,2.2134,0.1534,4.818
fCMR_Philips_132,64,1.413,2.7312,0.304,5.4949,0.3073,11.709
fCMR_Philips_031,64,2.3184,3.4358,0.0975,1.0664,0.1629,2.9599
fCMR_Philips_104,64,2.3192,2.404,0.1034,0.7905,0.1855,2.092
fCMR_Philips_094,64,2.7885,2.68,0.0911,0.2616,0.143,1.1404
fCMR_Philips_136,64,3.1357,2.6646,0.0648,0.8636,0.1004,1.9301
fCMR_Philips_087,64,2.7415,2.5012,0.3336,2.3875,0.3423,5.4421
fCMR_Philips_003,64,2.9994,2.7032,0.1733,0.5453,0.1927,1.8251
fCMR_Philips_047,64,1.0055,1.9705,0.2194,3.2986,0.2887,8.0584
fCMR_Philips_057,64,3.1221,0.3346,0.2582,1.72,0.2793,3.8652
fCMR_Philips_097,64,2.8794,2.6071,0.2958,0.3857,0.3052,1.6607
fCMR_Philips_070,64,0.5955,3.1359,0.2989,0.7815,0.3072,2.0384
fCMR_Philips_068,64,2.7001,2.7778,0.2307,1.0393,0.2374,2.5154
fCMR_Philips_117,65,0.8085,2.5656,0.1435,0.4725,0.189,1.7575
fCMR_Philips_002,65,1.8462,1.1206,0.1838,1.315,0.1915,3.4957
fCMR_Philips_052,65,1.776,3.2252,0.1566,1.3012,0.1722,3.8191
fCMR_Philips_123,65,2.5419,2.7333,0.1184,0.0503,0.1498,1.0594
fCMR_Philips_079,65,2.2635,2.6735,0.1226,0.4118,0.1434,1.7455
fCMR_Philips_041,65,2.7691,0.9398,0.0175,0.2422,0.0833,1.1669
fCMR_Philips_090,65,2.6268,2.2258,0.0663,1.226,0.083,2.882
fCMR_Philips_114,65,1.9664,2.8965,0.1406,1.726,0.161,4.2802
fCMR_Philips_065,65,3.0346,2.433,0.0661,1.3421,0.1206,3.3002
fCMR_Philips_132,65,2.0849,2.7283,0.1387,3.1129,0.1542,6.5513
fCMR_Philips_031,65,1.8827,3.6921,0.1611,0.4946,0.1754,1.4672
fCMR_Philips_104,65,1.6356,2.9939,0.1684,1.354,0.2037,3.2635
fCMR_Philips_094,65,1.5926,1.8191,0.1117,0.7587,0.1386,2.7038
fCMR_Philips_136,65,3.1349,2.823,0.1064,0.083,0.1295,0.4934
fCMR_Philips_087,65,2.2734,2.0686,0.3075,2.1061,0.314,4.6656
fCMR_Philips_003,65,2.6061,2.964,0.227,0.3173,0.2363,0.9598
fCMR_Philips_047,65,2.978,3.2298,0.2637,1.7831,0.3293,6.506
fCMR_Philips_057,65,2.75,1.3865,0.2634,1.099,0.2719,2.6856
fCMR_Philips_097,65,2.1163,2.4205,0.2671,0.1161,0.3153,1.0079
fCMR_Philips_070,65,3.0359,2.8411,0.3092,1.4345,0.3228,3.7118
fCMR_Philips_068,65,2.7564,2.7749,0.2092,0.6772,0.2152,1.712
fCMR_Philips_117,66,3.112,1.9403,0.1356,1.071,0.1534,2.7063
fCMR_Philips_002,66,2.2963,1.2036,0.174,1.1795,0.1852,2.8439
fCMR_Philips_052,66,2.7379,2.8088,0.1478,0.6151,0.1641,1.7097
fCMR_Philips_123,66,2.7997,2.1901,0.1557,0.3582,0.1716,1.1213
fCMR_Philips_079,66,1.0158,1.5819,0.1182,0.318,0.125,1.5629
fCMR_Philips_041,66,1.7382,1.7075,0.0881,0.5897,0.1231,2.1314
fCMR_Philips_090,66,2.8155,2.6187,0.1032,0.7113,0.157,2.6818
fCMR_Philips_114,66,1.6216,2.9273,0.1562,1.568,0.1785,3.6927
fCMR_Philips_065,66,1.5896,2.4553,0.0572,1.031,0.1121,2.9814
fCMR_Philips_132,66,0.8372,1.3179,0.2908,4.4049,0.295,9.9585
fCMR_Philips_031,66,2.8668,0.9127,0.1088,2.2846,0.1465,6.1378
fCMR_Philips_104,66,1.7172,1.8648,0.1174,1.5473,0.1608,4.6696
fCMR_Philips_094,66,1.2797,3.059,0.0924,0.7782,0.098,2.4443
fCMR_Philips_136,66,2.9182,1.2277,0.1389,0.5278,0.1764,1.7696
fCMR_Philips_087,66,2.9694,1.5969,0.3627,2.3908,0.3766,5.3066
fCMR_Philips_003,66,0.6373,2.1675,0.2152,0.203,0.2234,0.8133
fCMR_Philips_047,66,2.1486,2.0524,0.2103,1.6884,0.3003,4.9022
fCMR_Philips_057,66,2.8174,1.975,0.2676,0.8309,0.2831,2.4951
fCMR_Philips_097,66,2.1001,2.4582,0.3907,0.231,0.4239,0.9301
fCMR_Philips_070,66,1.4311,3.2932,0.3823,0.7878,0.3881,2.9801
fCMR_Philips_068,66,1.1302,2.6355,0.2625,0.8469,0.2745,2.079
fCMR_Philips_117,67,1.2708,1.1293,0.1461,0.3211,0.1485,1.1316
fCMR_Philips_002,67,3.1013,2.5702,0.2139,0.7553,0.2391,2.4876
fCMR_Philips_052,67,2.4283,2.7743,0.1564,0.8053,0.1718,2.1557
fCMR_Philips_123,67,2.918,2.4773,0.102,0.2643,0.1502,1.1722
fCMR_Philips_079,67,1.3573,2.3299,0.1116,0.133,0.1475,1.2534
fCMR_Philips_041,67,2.9822,1.8981,0.0549,0.3146,0.1547,1.3751
fCMR_Philips_090,67,1.6214,2.4108,0.1146,0.4365,0.1517,1.2968
fCMR_Philips_114,67,2.7862,3.3641,0.1426,1.587,0.1575,3.4913
fCMR_Philips_065,67,2.1311,2.1074,0.0954,1.3509,0.1202,3.573
fCMR_Philips_132,67,2.6322,2.0575,0.2203,3.6246,0.2324,7.6587
fCMR_Philips_031,67,2.9377,2.5422,0.169,0.685,0.192,2.0592
fCMR_Philips_104,67,2.8424,2.3773,0.1723,2.3208,0.2185,5.087
fCMR_Philips_094,67,3.1292,2.2092,0.1553,0.4219,0.1719,1.6196
fCMR_Philips_136,67,1.5003,2.7922,0.1119,0.2196,0.137,1.0032
fCMR_Philips_087,67,2.7626,2.2213,0.3556,1.1437,0.3578,2.4732
fCMR_Philips_003,67,2.5021,0.6627,0.188,0.4512,0.1953,1.938
fCMR_Philips_047,67,2.8881,2.5872,0.2451,2.8852,0.2643,7.3929
fCMR_Philips_057,67,2.8649,2.015,0.1915,0.9738,0.2142,2.2329
fCMR_Philips_097,67,1.9362,2.3487,0.2867,0.6221,0.3019,1.7339
fCMR_Philips_070,67,2.1623,3.0426,0.406,1.4009,0.4197,3.3335
fCMR_Philips_068,67,2.5031,2.5863,0.3466,0.5976,0.351,1.866
fCMR_Philips_117,68,2.1999,2.6601,0.0924,0.6493,0.1304,2.4486
fCMR_Philips_002,68,3.0214,2.8316,0.2355,1.0389,0.2437,2.2935
fCMR_Philips_052,68,2.0449,3.1285,0.2025,0.4139,0.2218,1.519
fCMR_Philips_123,68,2.4939,3.2237,0.136,0.0329,0.1617,0.4474
fCMR_Philips_079,68,2.4345,2.2344,0.0633,0.2524,0.0927,1.537
fCMR_Philips_041,68,1.5544,1.7174,0.1126,0.3516,0.1462,1.0408
fCMR_Philips_090,68,3.0588,2.9081,0.1712,1.2934,0.1849,3.1229
fCMR_Philips_114,68,1.7383,2.3043,0.1274,1.2363,0.1483,2.8015
fCMR_Philips_065,68,1.6498,2.9894,0.0858,1.4172,0.101,3.7799
fCMR_Philips_132,68,2.0096,2.1408,0.1562,4.6384,0.1733,9.8729
fCMR_Philips_031,68,2.5721,2.6415,0.0476,0.6802,0.1373,1.8813
fCMR_Philips_104,68,0.7185,2.7394,0.1346,2.1426,0.1741,4.8726
fCMR_Philips_094,68,2.3343,2.4193,0.1588,0.1402,0.1654,1.2746
fCMR_Philips_136,68,3.109,1.9661,0.0866,0.0341,0.1177,0.5831
fCMR_Philips_087,68,2.6496,2.5222,0.4344,3.1071,0.4422,6.6201
fCMR_Philips_003,68,1.5662,2.4526,0.1265,0.1516,0.1557,0.8882
fCMR_Philips_047,68,1.8123,2.4868,0.286,3.4398,0.2946,7.237
fCMR_Philips_057,68,2.7725,2.684,0.1963,0.496,0.2124,1.5708
fCMR_Philips_097,68,2.3497,2.7012,0.3912,0.4716,0.4177,1.9806
fCMR_Philips_070,68,1.8366,2.2345,0.2977,0.8639,0.3167,2.2988
fCMR_Philips_068,68,1.5777,2.2425,0.2336,0.589,0.2565,2.391
fCMR_Philips_117,69,2.6598,2.7835,0.1612,1.0125,0.2061,2.9679
fCMR_Philips_002,69,1.6132,3.0664,0.253,0.6097,0.2618,1.6844
fCMR_Philips_052,69,2.3437,1.442,0.1641,0.1763,0.1752,0.7608
fCMR_Philips_123,69,2.878,2.8342,0.0955,0.5373,0.1282,2.1481
fCMR_Philips_079,69,2.3583,2.8659,0.1083,0.9159,0.1609,3.5822
fCMR_Philips_041,69,2.0366,0.9235,0.0106,0.6394,0.1008,1.7845
fCMR_Philips_090,69,3.051,2.2012,0.1856,0.5541,0.2068,1.8477
fCMR_Philips_114,69,3.0713,3.1211,0.0899,1.3794,0.1327,3.2284
fCMR_Philips_065,69,2.6219,2.8338,0.1704,2.1915,0.2015,5.3602
fCMR_Philips_132,69,1.0689,1.8677,0.2245,4.7953,0.2405,10.0116
fCMR_Philips_031,69,2.0564,2.0015,0.0936,0.6488,0.119,2.1792
fCMR_Philips_104,69,2.1823,0.5867,0.0265,0.7136,0.1511,2.2828
fCMR_Philips_094,69,2.0173,1.8317,0.1501,0.1329,0.1713,1.577
fCMR_Philips_136,69,2.0811,2.4864,0.0547,0.2656,0.0997,1.1093
fCMR_Philips_087,69,0.8917,3.1336,0.3696,1.5416,0.3716,3.9378
fCMR_Philips_003,69,1.9845,2.3908,0.2072,0.4587,0.2278,1.8636
fCMR_Philips_047,69,2.6069,2.6959,0.261,0.9255,0.2979,4.1098
fCMR_Philips_057,69,2.5532,1.9603,0.2943,0.5537,0.2999,1.815
fCMR_Philips_097,69,1.0136,2.8225,0.3256,0.6369,0.3342,2.4103
fCMR_Philips_070,69,1.3728,1.9466,0.3271,0.628,0.3519,1.9661
fCMR_Philips_068,69,2.2123,1.2647,0.3088,0.3914,0.3165,1.1547
fCMR_Philips_117,70,3.0363,2.288,0.1302,0.2777,0.1645,1.1827
fCMR_Philips_002,70,2.0464,1.6023,0.2818,1.3016,0.287,3.1534
fCMR_Philips_052,70,2.2835,2.1387,0.0999,0.2597,0.1483,0.8933
fCMR_Philips_123,70,1.1263,2.8208,0.1161,0.1591,0.1682,1.221
fCMR_Philips_079,70,1.9162,2.9706,0.1103,1.3426,0.1349,3.9916
fCMR_Philips_041,70,1.8576,3.0326,0.0525,0.5615,0.0867,1.6608
fCMR_Philips_090,70,1.4136,3.3667,0.0943,1.0301,0.1101,2.301
fCMR_Philips_114,70,2.4686,1.0773,0.2392,0.6335,0.2442,1.711
fCMR_Philips_065,70,2.4908,2.1035,0.0592,0.6282,0.1073,1.9874
fCMR_Philips_132,70,2.748,2.7917,0.2339,5.298,0.2443,11.0627
fCMR_Philips_031,70,2.5493,3.0833,0.1021,0.3199,0.1223,0.8613
fCMR_Philips_104,70,2.7418,3.2613,0.1398,2.0416,0.196,4.5634
fCMR_Philips_094,70,2.4683,2.8784,0.1716,0.3614,0.189,1.4616
fCMR_Philips_136,70,3.0753,1.3204,0.0903,0.1092,0.1098,0.7371
fCMR_Philips_087,70,1.4284,2.1924,0.3765,2.1876,0.3829,4.9118
fCMR_Philips_003,70,2.2458,1.137,0.1743,0.3043,0.1959,1.1931
fCMR_Philips_047,70,1.3924,1.9727,0.1743,0.8226,0.1901,2.4778
fCMR_Philips_057,70,1.8977,1.5653,0.2965,0.488,0.3042,1.3204
fCMR_Philips_097,70,1.5977,0.7573,0.339,0.3901,0.3647,1.7445
fCMR_Philips_070,70,1.046,3.3176,0.3451,1.0292,0.3547,2.7591
fCMR_Philips_068,70,1.9294,2.4887,0.3023,0.9307,0.3102,2.7941
fCMR_Philips_117,71,1.9266,2.6356,0.1773,0.5436,0.2131,1.9175
fCMR_Philips_002,71,3.0806,2.0015,0.1193,0.9857,0.1303,2.836
fCMR_Philips_052,71,1.7458,2.575,0.1307,1.1516,0.1523,3.1177
fCMR_Philips_123,71,2.356,2.8506,0.1654,0.1049,0.1953,0.9488
fCMR_Philips_079,71,1.9339,2.9804,0.1219,1.0343,0.1523,2.9215
fCMR_Philips_041,71,3.0658,2.7611,0.156,0.8903,0.1683,2.2783
fCMR_Philips_090,71,2.4474,2.3001,0.1137,1.5371,0.1455,3.7081
fCMR_Philips_114,71,1.9495,3.2362,0.0989,1.196,0.1349,2.8516
fCMR_Philips_065,71,1.2363,2.5737,0.0953,1.5634,0.1306,3.7022
fCMR_Philips_132,71,2.1863,2.3453,0.1434,4.1357,0.1932,9.2622
fCMR_Philips_031,71,2.0409,1.5541,0.1326,0.9538,0.1671,2.4767
fCMR_Philips_104,71,1.3877,3.1511,0.0857,1.8213,0.1831,4.5024
fCMR_Philips_094,71,1.1515,3.1841,0.0973,0.3582,0.1288,1.483
fCMR_Philips_136,71,2.1547,2.4362,0.0809,0.0538,0.1384,0.5597
fCMR_Philips_087,71,2.5726,2.6906,0.3119,1.4167,0.3242,3.5094
fCMR_Philips_003,71,1.3208,2.0338,0.194,0.2895,0.2186,1.1796
fCMR_Philips_047,71,1.2095,1.0795,0.2567,0.7377,0.2619,2.355
fCMR_Philips_057,71,3.0656,1.4089,0.2221,1.005,0.2413,2.2466
fCMR_Philips_097,71,2.1728,2.1669,0.3304,0.621,0.3761,2.6136
fCMR_Philips_070,71,2.4402,1.8197,0.3639,0.6259,0.3787,1.8261
fCMR_Philips_068,71,2.725,3.2106,0.2865,0.5179,0.3128,1.7531
fCMR_Philips_117,72,2.9436,2.3135,0.2394,1.0771,0.2749,2.7132
fCMR_Philips_002,72,2.2948,0.7705,0.1641,1.3868,0.1761,3.5413
fCMR_Philips_052,72,2.0495,2.6495,0.1062,0.452,0.1436,1.8546
fCMR_Philips_123,72,2.7751,2.1447,0.0292,0.1684,0.0896,0.7354
fCMR_Philips_079,72,2.2637,3.32,0.1047,1.3947,0.169,3.5741
fCMR_Philips_041,72,1.8844,3.7717,0.1043,0.464,0.1232,2.377
fCMR_Philips_090,72,2.3355,2.1746,0.1512,0.5672,0.1651,1.6389
fCMR_Philips_114,72,2.9022,2.5385,0.1535,2.454,0.1861,5.3673
fCMR_Philips_065,72,2.7965,1.7794,0.1005,2.7213,0.1345,6.4191
fCMR_Philips_132,72,2.8846,1.8053,0.1987,3.4942,0.2188,7.363
fCMR_Philips_031,72,3.0097,3.9411,0.095,0.421,0.1253,1.1718
fCMR_Philips_104,72,2.6516,2.553,0.1327,2.1726,0.1473,5.1369
fCMR_Philips_094,72,1.3995,3.3644,0.151,0.5942,0.1701,1.762
fCMR_Philips_136,72,2.7469,2.65,0.0383,0.1156,0.1042,0.781
fCMR_Philips_087,72,2.7791,3.2095,0.4194,1.4535,0.4368,3.9761
fCMR_Philips_003,72,2.5905,2.9134,0.236,1.1021,0.2552,2.6539
fCMR_Philips_047,72,2.9261,2.3976,0.3189,5.6355,0.3499,12.3774
fCMR_Philips_057,72,2.8135,2.7974,0.2975,0.8385,0.3034,2.0486
fCMR_Philips_097,72,2.3692,2.5687,0.3125,0.1383,0.3277,1.0225
fCMR_Philips_070,72,2.9793,2.0523,0.3919,0.914,0.4024,2.6678
fCMR_Philips_068,72,0.8452,2.4413,0.2597,0.7948,0.2691,2.1005
fCMR_Philips_117,73,2.985,2.198,0.1508,0.6771,0.1704,1.7455
fCMR_Philips_002,73,2.0225,2.2326,0.1831,0.7662,0.1984,2.0442
fCMR_Philips_052,73,3.0496,0.4294,0.1307,1.0026,0.1511,2.8824
fCMR_Philips_123,73,2.7788,2.4465,0.1855,0.4907,0.2012,1.8756
fCMR_Philips_079,73,2.2628,3.0408,0.1432,0.3569,0.1658,1.4986
fCMR_Philips_041,73,3.0149,2.6883,0.0494,0.0965,0.0952,0.809
fCMR_Philips_090,73,3.0131,1.6337,0.1573,0.7446,0.1754,2.1246
fCMR_Philips_114,73,2.5365,3.6211,0.1681,1.4973,0.177,3.7814
fCMR_Philips_065,73,2.9543,2.8439,0.1875,0.8745,0.1949,2.2681
fCMR_Philips_132,73,2.3453,2.7208,0.2601,4.9529,0.2681,10.3389
fCMR_Philips_031,73,2.7894,2.5213,0.1174,0.7625,0.1713,2.3536
fCMR_Philips_104,73,1.3921,1.979,0.0533,2.8543,0.0865,6.1276
fCMR_Philips_094,73,1.6956,2.0273,0.1078,0.3873,0.1326,1.4743
fCMR_Philips_136,73,1.0097,2.6504,0.1254,0.1287,0.1474,0.6323
fCMR_Philips_087,73,2.4479,3.3686,0.3406,1.0904,0.3529,2.7298
fCMR_Philips_003,73,2.4785,2.283,0.1843,0.1007,0.1985,0.6411
fCMR_Philips_047,73,2.7782,1.5235,0.2529,2.9068,0.3258,6.252
fCMR_Philips_057,73,2.4208,3.5306,0.17,0.8043,0.191,2.0412
fCMR_Philips_097,73,1.9996,3.3493,0.466,0.3925,0.4923,1.4034
fCMR_Philips_070,73,1.0097,1.2629,0.4505,0.871,0.4621,2.3527
fCMR_Philips_068,73,2.6431,1.9197,0.222,0.8889,0.2395,2.9186
fCMR_Philips_117,74,2.453,1.5692,0.1462,0.9839,0.1719,2.585
fCMR_Philips_002,74,1.3413,1.9495,0.1576,0.6488,0.1805,2.1836
fCMR_Philips_052,74,2.6593,1.8786,0.1589,0.7425,0.1817,2.2142
fCMR_Philips_123,74,1.6111,2.0899,0.2043,0.5276,0.2345,1.7791
fCMR_Philips_079,74,2.6263,2.6744,0.1029,0.4176,0.1474,2.0228
fCMR_Philips_041,74,2.7964,2.7025,0.0748,0.3026,0.1291,1.2239
fCMR_Philips_090,74,3.126,1.9837,0.1084,1.5898,0.1515,3.8002
fCMR_Philips_114,74,1.9228,2.1061,0.151,1.2029,0.1629,3.0982
fCMR_Philips_065,74,0.9345,2.6096,0.0785,1.3755,0.122,3.4858
fCMR_Philips_132,74,2.1746,2.4873,0.1742,3.2392,0.2168,7.0364
fCMR_Philips_031,74,2.8844,2.8007,0.0807,0.5613,0.1211,1.8728
fCMR_Philips_104,74,1.7778,2.2858,0.1745,1.5752,0.2161,4.1533
fCMR_Philips_094,74,1.889,1.2365,0.14,0.8642,0.1751,2.3417
fCMR_Philips_136,74,2.984,2.2638,0.0825,0.0891,0.1313,0.7106
fCMR_Philips_087,74,2.795,3.4025,0.4351,0.7247,0.4393,1.7818
fCMR_Philips_003,74,1.9543,1.5876,0.1496,0.1863,0.1768,1.2161
fCMR_Philips_047,74,2.4864,3.2568,0.2719,5.2072,0.2791,10.9912
fCMR_Philips_057,74,2.2472,2.0226,0.2496,0.9438,0.2594,2.605
fCMR_Philips_097,74,2.5658,2.2248,0.4602,0.3429,0.485,1.3148
fCMR_Philips_070,74,2.6168,1.3498,0.4036,1.6047,0.4153,4.2571
fCMR_Philips_068,74,1.8101,2.6191,0.2555,0.7577,0.2604,2.4679
fCMR_Philips_117,75,2.5162,1.8566,0.0639,0.669,0.1015,1.9502
fCMR_Philips_002,75,2.6126,3.0203,0.2101,1.5395,0.2257,3.7413
fCMR_Philips_052,75,2.254,2.5596,0.1936,0.8228,0.2046,2.1548
fCMR_Philips_123,75,2.8906,2.8829,0.132,0.6842,0.1695,2.7144
fCMR_Philips_079,75,2.8484,3.219,0.0792,0.4289,0.092,1.5035
fCMR_Philips_041,75,2.968,2.4532,0.0259,0.4081,0.0851,1.1924
fCMR_Philips_090,75,3.0964,3.4337,0.0939,0.8209,0.1223,2.1134
fCMR_Philips_114,75,1.525,2.2882,0.1441,0.8642,0.1515,2.4358
fCMR_Philips_065,75,3.1063,1.9207,0.0801,1.175,0.1062,2.728
fCMR_Philips_132,75,1.046,3.0236,0.2268,4.899,0.2335,10.3591
fCMR_Philips_031,75,2.8953,2.6174,0.1211,0.9427,0.1532,2.3164
fCMR_Philips_104,75,2.2919,2.4449,0.1426,1.4778,0.1731,3.4868
fCMR_Philips_094,75,2.79,2.668,0.0874,0.4234,0.1372,3.0768
fCMR_Philips_136,75,2.6759,2.126,0.1463,0.401,0.1602,1.4958
fCMR_Philips_087,75,2.6364,3.0536,0.3611,0.8422,0.3667,2.1227
fCMR_Philips_003,75,2.0731,2.1529,0.1664,0.1957,0.1808,0.9208
fCMR_Philips_047,75,0.7094,2.4231,0.2058,3.894,0.2249,8.8466
fCMR_Philips_057,75,2.0815,2.063,0.2752,1.0057,0.2805,2.558
fCMR_Philips_097,75,1.4986,1.5079,0.3304,0.2619,0.353,1.4137
fCMR_Philips_070,75,2.0987,1.9902,0.3178,1.0786,0.3333,2.8704
fCMR_Philips_068,75,2.6487,2.2741,0.2257,0.5604,0.2479,1.9458
fCMR_Philips_117,76,1.4549,1.5859,0.1473,0.2523,0.1797,1.7173
fCMR_Philips_002,76,2.2514,2.6984,0.1785,0.5167,0.1944,1.8751
fCMR_Philips_052,76,1.8327,2.4528,0.102,0.34,0.1302,1.4222
fCMR_Philips_123,76,2.9233,3.0749,0.0977,0.1499,0.7077,0.9475
fCMR_Philips_079,76,2.7393,0.9236,0.087,0.8989,0.1012,2.1431
fCMR_Philips_041,76,1.9609,3.4319,0.0819,0.2955,0.1054,1.2783
fCMR_Philips_090,76,1.4092,1.8702,0.1007,0.7771,0.1342,2.3634
fCMR_Philips_114,76,1.6129,1.7313,0.1015,0.8804,0.1233,2.1891
fCMR_Philips_065,76,2.0517,2.7698,0.0677,1.8599,0.1413,4.6588
fCMR_Philips_132,76,1.6784,1.5516,0.1824,3.5347,0.198,8.019
fCMR_Philips_031,76,3.1265,3.0505,0.1439,0.5587,0.1868,1.6726
fCMR_Philips_104,76,1.9291,2.5658,0.1487,0.8771,0.1846,2.241
fCMR_Philips_094,76,1.0948,1.8947,0.1686,0.5824,0.1933,3.1944
fCMR_Philips_136,76,1.6163,0.9465,0.0783,0.3844,0.1378,1.9392
fCMR_Philips_087,76,2.9371,0.9508,0.4146,1.8793,0.4223,3.8842
fCMR_Philips_003,76,3.0397,3.2178,0.1219,0.7675,0.1605,2.2921
fCMR_Philips_047,76,0.724,1.0018,0.1605,2.0761,0.2255,5.9966
fCMR_Philips_057,76,2.8826,2.0731,0.2442,1.3755,0.2642,3.3266
fCMR_Philips_097,76,1.3803,3.3784,0.3164,0.3404,0.3368,1.8636
fCMR_Philips_070,76,2.998,1.7493,0.4087,0.6834,0.415,2.1967
fCMR_Philips_068,76,2.4666,2.4733,0.3103,1.2602,0.3155,2.8355
fCMR_Philips_117,77,2.2671,2.4358,0.1518,0.3791,0.211,1.2218
fCMR_Philips_002,77,2.3551,1.4695,0.2142,0.7671,0.2229,2.4474
fCMR_Philips_052,77,3.0444,1.5302,0.1459,0.7365,0.1558,2.6686
fCMR_Philips_123,77,2.5809,1.8215,0.1284,0.312,0.1515,1.3334
fCMR_Philips_079,77,2.4167,2.1415,0.1073,0.4594,0.1273,1.4732
fCMR_Philips_041,77,1.9407,2.9423,0.0523,0.6371,0.1257,1.7947
fCMR_Philips_090,77,1.1964,2.2909,0.084,0.5606,0.1048,1.5728
fCMR_Philips_114,77,1.2317,2.2627,0.0852,1.5324,0.1138,3.5354
fCMR_Philips_065,77,1.944,2.5157,0.1545,1.1064,0.1701,2.7934
fCMR_Philips_132,77,1.7664,0.738,0.2359,4.0361,0.2493,8.6662
fCMR_Philips_031,77,2.5961,2.2631,0.0816,0.8487,0.1303,1.9722
fCMR_Philips_104,77,2.8775,2.4668,0.1062,1.5607,0.2035,3.518
fCMR_Philips_094,77,2.7657,2.9264,0.1431,0.7546,0.1712,1.96
fCMR_Philips_136,77,2.1006,2.458,0.1453,0.3123,0.1597,1.1729
fCMR_Philips_087,77,2.9324,1.5475,0.4678,1.2775,0.4753,3.3803
fCMR_Philips_003,77,2.9107,2.6905,0.1759,0.5257,0.2022,1.5345
fCMR_Philips_047,77,1.5096,1.6772,0.2414,1.662,0.2675,4.5022
fCMR_Philips_057,77,1.3219,2.184,0.2881,0.4899,0.3021,1.5343
fCMR_Philips_097,77,2.8485,1.6989,0.3062,0.1109,0.3223,0.6735
fCMR_Philips_070,77,2.657,3.309,0.3272,1.1629,0.3382,3.1513
fCMR_Philips_068,77,1.5532,2.8825,0.2703,0.4298,0.2936,1.4858
fCMR_Philips_117,78,2.565,1.8542,0.1051,0.2931,0.1696,1.1025
fCMR_Philips_002,78,2.2441,2.338,0.1542,1.3754,0.1734,3.7962
fCMR_Philips_052,78,2.482,2.2539,0.1435,0.8776,0.1678,2.865
fCMR_Philips_123,78,2.5648,2.2683,0.0529,1.1366,0.118,2.645
fCMR_Philips_079,78,2.5279,3.0691,0.0883,0.3928,0.1452,1.5941
fCMR_Philips_041,78,1.2701,2.7294,0.0945,0.745,0.1382,2.255
fCMR_Philips_090,78,2.9475,2.4043,0.1752,0.78,0.1951,2.2462
fCMR_Philips_114,78,2.231,2.0954,0.1332,1.5031,0.1601,3.4833
fCMR_Philips_065,78,2.8752,1.908,0.1507,1.3669,0.1721,3.139
fCMR_Philips_132,78,2.2832,2.6645,0.1465,2.9081,0.1783,6.6875
fCMR_Philips_031,78,1.597,3.0886,0.056,0.6665,0.1064,1.9354
fCMR_Philips_104,78,2.4532,2.4572,0.1358,2.5019,0.1609,5.6645
fCMR_Philips_094,78,2.5722,2.9862,0.1288,0.5631,0.1516,1.5525
fCMR_Philips_136,78,1.3538,2.6531,0.094,0.1082,0.1341,0.5379
fCMR_Philips_087,78,2.9629,2.5511,0.3617,1.807,0.3676,4.077
fCMR_Philips_003,78,3.0616,2.541,0.1189,0.2046,0.1475,0.6047
fCMR_Philips_047,78,1.3955,3.9632,0.2443,2.8119,0.2755,6.7754
fCMR_Philips_057,78,2.5542,3.1077,0.2817,1.0686,0.2931,2.8197
fCMR_Philips_097,78,1.9142,0.9866,0.3846,0.3932,0.4,1.4051
fCMR_Philips_070,78,1.7495,3.1671,0.4117,1.2164,0.4175,2.8046
fCMR_Philips_068,78,1.2082,2.9827,0.2186,0.6529,0.2382,2.5002
fCMR_Philips_117,79,3.0066,1.5413,0.1623,0.8333,0.1898,2.2746
fCMR_Philips_002,79,1.354,3.277,0.1679,1.0596,0.2002,2.805
fCMR_Philips_052,79,1.9297,2.9551,0.1493,0.4953,0.1765,1.575
fCMR_Philips_123,79,1.2152,2.1116,0.111,0.583,0.131,1.9314
fCMR_Philips_079,79,2.9052,2.4156,0.1382,0.1111,0.1586,1.057
fCMR_Philips_041,79,1.7368,4.1254,0.1202,0.3877,0.1633,1.8188
fCMR_Philips_090,79,1.8647,3.3582,0.1042,0.9424,0.1651,2.4419
fCMR_Philips_114,79,2.2122,1.8045,0.1377,1.2026,0.1548,3.1998
fCMR_Philips_065,79,2.2252,3.2799,0.1483,1.8711,0.164,4.4605
fCMR_Philips_132,79,1.7498,1.4037,0.127,3.5044,0.1604,8.2729
fCMR_Philips_031,79,2.8818,2.8639,0.1292,0.9516,0.1648,2.2916
fCMR_Philips_104,79,2.0552,1.2606,0.1148,2.1262,0.2215,5.0612
fCMR_Philips_094,79,1.9469,1.9271,0.1231,0.3801,0.1593,1.3721
fCMR_Philips_136,79,1.9592,2.7125,0.0725,0.1873,0.1124,1.2023
fCMR_Philips_087,79,2.9986,3.4852,0.4153,1.3347,0.4197,3.2004
fCMR_Philips_003,79,1.7476,3.2804,0.326,0.9002,0.3345,2.0854
fCMR_Philips_047,79,2.6819,3.1844,0.2537,1.2537,0.2768,3.6484
fCMR_Philips_057,79,1.7294,2.6663,0.2529,0.5267,0.2572,1.6442
fCMR_Philips_097,79,2.9218,3.0983,0.3522,0.4362,0.3632,1.4653
fCMR_Philips_070,79,2.3476,1.9769,0.3945,0.8571,0.4058,2.5005
fCMR_Philips_068,79,3.0378,2.8775,0.2358,0.6852,0.2595,1.778
fCMR_Philips_117,80,2.9381,1.4813,0.1306,0.6578,0.2217,2.1248
fCMR_Philips_002,80,1.892,3.0893,0.1786,0.6731,0.1894,2.2698
fCMR_Philips_052,80,2.0714,2.6718,0.2233,0.2411,0.2401,1.7411
fCMR_Philips_123,80,2.3479,2.6997,0.0895,0.799,0.1157,2.1106
fCMR_Philips_079,80,0.3629,2.459,0.1353,0.7011,0.1731,2.6324
fCMR_Philips_041,80,1.6121,2.9502,0.0721,0.4772,0.1351,1.978
fCMR_Philips_090,80,3.0855,1.949,0.1516,1.2479,0.1962,3.1996
fCMR_Philips_114,80,2.4294,1.3792,0.1381,2.6468,0.1742,6.3585
fCMR_Philips_065,80,2.4044,3.1324,0.0354,0.6016,0.1174,1.6163
fCMR_Philips_132,80,2.691,2.5782,0.2247,4.0658,0.2473,8.6835
fCMR_Philips_031,80,1.3885,2.5674,0.0763,0.6288,0.1303,1.7132
fCMR_Philips_104,80,1.5127,3.6293,0.0741,1.7625,0.1398,4.3448
fCMR_Philips_094,80,2.0807,3.129,0.1502,0.7113,0.1621,2.4134
fCMR_Philips_136,80,1.9655,3.1301,0.0827,0.1287,0.1381,1.3391
fCMR_Philips_087,80,1.3371,2.8792,0.3416,2.6277,0.3477,5.5593
fCMR_Philips_003,80,2.9583,2.6694,0.2033,0.3842,0.2301,1.7704
fCMR_Philips_047,80,0.4327,2.8661,0.2774,5.5931,0.2851,12.0379
fCMR_Philips_057,80,2.7754,1.0833,0.1963,1.4207,0.2271,3.4308
fCMR_Philips_097,80,3.1273,2.922,0.4942,0.201,0.5006,1.4599
fCMR_Philips_070,80,2.3773,1.7121,0.4281,1.4299,0.4341,3.3798
fCMR_Philips_068,80,3.1089,1.3494,0.1728,0.7234,0.1798,2.1573
fCMR_Philips_117,81,3.0734,3.5264,0.1426,0.8939,0.1662,2.3462
fCMR_Philips_002,81,2.1485,2.1907,0.1282,1.3814,0.1553,3.3133
fCMR_Philips_052,81,2.6967,2.6387,0.166,0.3432,0.2016,1.6681
fCMR_Philips_123,81,2.493,2.4502,0.1591,0.0491,0.1716,1.0265
fCMR_Philips_079,81,0.6995,2.8821,0.1836,0.5985,0.209,3.0581
fCMR_Philips_041,81,2.7407,1.9483,0.0962,0.2562,0.1252,1.1685
fCMR_Philips_090,81,1.9049,2.8383,0.0802,1.0043,0.1192,2.7624
fCMR_Philips_114,81,2.6987,2.2396,0.1895,1.5864,0.2202,3.6709
fCMR_Philips_065,81,0.9722,0.9943,0.0597,1.2569,0.0821,3.4044
fCMR_Philips_132,81,2.6466,2.7243,0.2922,4.8992,0.3,10.551
fCMR_Philips_031,81,2.6146,1.7418,0.0714,0.6394,0.1168,2.0996
fCMR_Philips_104,81,2.9013,1.5722,0.0522,2.1836,0.1561,5.3565
fCMR_Philips_094,81,2.7028,2.1495,0.1196,0.4135,0.1487,1.5861
fCMR_Philips_136,81,1.7253,1.3224,0.1239,0.1648,0.1491,0.7972
fCMR_Philips_087,81,1.9223,1.7055,0.3542,1.8392,0.3629,4.2052
fCMR_Philips_003,81,2.5196,2.031,0.2066,0.8287,0.2296,2.3789
fCMR_Philips_047,81,2.8251,2.7307,0.2045,2.8892,0.2392,8.1466
fCMR_Philips_057,81,3.1271,1.9761,0.2259,1.3909,0.2506,2.9803
fCMR_Philips_097,81,2.8102,1.9216,0.3292,0.1764,0.3482,2.398
fCMR_Philips_070,81,0.7438,3.4156,0.4119,0.5713,0.4156,1.5187
fCMR_Philips_068,81,3.0446,2.3457,0.2361,0.4509,0.244,1.325
fCMR_Philips_117,82,0.8089,2.0797,0.0556,0.5283,0.1223,2.167
fCMR_Philips_002,82,1.2652,1.4283,0.2128,1.3296,0.2333,3.4204
fCMR_Philips_052,82,2.6641,2.9717,0.1397,1.0248,0.1589,2.3593
fCMR_Philips_123,82,2.2757,2.0797,0.1744,0.658,0.2204,1.7892
fCMR_Philips_079,82,2.0972,3.425,0.0645,0.3903,0.1168,1.6728
fCMR_Philips_041,82,2.4941,1.6959,0.0736,0.5445,0.1069,2.0527
fCMR_Philips_090,82,1.6436,2.721,0.0769,0.6589,0.0955,1.421
fCMR_Philips_114,82,2.2636,3.3509,0.1692,1.4096,0.1935,3.7694
fCMR_Philips_065,82,2.9718,2.8502,0.0809,0.4436,0.1076,1.2301
fCMR_Philips_132,82,2.9654,3.6943,0.1975,2.8174,0.2063,6.4102
fCMR_Philips_031,82,1.8274,1.5687,0.1191,0.7975,0.1433,1.964
fCMR_Philips_104,82,1.9733,2.1654,0.1265,1.3766,0.1891,3.8752
fCMR_Philips_094,82,2.8,1.9337,0.1422,0.1907,0.1622,1.2914
fCMR_Philips_136,82,1.5712,3.1299,0.0748,0.1366,0.1197,0.5446
fCMR_Philips_087,82,2.2691,2.8031,0.3813,1.1335,0.3974,2.9846
fCMR_Philips_003,82,2.8724,2.5059,0.1989,0.0276,0.2053,0.3024
fCMR_Philips_047,82,2.6687,2.5984,0.2965,4.6931,0.3283,11.173
fCMR_Philips_057,82,3.0539,3.14,0.2998,1.0025,0.3071,2.5551
fCMR_Philips_097,82,1.9842,3.1735,0.2105,0.2837,0.286,1.6235
fCMR_Philips_070,82,2.3755,3.5036,0.3583,0.3595,0.3672,1.4382
fCMR_Philips_068,82,2.5723,2.3233,0.3295,0.7108,0.339,1.7916
fCMR_Philips_117,83,2.1598,1.4324,0.0918,0.6061,0.1492,1.7888
fCMR_Philips_002,83,1.5499,0.2567,0.1995,1.6221,0.2235,4.2085
fCMR_Philips_052,83,2.8678,1.3656,0.2485,0.2357,0.2643,0.7622
fCMR_Philips_123,83,1.6966,2.6444,0.0944,0.4759,0.1099,2.0096
fCMR_Philips_079,83,2.1098,2.9252,0.1614,0.2887,0.1802,1.3495
fCMR_Philips_041,83,2.1945,1.9988,0.0244,0.3498,0.1161,1.0943
fCMR_Philips_090,83,2.0809,1.8959,0.0936,0.7068,0.1436,1.9086
fCMR_Philips_114,83,2.5398,2.0691,0.0668,2.8605,0.1032,6.014
fCMR_Philips_065,83,2.0411,2.7741,0.0593,0.7359,0.0952,2.2476
fCMR_Philips_132,83,1.2429,1.73,0.1915,4.3367,0.1973,9.2907
fCMR_Philips_031,83,2.1806,0.8639,0.0656,0.8692,0.1234,2.8527
fCMR_Philips_104,83,2.6156,2.7403,0.0727,3.3896,0.1864,7.4405
fCMR_Philips_094,83,2.1501,3.0929,0.125,0.4433,0.1548,1.4598
fCMR_Philips_136,83,2.5567,1.7027,0.1227,0.3837,0.1348,1.1185
fCMR_Philips_087,83,2.8811,3.1456,0.3882,1.2154,0.4085,3.0334
fCMR_Philips_003,83,1.9357,2.675,0.2509,0.6396,0.2753,2.0092
fCMR_Philips_047,83,2.7473,2.52,0.3212,5.0211,0.3331,11.5886
fCMR_Philips_057,83,2.5256,3.4979,0.3014,1.2003,0.3102,2.7922
fCMR_Philips_097,83,2.9223,2.3156,0.4842,0.0361,0.4966,0.9756
fCMR_Philips_070,83,2.7051,3.2061,0.4647,0.7805,0.4735,2.1809
fCMR_Philips_068,83,3.0873,2.0642,0.2296,0.8807,0.254,2.4838
fCMR_Philips_117,84,2.5958,2.5719,0.1588,0.4497,0.1873,1.6416
fCMR_Philips_002,84,2.7623,3.1961,0.1903,0.9114,0.2274,2.9411
fCMR_Philips_052,84,0.6315,2.3315,0.1541,0.1468,0.1853,1.3581
fCMR_Philips_123,84,1.2916,2.8051,0.12,0.1925,0.1439,1.2308
fCMR_Philips_079,84,1.198,2.76,0.1189,0.1819,0.1584,0.9266
fCMR_Philips_041,84,1.8871,2.5313,0.0756,0.3155,0.1079,1.087
fCMR_Philips_090,84,1.5407,1.9774,0.1399,0.8193,0.1662,2.1096
fCMR_Philips_114,84,2.4349,2.4648,0.1319,1.0672,0.1808,2.6654
fCMR_Philips_065,84,0.6977,3.3415,0.1721,1.5362,0.175,4.0236
fCMR_Philips_132,84,2.7815,2.124,0.3198,4.9445,0.3389,10.4308
fCMR_Philips_031,84,1.6945,3.095,0.0788,0.7476,0.1132,2.4913
fCMR_Philips_104,84,2.3995,3.0639,0.0859,1.4841,0.1605,3.7744
fCMR_Philips_094,84,3.0462,2.2571,0.1286,0.1803,0.1336,0.6606
fCMR_Philips_136,84,2.1861,2.5388,0.0992,0.4897,0.1157,1.1194
fCMR_Philips_087,84,2.3961,2.4437,0.3839,1.698,0.396,3.9473
fCMR_Philips_003,84,2.6205,1.3667,0.1221,0.4397,0.1595,1.6309
fCMR_Philips_047,84,2.0052,2.9765,0.2808,4.0057,0.3033,9.1735
fCMR_Philips_057,84,2.2337,0.7563,0.1798,0.6712,0.189,1.8914
fCMR_Philips_097,84,2.8063,3.3185,0.3884,0.2096,0.4082,1.3932
fCMR_Philips_070,84,1.8666,2.7404,0.3922,1.408,0.3992,4.0472
fCMR_Philips_068,84,2.7739,2.443,0.2744,0.679,0.2819,2.4543
fCMR_Philips_117,85,2.2896,2.1754,0.0804,0.7047,0.1116,2.1452
fCMR_Philips_002,85,2.6122,1.62,0.1829,0.7125,0.1968,2.5142
fCMR_Philips_052,85,1.2305,2.5166,0.1248,0.1932,0.1441,1.1209
fCMR_Philips_123,85,1.1138,2.3602,0.1531,0.7818,0.1643,3.2338
fCMR_Philips_079,85,1.4127,1.9431,0.039,1.0352,0.0921,2.7402
fCMR_Philips_041,85,0.3367,2.5099,0.0438,0.5866,0.0871,1.9638
fCMR_Philips_090,85,1.7684,1.4612,0.1572,0.9457,0.1693,2.7522
fCMR_Philips_114,85,1.0575,2.2917,0.0681,1.6513,0.1049,3.7811
fCMR_Philips_065,85,0.8835,2.8667,0.0624,1.4422,0.1074,3.8695
fCMR_Philips_132,85,1.8616,2.0137,0.2382,3.3957,0.2459,7.2716
fCMR_Philips_031,85,2.4154,2.6982,0.1015,0.5846,0.1673,1.8232
fCMR_Philips_104,85,2.5386,2.1263,0.1973,2.5761,0.2255,5.4733
fCMR_Philips_094,85,2.07,1.3026,0.1017,0.5671,0.1236,2.0179
fCMR_Philips_136,85,3.0686,2.4765,0.2589,0.246,0.2666,1.1132
fCMR_Philips_087,85,2.5471,3.7257,0.2794,1.4773,0.2877,3.3744
fCMR_Philips_003,85,1.2974,2.365,0.2518,0.1134,0.2627,0.821
fCMR_Philips_047,85,2.5627,2.729,0.2179,1.2804,0.2727,3.4602
fCMR_Philips_057,85,1.7384,4.059,0.2539,0.8252,0.2719,2.1599
fCMR_Philips_097,85,1.1196,2.3687,0.3397,0.6453,0.3488,2.0384
fCMR_Philips_070,85,3.0559,2.913,0.4346,1.2872,0.4396,3.5972
fCMR_Philips_068,85,2.8657,1.8963,0.2427,1.1845,0.2515,2.8989
fCMR_Philips_117,86,3.039,2.575,0.0818,0.1457,0.135,0.8868
fCMR_Philips_002,86,1.1622,2.0834,0.1561,1.3864,0.1734,3.4293
fCMR_Philips_052,86,2.2737,3.2453,0.1622,0.6691,0.1787,1.8596
fCMR_Philips_123,86,2.4321,3.249,0.1163,0.4157,0.1548,1.4168
fCMR_Philips_079,86,2.3479,2.8531,0.0887,0.4083,0.147,1.5471
fCMR_Philips_041,86,3.1316,2.7954,0.1251,1.2825,0.1329,3.0387
fCMR_Philips_090,86,2.046,2.6191,0.1285,0.7237,0.1517,1.8416
fCMR_Philips_114,86,2.5974,2.6148,0.1876,1.7348,0.2077,3.674
fCMR_Philips_065,86,2.0441,3.2424,0.076,0.8432,0.0982,2.0971
fCMR_Philips_132,86,2.0604,2.5713,0.2783,3.9369,0.2957,8.5364
fCMR_Philips_031,86,2.0514,2.7846,0.0817,1.0122,0.1442,2.8444
fCMR_Philips_104,86,2.3959,3.0676,0.1489,3.4043,0.27,8.0442
fCMR_Philips_094,86,1.2478,3.8704,0.2307,0.574,0.2399,1.8579
fCMR_Philips_136,86,2.6457,2.1099,0.0834,0.4628,0.1143,1.3303
fCMR_Philips_087,86,2.1485,2.784,0.4167,1.1033,0.4192,2.8761
fCMR_Philips_003,86,0.4318,3.2022,0.1022,0.6977,0.1378,1.9963
fCMR_Philips_047,86,1.5474,2.9739,0.3051,3.7038,0.322,8.3153
fCMR_Philips_057,86,2.7114,1.4824,0.1947,1.4213,0.2186,3.9465
fCMR_Philips_097,86,1.4387,2.9617,0.2782,0.5333,0.3132,2.1902
fCMR_Philips_070,86,3.0053,2.8173,0.3459,0.5313,0.3682,1.4446
fCMR_Philips_068,86,2.6811,0.5284,0.2584,0.7587,0.2659,2.5194
fCMR_Philips_117,87,2.3787,3.2449,0.1446,0.0345,0.1775,1.3036
fCMR_Philips_002,87,0.3498,2.6759,0.1732,1.2396,0.1951,2.9859
fCMR_Philips_052,87,1.7484,2.0743,0.1189,0.7751,0.1422,2.3692
fCMR_Philips_123,87,1.4586,3.3775,0.1863,0.1772,0.2054,0.9522
fCMR_Philips_079,87,2.6398,2.8157,0.0624,0.3445,0.1221,1.5928
fCMR_Philips_041,87,2.4483,2.5424,0.0614,0.2597,0.1155,1.7319
fCMR_Philips_090,87,2.3653,1.851,0.1348,0.4447,0.1605,1.6568
fCMR_Philips_114,87,2.4871,0.8996,0.0828,2.3475,0.1273,5.1279
fCMR_Philips_065,87,2.7691,2.7333,0.0886,1.0398,0.1032,2.824
fCMR_Philips_132,87,0.7174,2.2972,0.1771,5.3923,0.19,11.3266
fCMR_Philips_031,87,1.95,1.7664,0.1439,1.5683,0.1588,3.7341
fCMR_Philips_104,87,1.311,2.8362,0.1051,1.9524,0.1281,4.2825
fCMR_Philips_094,87,3.0768,1.833,0.144,0.4594,0.1655,1.7277
fCMR_Philips_136,87,2.2392,2.9878,0.1837,0.1616,0.2395,1.7224
fCMR_Philips_087,87,2.409,1.1226,0.4816,1.8828,0.4879,4.1568
fCMR_Philips_003,87,2.1587,3.6257,0.1185,0.3403,0.1445,1.0626
fCMR_Philips_047,87,1.957,3.1229,0.2806,2.5828,0.3142,6.3995
fCMR_Philips_057,87,3.0472,2.6812,0.1463,2.4785,0.1567,5.5168
fCMR_Philips_097,87,2.9242,2.43,0.3992,0.5911,0.4134,2.4659
fCMR_Philips_070,87,2.5625,1.5264,0.3573,0.5508,0.3678,1.9306
fCMR_Philips_068,87,2.9481,2.9994,0.1916,0.5861,0.2091,1.5606
fCMR_Philips_117,88,2.5013,2.1506,0.1221,0.5567,0.1588,1.6344
fCMR_Philips_002,88,1.7917,1.3842,0.2519,0.8146,0.2648,2.0127
fCMR_Philips_052,88,2.1641,2.4694,0.1454,0.2396,0.1582,1.1309
fCMR_Philips_123,88,2.0084,2.4885,0.0349,0.4381,0.1352,1.673
fCMR_Philips_079,88,1.4138,3.0061,0.1282,0.4849,0.1435,2.0778
fCMR_Philips_041,88,0.9075,2.5671,0.09,0.262,0.1261,0.9945
fCMR_Philips_090,88,2.6009,2.461,0.1295,0.9778,0.1488,2.4385
fCMR_Philips_114,88,2.8223,2.3876,0.1244,1.8338,0.157,4.6354
fCMR_Philips_065,88,2.9827,2.2346,0.2009,1.253,0.2247,3.579
fCMR_Philips_132,88,1.0798,0.2327,0.1498,4.953,0.167,11.1348
fCMR_Philips_031,88,1.4168,2.4855,0.0846,0.5829,0.1352,1.6994
fCMR_Philips_104,88,2.2483,3.1352,0.1025,1.1722,0.1372,2.8622
fCMR_Philips_094,88,3.0613,2.8627,0.1868,0.4986,0.1967,1.7564
fCMR_Philips_136,88,1.967,2.2546,0.0693,0.1114,0.1205,0.5361
fCMR_Philips_087,88,3.114,2.4515,0.4315,1.1494,0.437,2.8735
fCMR_Philips_003,88,2.7142,1.5671,0.1728,0.8551,0.2034,1.9868
fCMR_Philips_047,88,2.1814,2.9542,0.3059,6.5903,0.3175,14.4466
fCMR_Philips_057,88,2.0162,2.9519,0.2775,1.5517,0.2834,3.4831
fCMR_Philips_097,88,2.1599,3.1807,0.4013,0.0813,0.4486,1.1538
fCMR_Philips_070,88,2.2675,2.6013,0.4061,0.2524,0.4156,1.7789
fCMR_Philips_068,88,1.7621,1.9362,0.184,0.3536,0.2312,1.5193
fCMR_Philips_117,89,2.6324,1.1352,0.1393,0.9414,0.1736,2.4497
fCMR_Philips_002,89,1.7784,3.2728,0.1962,0.6867,0.2092,2.0276
fCMR_Philips_052,89,1.4368,2.6184,0.1555,0.9991,0.1818,2.7382
fCMR_Philips_123,89,1.7155,3.0914,0.0653,0.5085,0.1871,1.3851
fCMR_Philips_079,89,1.9083,1.2758,0.1209,0.3658,0.1517,1.3884
fCMR_Philips_041,89,1.3421,2.7089,0.0704,0.1841,0.0927,1.1592
fCMR_Philips_090,89,1.8746,0.9963,0.125,0.4152,0.1399,1.1351
fCMR_Philips_114,89,2.1108,2.1151,0.2918,1.734,0.3037,3.842
fCMR_Philips_065,89,2.9001,3.1138,0.0866,1.1785,0.1338,3.2435
fCMR_Philips_132,89,2.0691,2.4901,0.1766,5.4643,0.1887,11.5883
fCMR_Philips_031,89,2.0532,2.8437,0.0978,1.245,0.1229,3.2051
fCMR_Philips_104,89,0.922,1.7283,0.0667,1.9298,0.108,5.0336
fCMR_Philips_094,89,2.8704,2.3774,0.1272,0.4859,0.1647,1.6742
fCMR_Philips_136,89,2.6264,2.6262,0.1074,0.3301,0.1231,1.428
fCMR_Philips_087,89,2.5672,2.9274,0.3182,2.0688,0.328,5.0223
fCMR_Philips_003,89,2.6936,2.8709,0.1749,0.4751,0.2066,1.5762
fCMR_Philips_047,89,2.5537,3.3772,0.202,0.3359,0.2169,2.4739
fCMR_Philips_057,89,2.4658,3.7632,0.2022,0.6783,0.2204,2.1665
fCMR_Philips_097,89,1.8481,2.9818,0.2822,0.9053,0.3267,2.912
fCMR_Philips_070,89,1.4934,2.3229,0.3902,1.478,0.3942,3.5699
fCMR_Philips_068,89,2.9169,2.2128,0.2196,0.9253,0.2369,2.1572
fCMR_Philips_117,90,1.0802,1.8574,0.1046,0.0778,0.1276,0.8226
fCMR_Philips_002,90,2.7081,3.0042,0.2036,0.7091,0.2197,2.6231
fCMR_Philips_052,90,2.8038,2.0758,0.1008,0.182,0.1263,1.3393
fCMR_Philips_123,90,2.977,3.7774,0.1258,0.6066,0.1365,2.0396
fCMR_Philips_079,90,1.9034,3.0633,0.1414,0.5551,0.1879,2.3116
fCMR_Philips_041,90,0.9369,2.1539,0.0404,0.489,0.1184,1.7224
fCMR_Philips_090,90,1.3989,1.5432,0.1463,0.7509,0.1801,2.3646
fCMR_Philips_114,90,2.5529,3.1033,0.156,2.2262,0.1673,5.6637
fCMR_Philips_065,90,2.7366,2.3369,0.0591,0.8187,0.1093,2.3666
fCMR_Philips_132,90,2.9299,3.0145,0.2322,4.0482,0.2463,8.5046
fCMR_Philips_031,90,2.9048,1.9322,0.098,0.2679,0.1595,1.393
fCMR_Philips_104,90,1.5413,1.2526,0.1759,1.4843,0.1981,3.3917
fCMR_Philips_094,90,2.5707,1.9757,0.0973,0.2516,0.1545,1.5808
fCMR_Philips_136,90,2.4067,2.5486,0.0747,0.1382,0.0992,0.746
fCMR_Philips_087,90,2.5061,1.6787,0.3892,3.1249,0.4059,7.1154
fCMR_Philips_003,90,2.8402,1.716,0.2246,0.5356,0.2309,1.5905
fCMR_Philips_047,90,2.831,1.4994,0.228,1.8931,0.2634,4.9902
fCMR_Philips_057,90,3.1162,2.2263,0.266,1.6343,0.2726,3.6699
fCMR_Philips_097,90,1.3814,3.2203,0.3167,0.0251,0.3326,0.8761
fCMR_Philips_070,90,2.9519,3.4314,0.348,1.1096,0.3651,2.857
fCMR_Philips_068,90,2.1609,2.222,0.2743,0.894,0.2839,2.2632
fCMR_Philips_117,91,2.1738,3.0671,0.1353,1.1334,0.1658,2.8417
fCMR_Philips_002,91,1.5602,1.4976,0.1861,0.6335,0.1956,1.8541
fCMR_Philips_052,91,2.5639,2.8609,0.0575,0.9194,0.1096,2.7937
fCMR_Philips_123,91,0.5622,2.1308,0.0918,0.2874,0.141,1.6684
fCMR_Philips_079,91,1.4942,1.757,0.1005,0.4762,0.1221,1.9489
fCMR_Philips_041,91,2.7733,2.4838,0.0386,1.4255,0.0877,3.5394
fCMR_Philips_090,91,2.625,2.611,0.1282,0.9927,0.1649,2.9898
fCMR_Philips_114,91,1.7314,2.6379,0.2025,1.036,0.2191,2.6251
fCMR_Philips_065,91,1.6567,2.8837,0.1125,1.6017,0.1313,3.7389
fCMR_Philips_132,91,2.7296,3.4635,0.2691,3.2776,0.2849,7.1231
fCMR_Philips_031,91,2.582,1.5387,0.0748,0.8141,0.0955,2.1863
fCMR_Philips_104,91,2.7054,2.51,0.1834,1.7837,0.2018,4.4319
fCMR_Philips_094,91,1.6234,2.4186,0.1278,0.2369,0.193,1.5474
fCMR_Philips_136,91,3.1179,2.4754,0.0692,0.6996,0.0963,1.7726
fCMR_Philips_087,91,1.7074,3.3164,0.412,2.1976,0.4169,4.9826
fCMR_Philips_003,91,2.9188,3.0924,0.184,0.2456,0.1921,1.1148
fCMR_Philips_047,91,2.829,1.7084,0.2712,2.0335,0.2814,4.9255
fCMR_Philips_057,91,3.0236,2.1187,0.2313,0.863,0.239,2.3764
fCMR_Philips_097,91,2.4517,3.5768,0.5006,0.536,0.5113,1.8235
fCMR_Philips_070,91,2.6378,3.2518,0.4166,2.4737,0.4372,5.9693
fCMR_Philips_068,91,2.1297,2.7003,0.2803,0.4861,0.2907,1.9147
fCMR_Philips_117,92,2.1963,0.9732,0.1563,0.8295,0.2072,3.1715
fCMR_Philips_002,92,2.7467,1.0744,0.1716,1.3163,0.181,3.2182
fCMR_Philips_052,92,2.742,3.1351,0.2074,0.3217,0.2271,1.265
fCMR_Philips_123,92,2.7467,2.2866,0.1128,0.4311,0.152,2.0523
fCMR_Philips_079,92,3.0475,2.5574,0.1077,0.1774,0.1213,1.0515
fCMR_Philips_041,92,0.5664,3.6774,0.1162,0.6876,0.1639,2.906
fCMR_Philips_090,92,2.3348,3.1282,0.1629,0.7793,0.2204,2.7113
fCMR_Philips_114,92,2.0061,1.1187,0.1396,1.7723,0.1703,4.355
fCMR_Philips_065,92,2.2339,2.6543,0.1094,1.3264,0.1391,3.2957
fCMR_Philips_132,92,1.7799,3.3074,0.2758,4.4884,0.2899,9.2884
fCMR_Philips_031,92,1.8452,2.6951,0.0575,1.3682,0.1008,3.1184
fCMR_Philips_104,92,2.5751,4.0192,0.1315,1.8883,0.1621,4.3351
fCMR_Philips_094,92,2.8082,1.4664,0.1462,0.3852,0.1841,1.6254
fCMR_Philips_136,92,1.1989,3.3126,0.0898,0.0225,0.144,1.364
fCMR_Philips_087,92,1.2152,1.7318,0.3643,2.1457,0.3666,4.8192
fCMR_Philips_003,92,1.6006,2.9398,0.1492,0.2946,0.1708,1.4484
fCMR_Philips_047,92,2.7799,2.5347,0.2958,3.0596,0.3248,8.1098
fCMR_Philips_057,92,2.0949,3.3394,0.2339,0.7189,0.2609,1.7529
fCMR_Philips_097,92,1.2946,1.8208,0.3969,0.0934,0.4226,1.4232
fCMR_Philips_070,92,2.781,2.7,0.3784,1.1999,0.388,3.4582
fCMR_Philips_068,92,1.3662,3.414,0.3092,0.4094,0.3203,1.4441
fCMR_Philips_117,93,1.6041,2.4094,0.1524,1.0982,0.2021,2.6658
fCMR_Philips_002,93,2.2563,2.9859,0.2866,0.5278,0.3024,2.077
fCMR_Philips_052,93,3.1033,2.3027,0.1556,0.5873,0.1783,1.4808
fCMR_Philips_123,93,1.0116,3.1264,0.1385,0.3822,0.1672,1.7707
fCMR_Philips_079,93,1.3661,3.0082,0.0966,0.3633,0.1215,1.4008
fCMR_Philips_041,93,2.0627,1.0066,0.0373,0.854,0.0776,2.2517
fCMR_Philips_090,93,3.061,2.5339,0.1016,1.241,0.1182,2.9624
fCMR_Philips_114,93,2.8856,1.7139,0.1858,1.104,0.2055,2.8583
fCMR_Philips_065,93,1.7718,3.0704,0.1052,0.6937,0.1307,1.7364
fCMR_Philips_132,93,1.8259,1.6828,0.1756,3.0888,0.2228,7.3393
fCMR_Philips_031,93,1.5257,3.2453,0.1206,0.6705,0.1667,2.0508
fCMR_Philips_104,93,2.4031,2.2985,0.2078,1.4976,0.2683,3.3325
fCMR_Philips_094,93,1.4439,2.7442,0.1158,0.932,0.1554,3.3653
fCMR_Philips_136,93,2.6877,2.9859,0.1019,0.1878,0.143,1.0984
fCMR_Philips_087,93,1.6797,2.5302,0.3149,2.8441,0.324,7.0093
fCMR_Philips_003,93,3.1137,1.9467,0.1583,0.3167,0.1781,1.2768
fCMR_Philips_047,93,2.2137,2.2827,0.2609,0.9285,0.2821,3.3246
fCMR_Philips_057,93,2.436,1.5644,0.2165,0.5695,0.2321,1.8497
fCMR_Philips_097,93,2.9037,2.1567,0.3772,0.1491,0.3934,1.4399
fCMR_Philips_070,93,2.7634,1.4969,0.3979,0.6535,0.4124,2.053
fCMR_Philips_068,93,2.2287,2.4591,0.2398,0.7147,0.2694,1.9626
fCMR_Philips_117,94,1.3861,1.8765,0.0622,0.187,0.121,1.3609
fCMR_Philips_002,94,1.9411,1.2253,0.2782,0.6545,0.2844,2.2434
fCMR_Philips_052,94,2.3725,2.4084,0.1386,0.8773,0.1528,2.6182
fCMR_Philips_123,94,2.9904,1.7699,0.1047,0.5566,0.1489,1.8164
fCMR_Philips_079,94,2.8729,1.5553,0.0927,0.5868,0.1022,1.7908
fCMR_Philips_041,94,2.4597,2.0252,0.0866,1.0648,0.134,3.2089
fCMR_Philips_090,94,2.7193,0.3268,0.1369,0.6253,0.1751,1.8751
fCMR_Philips_114,94,3.0199,2.5819,0.1676,1.6101,0.1872,3.9742
fCMR_Philips_065,94,2.8333,2.6964,0.112,1.4923,0.1283,3.2831
fCMR_Philips_132,94,3.0654,1.7074,0.2057,3.8684,0.2175,8.2815
fCMR_Philips_031,94,1.0642,2.4531,0.1085,0.6267,0.1579,2.2744
fCMR_Philips_104,94,2.6477,2.8755,0.2263,2.7358,0.2791,5.9618
fCMR_Philips_094,94,2.6373,1.2344,0.1589,0.3752,0.1864,1.8122
fCMR_Philips_136,94,2.4479,2.3774,0.1176,0.418,0.153,1.3855
fCMR_Philips_087,94,1.6043,0.3907,0.3418,0.9072,0.3471,2.4405
fCMR_Philips_003,94,2.97,2.2253,0.149,0.3024,0.1812,1.2462
fCMR_Philips_047,94,2.0629,1.7909,0.2741,4.1781,0.3108,9.5959
fCMR_Philips_057,94,2.2695,1.757,0.1735,0.6213,0.19,1.953
fCMR_Philips_097,94,1.6764,0.847,0.3125,0.4228,0.3832,1.181
fCMR_Philips_070,94,1.1257,3.1777,0.4178,0.4291,0.4316,1.8439
fCMR_Philips_068,94,2.5954,1.7719,0.2397,0.9796,0.2487,2.7641
fCMR_Philips_117,95,2.9158,2.8589,0.1229,0.7527,0.1865,2.723
fCMR_Philips_002,95,3.1277,3.5016,0.1849,0.8029,0.2169,2.1262
fCMR_Philips_052,95,2.9284,2.1611,0.1262,0.5691,0.1341,1.8993
fCMR_Philips_123,95,2.2131,3.3413,0.1823,0.0655,0.1989,0.778
fCMR_Philips_079,95,2.6262,2.6639,0.0727,0.4934,0.122,2.0557
fCMR_Philips_041,95,1.8282,1.9292,0.0745,0.7371,0.094,2.2102
fCMR_Philips_090,95,1.7233,2.383,0.0989,0.4745,0.1552,1.1905
fCMR_Philips_114,95,1.7007,2.5399,0.2131,1.4568,0.2365,3.6967
fCMR_Philips_065,95,1.4,2.9961,0.1038,1.5189,0.144,3.966
fCMR_Philips_132,95,0.3122,2.5221,0.2301,3.9893,0.2397,8.4542
fCMR_Philips_031,95,0.6684,3.2449,0.0951,1.0597,0.1219,3.462
fCMR_Philips_104,95,2.9475,1.7672,0.1063,1.8282,0.145,4.3091
fCMR_Philips_094,95,2.5363,2.4716,0.1239,0.1508,0.1873,1.0241
fCMR_Philips_136,95,2.8862,2.9608,0.0699,0.2581,0.0866,1.214
fCMR_Philips_087,95,2.6745,2.4562,0.3188,1.8136,0.3297,4.2313
fCMR_Philips_003,95,3.1048,1.3317,0.188,0.8664,0.2096,2.6789
fCMR_Philips_047,95,2.9348,3.0592,0.2125,3.254,0.2469,7.9166
fCMR_Philips_057,95,1.6735,2.3671,0.2494,0.8782,0.2654,2.4646
fCMR_Philips_097,95,2.677,1.9142,0.3473,0.0528,0.3719,0.6981
fCMR_Philips_070,95,1.266,3.2863,0.3338,0.6472,0.3482,2.1965
fCMR_Philips_068,95,2.2691,3.9001,0.2423,1.0215,0.2673,2.8582
fCMR_Philips_117,96,3.0143,2.2814,0.2006,1.575,0.2061,3.5348
fCMR_Philips_002,96,1.928,2.789,0.2582,0.3859,0.2751,1.5823
fCMR_Philips_052,96,1.0376,1.3222,0.2151,0.3396,0.2331,1.8549
fCMR_Philips_123,96,1.02,2.2509,0.0801,0.2644,0.1056,1.4368
fCMR_Philips_079,96,2.316,1.3603,0.1493,0.3356,0.164,1.5136
fCMR_Philips_041,96,2.8077,2.7211,0.0775,0.0301,0.1298,1.1997
fCMR_Philips_090,96,2.866,2.0457,0.0797,1.0127,0.1281,2.4624
fCMR_Philips_114,96,1.2095,3.0787,0.1592,1.3141,0.2044,3.1995
fCMR_Philips_065,96,1.7215,3.3568,0.0775,1.2436,0.1432,2.9578
fCMR_Philips_132,96,1.9182,2.9706,0.2034,6.4104,0.2114,13.2626
fCMR_Philips_031,96,1.9458,2.056,0.12,1.3711,0.1431,3.6896
fCMR_Philips_104,96,3.0043,2.6327,0.1778,1.8134,0.2074,4.1196
fCMR_Philips_094,96,1.6835,0.3747,0.0935,0.7243,0.1332,2.4186
fCMR_Philips_136,96,3.0673,3.0496,0.0618,0.0519,0.1041,0.3812
fCMR_Philips_087,96,1.5112,2.8468,0.36,1.6174,0.3683,3.7708
fCMR_Philips_003,96,2.779,2.7243,0.1253,0.4163,0.1454,1.3371
fCMR_Philips_047,96,2.2405,1.2235,0.2269,1.923,0.2522,4.5259
fCMR_Philips_057,96,3.1415,2.0158,0.281,0.9846,0.2904,2.4663
fCMR_Philips_097,96,3.0415,1.9911,0.4336,0.1971,0.4644,1.5257
fCMR_Philips_070,96,2.228,2.3698,0.3626,0.9493,0.3756,3.0666
fCMR_Philips_068,96,2.3522,1.0793,0.2614,0.5559,0.2813,1.5243
fCMR_Philips_117,97,0.5993,0.8939,0.1894,0.4037,0.2192,1.0438
fCMR_Philips_002,97,2.5808,3.3313,0.2049,1.5831,0.2072,3.6885
fCMR_Philips_052,97,1.9395,3.5055,0.1266,0.9699,0.1574,2.8603
fCMR_Philips_123,97,1.814,2.4816,0.0926,0.2501,0.1823,1.7623
fCMR_Philips_079,97,2.3937,2.4928,0.0957,0.5236,0.1113,1.6042
fCMR_Philips_041,97,2.2652,2.1369,0.0764,0.665,0.135,2.0707
fCMR_Philips_090,97,2.31,2.3085,0.1295,1.0067,0.1757,3.2487
fCMR_Philips_114,97,2.7292,2.3515,0.0988,1.5392,0.1674,3.5613
fCMR_Philips_065,97,1.828,1.9732,0.0964,0.8952,0.1508,2.3174
fCMR_Philips_132,97,2.4088,1.0354,0.201,3.0563,0.2253,6.4702
fCMR_Philips_031,97,3.092,2.7247,0.0543,1.0811,0.1192,3.1897
fCMR_Philips_104,97,2.1738,2.5008,0.1728,2.6516,0.1971,5.778
fCMR_Philips_094,97,2.3994,2.6521,0.1074,0.2769,0.1273,1.0841
fCMR_Philips_136,97,1.6564,2.5136,0.2203,0.2731,0.2409,1.0091
fCMR_Philips_087,97,2.6395,2.3691,0.326,3.3626,0.333,7.3287
fCMR_Philips_003,97,1.6443,2.9457,0.251,0.5424,0.2608,1.5182
fCMR_Philips_047,97,2.064,2.2116,0.2307,1.1685,0.2398,3.6563
fCMR_Philips_057,97,1.3559,2.6844,0.1935,0.9548,0.2102,2.445
fCMR_Philips_097,97,3.0702,2.8587,0.3467,0.9101,0.4,2.8978
fCMR_Philips_070,97,2.5145,2.7549,0.3159,0.9199,0.3259,2.6369
fCMR_Philips_068,97,2.5613,2.7533,0.3292,0.8145,0.3423,2.1668
fCMR_Philips_117,98,2.0419,2.0828,0.0465,0.4441,0.1199,1.4415
fCMR_Philips_002,98,2.4707,2.7229,0.1718,1.1004,0.1841,2.5779
fCMR_Philips_052,98,2.3595,0.7201,0.0791,0.1056,0.1164,0.8027
fCMR_Philips_123,98,2.1739,3.3272,0.1911,0.7674,0.2322,2.6003
fCMR_Philips_079,98,2.5043,2.55,0.136,0.1916,0.1628,1.5084
fCMR_Philips_041,98,2.4833,2.4531,0.0666,0.3812,0.1297,1.829
fCMR_Philips_090,98,2.0116,2.6886,0.0974,0.5357,0.1175,1.4979
fCMR_Philips_114,98,3.1178,3.0611,0.1712,1.4069,0.1835,3.5429
fCMR_Philips_065,98,1.3833,2.5273,0.0896,2.7854,0.1178,6.036
fCMR_Philips_132,98,2.0891,2.8264,0.2607,5.7471,0.2665,12.007
fCMR_Philips_031,98,2.0074,1.1622,0.0691,0.7147,0.1413,2.585
fCMR_Philips_104,98,2.9741,2.1296,0.227,2.0725,0.2462,4.8358
fCMR_Philips_094,98,2.5815,3.3308,0.0738,1.385,0.1134,3.1418
fCMR_Philips_136,98,2.1734,2.5655,0.0836,0.1645,0.113,0.7336
fCMR_Philips_087,98,2.3604,2.5208,0.3696,1.4439,0.3843,3.3872
fCMR_Philips_003,98,2.4275,2.5737,0.1978,0.2276,0.2304,1.2928
fCMR_Philips_047,98,2.2296,1.0042,0.2867,3.3449,0.317,7.5404
fCMR_Philips_057,98,0.9233,2.7801,0.2566,1.0862,0.2609,2.467
fCMR_Philips_097,98,2.272,2.6629,0.3779,0.2146,0.3968,0.8246
fCMR_Philips_070,98,2.4045,2.3705,0.395,1.0685,0.3988,3.0769
fCMR_Philips_068,98,2.0812,0.5074,0.2819,0.355,0.3117,1.0439
fCMR_Philips_117,99,2.3134,3.1485,0.128,0.4268,0.1957,1.506
fCMR_Philips_002,99,1.4746,1.9763,0.1497,1.4223,0.1647,3.261
fCMR_Philips_052,99,2.6485,0.8449,0.1571,1.0042,0.1763,2.5943
fCMR_Philips_123,99,1.6313,1.6752,0.1531,0.0682,0.1643,1.1146
fCMR_Philips_079,99,1.8807,2.6126,0.1273,1.2596,0.1449,4.0651
fCMR_Philips_041,99,2.0455,2.1949,0.1033,0.8442,0.1377,2.8385
fCMR_Philips_090,99,1.5478,2.8536,0.122,0.8046,0.1479,2.3804
fCMR_Philips_114,99,2.7796,2.2748,0.1493,1.8142,0.1851,4.4888
fCMR_Philips_065,99,2.2447,2.7366,0.1325,1.1651,0.1488,3.2223
fCMR_Philips_132,99,2.4768,2.2202,0.2271,4.6645,0.2463,9.7716
fCMR_Philips_031,99,1.603,2.5321,0.0757,0.6345,0.1282,1.9894
fCMR_Philips_104,99,1.3519,1.4352,0.1122,0.9341,0.1749,2.1662
fCMR_Philips_094,99,1.095,1.8842,0.1276,0.3022,0.1428,2.1292
fCMR_Philips_136,99,1.6127,2.5949,0.0689,0.2792,0.1069,1.496
fCMR_Philips_087,99,1.5477,2.8304,0.3428,1.6614,0.3471,4.0564
fCMR_Philips_003,99,2.4712,1.8397,0.1598,0.2722,0.183,0.9705
fCMR_Philips_047,99,1.9125,3.2491,0.2391,1.6598,0.2574,4.9562
fCMR_Philips_057,99,1.3014,2.9267,0.2362,0.9021,0.2516,2.5521
fCMR_Philips_097,99,2.0496,2.3089,0.4953,0.514,0.5091,2.5392
fCMR_Philips_070,99,3.0948,1.3455,0.4097,2.0119,0.4186,5.1201
fCMR_Philips_068,99,2.7531,1.3424,0.2888,1.0608,0.2963,2.8106
fCMR_Philips_117,100,1.7601,2.5719,0.12,1.5731,0.1403,3.8927
fCMR_Philips_002,100,2.3452,2.8706,0.1595,0.8535,0.178,3.3766
fCMR_Philips_052,100,2.0083,2.6662,0.1508,0.6698,0.1775,2.1593
fCMR_Philips_123,100,2.4674,3.1623,0.0775,0.2286,0.0973,0.8498
fCMR_Philips_079,100,1.4346,3.1968,0.1576,0.9564,0.1727,2.5365
fCMR_Philips_041,100,3.0309,2.8332,0.086,0.4057,0.1394,1.4991
fCMR_Philips_090,100,1.6398,1.8022,0.1313,0.4815,0.1571,1.4732
fCMR_Philips_114,100,2.7031,1.427,0.1372,1.509,0.1509,3.5042
fCMR_Philips_065,100,1.4315,2.1732,0.0729,1.9925,0.106,4.5618
fCMR_Philips_132,100,3.1135,3.0048,0.228,4.2772,0.237,8.9734
fCMR_Philips_031,100,1.1197,2.8475,0.1267,0.715,0.1534,2.5408
fCMR_Philips_104,100,1.8907,1.2643,0.2475,2.074,0.2882,4.6703
fCMR_Philips_094,100,2.2578,1.864,0.1189,0.1875,0.1844,1.3586
fCMR_Philips_136,100,2.9954,1.9683,0.0876,0.225,0.1034,0.8095
fCMR_Philips_087,100,2.9461,3.0532,0.3749,2.613,0.3832,5.8471
fCMR_Philips_003,100,2.3357,3.0207,0.1822,0.043,0.2092,0.6258
fCMR_Philips_047,100,2.4869,3.4172,0.3019,5.0798,0.3315,12.3596
fCMR_Philips_057,100,1.8099,3.1961,0.3205,0.7776,0.3248,1.9854
fCMR_Philips_097,100,2.356,3.3099,0.4236,0.52,0.4318,1.5905
fCMR_Philips_070,100,2.3088,2.2397,0.2747,1.7652,0.2914,4.6937
fCMR_Philips_068,100,2.3589,3.1091,0.2036,0.4709,0.2222,1.8571
fCMR_Philips_117,101,2.1059,1.709,0.1611,0.3648,0.1851,1.4478
fCMR_Philips_002,101,2.6566,2.4391,0.1671,0.8742,0.2014,2.5131
fCMR_Philips_052,101,1.0041,2.7561,0.1397,0.3608,0.1572,1.3112
fCMR_Philips_123,101,1.7876,2.6051,0.1218,0.2227,0.1706,1.9893
fCMR_Philips_079,101,2.9675,1.7536,0.1062,1.6078,0.1253,3.9462
fCMR_Philips_041,101,1.7616,2.8847,0.1013,0.3947,0.117,1.2818
fCMR_Philips_090,101,2.8215,2.3591,0.1084,1.2478,0.1446,3.6831
fCMR_Philips_114,101,1.7028,2.3372,0.1373,1.9603,0.1493,4.7264
fCMR_Philips_065,101,1.471,1.4267,0.0962,0.8622,0.1143,2.3309
fCMR_Philips_132,101,3.1159,2.2357,0.1193,4.4957,0.136,9.2833
fCMR_Philips_031,101,2.5948,2.7417,0.1406,1.2879,0.1744,3.4364
fCMR_Philips_104,101,2.5941,1.5965,0.1733,1.8279,0.203,4.0069
fCMR_Philips_094,101,2.8743,1.9874,0.1552,0.7664,0.1596,2.2248
fCMR_Philips_136,101,2.8682,2.9769,0.2119,0.5019,0.2284,1.5844
fCMR_Philips_087,101,1.8753,3.3183,0.4141,1.0135,0.4184,3.1633
fCMR_Philips_003,101,2.352,1.8211,0.1937,0.3474,0.2066,1.6267
fCMR_Philips_047,101,0.9846,2.4862,0.1593,0.9444,0.2483,2.7946
fCMR_Philips_057,101,2.9842,3.1811,0.177,0.9701,0.1925,2.5769
fCMR_Philips_097,101,1.1761,1.1558,0.3424,0.101,0.3617,0.8348
fCMR_Philips_070,101,1.4855,2.0447,0.3481,0.9111,0.3527,2.7149
fCMR_Philips_068,101,1.9673,2.5796,0.265,0.3124,0.2707,1.4628
fCMR_Philips_117,102,2.8282,2.1648,0.1815,0.4317,0.1905,1.1736
fCMR_Philips_002,102,2.3065,3.4414,0.1626,0.9394,0.183,2.7376
fCMR_Philips_052,102,3.1086,2.6728,0.1511,0.6456,0.1702,1.8624
fCMR_Philips_123,102,2.5345,2.8012,0.1425,0.0804,0.1958,0.7992
fCMR_Philips_079,102,2.8303,1.847,0.1031,0.5206,0.1197,2.0612
fCMR_Philips_041,102,2.1585,2.5705,0.0704,0.3946,0.104,1.0802
fCMR_Philips_090,102,2.0482,2.1419,0.1248,1.1591,0.1633,3.4135
fCMR_Philips_114,102,1.6703,1.5334,0.2423,1.4055,0.2555,4.646
fCMR_Philips_065,102,3.0992,2.5214,0.1365,1.6731,0.1521,3.8879
fCMR_Philips_132,102,1.7377,1.4985,0.2045,5.6002,0.22,11.5918
fCMR_Philips_031,102,2.8273,1.9483,0.1196,0.4934,0.1583,1.3734
fCMR_Philips_104,102,2.4582,2.7789,0.1667,2.3552,0.2515,5.6471
fCMR_Philips_094,102,2.5752,2.5559,0.092,1.1606,0.121,2.9156
fCMR_Philips_136,102,2.8705,3.2419,0.0705,0.2339,0.129,0.8784
fCMR_Philips_087,102,2.9501,1.2633,0.3858,1.1905,0.3985,3.1898
fCMR_Philips_003,102,0.6263,2.0034,0.1536,0.5404,0.1829,1.5248
fCMR_Philips_047,102,1.0909,2.3462,0.2411,1.1038,0.2781,3.6238
fCMR_Philips_057,102,3.1199,1.5014,0.2506,0.8484,0.261,2.137
fCMR_Philips_097,102,1.595,3.3865,0.3917,0.1751,0.4069,1.5036
fCMR_Philips_070,102,2.3356,2.8351,0.4271,0.7203,0.4347,2.5144
fCMR_Philips_068,102,2.0163,3.2588,0.2876,1.0249,0.3258,2.7765
fCMR_Philips_117,103,2.3138,1.7457,0.1042,0.6924,0.1528,2.5836
fCMR_Philips_002,103,2.7134,2.7408,0.1793,1.1779,0.1884,2.7744
fCMR_Philips_052,103,2.836,1.7188,0.1752,0.9011,0.1991,2.8001
fCMR_Philips_123,103,2.2049,2.5883,0.1616,0.4035,0.2125,1.6444
fCMR_Philips_079,103,1.6876,2.414,0.0721,0.3548,0.104,1.191
fCMR_Philips_041,103,1.4171,2.6153,0.0555,0.5576,0.1055,1.6624
fCMR_Philips_090,103,2.4093,2.3704,0.109,0.9539,0.1265,2.2948
fCMR_Philips_114,103,2.3712,2.2199,0.1992,0.8635,0.2224,2.2329
fCMR_Philips_065,103,1.6732,1.2533,0.1228,1.97,0.1403,4.2616
fCMR_Philips_132,103,3.1144,2.5047,0.2246,3.1174,0.2305,6.7072
fCMR_Philips_031,103,2.6835,1.6137,0.1273,0.42,0.156,1.601
fCMR_Philips_104,103,1.9548,1.1202,0.1826,1.3996,0.2173,3.1947
fCMR_Philips_094,103,2.4419,2.0464,0.0945,0.9961,0.1435,3.1098
fCMR_Philips_136,103,2.8958,3.3995,0.1184,0.5604,0.1354,1.5438
fCMR_Philips_087,103,2.7928,3.3325,0.2753,0.9028,0.2905,2.2186
fCMR_Philips_003,103,2.5811,0.6616,0.1959,0.1104,0.2044,0.7933
fCMR_Philips_047,103,0.8821,2.7907,0.2263,1.3545,0.2794,3.7985
fCMR_Philips_057,103,2.4164,2.123,0.3337,1.5613,0.3458,3.8185
fCMR_Philips_097,103,1.8986,2.4525,0.4734,0.2052,0.4807,0.8979
fCMR_Philips_070,103,1.4846,2.7775,0.3077,0.8396,0.3125,2.2
fCMR_Philips_068,103,1.3427,2.9767,0.2467,0.8167,0.2622,2.3209
fCMR_Philips_117,104,2.3657,3.2623,0.1779,0.8724,0.1996,2.5225
fCMR_Philips_002,104,1.9514,2.3533,0.2049,1.9241,0.2243,4.6656
fCMR_Philips_052,104,1.6548,3.102,0.1473,0.388,0.165,1.3421
fCMR_Philips_123,104,0.554,1.8299,0.104,0.1846,0.1345,1.6894
fCMR_Philips_079,104,3.0025,3.6991,0.0849,0.4988,0.1199,1.6532
fCMR_Philips_041,104,2.3102,3.5767,0.1273,0.5252,0.1486,1.8072
fCMR_Philips_090,104,2.0657,2.8284,0.1468,0.9533,0.199,2.5942
fCMR_Philips_114,104,2.2852,1.3646,0.1721,1.8004,0.1869,4.3038
fCMR_Philips_065,104,1.5656,1.2927,0.0485,1.5447,0.1185,3.8957
fCMR_Philips_132,104,2.8401,1.9825,0.1686,4.0405,0.201,8.7594
fCMR_Philips_031,104,2.4458,2.7243,0.121,0.9626,0.1678,2.7712
fCMR_Philips_104,104,1.8793,1.6004,0.1191,1.9512,0.15,4.5162
fCMR_Philips_094,104,1.3932,2.2407,0.0485,0.4222,0.0966,1.769
fCMR_Philips_136,104,2.4905,2.8642,0.1159,0.2503,0.1362,0.869
fCMR_Philips_087,104,2.4713,3.3135,0.3561,1.8801,0.3605,4.3702
fCMR_Philips_003,104,2.1147,3.0282,0.1011,0.2204,0.1171,0.7391
fCMR_Philips_047,104,0.8363,2.1244,0.2289,3.1517,0.2328,7.3615
fCMR_Philips_057,104,2.9239,2.7743,0.2148,0.9737,0.2328,2.4384
fCMR_Philips_097,104,2.093,2.0761,0.3227,0.5049,0.3321,1.8501
fCMR_Philips_070,104,1.5693,1.319,0.3699,0.9193,0.3797,2.7265
fCMR_Philips_068,104,2.5866,2.3081,0.2489,0.4835,0.2666,1.7531
fCMR_Philips_117,105,2.9328,2.6849,0.1166,0.7549,0.1297,2.257
fCMR_Philips_002,105,2.4819,3.6558,0.1824,1.7902,0.2074,4.0765
fCMR_Philips_052,105,2.0446,2.6079,0.187,0.5084,0.2014,1.9309
fCMR_Philips_123,105,1.7425,3.4163,0.1988,0.0223,0.2179,0.518
fCMR_Philips_079,105,2.1868,3.4054,0.0989,0.1944,0.137,1.3278
fCMR_Philips_041,105,1.9446,2.3904,0.0341,0.5382,0.0999,1.7669
fCMR_Philips_090,105,1.7588,1.4821,0.1378,0.9655,0.1505,2.3564
fCMR_Philips_114,105,2.1383,1.2506,0.0999,1.728,0.1319,4.1894
fCMR_Philips_065,105,1.7838,1.3523,0.1011,1.7607,0.1196,3.8302
fCMR_Philips_132,105,2.6696,1.6539,0.2045,3.99,0.2154,8.9033
fCMR_Philips_031,105,2.5505,3.6204,0.1364,0.7201,0.178,2.1988
fCMR_Philips_104,105,3.1091,3.233,0.1063,2.1763,0.1624,4.6719
fCMR_Philips_094,105,3.0573,1.7133,0.1418,0.0897,0.1615,1.2433
fCMR_Philips_136,105,2.4984,3.2633,0.1121,0.4145,0.1438,1.2391
fCMR_Philips_087,105,2.1899,2.6259,0.3137,1.1208,0.3259,2.9514
fCMR_Philips_003,105,2.3882,2.0364,0.1732,0.4987,0.1908,1.5726
fCMR_Philips_047,105,1.5425,1.7201,0.3027,3.24,0.3492,9.0206
fCMR_Philips_057,105,2.0276,1.8908,0.1736,0.8261,0.1883,2.3472
fCMR_Philips_097,105,1.7568,1.5705,0.2266,0.4642,0.2368,1.7366
fCMR_Philips_070,105,1.7626,3.4012,0.4466,1.2208,0.4663,2.9516
fCMR_Philips_068,105,2.503,2.0563,0.2683,0.6514,0.2743,1.5395
fCMR_Philips_117,106,1.6882,3.5825,0.1573,0.1671,0.1808,0.9421
fCMR_Philips_002,106,2.4377,1.8938,0.1367,1.2615,0.1653,3.3875
fCMR_Philips_052,106,1.4939,3.0028,0.1159,0.302,0.1403,0.9328
fCMR_Philips_123,106,3.111,2.7831,0.0867,0.2377,0.1566,1.5267
fCMR_Philips_079,106,1.8107,2.7291,0.1358,1.4805,0.1733,4.6979
fCMR_Philips_041,106,2.842,2.014,0.0776,0.4472,0.1095,1.9067
fCMR_Philips_090,106,2.1942,3.1552,0.1029,0.1774,0.1151,1.4644
fCMR_Philips_114,106,2.2868,3.5963,0.2288,1.7519,0.2528,3.8797
fCMR_Philips_065,106,3.001,2.5346,0.106,0.8413,0.1235,2.1485
fCMR_Philips_132,106,3.1222,2.3614,0.1914,3.4405,0.2025,7.4317
fCMR_Philips_031,106,1.1133,2.5664,0.0943,0.9776,0.1478,2.9916
fCMR_Philips_104,106,2.6951,3.0793,0.1591,1.5891,0.2007,3.4761
fCMR_Philips_094,106,2.4151,1.848,0.091,1.6542,0.1127,4.164
fCMR_Philips_136,106,2.6262,1.19,0.0985,0.0309,0.1165,0.5671
fCMR_Philips_087,106,1.5086,2.3603,0.3263,1.2116,0.3307,3.3826
fCMR_Philips_003,106,3.032,2.7209,0.1675,0.1044,0.19,0.5944
fCMR_Philips_047,106,2.0721,2.891,0.2421,0.2272,0.2488,1.2031
fCMR_Philips_057,106,0.7825,2.4057,0.254,1.6931,0.2584,3.8497
fCMR_Philips_097,106,1.3157,2.8967,0.305,0.8327,0.3128,2.1959
fCMR_Philips_070,106,1.9901,3.7595,0.3637,0.4489,0.3718,2.0953
fCMR_Philips_068,106,1.7693,1.7651,0.2767,0.949,0.2807,2.5877
fCMR_Philips_117,107,1.2222,3.3187,0.1501,0.2285,0.1671,0.8197
fCMR_Philips_002,107,1.2323,3.0749,0.1862,0.4089,0.2004,1.4517
fCMR_Philips_052,107,2.116,3.3049,0.1014,1.344,0.1071,3.5575
fCMR_Philips_123,107,1.9662,1.8604,0.1506,0.3555,0.1671,1.4263
fCMR_Philips_079,107,2.0933,3.6694,0.0812,0.3553,0.1358,1.483
fCMR_Philips_041,107,0.6251,1.369,0.0963,0.3768,0.1176,1.637
fCMR_Philips_090,107,2.6788,1.5156,0.1195,0.2585,0.1656,0.8895
fCMR_Philips_114,107,2.8611,2.0586,0.1033,2.321,0.1504,4.8604
fCMR_Philips_065,107,2.8434,2.5987,0.1713,3.4718,0.1881,7.6384
fCMR_Philips_132,107,2.98,1.8408,0.2055,4.3805,0.2126,9.3062
fCMR_Philips_031,107,2.8059,2.3988,0.1194,0.4321,0.1743,1.5213
fCMR_Philips_104,107,2.9294,1.7864,0.131,2.1753,0.1741,4.9984
fCMR_Philips_094,107,2.4048,2.7171,0.2047,0.6512,0.2315,2.6086
fCMR_Philips_136,107,1.9072,0.5719,0.0543,0.2128,0.106,0.6826
fCMR_Philips_087,107,2.0892,2.142,0.3429,1.9141,0.3492,4.6153
fCMR_Philips_003,107,2.897,1.9913,0.178,0.4534,0.1887,1.2184
fCMR_Philips_047,107,2.2497,3.5677,0.2684,3.1445,0.3183,8.9501
fCMR_Philips_057,107,2.9864,1.9521,0.2538,0.9654,0.2599,2.7795
fCMR_Philips_097,107,2.6758,2.7234,0.3203,0.0783,0.3518,0.9721
fCMR_Philips_070,107,0.8892,2.9234,0.4271,0.7819,0.4545,2.5623
fCMR_Philips_068,107,2.0403,3.814,0.2607,0.7362,0.2665,2.5597
fCMR_Philips_117,108,1.4908,2.5053,0.1309,0.798,0.16,2.4492
fCMR_Philips_002,108,2.7697,3.1492,0.2136,1.5806,0.234,4.0875
fCMR_Philips_052,108,2.036,3.2027,0.1452,0.8815,0.1716,2.3236
fCMR_Philips_123,108,2.1447,3.1507,0.1346,0.136,0.159,1.0018
fCMR_Philips_079,108,1.8511,2.2441,0.1125,0.167,0.1443,1.046
fCMR_Philips_041,108,2.4375,1.3523,0.0685,0.2455,0.1107,2.171
fCMR_Philips_090,108,2.5197,2.8017,0.1255,0.7573,0.1334,2.0142
fCMR_Philips_114,108,2.1944,1.9032,0.1292,0.7749,0.1751,1.8914
fCMR_Philips_065,108,0.3257,1.6458,0.145,1.2879,0.1551,3.3847
fCMR_Philips_132,108,2.9784,2.2828,0.311,4.4729,0.3178,9.1585
fCMR_Philips_031,108,2.7911,1.2074,0.1471,0.7093,0.1861,2.6996
fCMR_Philips_104,108,2.2121,3.4674,0.2479,2.1762,0.2904,5.4015
fCMR_Philips_094,108,2.5636,1.1274,0.1554,1.0662,0.1763,3.4132
fCMR_Philips_136,108,1.7756,2.8089,0.0746,0.3576,0.1107,1.261
fCMR_Philips_087,108,1.9936,1.4675,0.3347,2.6162,0.3427,6.3204
fCMR_Philips_003,108,2.4066,1.5399,0.1463,0.4458,0.1744,1.4801
fCMR_Philips_047,108,1.2167,2.0726,0.125,1.1552,0.1454,2.9385
fCMR_Philips_057,108,0.6122,2.3906,0.3212,0.8297,0.3406,2.3715
fCMR_Philips_097,108,2.5281,1.7275,0.3674,0.0798,0.3867,0.9367
fCMR_Philips_070,108,1.6734,3.0886,0.288,0.3422,0.2948,1.5488
fCMR_Philips_068,108,1.502,1.2791,0.3053,0.5529,0.3181,1.408
fCMR_Philips_117,109,1.5616,2.5143,0.0918,1.2768,0.1486,3.8729
fCMR_Philips_002,109,2.2444,2.4503,0.1916,0.6273,0.1996,1.6817
fCMR_Philips_052,109,2.9257,0.9039,0.1696,1.3302,0.1962,3.1776
fCMR_Philips_123,109,0.8213,2.5743,0.0955,0.5803,0.1058,2.24
fCMR_Philips_079,109,2.9071,3.1211,0.1569,0.9407,0.1763,2.3488
fCMR_Philips_041,109,1.6254,1.8827,0.0844,1.8892,0.1294,4.0714
fCMR_Philips_090,109,1.1189,1.6896,0.0965,0.8403,0.138,2.8025
fCMR_Philips_114,109,2.5083,2.4364,0.2434,1.422,0.2537,3.4331
fCMR_Philips_065,109,1.4044,3.164,0.1066,0.9108,0.1364,3.0349
fCMR_Philips_132,109,2.4697,1.9422,0.1643,3.6952,0.1772,8.2348
fCMR_Philips_031,109,2.5013,1.7018,0.1024,1.5041,0.1357,3.9877
fCMR_Philips_104,109,2.6727,2.0217,0.2113,1.4543,0.2352,3.7842
fCMR_Philips_094,109,1.9662,2.5834,0.1527,0.6024,0.1742,2.1274
fCMR_Philips_136,109,2.7986,2.6172,0.0871,0.0703,0.1038,0.3102
fCMR_Philips_087,109,3.1316,2.3764,0.4329,2.161,0.4379,4.5666
fCMR_Philips_003,109,1.2115,1.4416,0.2048,0.2448,0.2449,1.0944
fCMR_Philips_047,109,1.4116,1.7267,0.2436,3.6689,0.2943,8.9038
fCMR_Philips_057,109,2.0792,1.9147,0.2413,1.1197,0.2507,2.7126
fCMR_Philips_097,109,2.5642,3.3342,0.2818,0.109,0.355,1.2641
fCMR_Philips_070,109,2.0372,3.1452,0.5388,1.9679,0.5798,4.8906
fCMR_Philips_068,109,2.9846,2.29,0.32,0.5673,0.331,1.4986
fCMR_Philips_117,110,1.0405,0.957,0.2286,0.8467,0.2578,2.086
fCMR_Philips_002,110,1.5879,3.4891,0.1895,0.944,0.1973,2.807
fCMR_Philips_052,110,2.2126,2.4848,0.1664,0.6066,0.1876,1.8966
fCMR_Philips_123,110,2.5098,1.8055,0.0644,0.4623,0.1155,1.5552
fCMR_Philips_079,110,2.4138,3.0498,0.0666,0.334,0.1126,1.5185
fCMR_Philips_041,110,2.6613,1.2924,0.0655,0.295,0.1177,1.4031
fCMR_Philips_090,110,1.9805,2.9497,0.0765,1.039,0.1115,2.4308
fCMR_Philips_114,110,2.2297,3.4963,0.198,0.6663,0.212,1.8415
fCMR_Philips_065,110,1.7862,2.8871,0.0846,0.6771,0.118,1.8703
fCMR_Philips_132,110,2.7685,1.7827,0.1912,4.4324,0.208,9.7452
fCMR_Philips_031,110,0.7122,2.6247,0.057,0.3103,0.1098,1.5339
fCMR_Philips_104,110,2.3081,2.0184,0.1792,1.4355,0.2171,3.6986
fCMR_Philips_094,110,1.5182,2.2827,0.1109,0.8976,0.1367,2.9832
fCMR_Philips_136,110,2.1078,2.7322,0.0339,0.036,0.0688,0.8176
fCMR_Philips_087,110,1.7762,2.0739,0.2912,2.3636,0.2989,5.4219
fCMR_Philips_003,110,0.9924,1.7715,0.2008,0.0867,0.2144,0.6902
fCMR_Philips_047,110,3.1373,2.2368,0.258,1.4083,0.3024,5.4089
fCMR_Philips_057,110,2.232,2.2991,0.2427,0.7365,0.2633,1.7878
fCMR_Philips_097,110,2.6693,3.1242,0.3562,0.1255,0.3721,0.7625
fCMR_Philips_070,110,2.5733,1.6979,0.4486,0.8683,0.467,2.1336
fCMR_Philips_068,110,2.2444,2.5658,0.2507,0.8619,0.2587,2.13
fCMR_Philips_117,111,2.6519,2.3665,0.0893,1.3651,0.1487,3.3968
fCMR_Philips_002,111,2.533,3.9714,0.1349,0.7919,0.1624,2.096
fCMR_Philips_052,111,2.6688,2.9037,0.1392,0.167,0.1572,0.9849
fCMR_Philips_123,111,2.4366,3.4918,0.1591,0.1856,0.177,1.1668
fCMR_Philips_079,111,2.7008,3.3308,0.0993,0.2749,0.141,2.7428
fCMR_Philips_041,111,2.4313,2.5832,0.0935,0.4262,0.1124,1.3708
fCMR_Philips_090,111,2.2956,1.5443,0.1163,0.8345,0.1419,2.5606
fCMR_Philips_114,111,2.1501,1.9074,0.1536,1.9539,0.1659,4.2594
fCMR_Philips_065,111,1.084,2.5445,0.0855,0.6393,0.1333,1.9896
fCMR_Philips_132,111,1.8126,2.5994,0.2189,3.1509,0.2375,6.8004
fCMR_Philips_031,111,1.602,1.5153,0.1316,0.9915,0.1764,2.3247
fCMR_Philips_104,111,1.5715,1.6122,0.1075,1.7521,0.1467,4.0341
fCMR_Philips_094,111,2.0913,1.9957,0.1037,0.4417,0.143,1.7466
fCMR_Philips_136,111,2.8475,2.3342,0.1205,0.1454,0.1473,0.8515
fCMR_Philips_087,111,2.5248,3.3738,0.3453,1.8239,0.3494,4.1494
fCMR_Philips_003,111,1.7954,2.6355,0.1871,0.2865,0.2042,1.238
fCMR_Philips_047,111,0.7235,1.9031,0.1464,3.2216,0.2463,8.895
fCMR_Philips_057,111,2.167,2.8054,0.232,0.9552,0.2419,2.6181
fCMR_Philips_097,111,3.1336,2.2099,0.3582,0.2544,0.3895,1.7412
fCMR_Philips_070,111,2.8496,3.0187,0.2578,0.8272,0.2727,2.1205
fCMR_Philips_068,111,2.9324,3.345,0.2386,0.8171,0.2605,1.7684
fCMR_Philips_117,112,2.2177,2.661,0.2157,0.7899,0.2305,2.712
fCMR_Philips_002,112,2.8875,1.1306,0.175,0.6711,0.1942,2.4077
fCMR_Philips_052,112,2.301,1.8371,0.1448,0.4704,0.1675,1.2642
fCMR_Philips_123,112,1.4423,2.737,0.1544,0.1779,0.1641,1.3533
fCMR_Philips_079,112,2.1349,2.0206,0.1047,0.7911,0.1335,2.1142
fCMR_Philips_041,112,3.0105,2.1561,0.0776,0.1877,0.113,0.6546
fCMR_Philips_090,112,1.5776,2.8471,0.1842,0.5471,0.1914,1.4635
fCMR_Philips_114,112,1.4049,2.4357,0.0926,2.0159,0.1389,4.4363
fCMR_Philips_065,112,0.9251,3.1478,0.1,1.2121,0.1551,3.1884
fCMR_Philips_132,112,3.1339,2.2722,0.1579,4.9108,0.1774,10.7359
fCMR_Philips_031,112,1.9066,2.4349,0.0742,0.8892,0.1338,2.3498
fCMR_Philips_104,112,2.0027,1.0639,0.1918,1.6711,0.209,3.7428
fCMR_Philips_094,112,3.1056,2.3031,0.1046,0.3174,0.1651,0.9722
fCMR_Philips_136,112,2.4231,2.252,0.0473,0.3149,0.1353,1.7428
fCMR_Philips_087,112,2.177,1.8611,0.2753,2.3517,0.2922,5.8902
fCMR_Philips_003,112,2.5335,2.222,0.1957,0.0652,0.2202,0.5813
fCMR_Philips_047,112,2.6287,3.2671,0.1749,0.4172,0.1926,2.0448
fCMR_Philips_057,112,0.5484,2.0578,0.2983,0.5346,0.3058,1.9565
fCMR_Philips_097,112,1.4417,2.45,0.3382,0.3074,0.3471,1.601
fCMR_Philips_070,112,2.4203,0.701,0.3769,0.9497,0.4102,2.9482
fCMR_Philips_068,112,2.5361,2.5623,0.226,0.963,0.2432,2.2067
fCMR_Philips_117,113,1.5556,3.5531,0.1343,0.4202,0.1822,1.4126
fCMR_Philips_002,113,2.6513,2.6008,0.2321,0.1381,0.2424,0.8472
fCMR_Philips_052,113,2.7236,2.2089,0.1099,0.8003,0.1412,2.4806
fCMR_Philips_123,113,0.785,1.2855,0.0629,0.3493,0.0994,1.4718
fCMR_Philips_079,113,2.7186,0.3988,0.0739,0.1104,0.1688,2.2209
fCMR_Philips_041,113,1.998,3.1223,0.0517,0.1921,0.1552,1.4489
fCMR_Philips_090,113,2.529,2.4915,0.0537,0.7185,0.1148,2.1866
fCMR_Philips_114,113,2.1235,1.8631,0.1791,1.3995,0.2081,3.2646
fCMR_Philips_065,113,1.52,2.4721,0.0429,0.8751,0.1079,2.6328
fCMR_Philips_132,113,1.9742,2.1624,0.2913,5.3735,0.297,11.0894
fCMR_Philips_031,113,1.4927,2.735,0.0714,1.3949,0.1347,3.6385
fCMR_Philips_104,113,1.4456,1.9726,0.0867,1.3178,0.1155,3.5148
fCMR_Philips_094,113,2.2482,2.2691,0.0984,0.8216,0.1489,2.1377
fCMR_Philips_136,113,2.2937,2.25,0.0684,0.1695,0.1224,0.8342
fCMR_Philips_087,113,1.4947,2.358,0.3503,1.8665,0.3644,4.2679
fCMR_Philips_003,113,2.6355,2.5391,0.2017,0.4491,0.2349,1.7099
fCMR_Philips_047,113,2.7618,2.5022,0.2021,0.9169,0.2186,3.0515
fCMR_Philips_057,113,2.7602,3.6781,0.1987,2.365,0.2079,5.3255
fCMR_Philips_097,113,2.2601,2.3903,0.267,0.0788,0.301,0.667
fCMR_Philips_070,113,1.7141,2.472,0.4466,0.6948,0.4529,2.6603
fCMR_Philips_068,113,2.467,2.373,0.2737,0.5528,0.287,1.487
fCMR_Philips_117,114,1.999,2.0708,0.1821,0.8215,0.2142,1.8999
fCMR_Philips_002,114,2.6313,1.6784,0.2127,1.5114,0.2286,4.0977
fCMR_Philips_052,114,1.4118,1.2526,0.1301,0.2203,0.1452,1.486
fCMR_Philips_123,114,1.4459,1.7842,0.1644,0.3571,0.1892,1.7095
fCMR_Philips_079,114,2.4914,2.1252,0.0655,0.3635,0.0865,1.5945
fCMR_Philips_041,114,1.7297,1.3612,0.0636,0.5741,0.0891,1.6371
fCMR_Philips_090,114,0.7503,1.5778,0.0975,1.0731,0.1256,2.9778
fCMR_Philips_114,114,1.2385,2.2342,0.198,1.0629,0.2063,2.8317
fCMR_Philips_065,114,2.0926,2.6491,0.0913,1.3108,0.1244,3.6373
fCMR_Philips_132,114,1.236,3.021,0.2429,2.3405,0.2526,5.7633
fCMR_Philips_031,114,2.9486,2.6373,0.0901,0.8189,0.1595,2.5214
fCMR_Philips_104,114,2.9061,1.7281,0.1092,2.6072,0.1464,5.727
fCMR_Philips_094,114,2.6325,3.225,0.1041,1.2543,0.136,3.1636
fCMR_Philips_136,114,3.0751,3.3149,0.1669,0.2593,0.1937,1.1522
fCMR_Philips_087,114,2.4195,2.2189,0.3991,1.3552,0.4058,2.9403
fCMR_Philips_003,114,2.2734,2.6057,0.1748,0.5931,0.2059,1.8028
fCMR_Philips_047,114,0.8082,2.0663,0.281,3.3405,0.2968,7.6558
fCMR_Philips_057,114,2.6294,3.844,0.272,0.8518,0.276,2.62
fCMR_Philips_097,114,2.4992,1.0854,0.3439,0.3286,0.3621,1.3052
fCMR_Philips_070,114,2.9153,1.075,0.4097,0.4213,0.4152,1.7826
fCMR_Philips_068,114,2.8278,1.4927,0.2424,0.7168,0.2587,1.8499
fCMR_Philips_117,115,1.7621,2.1245,0.0605,0.282,0.1175,1.4603
fCMR_Philips_002,115,2.9284,1.955,0.204,1.4132,0.2236,3.1337
fCMR_Philips_052,115,1.5475,1.4029,0.1377,0.8389,0.168,2.7018
fCMR_Philips_123,115,1.0485,1.654,0.0561,0.483,0.1096,1.7541
fCMR_Philips_079,115,1.9565,2.9846,0.0748,0.4463,0.1162,1.4532
fCMR_Philips_041,115,2.808,2.7255,0.0612,0.5005,0.1143,2.3052
fCMR_Philips_090,115,1.8297,2.321,0.137,0.7605,0.1509,2.2376
fCMR_Philips_114,115,2.6349,1.4459,0.1179,1.5155,0.1411,3.6601
fCMR_Philips_065,115,2.5199,3.2022,0.0419,0.9047,0.0796,2.3564
fCMR_Philips_132,115,1.7481,1.5897,0.2341,4.257,0.2617,9.7817
fCMR_Philips_031,115,2.4427,1.3699,0.1418,0.5136,0.1724,1.4591
fCMR_Philips_104,115,1.4177,2.5032,0.0956,2.0366,0.1402,5.2148
fCMR_Philips_094,115,1.3809,2.9814,0.0481,0.8316,0.1172,2.519
fCMR_Philips_136,115,2.7447,2.9327,0.108,0.5011,0.1288,1.5838
fCMR_Philips_087,115,2.8313,2.652,0.411,3.1851,0.4206,6.9664
fCMR_Philips_003,115,1.4434,3.0222,0.1614,0.1914,0.1805,0.7704
fCMR_Philips_047,115,1.4301,1.6981,0.3412,4.24,0.3884,10.1898
fCMR_Philips_057,115,2.2677,2.878,0.1885,1.7488,0.2057,3.7714
fCMR_Philips_097,115,2.3583,3.3215,0.3626,0.1937,0.4,1.7947
fCMR_Philips_070,115,1.9622,1.6453,0.4448,0.8761,0.4622,2.2302
fCMR_Philips_068,115,2.4727,2.5083,0.3498,1.0481,0.3523,3.0116
fCMR_Philips_117,116,3.0208,2.8334,0.1316,0.6456,0.1612,1.6228
fCMR_Philips_002,116,2.6642,2.5722,0.1927,0.9945,0.2019,2.8431
fCMR_Philips_052,116,1.9549,2.0216,0.1318,0.4019,0.1408,1.122
fCMR_Philips_123,116,3.0531,2.3723,0.1298,0.2649,0.158,1.4794
fCMR_Philips_079,116,3.1252,2.631,0.0548,0.2944,0.0869,1.0601
fCMR_Philips_041,116,2.1629,3.3256,0.0911,0.214,0.1111,1.083
fCMR_Philips_090,116,1.7768,1.9102,0.1459,1.0213,0.1564,2.6024
fCMR_Philips_114,116,2.5495,3.1712,0.1772,1.7943,0.202,4.1568
fCMR_Philips_065,116,2.8315,2.1598,0.1434,2.384,0.1537,5.4655
fCMR_Philips_132,116,1.148,2.421,0.1481,4.6132,0.1534,10.1017
fCMR_Philips_031,116,1.6486,3.6629,0.1098,0.7369,0.1443,2.5766
fCMR_Philips_104,116,0.9969,1.3106,0.1566,2.4926,0.1846,6.2977
fCMR_Philips_094,116,2.0301,2.1584,0.0885,0.4009,0.0997,1.1156
fCMR_Philips_136,116,2.4332,2.9436,0.106,0.062,0.1662,0.9223
fCMR_Philips_087,116,2.2035,1.6546,0.3526,1.3866,0.3622,3.6328
fCMR_Philips_003,116,1.9619,1.8879,0.1675,0.4077,0.1768,1.0906
fCMR_Philips_047,116,2.7101,2.472,0.2089,1.2996,0.2672,4.0511
fCMR_Philips_057,116,3.1297,2.1019,0.2361,1.5408,0.2412,3.594
fCMR_Philips_097,116,1.027,2.5891,0.4073,0.7415,0.4262,2.4525
fCMR_Philips_070,116,2.5283,2.8435,0.3845,0.3901,0.4157,1.5232
fCMR_Philips_068,116,1.3828,1.2028,0.2436,0.6715,0.2501,2.0604
fCMR_Philips_117,117,2.0549,3.9431,0.112,0.0878,0.1429,1.1322
fCMR_Philips_002,117,2.7915,1.3413,0.2298,0.9957,0.2356,2.6514
fCMR_Philips_052,117,1.7257,2.7675,0.1715,0.2884,0.1786,1.4384
fCMR_Philips_123,117,1.8465,2.6054,0.1952,0.1571,0.2072,0.8729
fCMR_Philips_079,117,2.939,1.999,0.0978,1.6826,0.1537,5.4416
fCMR_Philips_041,117,2.7549,3.0733,0.058,0.6017,0.1215,2.394
fCMR_Philips_090,117,2.6861,2.0459,0.0952,0.8422,0.1062,2.2456
fCMR_Philips_114,117,2.362,2.0448,0.0983,2.0056,0.165,4.7023
fCMR_Philips_065,117,2.2149,1.471,0.138,1.2445,0.1509,3.1683
fCMR_Philips_132,117,2.1798,3.4237,0.2234,3.5661,0.2537,8.0912
fCMR_Philips_031,117,2.4829,2.2837,0.0629,0.4892,0.1232,1.8122
fCMR_Philips_104,117,1.4087,2.3174,0.2397,2.0696,0.2553,4.9438
fCMR_Philips_094,117,3.1083,1.5787,0.145,0.3287,0.1603,1.5206
fCMR_Philips_136,117,2.6084,3.0239,0.0994,0.0773,0.1359,0.5471
fCMR_Philips_087,117,2.7796,2.034,0.3994,2.649,0.4067,5.8636
fCMR_Philips_003,117,2.0213,1.9231,0.1645,0.3383,0.1933,1.252
fCMR_Philips_047,117,3.0822,2.4399,0.2137,0.9454,0.2276,2.8222
fCMR_Philips_057,117,1.8229,2.726,0.2191,0.7391,0.2327,2.0741
fCMR_Philips_097,117,1.7196,1.9994,0.3455,0.5795,0.3662,2.3045
fCMR_Philips_070,117,1.6098,2.1374,0.3585,0.5417,0.3762,1.6119
fCMR_Philips_068,117,2.567,1.2735,0.2618,0.5681,0.2689,1.486
fCMR_Philips_117,118,2.5893,2.579,0.1054,0.2235,0.1368,1.2663
fCMR_Philips_002,118,1.1377,2.1245,0.1844,1.3539,0.1938,3.5004
fCMR_Philips_052,118,2.3072,2.8326,0.1488,0.5829,0.1947,1.5765
fCMR_Philips_123,118,1.4848,2.2333,0.0568,0.2226,0.1091,1.4013
fCMR_Philips_079,118,1.7446,3.2186,0.1039,0.0691,0.1234,0.5067
fCMR_Philips_041,118,1.4945,1.8701,0.0477,0.5407,0.1165,2.1683
fCMR_Philips_090,118,2.2539,2.7164,0.0875,1.1459,0.1256,3.031
fCMR_Philips_114,118,2.3692,2.1453,0.1047,2.6242,0.1176,5.5272
fCMR_Philips_065,118,2.2285,2.6241,0.1348,0.981,0.1418,2.4263
fCMR_Philips_132,118,1.763,2.1691,0.1375,3.2056,0.1541,6.9968
fCMR_Philips_031,118,2.5745,3.2261,0.1133,0.5668,0.1257,1.7884
fCMR_Philips_104,118,2.1988,2.3071,0.1329,1.5004,0.163,3.4645
fCMR_Philips_094,118,1.5764,2.3742,0.1035,0.339,0.1431,1.9927
fCMR_Philips_136,118,2.2392,2.5129,0.1858,0.4683,0.2058,1.5411
fCMR_Philips_087,118,2.7087,1.8431,0.3222,2.5455,0.3358,5.3926
fCMR_Philips_003,118,2.4855,2.521,0.1974,0.4106,0.2152,1.5331
fCMR_Philips_047,118,2.0317,2.1455,0.2957,2.259,0.299,5.0812
fCMR_Philips_057,118,2.7222,2.0736,0.3211,1.1846,0.3291,3.0789
fCMR_Philips_097,118,1.8732,2.8896,0.4109,0.1884,0.4242,1.1444
fCMR_Philips_070,118,1.1004,1.7078,0.3626,0.219,0.3704,1.2331
fCMR_Philips_068,118,0.6535,2.0989,0.2652,0.7244,0.2789,2.4787
fCMR_Philips_117,119,1.6705,3.3625,0.1475,0.4303,0.2073,1.6172
fCMR_Philips_002,119,2.0273,1.2602,0.1259,1.1399,0.1437,3.1464
fCMR_Philips_052,119,2.6061,3.4839,0.1291,0.5702,0.1442,2.0334
fCMR_Philips_123,119,2.6747,2.1175,0.1665,0.1398,0.1972,1.1574
fCMR_Philips_079,119,1.6814,1.5936,0.1151,0.2616,0.1234,1.5836
fCMR_Philips_041,119,1.826,2.0625,0.102,1.0445,0.127,2.4735
fCMR_Philips_090,119,1.5362,2.2046,0.0959,0.9557,0.138,2.8275
fCMR_Philips_114,119,2.8452,3.468,0.1461,1.7082,0.1718,3.8829
fCMR_Philips_065,119,1.8472,2.5439,0.1105,1.045,0.1331,2.8295
fCMR_Philips_132,119,2.8429,3.3566,0.2717,5.1388,0.2797,10.4846
fCMR_Philips_031,119,3.0605,2.3484,0.0903,1.1226,0.1403,3.3562
fCMR_Philips_104,119,1.2682,1.0575,0.1183,1.8268,0.2138,4.8961
fCMR_Philips_094,119,1.8007,2.1,0.1847,0.6021,0.2044,1.997
fCMR_Philips_136,119,2.7686,3.0296,0.0664,0.2032,0.1074,1.0305
fCMR_Philips_087,119,1.9196,3.1487,0.4094,2.0518,0.416,4.5019
fCMR_Philips_003,119,2.9019,3.374,0.1403,0.4078,0.1692,1.3828
fCMR_Philips_047,119,2.6159,2.5222,0.1287,1.945,0.1669,4.7141
fCMR_Philips_057,119,2.1545,3.5373,0.1814,1.662,0.2008,3.6891
fCMR_Philips_097,119,2.4886,2.3719,0.376,0.1314,0.3867,0.9133
fCMR_Philips_070,119,2.912,1.5841,0.341,0.5681,0.3561,2.5396
fCMR_Philips_068,119,1.3874,2.8085,0.2251,1.6207,0.244,4.2206
fCMR_Philips_117,120,2.8673,2.9455,0.1788,1.5122,0.1961,3.7472
fCMR_Philips_002,120,1.9661,1.1552,0.2037,0.7519,0.2147,1.8062
fCMR_Philips_052,120,2.8639,3.4365,0.1724,1.3208,0.1864,3.282
fCMR_Philips_123,120,2.6726,2.6228,0.1712,0.3473,0.182,1.0368
fCMR_Philips_079,120,2.2545,2.9488,0.1727,0.2998,0.1884,2.3026
fCMR_Philips_041,120,2.8012,1.5645,0.0628,0.3498,0.1127,1.2442
fCMR_Philips_090,120,2.7381,3.7819,0.1672,0.4232,0.1776,1.3018
fCMR_Philips_114,120,2.7574,2.1373,0.1433,1.3908,0.1762,3.2688
fCMR_Philips_065,120,2.8866,3.068,0.2064,2.0381,0.2127,4.7142
fCMR_Philips_132,120,2.6332,2.5556,0.1952,3.9181,0.2129,8.3728
fCMR_Philips_031,120,1.7061,2.4794,0.1121,0.9745,0.1218,3.2068
fCMR_Philips_104,120,1.7075,1.4913,0.1155,2.2147,0.1532,5.4611
fCMR_Philips_094,120,2.501,1.8366,0.1251,0.4848,0.1445,1.4125
fCMR_Philips_136,120,1.8869,1.7583,0.0554,0.5883,0.1104,1.7877
fCMR_Philips_087,120,2.9857,1.4305,0.358,0.6896,0.3644,1.9705
fCMR_Philips_003,120,3.0494,2.5121,0.2007,0.3419,0.2133,1.1457
fCMR_Philips_047,120,2.9756,3.7276,0.2014,0.5749,0.2125,2.2634
fCMR_Philips_057,120,2.9543,3.2274,0.196,0.5668,0.2104,1.8436
fCMR_Philips_097,120,2.5812,2.6243,0.3944,0.452,0.4116,1.4722
fCMR_Philips_070,120,1.0783,3.6197,0.3939,0.1004,0.3998,0.8363
fCMR_Philips_068,120,3.072,2.9257,0.1991,1.2947,0.2146,2.8994
fCMR_Philips_117,121,3.1405,1.6467,0.1067,0.5045,0.158,1.5112
fCMR_Philips_002,121,2.8907,1.5109,0.1611,1.4623,0.1704,3.6555
fCMR_Philips_052,121,2.113,1.6316,0.1675,0.7038,0.1914,2.4342
fCMR_Philips_123,121,2.2122,2.2475,0.1475,0.1836,0.1567,1.0024
fCMR_Philips_079,121,2.1962,2.9635,0.0298,0.7377,0.0958,3.1153
fCMR_Philips_041,121,2.1401,1.7739,0.061,0.0805,0.1027,1.1137
fCMR_Philips_090,121,2.1538,1.6666,0.1447,0.8967,0.1655,2.4551
fCMR_Philips_114,121,2.3806,2.8777,0.1158,2.1026,0.1445,4.9956
fCMR_Philips_065,121,1.3641,2.8675,0.0589,0.6576,0.1124,1.7278
fCMR_Philips_132,121,2.1517,2.0363,0.2646,5.7702,0.2764,12.0176
fCMR_Philips_031,121,2.6608,1.4037,0.1028,0.4616,0.159,1.3327
fCMR_Philips_104,121,2.3626,2.4875,0.1435,2.4397,0.1958,5.6126
fCMR_Philips_094,121,2.0657,2.3181,0.0753,0.1344,0.1209,1.3097
fCMR_Philips_136,121,1.8953,1.762,0.0195,0.127,0.0844,0.3862
fCMR_Philips_087,121,1.6494,1.095,0.3758,1.9912,0.378,4.2635
fCMR_Philips_003,121,1.1597,1.7409,0.1789,0.2111,0.1931,0.8388
fCMR_Philips_047,121,2.6688,2.1448,0.2486,0.5855,0.2578,2.1
fCMR_Philips_057,121,3.0405,3.8,0.2317,0.9995,0.2453,2.4121
fCMR_Philips_097,121,2.2617,2.4713,0.342,0.0655,0.3544,0.8719
fCMR_Philips_070,121,3.1356,2.9538,0.4259,1.2145,0.4361,3.1655
fCMR_Philips_068,121,2.1265,2.2713,0.2796,1.1483,0.2924,3.0444
fCMR_Philips_117,122,1.3422,2.7252,0.1552,0.7058,0.1875,2.2458
fCMR_Philips_002,122,2.3344,3.0684,0.2601,0.9283,0.2799,2.4575
fCMR_Philips_052,122,2.2698,3.002,0.2549,0.7308,0.2635,1.9783
fCMR_Philips_123,122,0.8715,2.788,0.1204,1.9872,0.152,4.3731
fCMR_Philips_079,122,1.4548,2.4602,0.1054,0.4044,0.1394,1.3261
fCMR_Philips_041,122,3.055,2.3734,0.0417,0.2417,0.0897,1.0557
fCMR_Philips_090,122,2.1321,2.0414,0.0661,1.3169,0.1461,3.5029
fCMR_Philips_114,122,1.6852,2.2296,0.0897,1.2805,0.1327,3.0977
fCMR_Philips_065,122,2.9365,3.8317,0.1615,1.0916,0.1905,3.2314
fCMR_Philips_132,122,2.7402,1.7509,0.1292,3.3369,0.1405,7.1762
fCMR_Philips_031,122,2.598,2.4677,0.0186,1.0262,0.1358,2.808
fCMR_Philips_104,122,2.2501,2.5092,0.0739,1.8838,0.1609,5.1204
fCMR_Philips_094,122,1.7921,1.6924,0.1417,1.3956,0.1573,3.6644
fCMR_Philips_136,122,0.7807,2.3404,0.0966,0.1494,0.1186,0.799
fCMR_Philips_087,122,2.7953,1.3512,0.3298,1.3138,0.3391,3.1484
fCMR_Philips_003,122,1.9585,2.7132,0.1632,0.6981,0.19,1.9573
fCMR_Philips_047,122,3.0844,3.8829,0.2317,0.5853,0.2637,1.7406
fCMR_Philips_057,122,2.4504,2.4883,0.2005,1.1894,0.2139,2.8502
fCMR_Philips_097,122,2.0668,2.7227,0.4046,0.4819,0.4224,1.7644
fCMR_Philips_070,122,2.7433,1.7671,0.4764,1.5487,0.4871,3.6054
fCMR_Philips_068,122,2.1657,2.533,0.2224,0.9712,0.2332,2.8397
fCMR_Philips_117,123,3.0007,3.1071,0.1311,1.8737,0.1772,4.7259
fCMR_Philips_002,123,1.7886,2.9628,0.1534,0.2263,0.1661,1.0691
fCMR_Philips_052,123,1.8603,3.3813,0.2041,0.3511,0.2124,1.2366
fCMR_Philips_123,123,2.0558,3.5625,0.1375,0.089,0.1631,0.8112
fCMR_Philips_079,123,2.8199,1.5426,0.0881,0.599,0.1245,2.1594
fCMR_Philips_041,123,2.8297,1.4068,0.1072,0.7101,0.1421,1.7719
fCMR_Philips_090,123,1.9581,2.4152,0.1081,1.6059,0.1314,3.7436
fCMR_Philips_114,123,2.9885,2.337,0.1917,0.988,0.2141,2.3564
fCMR_Philips_065,123,2.7751,2.6922,0.2139,1.472,0.2211,3.5666
fCMR_Philips_132,123,2.3397,2.4829,0.2173,3.0694,0.2225,6.6464
fCMR_Philips_031,123,1.0927,1.4911,0.0803,0.6482,0.0978,2.3746
fCMR_Philips_104,123,1.2057,2.6148,0.1835,1.7565,0.2131,4.1555
fCMR_Philips_094,123,2.4008,2.9556,0.1657,0.2679,0.1796,0.9139
fCMR_Philips_136,123,2.3401,2.1835,0.0565,0.1303,0.1028,0.9419
fCMR_Philips_087,123,1.1107,1.4065,0.3636,1.2601,0.3723,3.3837
fCMR_Philips_003,123,2.5108,2.8262,0.1505,0.5205,0.19,1.3584
fCMR_Philips_047,123,1.8254,2.9662,0.1995,1.1597,0.2093,3.5339
fCMR_Philips_057,123,0.9676,2.8896,0.2376,1.0621,0.253,2.9392
fCMR_Philips_097,123,2.2018,3.2902,0.3242,0.1835,0.3753,1.5532
fCMR_Philips_070,123,2.7991,2.3802,0.4151,0.5278,0.4219,1.5878
fCMR_Philips_068,123,2.9646,3.1339,0.2459,0.628,0.2571,1.7222
fCMR_Philips_117,124,2.0512,1.7709,0.1513,0.4957,0.1746,1.165
fCMR_Philips_002,124,0.9432,1.6241,0.2126,0.501,0.2259,1.9687
fCMR_Philips_052,124,1.5676,2.3852,0.1108,0.887,0.1311,2.6478
fCMR_Philips_123,124,0.8554,3.2631,0.1533,0.1911,0.1752,1.4734
fCMR_Philips_079,124,2.9908,2.6065,0.1009,0.4087,0.1283,1.3644
fCMR_Philips_041,124,1.7029,0.3082,0.0334,0.3354,0.0839,1.5949
fCMR_Philips_090,124,2.628,2.2877,0.1573,0.5247,0.1678,1.7044
fCMR_Philips_114,124,1.949,2.6776,0.1339,1.4745,0.1607,3.4294
fCMR_Philips_065,124,2.1172,0.9907,0.085,0.7523,0.1342,2.1187
fCMR_Philips_132,124,3.1037,1.8896,0.1757,4.0313,0.1922,9.0233
fCMR_Philips_031,124,1.2327,2.6894,0.0783,1.3663,0.1251,4.2557
fCMR_Philips_104,124,3.132,3.875,0.0927,2.2791,0.151,5.7722
fCMR_Philips_094,124,2.7006,2.6724,0.0622,0.3873,0.1096,1.4802
fCMR_Philips_136,124,1.9405,2.6579,0.0491,0.1864,0.0888,1.0672
fCMR_Philips_087,124,2.7516,1.7217,0.3274,1.5033,0.3401,3.7152
fCMR_Philips_003,124,2.0392,2.209,0.2079,0.3614,0.2241,1.2577
fCMR_Philips_047,124,2.9652,3.9994,0.2992,1.5403,0.3144,3.8874
fCMR_Philips_057,124,1.4017,2.8524,0.209,0.8549,0.2226,2.2906
fCMR_Philips_097,124,1.3964,2.2587,0.4517,0.3962,0.4733,1.8789
fCMR_Philips_070,124,2.6585,1.9832,0.3618,0.858,0.3689,2.2319
fCMR_Philips_068,124,1.6117,1.6371,0.2639,0.8375,0.2851,2.0178
fCMR_Philips_117,125,1.8705,3.5044,0.2251,0.4926,0.3326,2.6018
fCMR_Philips_002,125,1.0856,3.0841,0.1574,0.6534,0.1823,1.8436
fCMR_Philips_052,125,1.2632,2.808,0.1318,0.5316,0.1395,1.955
fCMR_Philips_123,125,0.7365,2.8367,0.0805,0.2853,0.1125,1.88
fCMR_Philips_079,125,2.2612,3.5872,0.133,0.6639,0.1621,2.2558
fCMR_Philips_041,125,1.1734,3.3473,0.0793,0.7756,0.1101,2.1097
fCMR_Philips_090,125,1.0908,3.0141,0.1487,0.8089,0.1667,2.4192
fCMR_Philips_114,125,3.1185,2.5906,0.0931,2.4579,0.1166,5.1489
fCMR_Philips_065,125,1.5408,3.7722,0.0502,0.7281,0.0809,2.1469
fCMR_Philips_132,125,2.183,3.5681,0.2337,4.6195,0.2475,10.3286
fCMR_Philips_031,125,2.2927,2.7232,0.1682,0.3859,0.2006,1.6106
fCMR_Philips_104,125,2.9476,3.149,0.1142,0.8428,0.1825,2.3673
fCMR_Philips_094,125,2.5637,3.0709,0.1704,0.6083,0.2017,2.152
fCMR_Philips_136,125,1.7723,2.2475,0.1672,0.3884,0.2054,1.4612
fCMR_Philips_087,125,3.0888,1.6557,0.3671,1.8406,0.3705,4.0735
fCMR_Philips_003,125,2.8956,2.995,0.1767,0.4744,0.2011,1.49
fCMR_Philips_047,125,2.6806,2.8521,0.2738,2.8785,0.2974,6.4761
fCMR_Philips_057,125,2.7034,2.4097,0.235,0.3893,0.243,1.126
fCMR_Philips_097,125,2.9413,2.7011,0.3458,0.6363,0.3782,1.8774
fCMR_Philips_070,125,2.2766,1.6238,0.2972,0.9208,0.3134,3.261
fCMR_Philips_068,125,2.0148,1.0701,0.2463,0.9135,0.2693,2.7306
fCMR_Philips_117,126,2.613,2.8742,0.1605,0.3936,0.1925,1.2456
fCMR_Philips_002,126,1.4918,1.8858,0.2345,0.3522,0.2492,1.1867
fCMR_Philips_052,126,1.6433,2.8154,0.2094,0.2926,0.2246,1.6496
fCMR_Philips_123,126,3.0334,1.3927,0.1348,0.3994,0.1693,2.2615
fCMR_Philips_079,126,2.9764,3.3191,0.1111,0.1091,0.1212,0.8739
fCMR_Philips_041,126,2.8277,2.8264,0.0599,1.0243,0.1202,3.176
fCMR_Philips_090,126,2.0261,2.9798,0.1552,0.1345,0.1731,0.9544
fCMR_Philips_114,126,1.5685,1.6232,0.0656,1.9783,0.0926,4.3386
fCMR_Philips_065,126,2.1735,2.33,0.0875,1.0868,0.1415,2.8919
fCMR_Philips_132,126,2.9918,1.5716,0.2659,5.2066,0.278,11.0045
fCMR_Philips_031,126,1.0393,1.9369,0.1488,1.2888,0.1729,3.8879
fCMR_Philips_104,126,1.3915,2.7816,0.1381,0.8198,0.18,2.0263
fCMR_Philips_094,126,2.2522,2.7672,0.0911,0.2252,0.121,1.9144
fCMR_Philips_136,126,2.7739,2.7081,0.0517,0.1377,0.0854,1.4993
fCMR_Philips_087,126,2.9759,2.0034,0.4314,1.9641,0.4357,4.3445
fCMR_Philips_003,126,1.7755,2.9175,0.1365,0.2791,0.1467,0.8364
fCMR_Philips_047,126,2.7635,2.8616,0.3755,0.6707,0.4062,2.9691
fCMR_Philips_057,126,1.2998,2.5003,0.2489,1.6923,0.2665,3.8524
fCMR_Philips_097,126,3.0242,3.2679,0.3099,0.4145,0.3135,1.5296
fCMR_Philips_070,126,1.2544,2.5437,0.3684,1.3002,0.3797,3.4388
fCMR_Philips_068,126,3.0473,2.2782,0.2165,0.5833,0.2275,1.5984
fCMR_Philips_117,127,2.9995,2.6942,0.1413,0.5599,0.1839,1.9264
fCMR_Philips_002,127,2.618,2.6673,0.2123,0.9251,0.219,2.6304
fCMR_Philips_052,127,2.165,1.7783,0.153,0.585,0.1767,1.5473
fCMR_Philips_123,127,2.5036,1.7101,0.0685,0.2049,0.138,0.9385
fCMR_Philips_079,127,2.6753,3.1547,0.0877,0.7744,0.1279,2.2401
fCMR_Philips_041,127,1.2294,2.3911,0.0465,0.6246,0.0901,2.126
fCMR_Philips_090,127,2.869,3.1959,0.1189,0.539,0.151,1.8679
fCMR_Philips_114,127,2.933,2.8953,0.2121,1.6144,0.2387,3.9629
fCMR_Philips_065,127,2.0724,2.5782,0.0993,2.0065,0.1175,4.8761
fCMR_Philips_132,127,2.0432,2.2668,0.2554,3.9193,0.2632,8.0726
fCMR_Philips_031,127,1.786,1.7561,0.0274,0.7257,0.1189,2.6042
fCMR_Philips_104,127,2.5568,2.4743,0.1404,2.3886,0.1809,5.3782
fCMR_Philips_094,127,3.0187,2.5203,0.1149,0.3504,0.1429,1.3092
fCMR_Philips_136,127,1.7811,3.1935,0.0955,0.2721,0.1111,1.0496
fCMR_Philips_087,127,3.1053,3.1728,0.3967,3.1603,0.4025,6.9802
fCMR_Philips_003,127,2.0353,3.5184,0.1412,1.0103,0.1792,2.957
fCMR_Philips_047,127,2.672,2.3128,0.2116,0.4869,0.2291,2.1039
fCMR_Philips_057,127,3.1214,1.6939,0.2397,1.9006,0.2519,4.3462
fCMR_Philips_097,127,1.3426,2.5187,0.3158,0.1518,0.3452,1.0106
fCMR_Philips_070,127,2.4558,2.4256,0.3043,1.187,0.3271,3.6194
fCMR_Philips_068,127,1.4626,3.416,0.2192,1.026,0.2349,2.8434
fCMR_Philips_117,128,3.0889,1.4187,0.1174,0.9593,0.1791,2.4676
fCMR_Philips_002,128,0.7332,3.046,0.2059,1.2228,0.2287,3.1922
fCMR_Philips_052,128,1.2359,2.2776,0.1695,0.2843,0.1838,1.4182
fCMR_Philips_123,128,2.6947,3.3521,0.133,0.2534,0.1782,1.0066
fCMR_Philips_079,128,2.3972,2.2688,0.0631,0.3518,0.1118,1.2557
fCMR_Philips_041,128,1.7236,0.4728,0.0281,0.1952,0.1144,1.2439
fCMR_Philips_090,128,1.6052,3.0154,0.1565,0.5608,0.1822,2.0861
fCMR_Philips_114,128,2.799,3.1465,0.1445,1.2309,0.1836,3.1662
fCMR_Philips_065,128,2.3658,3.4619,0.08,1.2163,0.106,3.0654
fCMR_Philips_132,128,2.7472,2.4589,0.2185,5.9023,0.2402,12.3222
fCMR_Philips_031,128,1.517,3.1495,0.1394,0.7375,0.1591,2.0274
fCMR_Philips_104,128,2.9256,2.3291,0.1041,1.9035,0.1822,4.5081
fCMR_Philips_094,128,3.0164,2.7809,0.1406,0.3662,0.1804,2.079
fCMR_Philips_136,128,2.5481,2.995,0.0709,0.2205,0.1267,1.1746
fCMR_Philips_087,128,2.7172,2.1608,0.3497,1.7576,0.3656,4.2638
fCMR_Philips_003,128,2.8816,2.7582,0.1883,0.3847,0.2151,1.2933
fCMR_Philips_047,128,2.5777,2.224,0.2095,1.5864,0.2315,4.4393
fCMR_Philips_057,128,2.8468,2.1808,0.2791,0.9629,0.2973,2.3464
fCMR_Philips_097,128,2.0824,3.8407,0.3047,0.4847,0.3467,1.5803
fCMR_Philips_070,128,2.7854,3.1057,0.3618,1.3458,0.3668,3.2829
fCMR_Philips_068,128,2.5226,1.8427,0.2249,0.9347,0.2357,2.1568
fCMR_Philips_117,129,2.3475,1.8746,0.1496,0.8909,0.2068,2.8935
fCMR_Philips_002,129,2.5257,1.8501,0.2273,2.0802,0.2393,4.9346
fCMR_Philips_052,129,1.7267,1.5934,0.1737,0.9546,0.186,2.7518
fCMR_Philips_123,129,2.8338,2.7219,0.0673,0.9695,0.1132,2.6447
fCMR_Philips_079,129,2.4387,3.0386,0.1563,1.1478,0.1672,3.7959
fCMR_Philips_041,129,2.2987,2.7706,0.0632,0.0695,0.1144,1.0727
fCMR_Philips_090,129,2.9707,0.3959,0.1082,0.6985,0.1514,1.9319
fCMR_Philips_114,129,1.1513,3.1261,0.1267,1.1783,0.1471,3.0929
fCMR_Philips_065,129,2.3117,2.0702,0.1466,1.8132,0.1798,4.058
fCMR_Philips_132,129,2.7724,2.6391,0.1432,3.3374,0.1475,7.1829
fCMR_Philips_031,129,1.9676,2.8755,0.0626,1.1231,0.0995,2.5628
fCMR_Philips_104,129,2.2879,1.3467,0.129,1.8328,0.1656,4.3946
fCMR_Philips_094,129,1.5211,1.1023,0.152,0.3196,0.156,1.2163
fCMR_Philips_136,129,1.7748,1.4916,0.1504,0.2904,0.1806,1.235
fCMR_Philips_087,129,2.4296,2.2869,0.4273,1.5692,0.4347,4.3976
fCMR_Philips_003,129,3.0234,1.0151,0.0758,0.5112,0.1087,1.5422
fCMR_Philips_047,129,1.1393,2.2263,0.1764,0.546,0.1818,2.6067
fCMR_Philips_057,129,2.8256,3.0398,0.3097,1.645,0.3313,3.9206
fCMR_Philips_097,129,3.0034,3.0947,0.3814,0.5424,0.4051,1.982
fCMR_Philips_070,129,0.3696,1.5714,0.3867,0.5573,0.3935,2.1431
fCMR_Philips_068,129,2.2471,3.4601,0.2275,0.5364,0.245,1.8561
fCMR_Philips_117,130,2.9755,2.4346,0.1818,1.0962,0.2082,2.4762
fCMR_Philips_002,130,2.1188,2.7016,0.1708,0.7538,0.1929,2.23
fCMR_Philips_052,130,0.9535,1.5875,0.1405,0.864,0.1647,2.5172
fCMR_Philips_123,130,2.2889,2.6387,0.156,0.2356,0.2183,1.1182
fCMR_Philips_079,130,1.8551,2.0231,0.1604,2.3153,0.1884,5.3649
fCMR_Philips_041,130,2.0858,3.626,0.0248,0.4377,0.0795,1.53
fCMR_Philips_090,130,2.8171,1.5277,0.2264,0.6508,0.232,1.92
fCMR_Philips_114,130,2.4979,1.8456,0.1837,1.9318,0.1878,4.7131
fCMR_Philips_065,130,3.0921,0.305,0.0736,1.0921,0.1224,2.8144
fCMR_Philips_132,130,1.301,2.8873,0.1855,3.2631,0.2179,7.0871
fCMR_Philips_031,130,2.0896,3.3566,0.1338,0.959,0.1658,3.145
fCMR_Philips_104,130,2.7728,2.1946,0.1072,1.9712,0.1481,4.296
fCMR_Philips_094,130,2.2074,2.614,0.126,0.1293,0.1671,1.5556
fCMR_Philips_136,130,1.7778,1.5286,0.0989,0.0935,0.1263,0.4952
fCMR_Philips_087,130,2.8831,0.9982,0.3969,1.4225,0.4038,3.2146
fCMR_Philips_003,130,2.1748,1.9001,0.1744,0.345,0.1929,1.2336
fCMR_Philips_047,130,0.9302,0.6945,0.1541,2.6609,0.2066,6.6154
fCMR_Philips_057,130,2.6241,2.3708,0.2221,0.8738,0.2432,1.9294
fCMR_Philips_097,130,2.7931,2.9194,0.296,0.2867,0.301,1.349
fCMR_Philips_070,130,2.1248,2.5079,0.4215,0.4748,0.4396,1.3587
fCMR_Philips_068,130,1.6381,2.9467,0.235,0.9468,0.2403,2.557
fCMR_Philips_117,131,2.5099,1.0625,0.1585,0.635,0.1892,2.0018
fCMR_Philips_002,131,2.6391,2.8076,0.1838,0.7495,0.1925,2.1793
fCMR_Philips_052,131,1.6522,1.9617,0.1786,0.6453,0.1933,1.8938
fCMR_Philips_123,131,2.9318,2.9278,0.1089,0.1878,0.1781,1.2224
fCMR_Philips_079,131,2.3647,1.2629,0.0912,0.0215,0.1292,1.2158
fCMR_Philips_041,131,2.0947,2.6568,0.0613,0.3809,0.0974,1.346
fCMR_Philips_090,131,2.6189,2.2083,0.1869,0.4797,0.206,1.6149
fCMR_Philips_114,131,1.8667,2.0964,0.1633,1.1551,0.1821,3.064
fCMR_Philips_065,131,1.5793,3.3488,0.096,0.9754,0.1153,2.4228
fCMR_Philips_132,131,3.0375,2.2067,0.1921,2.8654,0.2141,6.0801
fCMR_Philips_031,131,2.7804,2.4612,0.1655,2.0268,0.2062,5.4531
fCMR_Philips_104,131,2.7911,2.4071,0.1348,1.9097,0.1756,4.3028
fCMR_Philips_094,131,2.608,2.9415,0.122,0.1465,0.1336,1.6311
fCMR_Philips_136,131,2.9578,1.7278,0.0412,0.4341,0.0675,1.6068
fCMR_Philips_087,131,2.167,3.0831,0.3702,1.9706,0.3854,4.1145
fCMR_Philips_003,131,0.5424,2.6972,0.1878,0.4053,0.2212,1.5492
fCMR_Philips_047,131,2.7927,3.5585,0.213,2.112,0.2459,6.4294
fCMR_Philips_057,131,2.6572,3.2533,0.3144,0.9504,0.3173,2.3992
fCMR_Philips_097,131,0.7112,3.1366,0.3111,0.5429,0.3208,1.6269
fCMR_Philips_070,131,2.0707,1.6776,0.3705,0.8857,0.3827,2.3965
fCMR_Philips_068,131,2.8499,0.8813,0.2626,0.7812,0.2745,2.3278
fCMR_Philips_117,132,2.2186,3.0072,0.1308,0.797,0.1637,2.1922
fCMR_Philips_002,132,2.6728,1.5511,0.1663,1.2785,0.1825,3.2252
fCMR_Philips_052,132,2.8842,2.4047,0.1211,0.5322,0.138,1.875
fCMR_Philips_123,132,2.2079,2.1466,0.1418,0.1595,0.1639,1.1228
fCMR_Philips_079,132,2.6639,1.9248,0.0765,0.3177,0.1154,2.0125
fCMR_Philips_041,132,2.8167,2.0821,0.0389,0.3961,0.0914,1.3808
fCMR_Philips_090,132,3.0542,3.1308,0.1228,1.087,0.1417,2.416
fCMR_Philips_114,132,2.4756,2.2124,0.1371,1.5724,0.1591,4.0742
fCMR_Philips_065,132,3.1221,2.2672,0.0579,1.8066,0.1328,4.1502
fCMR_Philips_132,132,2.4792,2.7365,0.141,4.9858,0.1766,10.8327
fCMR_Philips_031,132,2.7293,1.0749,0.0575,1.1247,0.1208,2.7438
fCMR_Philips_104,132,2.6047,3.4286,0.1807,2.3637,0.236,5.297
fCMR_Philips_094,132,1.9552,2.3956,0.1308,0.5149,0.1466,2.1004
fCMR_Philips_136,132,2.7143,4.0164,0.1257,0.2721,0.1613,1.0124
fCMR_Philips_087,132,2.1935,2.524,0.3847,1.9584,0.3882,4.4719
fCMR_Philips_003,132,1.0788,2.5291,0.164,0.2566,0.1729,1.0917
fCMR_Philips_047,132,2.0239,2.7332,0.1297,0.7249,0.1468,2.1203
fCMR_Philips_057,132,2.8847,2.4356,0.3034,1.1204,0.3218,2.4559
fCMR_Philips_097,132,2.0816,3.3127,0.262,0.6509,0.2944,1.8919
fCMR_Philips_070,132,2.3978,3.0882,0.4208,1.0039,0.447,2.815
fCMR_Philips_068,132,2.8945,1.6967,0.248,1.4543,0.255,3.3847
fCMR_Philips_117,133,3.1046,2.0322,0.1794,1.1493,0.1999,3.2557
fCMR_Philips_002,133,0.9317,2.2531,0.1043,0.9079,0.1556,2.768
fCMR_Philips_052,133,2.9395,2.4102,0.2731,0.2893,0.2884,0.954
fCMR_Philips_123,133,2.6209,2.8313,0.1053,0.4743,0.1569,1.6738
fCMR_Philips_079,133,2.3252,1.5036,0.109,0.2833,0.1584,1.8835
fCMR_Philips_041,133,2.879,2.0919,0.0364,0.4951,0.0629,1.3647
fCMR_Philips_090,133,1.8292,2.8641,0.0554,1.1608,0.1112,3.0535
fCMR_Philips_114,133,3.0142,1.8649,0.0953,1.517,0.1367,3.4311
fCMR_Philips_065,133,2.0141,1.005,0.0689,1.2311,0.108,3.3986
fCMR_Philips_132,133,1.4751,3.6225,0.2179,3.2745,0.2295,6.8965
fCMR_Philips_031,133,1.9605,1.4247,0.09,1.0536,0.1571,2.5981
fCMR_Philips_104,133,1.1513,3.0152,0.1438,1.6468,0.1903,3.8949
fCMR_Philips_094,133,1.9728,1.8765,0.0658,0.4643,0.0828,1.5484
fCMR_Philips_136,133,1.2477,1.5547,0.0695,0.1621,0.1089,0.7392
fCMR_Philips_087,133,3.0349,2.7196,0.3891,2.1795,0.3971,5.4919
fCMR_Philips_003,133,2.3307,2.32,0.1426,0.3653,0.1472,1.3405
fCMR_Philips_047,133,1.8018,1.5075,0.2244,1.2454,0.2573,3.2959
fCMR_Philips_057,133,2.5307,1.7179,0.2957,1.3142,0.3005,3.6232
fCMR_Philips_097,133,2.9564,1.4657,0.2711,0.4606,0.3322,2.4058
fCMR_Philips_070,133,0.806,1.7396,0.3943,0.8131,0.3985,2.0866
fCMR_Philips_068,133,2.8747,0.4536,0.2408,0.6219,0.2464,1.7991
fCMR_Philips_117,134,1.8085,2.5795,0.1198,0.644,0.1569,2.1161
fCMR_Philips_002,134,1.542,1.753,0.1228,1.0167,0.1471,2.7167
fCMR_Philips_052,134,2.7702,2.6681,0.129,0.0684,0.1624,0.9939
fCMR_Philips_123,134,2.7139,3.0037,0.1013,0.2747,0.1433,1.2185
fCMR_Philips_079,134,2.0146,1.6161,0.0862,1.2271,0.1202,2.8409
fCMR_Philips_041,134,1.7378,1.3883,0.0721,0.1541,0.1093,0.6414
fCMR_Philips_090,134,1.3166,3.6069,0.1751,0.795,0.1953,2.3435
fCMR_Philips_114,134,2.8951,2.1163,0.08,1.925,0.1275,4.071
fCMR_Philips_065,134,1.4392,1.2835,0.1285,1.3367,0.146,3.0982
fCMR_Philips_132,134,3.0876,3.289,0.2848,4.9488,0.2962,10.6354
fCMR_Philips_031,134,2.2635,2.5409,0.1411,0.547,0.1809,2.0198
fCMR_Philips_104,134,1.7792,1.7743,0.0782,1.5203,0.1256,3.9025
fCMR_Philips_094,134,1.6262,1.6281,0.0879,0.0673,0.1235,1.0723
fCMR_Philips_136,134,2.9078,3.1048,0.0572,0.0358,0.1051,0.6254
fCMR_Philips_087,134,2.7831,1.6782,0.3864,1.557,0.3976,3.4224
fCMR_Philips_003,134,2.2057,2.8381,0.1303,0.3055,0.1543,1.3012
fCMR_Philips_047,134,2.2069,2.7704,0.2401,0.8901,0.2723,2.8677
fCMR_Philips_057,134,1.4008,2.933,0.2889,0.5329,0.2949,1.7307
fCMR_Philips_097,134,1.1858,1.5798,0.2999,0.6556,0.3182,2.9116
fCMR_Philips_070,134,2.1068,2.5258,0.4094,1.085,0.4266,3.5318
fCMR_Philips_068,134,2.0888,2.4701,0.243,0.6785,0.2566,1.9222
fCMR_Philips_117,135,2.6719,1.9398,0.1827,0.497,0.2065,1.6309
fCMR_Philips_002,135,2.6001,0.6856,0.1641,0.9965,0.1929,2.7054
fCMR_Philips_052,135,2.7245,3.5917,0.0974,0.6498,0.1331,1.9945
fCMR_Philips_123,135,2.0327,1.9437,0.0961,0.7016,0.1707,2.737
fCMR_Philips_079,135,2.1927,2.899,0.0902,0.0935,0.1306,0.9258
fCMR_Philips_041,135,2.9763,1.0826,0.0263,0.2858,0.0584,1.4432
fCMR_Philips_090,135,2.2559,1.7158,0.1394,0.7629,0.1508,2.1088
fCMR_Philips_114,135,2.6774,3.8756,0.109,2.1736,0.1347,4.6721
fCMR_Philips_065,135,2.1903,2.4323,0.1168,1.2304,0.1265,3.1805
fCMR_Philips_132,135,2.5036,2.4504,0.282,4.5447,0.2951,9.4563
fCMR_Philips_031,135,3.0255,2.6894,0.0816,0.7819,0.1282,2.1105
fCMR_Philips_104,135,2.9128,2.8236,0.0486,1.3535,0.1292,3.2592
fCMR_Philips_094,135,2.1706,2.2076,0.105,0.9655,0.1166,2.5114
fCMR_Philips_136,135,1.7893,3.1467,0.0964,0.2404,0.1381,1.0839
fCMR_Philips_087,135,1.5806,2.797,0.3794,2.0156,0.3886,4.6509
fCMR_Philips_003,135,1.8628,1.8921,0.1837,0.2576,0.1983,1.3527
fCMR_Philips_047,135,1.2085,2.1746,0.2419,1.7356,0.2554,4.4074
fCMR_Philips_057,135,1.7255,1.3959,0.2591,0.9772,0.2697,2.6664
fCMR_Philips_097,135,1.0753,2.708,0.4324,0.0512,0.4498,0.7244
fCMR_Philips_070,135,1.2929,2.2428,0.4194,0.6469,0.4283,1.7366
fCMR_Philips_068,135,2.8122,1.2492,0.262,0.7848,0.2759,2.2051
fCMR_Philips_117,136,1.609,2.2015,0.2159,0.9443,0.2368,2.3416
fCMR_Philips_002,136,1.9134,2.3032,0.1766,0.7913,0.1888,2.1618
fCMR_Philips_052,136,2.2222,3.0692,0.1352,0.3823,0.172,1.6849
fCMR_Philips_123,136,2.5827,3.3091,0.0967,0.3854,0.1136,1.2012
fCMR_Philips_079,136,3.0826,2.5096,0.1334,0.1988,0.155,1.3901
fCMR_Philips_041,136,1.4401,2.0162,0.0243,0.0589,0.0715,0.8128
fCMR_Philips_090,136,2.6567,2.3233,0.1332,0.2236,0.1463,0.663
fCMR_Philips_114,136,1.9071,2.7115,0.2372,0.6426,0.2418,1.8726
fCMR_Philips_065,136,1.9007,2.7605,0.0615,1.1773,0.1091,3.1205
fCMR_Philips_132,136,2.9561,2.6903,0.1717,4.032,0.2164,8.46
fCMR_Philips_031,136,2.6629,2.1367,0.0738,0.8997,0.1349,2.445
fCMR_Philips_104,136,2.5995,0.9561,0.1671,1.8207,0.1977,4.6488
fCMR_Philips_094,136,3.0053,2.2955,0.1141,0.3832,0.1458,2.1362
fCMR_Philips_136,136,2.5047,1.5955,0.112,0.3359,0.1344,1.4056
fCMR_Philips_087,136,2.2877,2.4198,0.3991,1.2028,0.4031,2.5672
fCMR_Philips_003,136,2.1085,1.3401,0.2069,0.2928,0.2226,0.8538
fCMR_Philips_047,136,1.0384,2.6078,0.2757,0.5807,0.2844,1.9538
fCMR_Philips_057,136,2.8143,1.8377,0.3277,0.857,0.3383,2.144
fCMR_Philips_097,136,1.8961,1.4656,0.365,0.4615,0.3873,2.0583
fCMR_Philips_070,136,1.1842,1.6911,0.3449,0.6746,0.3486,2.1776
fCMR_Philips_068,136,1.8957,2.972,0.2232,0.3716,0.2469,1.2797
fCMR_Philips_117,137,0.736,3.5325,0.1084,0.0781,0.1325,0.9221
fCMR_Philips_002,137,0.5348,1.6362,0.1848,0.6294,0.2091,1.5793
fCMR_Philips_052,137,1.6955,2.1902,0.1667,0.6822,0.1756,1.8279
fCMR_Philips_123,137,2.4439,1.6343,0.0585,0.243,0.0944,1.1423
fCMR_Philips_079,137,0.7892,2.628,0.1044,0.1298,0.1318,1.1476
fCMR_Philips_041,137,1.7876,1.7871,0.0607,0.5238,0.1196,1.4092
fCMR_Philips_090,137,1.5558,1.9264,0.1627,0.9043,0.181,2.4087
fCMR_Philips_114,137,0.9352,2.5323,0.1994,1.8637,0.2232,4.1964
fCMR_Philips_065,137,2.9819,2.1668,0.0516,2.7265,0.1229,6.5466
fCMR_Philips_132,137,1.4621,2.5884,0.1969,3.4811,0.2023,7.6963
fCMR_Philips_031,137,2.3129,3.0556,0.1632,0.5317,0.1873,2.3526
fCMR_Philips_104,137,3.0358,3.5206,0.1344,3.4059,0.1688,7.6091
fCMR_Philips_094,137,1.598,2.4368,0.082,0.592,0.1485,2.3265
fCMR_Philips_136,137,2.1829,1.8899,0.1526,0.1638,0.175,0.9212
fCMR_Philips_087,137,0.3532,1.741,0.4107,2.8828,0.4148,6.2947
fCMR_Philips_003,137,2.0521,0.4851,0.2134,0.4952,0.2244,1.3242
fCMR_Philips_047,137,2.0896,2.2475,0.3053,5.3871,0.3578,12.2306
fCMR_Philips_057,137,2.3594,1.3341,0.2479,0.465,0.2739,1.4555
fCMR_Philips_097,137,2.7039,2.0582,0.3863,0.2012,0.3947,1.4122
fCMR_Philips_070,137,2.9336,3.0405,0.4836,1.1496,0.4968,3.6685
fCMR_Philips_068,137,0.7157,2.3694,0.2547,1.385,0.2711,3.3978
fCMR_Philips_117,138,2.9043,3.6768,0.1416,0.2524,0.1576,1.2379
fCMR_Philips_002,138,2.6624,0.5506,0.1526,1.5584,0.1603,3.3212
fCMR_Philips_052,138,2.9337,1.815,0.1744,0.2315,0.2102,1.1442
fCMR_Philips_123,138,2.2411,3.0731,0.1355,0.982,0.1405,2.9488
fCMR_Philips_079,138,2.2951,2.3862,0.0895,0.7,0.1181,2.0624
fCMR_Philips_041,138,2.9591,2.7124,0.0752,0.435,0.1205,1.1364
fCMR_Philips_090,138,2.1483,1.734,0.086,0.769,0.1017,1.9883
fCMR_Philips_114,138,2.0633,2.2413,0.1185,1.3648,0.1647,3.3198
fCMR_Philips_065,138,1.5985,2.8105,0.1361,1.4718,0.1527,3.5305
fCMR_Philips_132,138,2.9971,2.9913,0.2435,3.3997,0.2549,7.3818
fCMR_Philips_031,138,2.4067,2.8764,0.0742,0.5564,0.1112,1.7169
fCMR_Philips_104,138,3.0994,2.8428,0.048,2.7431,0.1866,6.098
fCMR_Philips_094,138,3.1404,0.8764,0.1625,0.1925,0.179,1.7062
fCMR_Philips_136,138,0.972,2.6685,0.0811,0.428,0.0973,1.3884
fCMR_Philips_087,138,1.606,2.675,0.4191,2.2669,0.4251,5.1243
fCMR_Philips_003,138,2.0783,2.4991,0.1901,0.5984,0.2201,1.4372
fCMR_Philips_047,138,2.9113,1.496,0.3052,0.9986,0.3159,3.2355
fCMR_Philips_057,138,1.4982,0.785,0.2214,1.1062,0.2336,2.944
fCMR_Philips_097,138,1.796,2.0993,0.4602,0.4112,0.4791,2.1765
fCMR_Philips_070,138,2.6773,0.7245,0.3344,0.953,0.3562,2.867
fCMR_Philips_068,138,1.9382,1.8273,0.2414,0.71,0.257,1.8396
fCMR_Philips_117,139,2.4976,2.3886,0.0854,0.6702,0.1515,1.6919
fCMR_Philips_002,139,2.7267,1.4534,0.1956,2.2929,0.2105,5.0155
fCMR_Philips_052,139,3.1145,2.1113,0.184,0.408,0.2299,1.6404
fCMR_Philips_123,139,2.6553,3.1073,0.0738,0.2542,0.1251,1.1883
fCMR_Philips_079,139,2.8633,2.9714,0.0954,0.0356,0.1209,1.1683
fCMR_Philips_041,139,2.1332,2.2729,0.0413,0.7496,0.1089,2.4496
fCMR_Philips_090,139,2.9857,1.6478,0.1221,1.025,0.1671,2.4148
fCMR_Philips_114,139,3.0777,3.2777,0.1358,2.3204,0.1715,5.4839
fCMR_Philips_065,139,2.4692,3.3334,0.1312,0.5267,0.142,1.6738
fCMR_Philips_132,139,2.9716,3.7555,0.163,3.1185,0.1797,6.5727
fCMR_Philips_031,139,2.2723,1.9227,0.069,1.0601,0.1084,2.3916
fCMR_Philips_104,139,2.1616,2.7994,0.0863,1.8507,0.1597,4.3126
fCMR_Philips_094,139,2.6736,1.9629,0.1397,0.5279,0.1759,2.1694
fCMR_Philips_136,139,1.1405,3.2457,0.0585,0.0328,0.1208,0.3837
fCMR_Philips_087,139,2.4468,1.472,0.4069,1.0867,0.4122,2.8712
fCMR_Philips_003,139,1.7952,3.0008,0.1899,0.5918,0.2146,1.6225
fCMR_Philips_047,139,2.6461,3.2045,0.2425,3.8824,0.2644,8.7684
fCMR_Philips_057,139,2.3715,2.4783,0.2492,1.3415,0.2546,3.49
fCMR_Philips_097,139,2.5795,3.0241,0.3966,0.0351,0.4317,0.9829
fCMR_Philips_070,139,2.2793,2.6064,0.4709,1.5849,0.4859,4.3682
fCMR_Philips_068,139,2.3623,2.7651,0.2033,0.7803,0.2299,2.0476
fCMR_Philips_117,140,2.5449,1.6034,0.2046,0.7049,0.2402,1.8897
fCMR_Philips_002,140,2.12,1.1543,0.1537,1.2852,0.1808,4.4037
fCMR_Philips_052,140,3.0864,2.6926,0.2279,0.5034,0.2428,1.6652
fCMR_Philips_123,140,1.5955,0.4345,0.0792,0.0861,0.148,1.1933
fCMR_Philips_079,140,3.0164,3.0184,0.0861,0.8066,0.1246,2.6532
fCMR_Philips_041,140,2.9053,2.7375,0.0436,0.5061,0.1107,2.1968
fCMR_Philips_090,140,3.0451,2.2091,0.1349,0.4867,0.193,1.6438
fCMR_Philips_114,140,0.8537,1.0094,0.0719,2.1124,0.1189,4.8042
fCMR_Philips_065,140,2.1728,0.716,0.0585,1.3026,0.1246,3.1967
fCMR_Philips_132,140,3.1219,2.2519,0.2673,4.1524,0.2773,8.7454
fCMR_Philips_031,140,1.6562,2.6305,0.0288,2.5133,0.113,6.1888
fCMR_Philips_104,140,2.3649,2.9137,0.1574,2.6173,0.2165,5.6856
fCMR_Philips_094,140,1.5699,2.7116,0.1441,1.2335,0.1508,3.1456
fCMR_Philips_136,140,1.8257,2.7407,0.1158,0.2643,0.1586,1.5382
fCMR_Philips_087,140,2.3548,2.8976,0.3843,1.607,0.3957,3.8438
fCMR_Philips_003,140,1.758,3.1082,0.132,0.5512,0.1685,1.8079
fCMR_Philips_047,140,2.9584,1.9063,0.1784,0.5542,0.1876,1.8614
fCMR_Philips_057,140,2.7556,3.3172,0.1428,0.4758,0.1586,1.6604
fCMR_Philips_097,140,2.5657,3.5575,0.3019,0.3757,0.332,1.7662
fCMR_Philips_070,140,2.7285,2.0274,0.3012,0.8532,0.3143,2.1368
fCMR_Philips_068,140,1.2825,3.7188,0.2714,0.4321,0.2798,1.2988
fCMR_Philips_117,141,1.8808,2.5142,0.0653,0.9442,0.1489,2.4278
fCMR_Philips_002,141,0.9578,1.5204,0.1863,1.1973,0.197,3.2663
fCMR_Philips_052,141,3.0592,2.2451,0.1401,0.6231,0.171,2.6939
fCMR_Philips_123,141,2.8549,1.9267,0.1608,0.469,0.175,1.4374
fCMR_Philips_079,141,1.8091,3.36,0.0688,1.0777,0.1195,2.7595
fCMR_Philips_041,141,2.2942,2.172,0.1084,0.3032,0.1216,1.3242
fCMR_Philips_090,141,2.2154,3.7861,0.1201,0.554,0.1298,1.8346
fCMR_Philips_114,141,1.7847,2.0974,0.1257,1.4344,0.1382,3.2721
fCMR_Philips_065,141,2.4308,1.8153,0.1562,1.9406,0.1719,4.5245
fCMR_Philips_132,141,2.9317,2.7736,0.1827,2.8215,0.1967,6.2953
fCMR_Philips_031,141,2.1251,1.4837,0.0968,0.9244,0.1319,2.8046
fCMR_Philips_104,141,2.8613,2.6479,0.1636,2.8159,0.1875,6.7206
fCMR_Philips_094,141,2.8842,2.6304,0.1678,1.0766,0.2099,2.709
fCMR_Philips_136,141,2.2965,2.9253,0.1769,0.7635,0.1991,2.3711
fCMR_Philips_087,141,2.0217,2.3037,0.3293,1.828,0.3355,4.1453
fCMR_Philips_003,141,1.8792,3.1191,0.1779,0.2945,0.1969,1.1134
fCMR_Philips_047,141,1.9761,2.8051,0.3185,4.7931,0.331,10.7176
fCMR_Philips_057,141,2.3076,2.2917,0.2815,0.7147,0.2898,1.842
fCMR_Philips_097,141,1.26,3.013,0.2728,0.2308,0.3161,1.2302
fCMR_Philips_070,141,3.0889,3.3303,0.3947,0.7131,0.4027,1.9698
fCMR_Philips_068,141,2.2469,3.6484,0.2582,0.6723,0.2635,1.7442
fCMR_Philips_117,142,3.0396,1.6584,0.1636,0.9026,0.2205,2.8331
fCMR_Philips_002,142,2.366,1.7409,0.2021,1.4659,0.216,3.6523
fCMR_Philips_052,142,2.7207,2.5183,0.1185,0.4507,0.169,1.906
fCMR_Philips_123,142,2.4189,3.2033,0.1548,0.2572,0.1672,1.0539
fCMR_Philips_079,142,0.5445,2.6125,0.0957,0.433,0.1097,1.5672
fCMR_Philips_041,142,0.4725,2.0722,0.075,0.3843,0.1082,1.6231
fCMR_Philips_090,142,1.7595,2.786,0.158,0.8112,0.1952,2.2986
fCMR_Philips_114,142,1.0455,3.5973,0.1985,1.2191,0.2105,3.1216
fCMR_Philips_065,142,1.3414,3.5402,0.0912,1.3207,0.1369,2.9371
fCMR_Philips_132,142,2.0825,1.9965,0.3113,5.2633,0.3139,10.8692
fCMR_Philips_031,142,2.825,3.18,0.1397,0.5799,0.1558,1.8477
fCMR_Philips_104,142,2.9012,2.3663,0.1072,3.2467,0.151,7.265
fCMR_Philips_094,142,2.3413,3.0338,0.1023,0.6125,0.1463,1.5999
fCMR_Philips_136,142,2.156,2.3935,0.107,0.3272,0.1298,1.0018
fCMR_Philips_087,142,2.0224,3.4584,0.3593,1.7233,0.3651,4.3073
fCMR_Philips_003,142,0.8567,3.2427,0.2061,0.219,0.2203,0.939
fCMR_Philips_047,142,2.9932,1.9168,0.2104,2.067,0.2366,6.5639
fCMR_Philips_057,142,1.1449,2.7519,0.191,1.1832,0.21,3.1896
fCMR_Philips_097,142,2.5772,3.2247,0.325,0.7745,0.3462,2.0018
fCMR_Philips_070,142,2.9288,1.6326,0.3842,0.7403,0.403,1.9101
fCMR_Philips_068,142,2.8515,1.1036,0.2164,0.8803,0.2379,2.3979
fCMR_Philips_117,143,2.5869,1.3145,0.1612,1.3596,0.1734,3.4545
fCMR_Philips_002,143,2.7481,2.6871,0.1492,1.2568,0.1746,3.043
fCMR_Philips_052,143,1.6389,2.7577,0.1566,0.8363,0.1932,2.0537
fCMR_Philips_123,143,2.6015,3.1542,0.1211,0.332,0.1399,1.4835
fCMR_Philips_079,143,1.9107,2.6558,0.1465,2.4201,0.178,5.9757
fCMR_Philips_041,143,2.4602,1.7338,0.0414,0.152,0.1198,1.4911
fCMR_Philips_090,143,2.8509,1.9293,0.1721,0.5125,0.1803,1.5106
fCMR_Philips_114,143,0.7881,2.1839,0.1067,1.7842,0.1501,4.0414
fCMR_Philips_065,143,2.8797,2.7286,0.0211,0.5627,0.112,1.9506
fCMR_Philips_132,143,2.9196,2.3875,0.2357,4.6421,0.2625,9.8949
fCMR_Philips_031,143,2.9173,3.5122,0.0709,0.9386,0.139,2.3896
fCMR_Philips_104,143,2.2468,3.0329,0.1575,0.9385,0.1887,2.6552
fCMR_Philips_094,143,1.2074,2.3896,0.1559,0.6185,0.2182,2.5366
fCMR_Philips_136,143,3.0648,2.7355,0.0838,0.2917,0.1542,1.0036
fCMR_Philips_087,143,0.9727,2.4845,0.3508,1.0469,0.359,2.9163
fCMR_Philips_003,143,2.9876,2.9443,0.2413,0.3094,0.2497,1.0301
fCMR_Philips_047,143,2.4403,2.7408,0.2275,1.8083,0.2513,4.2759
fCMR_Philips_057,143,2.6293,1.5273,0.2418,0.7,0.2707,1.8179
fCMR_Philips_097,143,2.5129,1.3904,0.3934,0.5608,0.4595,2.5446
fCMR_Philips_070,143,3.0996,2.1087,0.3156,0.9453,0.3276,2.3402
fCMR_Philips_068,143,1.4113,3.2614,0.2422,0.2778,0.2471,1.2603
fCMR_Philips_117,144,2.8307,2.1799,0.1918,0.7615,0.2125,1.9252
fCMR_Philips_002,144,1.127,1.8852,0.1487,0.7006,0.1591,2.8191
fCMR_Philips_052,144,2.2189,2.5339,0.2361,0.0985,0.2578,0.6174
fCMR_Philips_123,144,2.0275,1.7657,0.1243,0.0121,0.1502,0.9742
fCMR_Philips_079,144,3.122,3.086,0.1404,0.4464,0.1795,1.5411
fCMR_Philips_041,144,2.9329,0.8156,0.0633,0.3389,0.1149,1.6205
fCMR_Philips_090,144,2.3748,3.6109,0.1319,0.7265,0.1776,2.3742
fCMR_Philips_114,144,2.3585,1.4989,0.1095,1.2716,0.1645,3.0568
fCMR_Philips_065,144,3.0737,2.4252,0.1319,1.6281,0.1469,3.9076
fCMR_Philips_132,144,2.5128,2.1496,0.2866,4.8259,0.2881,10.3775
fCMR_Philips_031,144,1.6729,3.5083,0.1425,1.5326,0.188,3.8902
fCMR_Philips_104,144,2.893,2.3943,0.104,0.9064,0.1604,2.258
fCMR_Philips_094,144,2.7219,3.5833,0.1312,0.8331,0.1681,2.5066
fCMR_Philips_136,144,1.9505,2.3183,0.0685,0.1845,0.1052,0.9987
fCMR_Philips_087,144,2.8724,3.4618,0.3553,1.9696,0.3642,4.883
fCMR_Philips_003,144,1.7152,2.5558,0.1335,0.2867,0.1561,0.9874
fCMR_Philips_047,144,2.5429,2.4656,0.2899,4.125,0.307,9.0804
fCMR_Philips_057,144,2.3232,2.1586,0.1845,0.887,0.1969,2.4778
fCMR_Philips_097,144,1.251,3.2204,0.3304,0.0843,0.3459,1.0538
fCMR_Philips_070,144,2.6489,1.4607,0.316,0.2261,0.3268,1.0533
fCMR_Philips_068,144,2.9802,2.6634,0.285,0.4448,0.3006,1.6944
fCMR_Philips_117,145,2.6516,2.78,0.0798,1.8158,0.1372,4.3544
fCMR_Philips_002,145,2.4833,2.9966,0.2172,1.1691,0.2668,3.4822
fCMR_Philips_052,145,2.1018,2.065,0.1417,0.3538,0.1635,1.6452
fCMR_Philips_123,145,2.2369,2.5629,0.106,0.6923,0.1543,1.8804
fCMR_Philips_079,145,1.6785,2.8132,0.1496,0.2082,0.1766,1.1447
fCMR_Philips_041,145,2.9943,2.1356,0.0989,1.2466,0.1236,3.2737
fCMR_Philips_090,145,2.5835,2.9904,0.1238,0.5299,0.1651,1.8348
fCMR_Philips_114,145,0.9513,3.2693,0.1384,1.1696,0.1477,2.9277
fCMR_Philips_065,145,3.0743,2.39,0.1605,2.5337,0.1693,5.4935
fCMR_Philips_132,145,1.3768,1.3881,0.2328,4.5635,0.2417,9.7199
fCMR_Philips_031,145,1.8977,2.4139,0.1041,1.1814,0.1301,3.4248
fCMR_Philips_104,145,2.0647,2.6253,0.1734,2.3542,0.197,5.0966
fCMR_Philips_094,145,2.8742,2.957,0.094,0.8855,0.1186,2.9238
fCMR_Philips_136,145,1.7595,3.3477,0.0564,0.1104,0.1389,0.8572
fCMR_Philips_087,145,2.9583,3.4308,0.3773,1.7446,0.3845,3.8312
fCMR_Philips_003,145,1.4368,1.4549,0.2351,0.2938,0.2488,1.0358
fCMR_Philips_047,145,3.137,1.4899,0.2072,2.5378,0.2516,6.0148
fCMR_Philips_057,145,2.9639,3.4211,0.2748,1.2568,0.2822,3.1097
fCMR_Philips_097,145,1.2967,1.6922,0.4317,0.7838,0.4495,2.7775
fCMR_Philips_070,145,2.403,0.9802,0.3631,0.6714,0.3815,2.0239
fCMR_Philips_068,145,2.1629,2.439,0.2713,0.6754,0.2798,1.9492
fCMR_Philips_117,146,1.3382,2.4657,0.1819,0.2631,0.2204,1.0756
fCMR_Philips_002,146,2.7571,2.4854,0.1934,0.6235,0.2057,1.5518
fCMR_Philips_052,146,2.6842,1.7908,0.1777,0.5319,0.2252,2.3985
fCMR_Philips_123,146,1.118,2.9166,0.1066,0.5393,0.1335,1.7852
fCMR_Philips_079,146,2.8594,2.1794,0.1581,0.5701,0.1887,2.2211
fCMR_Philips_041,146,3.0339,2.3832,0.108,0.9092,0.1332,2.067
fCMR_Philips_090,146,2.6909,3.3264,0.1089,0.9512,0.1541,2.2433
fCMR_Philips_114,146,2.4468,2.5976,0.1559,1.0358,0.1724,2.8071
fCMR_Philips_065,146,2.4035,2.7365,0.1519,0.6106,0.1614,1.9083
fCMR_Philips_132,146,1.6775,3.1022,0.2057,3.4382,0.214,8.1866
fCMR_Philips_031,146,2.6833,2.4003,0.1156,0.8992,0.1623,3.12
fCMR_Philips_104,146,2.9749,2.4212,0.1896,1.8028,0.2381,4.7455
fCMR_Philips_094,146,3.0963,3.1312,0.1333,0.4084,0.1609,1.4453
fCMR_Philips_136,146,3.0493,3.3184,0.0882,0.1474,0.1177,0.5972
fCMR_Philips_087,146,1.6535,2.9471,0.2311,1.1939,0.2355,2.8272
fCMR_Philips_003,146,2.245,1.0503,0.2319,0.0768,0.2414,0.5255
fCMR_Philips_047,146,2.9245,3.0202,0.2518,1.3022,0.3156,4.6456
fCMR_Philips_057,146,1.37,1.9494,0.2419,1.1823,0.2485,2.9043
fCMR_Philips_097,146,2.1213,2.1074,0.4267,0.457,0.4468,2.1154
fCMR_Philips_070,146,1.7751,3.2462,0.3842,0.1728,0.3877,0.9733
fCMR_Philips_068,146,3.003,2.1056,0.2914,0.6954,0.2974,1.7618
fCMR_Philips_117,147,2.4184,2.5054,0.118,0.7944,0.1436,2.6687
fCMR_Philips_002,147,1.3965,2.0395,0.2219,0.6575,0.2363,2.5054
fCMR_Philips_052,147,2.7076,2.7284,0.1099,0.6169,0.1427,1.5623
fCMR_Philips_123,147,2.3149,1.9486,0.0497,0.4242,0.1041,1.3904
fCMR_Philips_079,147,3.1285,3.069,0.1412,0.5279,0.1553,1.6942
fCMR_Philips_041,147,2.0161,2.6607,0.0747,0.6806,0.1114,1.7246
fCMR_Philips_090,147,2.654,3.0917,0.1475,1.3816,0.1723,3.2494
fCMR_Philips_114,147,2.5258,2.4632,0.1552,1.5242,0.1723,3.567
fCMR_Philips_065,147,2.3938,2.0274,0.1179,2.3316,0.1539,5.4035
fCMR_Philips_132,147,2.9968,2.8128,0.279,2.6825,0.2832,5.9005
fCMR_Philips_031,147,2.2877,3.1777,0.0942,0.2355,0.123,0.8966
fCMR_Philips_104,147,2.5038,3.1949,0.0728,2.3192,0.1492,5.4648
fCMR_Philips_094,147,1.9645,2.7532,0.1392,0.4506,0.1851,1.9547
fCMR_Philips_136,147,2.9672,1.0836,0.1601,0.4281,0.1717,1.3205
fCMR_Philips_087,147,3.0535,2.1635,0.4018,1.9902,0.4154,4.292
fCMR_Philips_003,147,1.7377,3.4766,0.1834,0.2635,0.2009,1.2044
fCMR_Philips_047,147,2.397,0.8224,0.2297,2.0597,0.244,5.577
fCMR_Philips_057,147,0.9432,2.9687,0.2467,0.9938,0.2566,2.9835
fCMR_Philips_097,147,0.6245,1.5936,0.2636,0.2296,0.2878,1.0358
fCMR_Philips_070,147,3.067,1.9372,0.4111,0.8452,0.4297,2.4732
fCMR_Philips_068,147,3.084,2.0229,0.2404,1.1661,0.2501,2.9127
fCMR_Philips_117,148,2.8071,1.8944,0.1927,0.4095,0.2437,1.2387
fCMR_Philips_002,148,2.5764,2.5401,0.1623,0.9378,0.1968,3.2475
fCMR_Philips_052,148,2.6572,2.8564,0.1512,0.1128,0.1808,0.74
fCMR_Philips_123,148,2.2788,3.8098,0.1418,0.6009,0.1678,2.3687
fCMR_Philips_079,148,2.4374,3.3173,0.0528,0.6511,0.0931,2.1776
fCMR_Philips_041,148,2.712,2.3988,0.0869,0.8185,0.1077,2.0525
fCMR_Philips_090,148,1.7398,2.0145,0.1457,1.0738,0.1706,2.6048
fCMR_Philips_114,148,3.0683,2.3857,0.1267,1.9248,0.1519,4.4759
fCMR_Philips_065,148,2.504,2.3498,0.0853,1.2429,0.1551,3.4037
fCMR_Philips_132,148,2.6406,3.4291,0.2391,3.0752,0.2425,6.5848
fCMR_Philips_031,148,2.4233,2.1299,0.0675,1.2197,0.1196,3.2423
fCMR_Philips_104,148,2.5214,2.2344,0.0953,2.1822,0.1409,4.663
fCMR_Philips_094,148,1.1907,2.7764,0.1029,0.8858,0.146,2.6868
fCMR_Philips_136,148,1.0685,2.0938,0.0671,0.2294,0.1168,0.9788
fCMR_Philips_087,148,2.8973,2.8919,0.3235,3.1351,0.3454,6.7379
fCMR_Philips_003,148,2.3759,2.7142,0.1767,0.338,0.2011,0.9942
fCMR_Philips_047,148,2.6911,1.0189,0.1933,1.3123,0.199,3.551
fCMR_Philips_057,148,2.0962,3.3974,0.1989,0.8352,0.24,2.2038
fCMR_Philips_097,148,2.4961,0.9741,0.4023,0.8071,0.4096,2.7746
fCMR_Philips_070,148,2.0062,1.8487,0.3511,1.0583,0.3599,2.8332
fCMR_Philips_068,148,2.481,2.2093,0.2161,0.7851,0.2289,1.9822
fCMR_Philips_117,149,2.6339,3.5436,0.1366,0.7107,0.177,2.5618
fCMR_Philips_002,149,2.7999,0.9153,0.1535,1.8042,0.1854,4.0126
fCMR_Philips_052,149,2.0634,2.4459,0.1585,0.2832,0.1704,0.9371
fCMR_Philips_123,149,2.5812,2.4312,0.039,0.1322,0.1319,1.2975
fCMR_Philips_079,149,1.7816,2.5606,0.0657,0.3996,0.1036,1.575
fCMR_Philips_041,149,1.2927,3.2606,0.0747,0.095,0.1143,0.8042
fCMR_Philips_090,149,2.9708,3.017,0.15,1.5602,0.1923,3.4541
fCMR_Philips_114,149,2.1363,1.5925,0.1669,2.048,0.1762,4.457
fCMR_Philips_065,149,2.9163,1.3342,0.0381,0.9385,0.0686,2.2138
fCMR_Philips_132,149,1.7521,1.7369,0.222,3.7178,0.2309,8.3957
fCMR_Philips_031,149,2.0535,2.9827,0.035,0.7594,0.0994,2.58
fCMR_Philips_104,149,1.2512,1.9749,0.0692,0.8738,0.1448,2.3301
fCMR_Philips_094,149,3.0807,0.8551,0.1284,0.3981,0.1653,1.8361
fCMR_Philips_136,149,2.2913,0.8698,0.0163,0.1331,0.1545,1.0159
fCMR_Philips_087,149,2.3101,1.9831,0.4073,1.1974,0.4113,3.3897
fCMR_Philips_003,149,1.0422,2.1034,0.1568,0.0764,0.1686,0.712
fCMR_Philips_047,149,2.885,2.5101,0.2839,1.5608,0.2891,4.1
fCMR_Philips_057,149,1.0872,3.0367,0.2411,1.1319,0.2494,2.9202
fCMR_Philips_097,149,2.2189,3.5774,0.3378,0.5416,0.3488,1.6246
fCMR_Philips_070,149,1.8486,1.9315,0.2834,0.6439,0.2883,2.127
fCMR_Philips_068,149,1.9775,2.3545,0.3225,1.3062,0.3449,3.8134
fCMR_Philips_117,150,2.3036,2.4732,0.0859,0.57,0.1408,2.0042
fCMR_Philips_002,150,1.6093,2.9844,0.1857,1.1956,0.2039,2.7686
fCMR_Philips_052,150,2.5482,1.3699,0.1827,0.5246,0.1927,1.8564
fCMR_Philips_123,150,1.086,2.7634,0.1414,0.2686,0.1643,1.3338
fCMR_Philips_079,150,2.3224,2.9124,0.0677,0.5985,0.1198,2.7257
fCMR_Philips_041,150,1.9136,2.1542,0.0703,0.5071,0.1054,1.4989
fCMR_Philips_090,150,2.3899,0.5079,0.135,0.3831,0.1576,1.1742
fCMR_Philips_114,150,1.4574,2.5492,0.1221,1.3406,0.1864,3.3032
fCMR_Philips_065,150,1.2153,0.5253,0.0405,2.241,0.0903,5.091
fCMR_Philips_132,150,2.3045,2.1813,0.3441,5.8168,0.3503,12.0803
fCMR_Philips_031,150,2.9633,1.1582,0.1291,0.2756,0.1473,1.4896
fCMR_Philips_104,150,2.1908,3.3013,0.1276,1.8636,0.1946,4.1781
fCMR_Philips_094,150,2.9825,1.3771,0.0983,0.5592,0.1302,2.2793
fCMR_Philips_136,150,2.6362,2.8811,0.0608,0.0698,0.1076,0.9677
fCMR_Philips_087,150,1.5347,3.2932,0.3269,1.1462,0.3332,2.5029
fCMR_Philips_003,150,1.978,0.4224,0.1027,0.3012,0.163,1.0962
fCMR_Philips_047,150,1.9084,2.6313,0.2708,3.2974,0.3047,7.3212
fCMR_Philips_057,150,1.9465,2.7875,0.2954,0.8207,0.3091,1.9821
fCMR_Philips_097,150,2.4117,1.5054,0.4958,0.3136,0.5213,1.4377
fCMR_Philips_070,150,1.8134,2.4633,0.5025,0.5434,0.5145,2.3276
fCMR_Philips_068,150,1.7339,1.7539,0.2204,0.7866,0.2363,2.2488
fCMR_Philips_117,151,2.7281,1.3323,0.1627,0.8226,0.1893,2.0964
fCMR_Philips_002,151,2.8847,3.0667,0.1647,0.6723,0.1932,2.0787
fCMR_Philips_052,151,3.0374,1.4059,0.1057,0.3581,0.1411,1.3394
fCMR_Philips_123,151,2.5149,2.3369,0.0832,0.3361,0.1179,1.3267
fCMR_Philips_079,151,1.6987,3.1331,0.0567,0.2256,0.0904,1.0426
fCMR_Philips_041,151,2.5271,2.7574,0.0581,0.6792,0.1436,1.9599
fCMR_Philips_090,151,1.9139,3.1284,0.1361,1.0785,0.1485,2.6829
fCMR_Philips_114,151,2.1901,1.8883,0.0823,1.1152,0.1202,2.5727
fCMR_Philips_065,151,1.3578,2.4013,0.0792,1.1586,0.1009,3.0106
fCMR_Philips_132,151,1.6324,2.7233,0.2277,4.2751,0.2327,8.9769
fCMR_Philips_031,151,2.9239,2.5933,0.1309,0.541,0.1556,1.7925
fCMR_Philips_104,151,2.2729,2.9317,0.0945,1.4731,0.218,3.8988
fCMR_Philips_094,151,1.9848,1.8551,0.1319,0.1626,0.1549,1.1462
fCMR_Philips_136,151,2.7257,1.4309,0.0848,0.0843,0.1092,1.0158
fCMR_Philips_087,151,2.3899,3.0134,0.3795,2.6915,0.3883,6.0442
fCMR_Philips_003,151,2.4581,2.0396,0.2052,0.1938,0.2135,0.8123
fCMR_Philips_047,151,1.3291,2.6328,0.2237,1.4064,0.2535,4.0552
fCMR_Philips_057,151,2.9523,2.8004,0.2099,0.5644,0.2192,1.3507
fCMR_Philips_097,151,1.4048,2.5293,0.3467,0.3548,0.3769,1.5397
fCMR_Philips_070,151,2.5815,1.3229,0.3834,0.8521,0.3953,2.5517
fCMR_Philips_068,151,2.3048,3.0941,0.2712,0.3824,0.2743,1.3537
fCMR_Philips_117,152,2.0656,2.6933,0.1559,0.5619,0.1856,1.8346
fCMR_Philips_002,152,3.0609,1.5277,0.1454,1.3171,0.177,3.4548
fCMR_Philips_052,152,2.6624,2.2509,0.1309,0.7576,0.1456,2.7619
fCMR_Philips_123,152,2.659,2.324,0.142,0.2126,0.1889,0.9453
fCMR_Philips_079,152,1.2189,2.4035,0.1353,0.5481,0.1472,1.9279
fCMR_Philips_041,152,1.5204,1.0692,0.0942,0.7827,0.1312,2.1976
fCMR_Philips_090,152,1.8693,3.6277,0.1149,0.1412,0.1316,0.9669
fCMR_Philips_114,152,3.027,0.8675,0.1107,2.1295,0.1207,4.625
fCMR_Philips_065,152,2.9278,3.2567,0.0761,1.1028,0.1148,2.8286
fCMR_Philips_132,152,3.0828,3.2602,0.2466,4.5376,0.2564,9.446
fCMR_Philips_031,152,0.717,3.0278,0.132,1.1622,0.1791,3.1727
fCMR_Philips_104,152,1.5345,2.4764,0.1984,1.6754,0.2119,3.7726
fCMR_Philips_094,152,2.8493,3.0509,0.0821,0.3661,0.1395,1.6603
fCMR_Philips_136,152,1.4773,3.8557,0.1293,0.7479,0.1542,2.2168
fCMR_Philips_087,152,1.0872,2.5723,0.3833,1.6623,0.3926,3.8228
fCMR_Philips_003,152,3.0556,3.0457,0.1749,0.3066,0.1852,1.3532
fCMR_Philips_047,152,2.414,3.4421,0.3264,2.9342,0.3794,6.4803
fCMR_Philips_057,152,2.827,2.7175,0.2565,1.3993,0.2683,3.4389
fCMR_Philips_097,152,1.6751,2.485,0.3143,0.3731,0.3441,1.7875
fCMR_Philips_070,152,3.1333,2.0871,0.4377,1.807,0.4548,4.9071
fCMR_Philips_068,152,2.284,2.3792,0.1988,0.9022,0.2514,2.3043
fCMR_Philips_117,153,2.6358,1.1569,0.1991,0.6397,0.2279,1.725
fCMR_Philips_002,153,2.0343,2.0815,0.2123,1.9983,0.2209,4.6332
fCMR_Philips_052,153,2.9117,2.2332,0.1204,0.6501,0.1424,1.7403
fCMR_Philips_123,153,1.1368,2.4471,0.1794,0.2452,0.2039,1.2108
fCMR_Philips_079,153,1.2002,2.2178,0.0866,0.2286,0.1149,0.9586
fCMR_Philips_041,153,1.8479,1.9595,0.0713,0.4461,0.0998,1.8222
fCMR_Philips_090,153,1.931,1.6673,0.0859,0.4901,0.1363,1.4028
fCMR_Philips_114,153,2.0213,3.0044,0.1176,1.5404,0.1736,3.505
fCMR_Philips_065,153,2.9362,3.1384,0.1081,0.9911,0.1297,2.4878
fCMR_Philips_132,153,1.664,2.1302,0.186,4.2326,0.213,9.6049
fCMR_Philips_031,153,2.0313,2.4132,0.1582,1.1334,0.1731,3.0489
fCMR_Philips_104,153,1.5356,2.8066,0.1806,3.6369,0.2079,7.6318
fCMR_Philips_094,153,2.1558,1.8666,0.1518,0.573,0.1717,1.8498
fCMR_Philips_136,153,1.4723,3.2289,0.1397,0.2877,0.1528,1.3236
fCMR_Philips_087,153,3.1397,3.2512,0.35,1.8578,0.3561,4.1239
fCMR_Philips_003,153,2.4564,2.5254,0.1765,0.3718,0.1811,1.7138
fCMR_Philips_047,153,1.7123,2.5335,0.2527,2.6454,0.2678,6.4382
fCMR_Philips_057,153,2.5085,2.7541,0.2125,1.962,0.2207,4.4862
fCMR_Philips_097,153,2.6194,1.8762,0.2358,0.5402,0.2635,2.4162
fCMR_Philips_070,153,2.7221,2.794,0.454,0.6066,0.4653,1.752
fCMR_Philips_068,153,1.8287,1.9954,0.2919,0.4995,0.3041,1.5625
fCMR_Philips_117,154,1.686,2.0344,0.1277,0.0944,0.1531,1.266
fCMR_Philips_002,154,2.2472,2.9527,0.2657,1.0262,0.2939,2.9682
fCMR_Philips_052,154,1.5756,1.5323,0.1324,0.9576,0.1642,2.6234
fCMR_Philips_123,154,2.0793,0.3152,0.1292,0.1922,0.1574,1.5324
fCMR_Philips_079,154,2.0743,3.6372,0.1794,0.7127,0.1929,2.1343
fCMR_Philips_041,154,2.2742,2.6648,0.1528,0.514,0.1673,1.3192
fCMR_Philips_090,154,2.4704,1.8479,0.1214,1.2335,0.1514,3.3804
fCMR_Philips_114,154,2.8239,2.9991,0.1446,2.6811,0.1705,5.8524
fCMR_Philips_065,154,2.2344,1.9859,0.1357,1.6814,0.1423,4.1939
fCMR_Philips_132,154,1.6508,2.8598,0.2781,3.6006,0.2899,7.4284
fCMR_Philips_031,154,3.0566,2.7486,0.0864,0.4004,0.1126,1.0971
fCMR_Philips_104,154,1.5069,2.4914,0.1036,2.9939,0.1568,6.7706
fCMR_Philips_094,154,0.9567,2.1018,0.1494,0.4966,0.1751,2.0178
fCMR_Philips_136,154,2.1548,2.8613,0.0832,0.0361,0.1072,0.8286
fCMR_Philips_087,154,2.7032,2.9286,0.3453,0.8294,0.3504,2.2008
fCMR_Philips_003,154,2.71,1.8988,0.1438,0.3851,0.1646,1.6319
fCMR_Philips_047,154,2.0861,1.1507,0.2217,3.1158,0.309,8.319
fCMR_Philips_057,154,0.7805,3.1875,0.2558,1.0098,0.269,2.5718
fCMR_Philips_097,154,3.0607,2.6534,0.3188,0.3577,0.3528,1.9069
fCMR_Philips_070,154,2.9014,3.3692,0.353,1.1497,0.3707,3.2031
fCMR_Philips_068,154,2.1132,3.087,0.2192,0.6092,0.2414,1.9072
fCMR_Philips_117,155,1.731,2.3237,0.1566,0.1657,0.183,1.1666
fCMR_Philips_002,155,0.4082,3.0652,0.1895,1.3929,0.2023,3.4508
fCMR_Philips_052,155,2.5394,2.3715,0.1987,0.551,0.2112,2.0127
fCMR_Philips_123,155,2.1477,2.2235,0.0551,0.6219,0.1035,1.7132
fCMR_Philips_079,155,1.845,1.3809,0.1038,0.8452,0.1371,2.6414
fCMR_Philips_041,155,2.9699,1.7692,0.0781,0.209,0.1061,1.1367
fCMR_Philips_090,155,2.2517,1.8795,0.0929,1.0932,0.126,2.5372
fCMR_Philips_114,155,1.6157,3.3254,0.1294,1.1695,0.1621,2.7265
fCMR_Philips_065,155,2.5995,3.1524,0.0838,0.4908,0.1154,1.7574
fCMR_Philips_132,155,2.978,2.9243,0.1975,3.3789,0.206,6.9722
fCMR_Philips_031,155,1.3824,0.9116,0.1055,0.8178,0.1199,3.1485
fCMR_Philips_104,155,2.1259,1.8596,0.1318,1.3996,0.1613,3.3145
fCMR_Philips_094,155,2.4772,2.5615,0.1232,1.108,0.148,3.3161
fCMR_Philips_136,155,2.4494,2.8186,0.0738,0.2965,0.122,1.354
fCMR_Philips_087,155,2.858,2.8572,0.3924,1.8972,0.4061,4.048
fCMR_Philips_003,155,1.6509,0.6169,0.223,0.2983,0.2305,0.813
fCMR_Philips_047,155,2.6465,2.5755,0.2472,1.9509,0.3093,6.4502
fCMR_Philips_057,155,2.3577,1.4762,0.1868,0.6616,0.2139,1.9198
fCMR_Philips_097,155,2.6923,2.214,0.4136,0.0824,0.4223,1.1083
fCMR_Philips_070,155,2.0551,2.5811,0.4363,0.4581,0.4533,1.6496
fCMR_Philips_068,155,2.0389,1.5971,0.2715,0.7359,0.2805,2.358
fCMR_Philips_117,156,2.3149,2.4852,0.1626,0.8659,0.1921,2.287
fCMR_Philips_002,156,2.8317,2.4381,0.159,2.286,0.1733,5.1749
fCMR_Philips_052,156,2.8361,1.6597,0.1543,0.4158,0.2018,1.1694
fCMR_Philips_123,156,3.0511,2.7488,0.1378,0.6544,0.1549,2.559
fCMR_Philips_079,156,2.8515,1.4526,0.1428,0.9292,0.1542,2.483
fCMR_Philips_041,156,2.3444,0.9951,0.0615,0.3161,0.1031,1.5496
fCMR_Philips_090,156,2.9047,2.2677,0.1586,0.897,0.185,2.7001
fCMR_Philips_114,156,1.055,2.8904,0.2006,1.3387,0.2117,3.37
fCMR_Philips_065,156,2.8372,1.9456,0.0335,0.8305,0.0867,1.8306
fCMR_Philips_132,156,2.103,1.2966,0.2099,3.9236,0.2244,8.4466
fCMR_Philips_031,156,1.7257,2.4279,0.0532,0.669,0.1193,1.9101
fCMR_Philips_104,156,2.0472,2.5435,0.0852,1.6695,0.1456,3.8077
fCMR_Philips_094,156,2.549,2.5951,0.1029,0.9323,0.1259,2.7948
fCMR_Philips_136,156,2.4789,2.2738,0.1636,0.2857,0.1762,1.2605
fCMR_Philips_087,156,1.3695,2.4097,0.4217,0.9138,0.4264,2.224
fCMR_Philips_003,156,2.4846,3.0071,0.1533,0.3969,0.1712,1.7862
fCMR_Philips_047,156,3.0892,3.0551,0.217,1.0762,0.2296,2.6246
fCMR_Philips_057,156,2.659,2.7895,0.2878,1.2815,0.3009,3.5022
fCMR_Philips_097,156,1.1878,1.2322,0.3041,0.236,0.3385,0.7864
fCMR_Philips_070,156,3.1285,2.5257,0.4047,0.3411,0.4206,1.7098
fCMR_Philips_068,156,1.8228,2.4686,0.1748,0.7127,0.192,2.0689
fCMR_Philips_117,157,2.666,1.7852,0.2334,0.7317,0.2545,2.2483
fCMR_Philips_002,157,2.9632,2.5229,0.2493,0.8278,0.2589,2.1786
fCMR_Philips_052,157,1.6536,3.1521,0.1664,0.6247,0.1867,1.7059
fCMR_Philips_123,157,1.1492,1.012,0.1314,0.0577,0.1786,0.973
fCMR_Philips_079,157,1.0122,1.709,0.1168,1.0395,0.1357,2.8194
fCMR_Philips_041,157,2.7814,1.7777,0.1356,0.1615,0.1518,1.3882
fCMR_Philips_090,157,2.9085,1.9845,0.1203,0.4773,0.1385,1.479
fCMR_Philips_114,157,3.0462,2.0731,0.0858,1.7644,0.1123,3.8554
fCMR_Philips_065,157,1.7189,2.3177,0.1542,1.4277,0.1691,3.6896
fCMR_Philips_132,157,2.416,2.4906,0.203,4.3944,0.2146,9.4064
fCMR_Philips_031,157,2.6025,2.4525,0.1532,2.2573,0.1823,5.3252
fCMR_Philips_104,157,2.7314,3.2624,0.1111,3.1516,0.1695,6.7999
fCMR_Philips_094,157,2.6256,2.8441,0.1333,0.2494,0.1499,1.1713
fCMR_Philips_136,157,1.9802,1.6413,0.0711,0.048,0.1149,0.4726
fCMR_Philips_087,157,2.0037,2.192,0.3095,1.6313,0.3222,3.66
fCMR_Philips_003,157,0.8449,2.2989,0.1622,0.2142,0.1817,0.787
fCMR_Philips_047,157,2.9331,2.1495,0.1816,2.0715,0.2606,5.686
fCMR_Philips_057,157,2.5391,3.0718,0.1504,1.7036,0.1754,4.026
fCMR_Philips_097,157,2.148,3.3697,0.2649,0.1047,0.2844,0.9862
fCMR_Philips_070,157,2.0157,1.2374,0.3175,1.0452,0.3288,2.976
fCMR_Philips_068,157,2.8007,2.1084,0.2367,0.7414,0.2423,2.2376
fCMR_Philips_117,158,1.7876,3.5867,0.1126,0.8744,0.143,2.4948
fCMR_Philips_002,158,1.8874,2.4674,0.1701,1.0707,0.1819,2.5931
fCMR_Philips_052,158,1.5061,3.4741,0.2199,0.4574,0.2293,1.9949
fCMR_Philips_123,158,2.8789,2.5613,0.1181,0.4697,0.1637,1.9901
fCMR_Philips_079,158,2.9333,2.0334,0.1841,0.2127,0.1887,0.7921
fCMR_Philips_041,158,1.5095,2.4216,0.0771,0.2885,0.1214,1.5237
fCMR_Philips_090,158,2.9252,2.2279,0.1179,1.9049,0.1659,4.2328
fCMR_Philips_114,158,2.2126,2.8236,0.0806,1.8316,0.1493,4.2064
fCMR_Philips_065,158,2.9427,2.0082,0.0526,1.2987,0.1206,3.7398
fCMR_Philips_132,158,3.0412,2.1494,0.1809,3.1346,0.1891,6.9476
fCMR_Philips_031,158,2.9522,1.5575,0.082,0.5857,0.1645,1.7102
fCMR_Philips_104,158,1.7922,1.2866,0.1558,0.9664,0.1954,2.5798
fCMR_Philips_094,158,2.5296,2.4582,0.1538,0.5007,0.174,1.9485
fCMR_Philips_136,158,2.815,3.4913,0.059,0.2507,0.1294,0.8056
fCMR_Philips_087,158,2.7983,2.4451,0.3924,2.3962,0.4032,5.4202
fCMR_Philips_003,158,1.704,1.3914,0.1894,0.0654,0.2008,0.4964
fCMR_Philips_047,158,1.9852,3.2895,0.1829,3.534,0.2336,9.273
fCMR_Philips_057,158,2.4515,3.1498,0.2637,1.4798,0.278,3.5351
fCMR_Philips_097,158,0.6536,0.8899,0.3343,0.5946,0.3503,1.7342
fCMR_Philips_070,158,1.8432,2.7925,0.3588,1.2309,0.3661,3.1428
fCMR_Philips_068,158,1.6569,2.3585,0.2609,0.8152,0.2791,2.4354
fCMR_Philips_117,159,2.7693,1.8661,0.1505,0.8206,0.1749,2.0179
fCMR_Philips_002,159,1.7387,2.096,0.2142,1.3665,0.2194,3.3886
fCMR_Philips_052,159,1.9015,1.3359,0.1227,0.0849,0.1534,1.166
fCMR_Philips_123,159,2.0977,2.6987,0.0817,0.2098,0.1407,1.1378
fCMR_Philips_079,159,0.7133,3.318,0.1841,0.0853,0.2177,1.1091
fCMR_Philips_041,159,2.2504,2.7391,0.0878,0.632,0.1079,1.9795
fCMR_Philips_090,159,2.3869,3.5754,0.1241,0.2941,0.145,1.8585
fCMR_Philips_114,159,2.0345,3.3688,0.175,1.1667,0.1963,2.5708
fCMR_Philips_065,159,2.9546,2.6262,0.1916,4.1831,0.2007,8.8837
fCMR_Philips_132,159,0.5571,2.2272,0.2553,5.0541,0.2594,10.6075
fCMR_Philips_031,159,3.0472,2.7882,0.1415,1.7208,0.1621,4.4421
fCMR_Philips_104,159,1.8475,2.9321,0.1772,1.8152,0.2106,4.4507
fCMR_Philips_094,159,2.4257,2.4282,0.104,1.0535,0.1348,2.8949
fCMR_Philips_136,159,3.0088,2.3912,0.11,0.3284,0.1521,1.0529
fCMR_Philips_087,159,2.4487,3.1744,0.3428,1.5612,0.3624,3.9653
fCMR_Philips_003,159,2.7424,2.3425,0.2373,0.5968,0.2601,1.8374
fCMR_Philips_047,159,2.0394,0.6281,0.2379,0.2664,0.277,1.9398
fCMR_Philips_057,159,2.1181,1.8729,0.1645,0.6833,0.1951,2.0756
fCMR_Philips_097,159,2.2725,2.4317,0.456,0.3325,0.4669,1.6404
fCMR_Philips_070,159,2.5248,2.5569,0.3854,0.5901,0.4017,1.7472
fCMR_Philips_068,159,2.4687,0.6823,0.279,0.9125,0.2821,2.0619
fCMR_Philips_117,160,2.9669,2.32,0.1917,0.794,0.2193,2.4705
fCMR_Philips_002,160,2.0387,2.5699,0.2212,1.1963,0.2438,3.3227
fCMR_Philips_052,160,1.3254,2.992,0.1392,0.3029,0.148,1.87
fCMR_Philips_123,160,1.6396,1.7843,0.1424,0.0311,0.1884,0.5486
fCMR_Philips_079,160,2.5739,3.7869,0.0918,0.2921,0.1189,1.6925
fCMR_Philips_041,160,2.3552,2.444,0.0716,0.51,0.0878,1.6799
fCMR_Philips_090,160,2.8625,2.593,0.0701,1.3171,0.1244,3.3793
fCMR_Philips_114,160,1.2038,1.5607,0.1618,1.7702,0.1716,4.0269
fCMR_Philips_065,160,1.763,2.5359,0.1221,1.5824,0.1456,3.5851
fCMR_Philips_132,160,2.692,2.2463,0.2874,3.716,0.2943,8.0251
fCMR_Philips_031,160,1.8843,2.6954,0.1543,0.3071,0.1869,1.1198
fCMR_Philips_104,160,1.9402,1.9112,0.1054,1.7973,0.1781,4.6228
fCMR_Philips_094,160,2.6177,2.5156,0.1467,0.5876,0.1727,2.106
fCMR_Philips_136,160,2.9029,2.4891,0.0768,0.4636,0.1329,1.6714
fCMR_Philips_087,160,2.5838,1.8422,0.3847,2.4058,0.3866,5.2478
fCMR_Philips_003,160,3.0527,0.9424,0.1499,0.1831,0.1651,0.7508
fCMR_Philips_047,160,2.7592,1.6937,0.2848,1.7859,0.3,4.22
fCMR_Philips_057,160,2.9981,2.2731,0.2164,0.7825,0.2289,2.0822
fCMR_Philips_097,160,3.141,2.3435,0.2596,0.135,0.2974,1.571
fCMR_Philips_070,160,3.1412,2.4468,0.4703,1.4416,0.4923,4.2988
fCMR_Philips_068,160,2.8215,2.1132,0.2145,0.7182,0.2268,2.0778
fCMR_Philips_117,161,3.0801,2.4118,0.0783,1.1652,0.1122,3.0436
fCMR_Philips_002,161,1.6721,1.4632,0.2036,0.954,0.2172,2.6778
fCMR_Philips_052,161,2.155,2.6811,0.0988,1.0674,0.1419,3.0152
fCMR_Philips_123,161,2.1922,1.7933,0.1209,0.4156,0.1823,1.8566
fCMR_Philips_079,161,1.0658,2.6491,0.1055,0.2818,0.1285,1.128
fCMR_Philips_041,161,2.2023,3.3728,0.0345,0.6632,0.0873,2.4483
fCMR_Philips_090,161,2.2901,2.7941,0.0917,1.5809,0.1152,4.0107
fCMR_Philips_114,161,3.0206,2.0894,0.127,1.4214,0.1568,3.4314
fCMR_Philips_065,161,1.8419,1.623,0.1136,1.6433,0.1268,3.8235
fCMR_Philips_132,161,1.4533,3.272,0.1873,3.4657,0.1977,7.3048
fCMR_Philips_031,161,2.1422,2.5001,0.077,0.3482,0.1115,1.3337
fCMR_Philips_104,161,2.3584,3.0164,0.0421,1.0178,0.1422,3.2633
fCMR_Philips_094,161,0.7125,0.4948,0.1036,0.214,0.1322,1.7105
fCMR_Philips_136,161,2.6903,2.6592,0.0197,0.1885,0.0928,0.6494
fCMR_Philips_087,161,2.8891,3.0701,0.3532,1.182,0.3584,2.7157
fCMR_Philips_003,161,1.9424,3.1141,0.111,0.5463,0.1639,1.4716
fCMR_Philips_047,161,1.6309,1.7158,0.2251,3.3882,0.2515,7.8996
fCMR_Philips_057,161,2.2692,2.1111,0.2896,1.3659,0.3004,3.2786
fCMR_Philips_097,161,2.8565,2.9098,0.534,0.2382,0.5416,1.0199
fCMR_Philips_070,161,1.4063,2.3369,0.3278,0.4801,0.3501,1.6191
fCMR_Philips_068,161,1.7434,1.7855,0.2452,0.4684,0.2605,1.6306
fCMR_Philips_117,162,1.6947,1.9908,0.1589,0.7817,0.1886,2.0003
fCMR_Philips_002,162,1.3671,2.7475,0.1613,1.0185,0.1862,3.1183
fCMR_Philips_052,162,1.9338,3.3652,0.1626,0.5801,0.1861,2.2919
fCMR_Philips_123,162,1.6805,2.9766,0.0671,0.1698,0.1726,1.7405
fCMR_Philips_079,162,3.053,2.4719,0.1451,0.921,0.1758,2.3462
fCMR_Philips_041,162,1.7443,2.4163,0.0946,0.3769,0.1206,1.4913
fCMR_Philips_090,162,2.8629,2.5407,0.138,0.5716,0.1704,1.5576
fCMR_Philips_114,162,1.0353,2.7414,0.1895,1.7354,0.2003,3.769
fCMR_Philips_065,162,2.7691,1.3979,0.1588,3.0066,0.1882,6.645
fCMR_Philips_132,162,2.5076,2.2417,0.2692,3.1852,0.2751,6.9898
fCMR_Philips_031,162,2.8282,3.1692,0.0826,1.0517,0.1251,2.4978
fCMR_Philips_104,162,1.4949,1.5081,0.1887,2.0839,0.2227,4.6172
fCMR_Philips_094,162,2.0222,3.1275,0.1317,0.768,0.1507,2.4587
fCMR_Philips_136,162,1.0297,2.6352,0.1102,0.265,0.1414,1.2403
fCMR_Philips_087,162,3.0764,1.8278,0.3808,0.6313,0.3908,1.8631
fCMR_Philips_003,162,2.1638,1.8708,0.1198,0.0712,0.1615,1.0918
fCMR_Philips_047,162,2.9773,1.1784,0.2233,0.8662,0.2374,2.6084
fCMR_Philips_057,162,3.0704,3.1291,0.2262,0.8627,0.2338,2.0458
fCMR_Philips_097,162,3.1392,1.7887,0.3326,0.2143,0.3432,1.8018
fCMR_Philips_070,162,0.5927,1.1292,0.342,0.887,0.3577,2.1747
fCMR_Philips_068,162,2.3157,2.0477,0.2496,0.899,0.2834,2.683
fCMR_Philips_117,163,2.3587,2.1315,0.1328,0.6134,0.1472,1.7618
fCMR_Philips_002,163,3.0684,2.4243,0.201,1.3123,0.217,2.9443
fCMR_Philips_052,163,2.7731,1.4315,0.1495,1.5578,0.1655,4.2885
fCMR_Philips_123,163,2.3569,2.399,0.1394,0.0675,0.1597,0.6192
fCMR_Philips_079,163,2.432,2.2538,0.1095,0.0871,0.1315,0.6511
fCMR_Philips_041,163,1.6559,2.8831,0.0546,0.6744,0.0714,2.009
fCMR_Philips_090,163,2.6631,2.923,0.112,0.9698,0.1238,2.4807
fCMR_Philips_114,163,2.8197,3.2831,0.2372,0.6848,0.2437,1.7696
fCMR_Philips_065,163,2.8987,2.4733,0.1328,1.2964,0.1612,3.2612
fCMR_Philips_132,163,2.1182,3.408,0.2007,2.9076,0.2168,6.4882
fCMR_Philips_031,163,2.9214,2.2226,0.1113,0.9455,0.175,2.7466
fCMR_Philips_104,163,2.4367,1.7567,0.1707,2.3007,0.1894,4.989
fCMR_Philips_094,163,3.1088,2.9147,0.1382,0.1906,0.1536,0.9342
fCMR_Philips_136,163,3.0356,1.5665,0.1746,0.1558,0.1776,0.8105
fCMR_Philips_087,163,2.9986,3.2318,0.3751,2.7624,0.3786,6.2288
fCMR_Philips_003,163,0.6512,1.5758,0.1746,0.3747,0.1873,1.261
fCMR_Philips_047,163,1.9277,2.4516,0.2832,1.8744,0.3264,4.4617
fCMR_Philips_057,163,1.392,1.4811,0.2671,0.8481,0.2737,2.3326
fCMR_Philips_097,163,2.0022,3.4912,0.2399,0.7206,0.2912,2.5321
fCMR_Philips_070,163,2.2511,1.7254,0.3612,0.3508,0.3797,1.6297
fCMR_Philips_068,163,2.3198,2.6171,0.2803,0.7332,0.2895,2.2444
fCMR_Philips_117,164,2.6874,1.4945,0.0941,0.4391,0.188,2.4798
fCMR_Philips_002,164,2.91,3.6703,0.2687,1.8003,0.2804,4.6043
fCMR_Philips_052,164,2.4526,2.3631,0.1377,0.4281,0.1532,2.4797
fCMR_Philips_123,164,1.9004,1.5356,0.0941,0.5489,0.1207,1.5874
fCMR_Philips_079,164,2.9489,3.2901,0.0797,0.7697,0.1447,3.161
fCMR_Philips_041,164,1.9247,2.6777,0.099,0.3767,0.1363,1.3918
fCMR_Philips_090,164,2.4754,2.7436,0.0703,1.0151,0.1113,3.1655
fCMR_Philips_114,164,1.8562,3.6252,0.127,1.8491,0.1661,5.2389
fCMR_Philips_065,164,2.7268,2.8777,0.1924,1.8503,0.2203,4.3308
fCMR_Philips_132,164,2.6963,2.5446,0.2809,4.4279,0.2989,9.4534
fCMR_Philips_031,164,2.9445,1.0825,0.1096,0.6993,0.1507,1.8886
fCMR_Philips_104,164,1.2819,3.005,0.1728,1.1102,0.1955,3.2328
fCMR_Philips_094,164,2.9035,1.8653,0.124,0.3805,0.1442,1.3566
fCMR_Philips_136,164,0.7631,3.2357,0.0802,0.1144,0.11,0.9136
fCMR_Philips_087,164,1.1064,2.5147,0.3609,1.8596,0.3698,4.6268
fCMR_Philips_003,164,2.6178,3.3098,0.0756,0.8974,0.0885,2.672
fCMR_Philips_047,164,1.9757,0.9564,0.2189,0.7611,0.2701,4.5924
fCMR_Philips_057,164,0.9006,2.2382,0.222,1.4725,0.2289,3.4598
fCMR_Philips_097,164,2.2546,2.0996,0.4359,0.2932,0.4555,1.3588
fCMR_Philips_070,164,0.9631,1.1934,0.4297,0.3879,0.4318,1.5897
fCMR_Philips_068,164,1.9276,0.8278,0.2329,0.9792,0.2457,2.5263
fCMR_Philips_117,165,2.6286,3.2314,0.1616,1.1783,0.1914,2.8634
fCMR_Philips_002,165,2.2165,3.2986,0.151,0.7689,0.1672,2.5457
fCMR_Philips_052,165,1.7328,2.1363,0.1801,0.5071,0.2002,1.822
fCMR_Philips_123,165,3.0086,1.3522,0.1016,0.5105,0.1202,2.136
fCMR_Philips_079,165,1.8697,2.8875,0.1064,0.4925,0.1183,1.994
fCMR_Philips_041,165,1.9297,3.0864,0.1213,0.4532,0.1589,1.5508
fCMR_Philips_090,165,1.6282,3.0459,0.1883,0.5352,0.198,1.312
fCMR_Philips_114,165,2.4444,2.5368,0.2114,1.2805,0.2338,3.2408
fCMR_Philips_065,165,2.9638,2.5556,0.0511,1.973,0.101,4.5414
fCMR_Philips_132,165,1.0519,2.5571,0.1394,3.5909,0.148,7.4146
fCMR_Philips_031,165,1.3795,2.5318,0.0723,0.8014,0.1035,2.0564
fCMR_Philips_104,165,2.6828,2.6466,0.0856,1.512,0.1325,3.4473
fCMR_Philips_094,165,2.9006,2.3843,0.1383,0.297,0.1612,0.9901
fCMR_Philips_136,165,2.0575,3.3715,0.0994,0.0439,0.1486,0.4576
fCMR_Philips_087,165,2.094,3.1959,0.426,2.4082,0.4382,5.6096
fCMR_Philips_003,165,2.6459,1.9009,0.1542,0.1357,0.1723,0.8215
fCMR_Philips_047,165,1.8549,2.8672,0.2739,3.1584,0.2962,7.9102
fCMR_Philips_057,165,3.0019,3.1953,0.2389,0.5497,0.2488,1.8179
fCMR_Philips_097,165,2.0728,1.6764,0.4061,0.603,0.4224,2.4158
fCMR_Philips_070,165,1.6384,2.1611,0.323,0.9747,0.3281,2.4514
fCMR_Philips_068,165,2.3681,2.4275,0.2072,0.8449,0.2185,2.183
fCMR_Philips_117,166,2.7889,1.9632,0.1149,1.7033,0.1597,3.8857
fCMR_Philips_002,166,2.9549,1.634,0.1935,1.5339,0.2175,3.7737
fCMR_Philips_052,166,3.0198,2.1898,0.166,0.5467,0.1881,1.5656
fCMR_Philips_123,166,2.9723,2.9666,0.0804,0.2522,0.1141,1.0132
fCMR_Philips_079,166,2.5646,1.6993,0.1809,0.7676,0.1973,2.2142
fCMR_Philips_041,166,2.5516,0.7426,0.0477,0.4306,0.08,1.8567
fCMR_Philips_090,166,2.7431,2.5672,0.1689,1.0353,0.1827,2.8335
fCMR_Philips_114,166,2.3664,3.0488,0.2118,1.3077,0.2253,3.0616
fCMR_Philips_065,166,0.8962,2.0509,0.0567,0.5429,0.1099,1.7092
fCMR_Philips_132,166,2.4194,2.8985,0.152,3.5043,0.1741,7.5907
fCMR_Philips_031,166,0.4227,2.9358,0.1016,1.148,0.1182,3.161
fCMR_Philips_104,166,1.2114,3.2428,0.0657,0.7704,0.1364,2.3398
fCMR_Philips_094,166,1.872,2.2848,0.053,1.1158,0.1013,3.401
fCMR_Philips_136,166,2.2809,2.8182,0.0508,0.1428,0.1309,1.0412
fCMR_Philips_087,166,2.7671,1.9182,0.3537,2.1061,0.3592,4.7278
fCMR_Philips_003,166,1.1853,2.6795,0.1584,0.4231,0.164,1.2632
fCMR_Philips_047,166,2.1966,1.7178,0.2654,1.2554,0.2898,4.1357
fCMR_Philips_057,166,1.3132,3.0476,0.1816,0.8041,0.2094,1.9731
fCMR_Philips_097,166,2.8232,0.6324,0.3046,0.6518,0.3294,2.7741
fCMR_Philips_070,166,2.9679,2.7749,0.4054,0.1523,0.4186,1.1815
fCMR_Philips_068,166,1.8386,2.9037,0.2375,0.8135,0.2455,2.0877
fCMR_Philips_117,167,1.8123,3.1032,0.1013,0.3689,0.1659,1.8276
fCMR_Philips_002,167,2.5512,1.5291,0.1974,0.7546,0.2254,1.989
fCMR_Philips_052,167,2.7509,1.4631,0.1693,0.5624,0.1752,1.7991
fCMR_Philips_123,167,2.7856,1.2907,0.1125,0.4938,0.1396,1.9142
fCMR_Philips_079,167,1.6968,1.8469,0.1318,0.4118,0.1378,1.5116
fCMR_Philips_041,167,2.9302,2.7331,0.0814,0.0758,0.1128,0.6204
fCMR_Philips_090,167,1.8749,1.1755,0.1236,1.1703,0.1417,2.8666
fCMR_Philips_114,167,2.408,2.298,0.145,1.0761,0.1544,2.674
fCMR_Philips_065,167,2.9604,2.888,0.1209,1.4237,0.1477,3.77
fCMR_Philips_132,167,1.1586,3.2379,0.1387,3.7786,0.1564,8.475
fCMR_Philips_031,167,2.2497,2.7598,0.111,0.6632,0.1628,2.0808
fCMR_Philips_104,167,1.9025,2.0567,0.1556,2.4366,0.1879,5.6584
fCMR_Philips_094,167,2.7628,2.4924,0.0987,0.1294,0.1599,0.9139
fCMR_Philips_136,167,1.2243,2.356,0.036,0.2199,0.1186,1.1134
fCMR_Philips_087,167,3.1208,2.9229,0.3142,2.326,0.3217,5.0495
fCMR_Philips_003,167,0.6411,2.4338,0.0902,0.0539,0.1453,0.7573
fCMR_Philips_047,167,3.0149,3.2755,0.3096,0.9741,0.3243,3.1793
fCMR_Philips_057,167,2.8381,3.1693,0.2268,0.7948,0.2447,2.4406
fCMR_Philips_097,167,1.8049,2.4226,0.3659,0.4935,0.3807,1.4721
fCMR_Philips_070,167,2.3245,2.6133,0.4285,1.0254,0.4468,3.5007
fCMR_Philips_068,167,1.7779,2.2534,0.2342,1.2528,0.2506,3.0491
fCMR_Philips_117,168,1.87,2.1376,0.0721,0.7113,0.1537,1.8518
fCMR_Philips_002,168,1.279,1.1953,0.1603,1.2233,0.1835,3.0126
fCMR_Philips_052,168,2.4475,3.5213,0.2016,0.7272,0.2105,2.0614
fCMR_Philips_123,168,2.4586,3.1021,0.0796,0.7005,0.1309,2.228
fCMR_Philips_079,168,2.0079,2.4927,0.1124,0.4579,0.1385,2.1365
fCMR_Philips_041,168,3.0979,2.304,0.0816,0.9183,0.1034,2.418
fCMR_Philips_090,168,2.1589,2.9236,0.0804,0.4539,0.1102,1.3408
fCMR_Philips_114,168,2.7,2.1347,0.1459,0.8763,0.1778,2.321
fCMR_Philips_065,168,1.6931,2.1831,0.0738,1.4049,0.1204,3.8888
fCMR_Philips_132,168,2.8876,3.2184,0.2169,2.2031,0.2312,4.8988
fCMR_Philips_031,168,2.0848,2.5795,0.0778,1.2703,0.1348,3.8745
fCMR_Philips_104,168,2.5054,2.2635,0.1652,1.6943,0.2152,4.1305
fCMR_Philips_094,168,1.6133,1.3839,0.1105,0.6665,0.1608,1.7966
fCMR_Philips_136,168,2.1581,2.6008,0.1821,0.049,0.1941,0.6226
fCMR_Philips_087,168,1.2283,1.0292,0.3749,1.9364,0.3798,4.3644
fCMR_Philips_003,168,2.9066,1.8166,0.1673,0.9337,0.1788,2.192
fCMR_Philips_047,168,2.47,2.9542,0.2573,0.3393,0.2797,1.3522
fCMR_Philips_057,168,2.5066,2.8124,0.1988,0.6106,0.2159,1.913
fCMR_Philips_097,168,2.7141,2.0731,0.4257,0.0059,0.4353,0.759
fCMR_Philips_070,168,2.209,2.3724,0.3604,0.9107,0.3673,2.1516
fCMR_Philips_068,168,1.8367,1.8673,0.2803,0.8814,0.3002,2.572
fCMR_Philips_117,169,2.4861,2.6182,0.1095,0.72,0.1521,2.1839
fCMR_Philips_002,169,3.0811,3.6878,0.1406,1.2146,0.1604,3.2173
fCMR_Philips_052,169,2.3791,2.4847,0.1508,1.2238,0.1589,3.0368
fCMR_Philips_123,169,2.9865,2.9437,0.0728,0.2885,0.1194,1.3296
fCMR_Philips_079,169,2.7588,2.2202,0.1242,0.3308,0.1622,1.8916
fCMR_Philips_041,169,1.1882,3.2175,0.0624,0.8222,0.0926,2.1578
fCMR_Philips_090,169,3.0379,1.1534,0.1139,0.8526,0.14,2.0175
fCMR_Philips_114,169,2.6139,2.7953,0.1564,1.33,0.1838,3.2428
fCMR_Philips_065,169,2.8498,2.9185,0.0806,1.5423,0.1358,3.4303
fCMR_Philips_132,169,1.9891,2.9009,0.3306,4.7609,0.3356,10.0431
fCMR_Philips_031,169,2.7289,2.3071,0.0379,1.4511,0.0866,4.055
fCMR_Philips_104,169,2.5595,2.7764,0.1525,1.7046,0.1935,4.2056
fCMR_Philips_094,169,0.4502,1.3936,0.0896,0.1845,0.1325,1.4644
fCMR_Philips_136,169,0.9963,2.7513,0.0476,0.0785,0.0655,1.1049
fCMR_Philips_087,169,2.8013,2.1273,0.3598,2.0129,0.3675,4.4693
fCMR_Philips_003,169,1.5572,2.9302,0.1227,0.6095,0.1272,1.7016
fCMR_Philips_047,169,3.1272,1.2984,0.1664,1.0233,0.2058,2.3659
fCMR_Philips_057,169,1.8236,2.6385,0.2249,1.336,0.2494,3.2486
fCMR_Philips_097,169,1.86,1.8493,0.3033,0.3527,0.3751,1.0075
fCMR_Philips_070,169,2.5169,1.9804,0.3632,0.6621,0.3729,1.8405
fCMR_Philips_068,169,2.194,3.6411,0.2794,0.5251,0.2878,1.7342
fCMR_Philips_117,170,2.3128,1.6212,0.173,0.5585,0.2224,2.0057
fCMR_Philips_002,170,1.3311,2.9494,0.1864,1.1837,0.1999,3.4962
fCMR_Philips_052,170,2.3216,1.598,0.2015,0.5447,0.2056,1.6292
fCMR_Philips_123,170,2.0082,3.8852,0.2329,0.1722,0.2733,0.8994
fCMR_Philips_079,170,2.2015,1.7148,0.1201,1.6297,0.1447,3.7562
fCMR_Philips_041,170,1.9699,1.8515,0.0707,0.1516,0.1508,1.0708
fCMR_Philips_090,170,2.7199,3.5992,0.0917,1.3174,0.1802,3.516
fCMR_Philips_114,170,1.1367,1.4945,0.1177,0.4675,0.1592,1.5648
fCMR_Philips_065,170,2.3135,0.5757,0.0427,1.5754,0.0754,3.8922
fCMR_Philips_132,170,2.1201,2.4942,0.2245,5.3657,0.2358,11.2755
fCMR_Philips_031,170,2.7037,3.4395,0.0765,0.4596,0.1413,1.6743
fCMR_Philips_104,170,1.8519,2.8011,0.1475,1.2865,0.1674,3.1204
fCMR_Philips_094,170,3.057,3.3544,0.1356,0.6253,0.1697,2.8383
fCMR_Philips_136,170,1.7098,2.8096,0.0801,0.0692,0.1225,0.5533
fCMR_Philips_087,170,2.064,1.7857,0.3739,2.3079,0.385,5.4199
fCMR_Philips_003,170,2.0598,2.2988,0.1379,0.123,0.1704,1.1818
fCMR_Philips_047,170,2.5069,1.1737,0.2363,2.0141,0.2525,5.5657
fCMR_Philips_057,170,1.0864,1.4295,0.2583,0.3549,0.2706,1.8657
fCMR_Philips_097,170,1.8557,2.3089,0.5087,0.2222,0.5362,1.4081
fCMR_Philips_070,170,2.3066,2.4519,0.4334,0.7259,0.4478,2.6238
fCMR_Philips_068,170,2.8099,1.3227,0.2449,0.63,0.2575,1.7992
fCMR_Philips_117,171,1.8796,2.8418,0.1661,0.6384,0.2315,1.6923
fCMR_Philips_002,171,2.3891,2.2444,0.164,0.424,0.1916,1.3867
fCMR_Philips_052,171,3.0938,3.9233,0.1427,0.6358,0.1635,1.6509
fCMR_Philips_123,171,1.3324,2.6398,0.0919,0.2566,0.1307,0.8917
fCMR_Philips_079,171,1.5071,1.3545,0.0671,0.7783,0.1237,2.1407
fCMR_Philips_041,171,2.4953,2.557,0.0693,0.5132,0.1145,1.3132
fCMR_Philips_090,171,1.8746,0.9111,0.1008,1.4309,0.1258,3.5292
fCMR_Philips_114,171,1.8439,2.9199,0.1021,2.977,0.1465,6.5384
fCMR_Philips_065,171,2.5965,2.0697,0.0925,1.6674,0.1289,4.3168
fCMR_Philips_132,171,3.0703,2.5087,0.2277,3.8825,0.2415,8.0208
fCMR_Philips_031,171,2.9257,3.3515,0.1159,0.7724,0.1602,2.2702
fCMR_Philips_104,171,3.1176,3.1042,0.1596,1.8677,0.191,4.268
fCMR_Philips_094,171,2.0453,3.0215,0.1411,1.1516,0.1608,3.4314
fCMR_Philips_136,171,1.0746,3.3514,0.1747,0.2963,0.1864,1.2032
fCMR_Philips_087,171,2.7637,2.455,0.2981,2.6031,0.3245,5.5166
fCMR_Philips_003,171,1.0084,1.8466,0.1616,0.36,0.1928,1.5172
fCMR_Philips_047,171,1.4794,3.4211,0.2394,0.6912,0.2605,3.5069
fCMR_Philips_057,171,2.0309,1.7711,0.2064,1.264,0.2129,3.127
fCMR_Philips_097,171,2.6074,2.6077,0.3649,0.7823,0.382,2.3931
fCMR_Philips_070,171,2.4894,1.5015,0.3322,2.0991,0.3389,4.7624
fCMR_Philips_068,171,2.6538,1.7642,0.2908,1.365,0.303,3.6664
fCMR_Philips_117,172,1.8984,2.2552,0.1084,0.4891,0.1289,1.4246
fCMR_Philips_002,172,1.5408,3.5121,0.1803,1.6986,0.1952,3.9326
fCMR_Philips_052,172,2.4725,1.7211,0.193,0.1406,0.2238,0.5608
fCMR_Philips_123,172,2.8418,2.7816,0.0722,0.1475,0.1238,1.0994
fCMR_Philips_079,172,2.5719,3.3643,0.0629,1.0141,0.0899,2.8068
fCMR_Philips_041,172,2.4685,2.7392,0.0921,0.1477,0.1655,1.1233
fCMR_Philips_090,172,2.5988,2.0342,0.0986,1.1501,0.1228,3.167
fCMR_Philips_114,172,1.7622,2.421,0.1716,1.0352,0.1911,2.6937
fCMR_Philips_065,172,1.9569,2.3566,0.0635,1.053,0.1079,2.8797
fCMR_Philips_132,172,1.8116,2.5979,0.1565,2.87,0.1786,6.5584
fCMR_Philips_031,172,2.8819,1.0006,0.1038,0.4622,0.135,1.5104
fCMR_Philips_104,172,2.6314,2.6262,0.2536,1.9439,0.2893,4.9718
fCMR_Philips_094,172,1.5316,1.8079,0.0727,0.7381,0.113,2.6538
fCMR_Philips_136,172,1.7567,2.7198,0.0923,0.1658,0.1284,0.7407
fCMR_Philips_087,172,2.2227,2.3473,0.355,0.7946,0.3604,1.888
fCMR_Philips_003,172,1.3036,2.5799,0.1653,0.2014,0.2132,0.8538
fCMR_Philips_047,172,2.5077,2.5933,0.2289,1.8632,0.246,4.5936
fCMR_Philips_057,172,2.9789,2.2816,0.2508,0.8846,0.2559,1.9508
fCMR_Philips_097,172,2.3227,3.4672,0.3547,0.2782,0.3852,1.0858
fCMR_Philips_070,172,2.7374,2.6622,0.4177,0.6765,0.426,3.2063
fCMR_Philips_068,172,1.9951,2.6551,0.225,0.7332,0.2328,1.918
fCMR_Philips_117,173,1.5761,3.1711,0.2041,1.4623,0.2258,3.6238
fCMR_Philips_002,173,2.9961,2.6794,0.2282,0.6934,0.2485,2.3514
fCMR_Philips_052,173,1.9456,2.421,0.103,0.7188,0.1515,2.5598
fCMR_Philips_123,173,2.7246,2.7255,0.0932,0.2713,0.1312,1.6323
fCMR_Philips_079,173,2.0368,2.0633,0.1307,1.5435,0.1743,4.5437
fCMR_Philips_041,173,2.231,2.7436,0.1408,0.3746,0.191,2.3942
fCMR_Philips_090,173,0.8254,3.1359,0.112,1.1167,0.1413,2.807
fCMR_Philips_114,173,1.8447,2.2294,0.0905,0.8517,0.1085,2.2845
fCMR_Philips_065,173,2.2548,2.8048,0.1188,1.8669,0.1464,4.4978
fCMR_Philips_132,173,2.5458,3.365,0.258,3.5722,0.2714,7.96
fCMR_Philips_031,173,2.9639,2.9569,0.101,1.0596,0.146,2.7253
fCMR_Philips_104,173,3.0256,1.8997,0.1568,2.2298,0.205,5.4861
fCMR_Philips_094,173,1.321,3.4912,0.1316,1.257,0.1711,3.2782
fCMR_Philips_136,173,2.0947,2.3665,0.0239,0.1711,0.1035,0.6514
fCMR_Philips_087,173,1.3705,2.9957,0.3703,1.2722,0.3765,3.1037
fCMR_Philips_003,173,2.1724,3.3089,0.1837,0.1765,0.1972,0.8887
fCMR_Philips_047,173,2.6205,2.0583,0.2454,2.054,0.2847,6.2623
fCMR_Philips_057,173,2.429,2.1085,0.2093,1.4943,0.2228,3.6493
fCMR_Philips_097,173,2.1651,1.7575,0.3662,0.3093,0.3715,1.5268
fCMR_Philips_070,173,1.7874,1.9585,0.4287,0.7254,0.4457,2.147
fCMR_Philips_068,173,3.0931,2.7812,0.2231,0.559,0.2387,1.7309
fCMR_Philips_117,174,1.8988,2.8739,0.1829,1.2668,0.2155,3.1561
fCMR_Philips_002,174,1.5213,2.7738,0.2058,0.6757,0.2325,2.0375
fCMR_Philips_052,174,2.1102,3.3577,0.2187,0.9208,0.237,2.3464
fCMR_Philips_123,174,1.3268,0.9003,0.1306,0.718,0.1981,2.8573
fCMR_Philips_079,174,1.4761,2.5252,0.1043,0.3263,0.1255,1.6914
fCMR_Philips_041,174,2.4669,1.9796,0.0741,0.3915,0.1129,1.7912
fCMR_Philips_090,174,1.917,3.5416,0.1574,0.8565,0.2022,2.9657
fCMR_Philips_114,174,2.8762,2.5449,0.2463,0.7225,0.2693,2.3947
fCMR_Philips_065,174,2.1758,2.6919,0.1106,1.2494,0.1194,3.3229
fCMR_Philips_132,174,1.523,1.1064,0.1345,4.2149,0.1474,9.6018
fCMR_Philips_031,174,2.7573,1.3486,0.149,0.7388,0.1564,2.5746
fCMR_Philips_104,174,1.5331,2.2343,0.134,1.4716,0.1911,3.1772
fCMR_Philips_094,174,1.6384,2.0298,0.138,0.1335,0.1558,0.7491
fCMR_Philips_136,174,2.3759,1.8788,0.1512,0.3082,0.1677,1.1136
fCMR_Philips_087,174,2.4742,3.3594,0.3308,1.3975,0.3434,3.2361
fCMR_Philips_003,174,1.6924,2.3977,0.136,0.3116,0.162,1.2538
fCMR_Philips_047,174,2.6636,3.0701,0.3188,4.6617,0.361,10.3786
fCMR_Philips_057,174,2.4,2.5634,0.3215,0.8813,0.3283,2.3622
fCMR_Philips_097,174,1.9763,2.1279,0.2891,0.6758,0.3026,2.2384
fCMR_Philips_070,174,2.5324,2.0445,0.3687,1.0479,0.3816,3.1426
fCMR_Philips_068,174,2.0981,3.3085,0.1915,0.9341,0.2431,2.5136
fCMR_Philips_117,175,1.2443,2.3635,0.098,0.5931,0.1383,1.6525
fCMR_Philips_002,175,2.655,1.1418,0.1459,1.5081,0.1596,3.844
fCMR_Philips_052,175,1.3869,1.1762,0.1387,0.9703,0.1733,2.5728
fCMR_Philips_123,175,3.1245,1.7267,0.1208,0.1805,0.1746,1.3432
fCMR_Philips_079,175,2.9587,3.3339,0.1054,0.7462,0.1153,2.0335
fCMR_Philips_041,175,2.4608,0.2424,0.0812,0.4079,0.1156,1.4516
fCMR_Philips_090,175,1.9767,0.4087,0.0795,0.7122,0.1227,1.9224
fCMR_Philips_114,175,2.5878,3.0701,0.1896,1.6099,0.2122,4.1443
fCMR_Philips_065,175,1.8561,2.4332,0.0842,1.7779,0.1569,4.0094
fCMR_Philips_132,175,3.1135,2.9073,0.2152,4.9663,0.2382,10.4002
fCMR_Philips_031,175,2.6494,1.2766,0.1137,0.9188,0.1494,2.3653
fCMR_Philips_104,175,1.9947,2.56,0.1074,2.1155,0.1232,5.3798
fCMR_Philips_094,175,1.4672,3.1214,0.0929,0.8796,0.139,2.2954
fCMR_Philips_136,175,1.5886,2.2485,0.0568,0.1633,0.1145,0.7894
fCMR_Philips_087,175,2.9322,2.9129,0.3006,2.3478,0.3112,5.4954
fCMR_Philips_003,175,2.7486,2.5314,0.2005,0.1305,0.2114,0.7071
fCMR_Philips_047,175,2.4308,2.2469,0.3024,3.4731,0.3181,7.9772
fCMR_Philips_057,175,1.5431,3.2051,0.2976,1.1043,0.3029,2.654
fCMR_Philips_097,175,2.7358,2.891,0.4683,0.2825,0.5008,1.9102
fCMR_Philips_070,175,2.0566,2.702,0.3251,0.9969,0.3343,2.4284
fCMR_Philips_068,175,2.6386,2.1074,0.2962,0.7923,0.2989,1.9377
fCMR_Philips_117,176,1.991,2.9378,0.1403,0.6429,0.1853,1.9327
fCMR_Philips_002,176,2.7796,2.8743,0.1501,0.6614,0.1574,2.1132
fCMR_Philips_052,176,2.6375,3.0375,0.1428,0.2173,0.1633,0.8716
fCMR_Philips_123,176,2.2665,2.4437,0.1375,0.1027,0.1596,0.9244
fCMR_Philips_079,176,1.9281,2.553,0.1445,0.3802,0.1742,1.7334
fCMR_Philips_041,176,2.9998,2.4314,0.0663,1.17,0.1022,2.6736
fCMR_Philips_090,176,2.9203,1.9379,0.067,0.5271,0.0992,1.2638
fCMR_Philips_114,176,1.3256,2.7223,0.1634,1.6164,0.1845,3.7375
fCMR_Philips_065,176,1.1469,3.9636,0.1279,2.683,0.1464,5.9884
fCMR_Philips_132,176,2.6197,2.2669,0.1974,3.1974,0.2038,6.7886
fCMR_Philips_031,176,2.2108,3.4686,0.1449,1.1457,0.1789,3.5689
fCMR_Philips_104,176,2.3321,2.3989,0.0859,2.0424,0.1863,4.5119
fCMR_Philips_094,176,1.8117,2.3165,0.1158,0.7522,0.141,2.4468
fCMR_Philips_136,176,1.8283,2.0877,0.1046,0.4594,0.1089,1.5817
fCMR_Philips_087,176,2.792,2.355,0.3887,1.9625,0.3926,4.2912
fCMR_Philips_003,176,3.1281,1.9838,0.1212,0.554,0.1378,1.592
fCMR_Philips_047,176,2.9178,2.6785,0.3037,1.3211,0.3707,4.8683
fCMR_Philips_057,176,1.7994,3.7107,0.2972,1.366,0.306,3.2686
fCMR_Philips_097,176,2.8699,1.5699,0.3887,0.2187,0.4062,0.6429
fCMR_Philips_070,176,2.708,2.3828,0.4392,0.8566,0.4516,2.9237
fCMR_Philips_068,176,0.7404,2.8933,0.2274,0.8306,0.2393,2.147
fCMR_Philips_117,177,2.2558,2.4361,0.1331,0.1859,0.1523,0.7122
fCMR_Philips_002,177,2.0948,2.9206,0.1824,0.8474,0.1998,2.1627
fCMR_Philips_052,177,1.5943,3.1495,0.1212,0.6341,0.1487,2.2254
fCMR_Philips_123,177,3.0058,2.0681,0.1642,0.2943,0.1822,2.0419
fCMR_Philips_079,177,2.5828,1.3967,0.1671,0.1701,0.1923,1.6118
fCMR_Philips_041,177,2.2123,3.0431,0.0625,1.2753,0.1142,3.6369
fCMR_Philips_090,177,2.472,2.5661,0.0792,0.5634,0.1172,1.4809
fCMR_Philips_114,177,2.9026,2.2028,0.2024,1.6604,0.2101,3.9046
fCMR_Philips_065,177,1.5233,2.9814,0.1736,1.2258,0.1962,3.3116
fCMR_Philips_132,177,1.6752,3.2214,0.1946,5.3976,0.2256,12.0081
fCMR_Philips_031,177,2.4908,1.7507,0.1347,0.5942,0.1525,1.5492
fCMR_Philips_104,177,2.1128,1.1809,0.1446,2.205,0.1654,4.8304
fCMR_Philips_094,177,2.8536,1.8744,0.1557,0.5405,0.1736,1.6472
fCMR_Philips_136,177,3.1162,2.9428,0.042,0.0681,0.1408,0.9121
fCMR_Philips_087,177,2.6127,3.6867,0.3423,0.9179,0.3499,2.286
fCMR_Philips_003,177,1.5979,2.6477,0.1395,0.1391,0.1502,0.6427
fCMR_Philips_047,177,1.5402,3.3149,0.2633,3.0235,0.292,7.2376
fCMR_Philips_057,177,2.7079,0.9055,0.3116,0.8741,0.3172,2.2172
fCMR_Philips_097,177,2.0619,3.1765,0.2708,0.7476,0.3365,2.2014
fCMR_Philips_070,177,2.5434,1.1433,0.3906,1.1176,0.4157,3.3754
fCMR_Philips_068,177,2.409,1.8671,0.2657,0.6581,0.2707,1.769
fCMR_Philips_117,178,3.0226,2.6961,0.1824,0.3806,0.2188,1.3428
fCMR_Philips_002,178,1.7025,1.532,0.1846,0.5367,0.1921,1.8017
fCMR_Philips_052,178,2.8029,2.7989,0.1183,0.7629,0.1619,2.2446
fCMR_Philips_123,178,3.1141,2.2436,0.1237,0.0776,0.1404,1.1776
fCMR_Philips_079,178,3.0601,1.8502,0.0713,0.095,0.1352,0.8793
fCMR_Philips_041,178,2.332,2.2973,0.0537,0.2318,0.1147,0.9361
fCMR_Philips_090,178,2.2942,2.6363,0.0862,1.5646,0.1473,3.6776
fCMR_Philips_114,178,2.1883,1.485,0.1271,3.0664,0.1479,6.5006
fCMR_Philips_065,178,2.7038,3.0496,0.0659,0.8492,0.0987,2.3108
fCMR_Philips_132,178,2.5835,1.4935,0.1661,3.6175,0.1727,7.8119
fCMR_Philips_031,178,1.5201,2.1455,0.0627,0.3067,0.0959,1.199
fCMR_Philips_104,178,0.6217,2.1403,0.2564,1.428,0.2891,3.2177
fCMR_Philips_094,178,1.9969,2.3352,0.1405,2.0175,0.166,4.859
fCMR_Philips_136,178,0.8266,2.566,0.0493,0.1586,0.0835,0.7196
fCMR_Philips_087,178,2.1653,2.2695,0.3389,1.0053,0.3468,2.4698
fCMR_Philips_003,178,2.8496,1.812,0.1568,0.1431,0.1793,1.088
fCMR_Philips_047,178,1.9445,1.5367,0.3085,2.868,0.3299,7.2494
fCMR_Philips_057,178,2.6837,2.0463,0.2178,0.8811,0.2337,2.2427
fCMR_Philips_097,178,2.1646,2.6434,0.3671,0.2503,0.3786,0.9593
fCMR_Philips_070,178,2.3159,1.7582,0.3084,0.9853,0.3181,2.8016
fCMR_Philips_068,178,2.4798,3.3137,0.2904,0.4444,0.2969,1.65
fCMR_Philips_117,179,3.0814,3.8464,0.142,0.5775,0.1763,1.4308
fCMR_Philips_002,179,2.1618,1.0413,0.1697,1.4765,0.2182,3.9138
fCMR_Philips_052,179,2.6749,1.0291,0.1802,0.1614,0.2132,0.7945
fCMR_Philips_123,179,2.643,3.3877,0.0993,0.2429,0.1566,1.4898
fCMR_Philips_079,179,2.7965,2.4229,0.1295,0.2745,0.1641,1.4209
fCMR_Philips_041,179,0.5063,1.5798,0.0745,0.2935,0.1119,1.6605
fCMR_Philips_090,179,1.9915,1.746,0.1306,1.1723,0.1496,2.8556
fCMR_Philips_114,179,1.3022,2.5525,0.2178,1.1139,0.2418,2.9693
fCMR_Philips_065,179,2.5422,3.4646,0.0347,1.2205,0.1027,3.2561
fCMR_Philips_132,179,2.2541,2.4696,0.1956,3.0404,0.2131,6.9264
fCMR_Philips_031,179,0.5081,2.2266,0.0774,0.8005,0.1406,2.1332
fCMR_Philips_104,179,2.6081,1.0408,0.1005,0.846,0.1295,2.2268
fCMR_Philips_094,179,2.3982,2.8854,0.0979,0.2413,0.109,1.4776
fCMR_Philips_136,179,2.6115,1.7216,0.0504,0.1241,0.1191,0.5436
fCMR_Philips_087,179,1.8498,3.1266,0.4268,1.9964,0.4392,4.313
fCMR_Philips_003,179,1.5485,1.8665,0.1422,0.5887,0.1555,1.3644
fCMR_Philips_047,179,2.305,2.7945,0.302,3.2434,0.3172,7.7265
fCMR_Philips_057,179,1.539,2.4591,0.2681,0.8729,0.2772,2.3866
fCMR_Philips_097,179,2.4899,2.1218,0.2915,1.4808,0.309,3.8246
fCMR_Philips_070,179,2.7237,3.4446,0.4099,1.2967,0.4245,3.2898
fCMR_Philips_068,179,3.0506,1.0443,0.2085,0.9891,0.2207,2.5412
fCMR_Philips_117,180,2.365,2.0079,0.0888,1.1351,0.1362,2.8501
fCMR_Philips_002,180,2.3863,2.7478,0.1742,1.6194,0.1798,3.7126
fCMR_Philips_052,180,2.0017,2.5329,0.0939,0.4988,0.1217,1.3696
fCMR_Philips_123,180,2.8387,2.3755,0.1422,0.3796,0.1664,1.8238
fCMR_Philips_079,180,2.5792,2.306,0.1729,0.2295,0.2117,2.2183
fCMR_Philips_041,180,2.3075,2.0261,0.0433,1.2766,0.1077,3.8079
fCMR_Philips_090,180,1.5445,2.3731,0.0815,0.3894,0.171,1.6282
fCMR_Philips_114,180,2.0982,2.9293,0.1564,1.7679,0.2097,3.9426
fCMR_Philips_065,180,2.764,2.4967,0.053,0.5678,0.0857,1.6092
fCMR_Philips_132,180,1.3838,1.8468,0.1682,4.1036,0.1716,9.1161
fCMR_Philips_031,180,2.5826,2.6038,0.0855,1.8573,0.1257,4.3468
fCMR_Philips_104,180,1.0261,1.9601,0.126,1.7536,0.1418,4.3705
fCMR_Philips_094,180,0.3813,3.2488,0.091,0.4978,0.0998,1.6132
fCMR_Philips_136,180,3.0723,2.7249,0.0916,0.2615,0.1486,1.2697
fCMR_Philips_087,180,2.4925,2.8448,0.3949,1.5338,0.4062,3.7727
fCMR_Philips_003,180,2.1984,2.9943,0.1234,1.1889,0.1379,3.515
fCMR_Philips_047,180,2.8405,2.1814,0.2215,2.0548,0.2483,5.8142
fCMR_Philips_057,180,1.892,1.6619,0.2821,0.8695,0.2891,2.352
fCMR_Philips_097,180,1.7968,2.6639,0.4133,0.4954,0.418,1.5342
fCMR_Philips_070,180,2.5223,3.0731,0.3091,0.9856,0.3283,2.9862
fCMR_Philips_068,180,2.1121,2.4637,0.2625,1.2559,0.2697,2.8952
fCMR_Philips_117,181,2.4096,3.2687,0.1039,0.3139,0.1442,1.5651
fCMR_Philips_002,181,2.5104,2.5,0.1646,1.3003,0.1776,3.6739
fCMR_Philips_052,181,2.9397,2.5206,0.1539,0.1941,0.1724,0.9442
fCMR_Philips_123,181,2.6543,3.7848,0.1488,0.6036,0.1701,1.7446
fCMR_Philips_079,181,1.4605,2.0877,0.1612,0.2522,0.169,1.4798
fCMR_Philips_041,181,1.9594,3.8003,0.0434,0.5411,0.0713,2.24
fCMR_Philips_090,181,2.4648,1.2293,0.0875,1.4821,0.1358,3.7411
fCMR_Philips_114,181,3.0962,2.7309,0.186,1.2232,0.207,2.8732
fCMR_Philips_065,181,1.6002,1.5848,0.1348,1.419,0.154,3.2918
fCMR_Philips_132,181,2.3689,1.6185,0.2852,4.5107,0.2941,9.7562
fCMR_Philips_031,181,2.9802,2.2759,0.0973,0.8656,0.1185,2.6948
fCMR_Philips_104,181,2.4574,2.2749,0.1482,2.3713,0.2231,4.9651
fCMR_Philips_094,181,2.5503,1.6997,0.1405,0.5914,0.1643,1.9706
fCMR_Philips_136,181,2.1756,1.6834,0.1129,0.2599,0.122,0.8251
fCMR_Philips_087,181,1.6203,3.0079,0.3709,1.9957,0.3784,5.4926
fCMR_Philips_003,181,2.0228,2.4595,0.2083,0.78,0.2183,1.8982
fCMR_Philips_047,181,2.9966,2.5043,0.2338,0.8271,0.258,3.9433
fCMR_Philips_057,181,2.7701,1.86,0.2256,1.0262,0.2491,2.286
fCMR_Philips_097,181,1.0654,1.728,0.2747,0.145,0.3077,1.0469
fCMR_Philips_070,181,2.0042,2.3023,0.4014,0.7146,0.4096,2.2439
fCMR_Philips_068,181,3.0436,2.5755,0.2542,0.6866,0.2586,2.4328
fCMR_Philips_117,182,2.8179,2.6107,0.058,0.4805,0.1633,1.362
fCMR_Philips_002,182,2.6594,2.5251,0.2092,1.3001,0.2216,3.2732
fCMR_Philips_052,182,3.1032,3.0789,0.1319,0.6421,0.1448,1.7448
fCMR_Philips_123,182,2.3347,3.143,0.2136,0.2296,0.2288,1.1043
fCMR_Philips_079,182,2.0091,3.5539,0.1131,0.8456,0.1252,2.3672
fCMR_Philips_041,182,2.7962,1.7247,0.0373,0.4345,0.0802,1.576
fCMR_Philips_090,182,2.1901,1.6394,0.1085,0.8186,0.138,2.3127
fCMR_Philips_114,182,2.8971,2.275,0.1697,1.461,0.1912,3.8118
fCMR_Philips_065,182,2.8881,3.0771,0.1414,0.8397,0.1489,2.1662
fCMR_Philips_132,182,1.2331,2.2558,0.1836,4.7599,0.2047,10.0702
fCMR_Philips_031,182,2.2282,2.0828,0.1373,0.5068,0.1538,2.183
fCMR_Philips_104,182,2.5101,2.3132,0.0638,1.8395,0.1629,4.218
fCMR_Philips_094,182,1.794,2.8523,0.1201,0.661,0.1539,2.5814
fCMR_Philips_136,182,2.4655,2.7782,0.0877,0.3988,0.1147,1.1558
fCMR_Philips_087,182,1.1971,2.5232,0.3854,1.1351,0.3918,3.5604
fCMR_Philips_003,182,2.2334,3.182,0.1785,0.9514,0.1979,2.2519
fCMR_Philips_047,182,2.0549,1.5046,0.251,1.7009,0.2882,5.978
fCMR_Philips_057,182,2.3728,2.5476,0.2024,1.0226,0.2304,2.5232
fCMR_Philips_097,182,2.7828,2.9358,0.3679,0.0944,0.4253,0.9589
fCMR_Philips_070,182,1.9546,2.4458,0.3081,1.102,0.3174,3.2738
fCMR_Philips_068,182,1.0296,1.7118,0.1782,1.0176,0.1861,2.4498
fCMR_Philips_117,183,0.926,3.1782,0.1275,0.5247,0.1591,1.8197
fCMR_Philips_002,183,2.9021,1.1457,0.1947,0.9749,0.2104,2.2082
fCMR_Philips_052,183,2.2468,2.2776,0.1407,0.8875,0.1572,2.5267
fCMR_Philips_123,183,2.0269,2.7868,0.0498,0.7068,0.1072,2.2262
fCMR_Philips_079,183,2.202,2.5903,0.0482,0.6927,0.1716,2.2209
fCMR_Philips_041,183,0.8798,2.2649,0.03,0.543,0.1216,2.2798
fCMR_Philips_090,183,2.2731,2.6676,0.1355,0.5925,0.1596,2.1355
fCMR_Philips_114,183,2.7673,2.4182,0.146,1.2936,0.1572,2.9048
fCMR_Philips_065,183,1.3786,2.368,0.1278,1.7484,0.1825,4.101
fCMR_Philips_132,183,2.2658,2.497,0.2715,4.8802,0.276,10.6467
fCMR_Philips_031,183,3.0131,2.2769,0.1411,1.0177,0.1708,2.7164
fCMR_Philips_104,183,1.3471,2.9328,0.1789,3.2183,0.1911,7.1227
fCMR_Philips_094,183,2.5679,1.3529,0.1946,0.821,0.2048,2.5051
fCMR_Philips_136,183,1.7141,2.4859,0.159,0.5697,0.1737,1.8152
fCMR_Philips_087,183,1.9117,3.3422,0.3762,1.3182,0.3822,3.6573
fCMR_Philips_003,183,2.3929,2.789,0.1724,0.2186,0.2406,0.9008
fCMR_Philips_047,183,2.957,1.1527,0.3353,3.4709,0.3489,8.1062
fCMR_Philips_057,183,1.1492,3.1807,0.236,0.8551,0.2448,2.3536
fCMR_Philips_097,183,2.6776,2.6803,0.352,0.5804,0.3763,2.6202
fCMR_Philips_070,183,1.812,2.7001,0.3388,0.8441,0.3558,3.1708
fCMR_Philips_068,183,2.5448,2.7563,0.2744,1.18,0.2864,2.9273
fCMR_Philips_117,184,1.5738,1.573,0.1075,1.3282,0.1285,3.2243
fCMR_Philips_002,184,2.3461,1.8735,0.177,1.288,0.1843,3.0296
fCMR_Philips_052,184,2.067,1.9354,0.1118,0.6541,0.1284,1.8708
fCMR_Philips_123,184,2.5055,2.6909,0.0968,0.9116,0.1334,2.8762
fCMR_Philips_079,184,2.9019,2.5647,0.1127,0.9213,0.1645,4.1247
fCMR_Philips_041,184,3.0315,1.0566,0.0744,0.4064,0.1364,1.5876
fCMR_Philips_090,184,2.8221,2.6351,0.1324,1.0189,0.179,2.7768
fCMR_Philips_114,184,2.7934,2.925,0.2028,1.1149,0.2114,2.6406
fCMR_Philips_065,184,1.0218,2.1639,0.1217,1.3011,0.1295,3.474
fCMR_Philips_132,184,2.0782,1.983,0.2098,4.5414,0.2186,9.8064
fCMR_Philips_031,184,2.2714,2.1284,0.1378,0.3371,0.1765,1.104
fCMR_Philips_104,184,3.0696,2.6511,0.089,2.2488,0.1186,4.9725
fCMR_Philips_094,184,0.8479,1.1716,0.1382,0.4728,0.1456,1.88
fCMR_Philips_136,184,2.4031,2.5493,0.0712,0.088,0.1196,0.6964
fCMR_Philips_087,184,1.1441,3.4521,0.4483,1.657,0.4566,3.9898
fCMR_Philips_003,184,2.6561,1.9023,0.1607,0.3882,0.1835,1.4368
fCMR_Philips_047,184,2.7242,2.1229,0.2433,0.1656,0.2929,1.352
fCMR_Philips_057,184,1.6082,1.3293,0.2167,0.9472,0.2298,2.6764
fCMR_Philips_097,184,2.4977,1.9932,0.4548,0.7927,0.4789,2.3758
fCMR_Philips_070,184,2.0315,2.3133,0.3617,0.6967,0.3877,2.9197
fCMR_Philips_068,184,1.457,2.5993,0.2319,0.3036,0.2557,1.4457
fCMR_Philips_117,185,3.1034,1.6843,0.1919,1.0843,0.228,2.7525
fCMR_Philips_002,185,1.1059,2.7176,0.1925,0.7273,0.2005,2.3676
fCMR_Philips_052,185,2.3973,2.9807,0.2149,0.7257,0.2373,2.1412
fCMR_Philips_123,185,2.9998,2.2475,0.1489,1.3225,0.2011,3.7076
fCMR_Philips_079,185,1.6782,2.7895,0.1236,0.4198,0.1487,1.4035
fCMR_Philips_041,185,1.7263,3.3718,0.0747,0.3083,0.1146,1.085
fCMR_Philips_090,185,2.9956,3.4113,0.1233,1.3846,0.1395,3.2492
fCMR_Philips_114,185,1.5171,2.9247,0.1732,1.3369,0.1838,3.4458
fCMR_Philips_065,185,1.4538,3.1916,0.0622,1.1935,0.1015,3.2119
fCMR_Philips_132,185,2.4106,2.8644,0.1076,3.0307,0.1514,6.7843
fCMR_Philips_031,185,1.7767,2.2076,0.13,0.6507,0.1453,2.0711
fCMR_Philips_104,185,2.39,3.0438,0.0804,2.2798,0.1819,5.2437
fCMR_Philips_094,185,0.9679,3.1654,0.1417,1.4293,0.1825,3.954
fCMR_Philips_136,185,1.1062,2.6245,0.0559,0.1345,0.1167,0.7258
fCMR_Philips_087,185,2.4503,2.5347,0.4306,1.1294,0.437,3.3131
fCMR_Philips_003,185,2.8727,2.9824,0.2259,0.2158,0.2484,1.0794
fCMR_Philips_047,185,2.0333,1.7146,0.2362,1.5098,0.2494,4.3536
fCMR_Philips_057,185,0.689,2.5256,0.2433,0.9818,0.2576,2.4302
fCMR_Philips_097,185,2.2786,3.1232,0.429,0.1609,0.4489,1.0074
fCMR_Philips_070,185,2.7946,1.3284,0.4494,1.1604,0.4627,3.4526
fCMR_Philips_068,185,2.1215,2.8846,0.2565,0.7683,0.2725,2.0953
fCMR_Philips_117,186,2.1358,3.3379,0.1149,0.6107,0.1363,2.5297
fCMR_Philips_002,186,3.0063,3.0714,0.1947,2.1926,0.21,4.9199
fCMR_Philips_052,186,2.63,3.4751,0.1579,0.0938,0.1757,1.4538
fCMR_Philips_123,186,1.9293,2.2214,0.1042,0.6434,0.1349,2.085
fCMR_Philips_079,186,2.4814,3.2911,0.1277,0.3725,0.1585,1.6274
fCMR_Philips_041,186,2.7088,2.8593,0.1146,0.7112,0.1446,2.8967
fCMR_Philips_090,186,2.6218,3.0677,0.107,0.6251,0.1307,1.6683
fCMR_Philips_114,186,3.0339,3.3556,0.1958,1.3668,0.2131,3.335
fCMR_Philips_065,186,2.8169,3.1605,0.0654,0.8663,0.1247,2.1813
fCMR_Philips_132,186,3.061,2.6672,0.1497,3.9672,0.1856,8.7213
fCMR_Philips_031,186,1.8943,2.4139,0.0641,0.9325,0.1219,2.6008
fCMR_Philips_104,186,2.7321,3.429,0.1252,1.7296,0.2385,3.8023
fCMR_Philips_094,186,3.0927,2.7083,0.1573,0.8338,0.2016,2.9094
fCMR_Philips_136,186,0.9516,2.7062,0.1094,0.3072,0.1349,1.2457
fCMR_Philips_087,186,1.4827,2.7343,0.3374,1.3681,0.3422,3.1639
fCMR_Philips_003,186,2.1406,2.5496,0.1871,0.2807,0.1924,1.0964
fCMR_Philips_047,186,2.0302,2.4042,0.2484,1.5068,0.2913,4.6987
fCMR_Philips_057,186,1.7209,2.694,0.2255,0.7788,0.2342,2.4197
fCMR_Philips_097,186,2.2258,3.169,0.3886,0.0195,0.4105,1.3301
fCMR_Philips_070,186,1.8478,1.7558,0.3714,1.2216,0.3755,2.8769
fCMR_Philips_068,186,2.6102,1.9681,0.2566,0.519,0.2688,1.3113
fCMR_Philips_117,187,0.6771,1.8171,0.1378,0.4932,0.1647,1.4495
fCMR_Philips_002,187,1.5554,1.7525,0.1614,1.1274,0.1676,3.1082
fCMR_Philips_052,187,2.0377,2.5577,0.1854,0.3972,0.204,1.4162
fCMR_Philips_123,187,2.9387,2.8746,0.2192,0.1683,0.2313,1.3516
fCMR_Philips_079,187,1.9635,2.083,0.0949,0.5066,0.1378,1.833
fCMR_Philips_041,187,2.8543,2.2376,0.0522,0.1157,0.0829,0.777
fCMR_Philips_090,187,2.7238,3.0984,0.1195,0.3292,0.1563,1.0396
fCMR_Philips_114,187,1.1266,2.3345,0.1227,1.9834,0.15,4.5797
fCMR_Philips_065,187,2.5737,2.2937,0.0903,1.163,0.1098,2.8576
fCMR_Philips_132,187,2.2253,3.4391,0.1585,4.6948,0.1999,10.5261
fCMR_Philips_031,187,2.8795,1.5194,0.099,0.4731,0.1417,1.7724
fCMR_Philips_104,187,2.8813,2.6981,0.1531,2.1527,0.178,4.7644
fCMR_Philips_094,187,2.609,3.2389,0.1327,0.6488,0.1563,1.9737
fCMR_Philips_136,187,1.7957,2.891,0.0848,0.1024,0.1323,0.6924
fCMR_Philips_087,187,1.6568,2.1119,0.3783,1.5353,0.3868,3.6071
fCMR_Philips_003,187,2.556,2.8098,0.2153,0.1745,0.2369,1.0446
fCMR_Philips_047,187,1.6888,3.2646,0.1997,1.4609,0.2652,4.9121
fCMR_Philips_057,187,1.776,2.9964,0.2835,1.265,0.2954,2.998
fCMR_Philips_097,187,1.6908,3.2911,0.2344,0.8448,0.248,3.0524
fCMR_Philips_070,187,2.7685,2.0233,0.3724,1.2597,0.3808,3.5344
fCMR_Philips_068,187,2.9785,2.5987,0.2556,0.7136,0.2682,1.8885
fCMR_Philips_117,188,2.4415,3.3637,0.1099,0.3778,0.1298,1.2374
fCMR_Philips_002,188,2.4915,1.941,0.2137,0.9395,0.2195,2.5201
fCMR_Philips_052,188,2.3369,3.0521,0.1534,1.0891,0.1761,2.8376
fCMR_Philips_123,188,1.0307,2.23,0.0566,1.4437,0.1402,3.686
fCMR_Philips_079,188,1.6132,3.1898,0.1103,0.5116,0.1367,1.7552
fCMR_Philips_041,188,2.0618,1.4712,0.1264,0.4946,0.1535,1.7311
fCMR_Philips_090,188,1.8342,2.7392,0.1403,0.9762,0.16,2.7734
fCMR_Philips_114,188,1.2636,2.3613,0.1523,1.7591,0.1817,3.9835
fCMR_Philips_065,188,2.234,3.2632,0.0466,1.8144,0.0891,4.4542
fCMR_Philips_132,188,2.8239,2.5502,0.279,3.5574,0.2907,7.595
fCMR_Philips_031,188,2.7227,2.8552,0.0988,1.0028,0.1374,2.5572
fCMR_Philips_104,188,1.6424,1.9658,0.0872,1.707,0.1613,3.7658
fCMR_Philips_094,188,1.4587,2.4881,0.1066,0.1251,0.1384,0.9256
fCMR_Philips_136,188,1.827,3.719,0.092,0.1373,0.1032,0.9605
fCMR_Philips_087,188,2.2748,1.4744,0.3902,1.1007,0.3978,2.8708
fCMR_Philips_003,188,2.7602,1.1089,0.1477,0.2485,0.1624,0.8631
fCMR_Philips_047,188,2.9693,2.2982,0.2259,2.5686,0.2744,6.1647
fCMR_Philips_057,188,1.5451,2.9106,0.2191,0.9621,0.2258,2.1775
fCMR_Philips_097,188,2.7655,2.3852,0.354,0.5776,0.3694,2.6365
fCMR_Philips_070,188,2.531,1.7358,0.3785,0.8424,0.3881,2.3736
fCMR_Philips_068,188,2.7763,2.0441,0.2295,0.5545,0.2791,1.792
fCMR_Philips_117,189,1.6783,2.2135,0.1347,0.4895,0.1786,1.3458
fCMR_Philips_002,189,2.5305,2.7026,0.1419,1.1492,0.1576,2.8219
fCMR_Philips_052,189,2.8067,2.6285,0.1565,0.3974,0.1779,1.252
fCMR_Philips_123,189,3.003,2.6336,0.1842,0.214,0.2042,1.4886
fCMR_Philips_079,189,0.885,1.9015,0.0515,0.2054,0.102,1.4467
fCMR_Philips_041,189,3.1192,1.8537,0.0257,0.9998,0.1003,2.7008
fCMR_Philips_090,189,1.9018,3.2285,0.1388,0.4852,0.15,2.0515
fCMR_Philips_114,189,2.721,1.6269,0.1828,0.9667,0.1948,2.7911
fCMR_Philips_065,189,1.8959,2.0008,0.1163,1.6101,0.1364,4.1636
fCMR_Philips_132,189,2.1325,3.607,0.2051,3.2112,0.2256,7.1458
fCMR_Philips_031,189,2.8132,2.378,0.1105,1.0983,0.1249,3.6342
fCMR_Philips_104,189,3.0844,2.3971,0.1637,2.6347,0.1946,6.1369
fCMR_Philips_094,189,2.1617,2.3595,0.1174,0.9627,0.1405,2.8013
fCMR_Philips_136,189,3.1106,2.4884,0.0325,0.1568,0.1186,1.0456
fCMR_Philips_087,189,1.6644,1.5065,0.3389,2.3546,0.3466,5.8598
fCMR_Philips_003,189,2.674,3.4078,0.1862,0.4995,0.2015,2.0699
fCMR_Philips_047,189,1.3608,2.5111,0.2793,3.1263,0.2989,7.5389
fCMR_Philips_057,189,1.6479,1.6102,0.3394,1.2422,0.3471,3.0852
fCMR_Philips_097,189,2.8332,2.5568,0.3281,0.3459,0.3857,1.3848
fCMR_Philips_070,189,2.8726,1.8373,0.3138,1.1465,0.329,2.7127
fCMR_Philips_068,189,1.5579,2.3535,0.2031,0.7926,0.214,2.2018
fCMR_Philips_117,190,2.9543,2.6203,0.2031,0.9526,0.256,2.7268
fCMR_Philips_002,190,2.0832,2.2076,0.1644,2.1263,0.1877,4.9128
fCMR_Philips_052,190,1.6512,2.5788,0.1173,0.6942,0.1461,2.2064
fCMR_Philips_123,190,1.8169,3.2088,0.0968,0.042,0.1156,0.7468
fCMR_Philips_079,190,3.0564,0.7435,0.0978,0.3036,0.1254,1.1625
fCMR_Philips_041,190,1.7979,2.7545,0.0927,0.3408,0.1406,1.3055
fCMR_Philips_090,190,2.7625,3.213,0.1295,1.2882,0.1694,3.7565
fCMR_Philips_114,190,2.9013,2.5122,0.2368,1.086,0.2446,2.9577
fCMR_Philips_065,190,2.1085,2.0436,0.0955,0.9455,0.1264,2.6684
fCMR_Philips_132,190,2.2187,3.0461,0.2656,4.5127,0.2813,9.8796
fCMR_Philips_031,190,1.3749,2.6168,0.0385,1.1158,0.085,2.8363
fCMR_Philips_104,190,2.6202,1.9957,0.085,1.7153,0.1388,4.1899
fCMR_Philips_094,190,1.9484,1.768,0.2213,0.178,0.2362,0.6768
fCMR_Philips_136,190,1.9764,1.4342,0.0575,0.1233,0.1067,0.4812
fCMR_Philips_087,190,2.7547,3.8629,0.3529,1.2493,0.3657,2.9799
fCMR_Philips_003,190,2.0515,2.722,0.2256,0.4607,0.2478,1.5732
fCMR_Philips_047,190,1.5152,1.8981,0.2728,2.5622,0.3183,7.3275
fCMR_Philips_057,190,2.1237,2.0736,0.2095,1.1003,0.2287,3.2329
fCMR_Philips_097,190,1.9537,2.4924,0.4537,0.6986,0.484,1.9064
fCMR_Philips_070,190,1.7438,2.2847,0.3821,0.4786,0.4042,2.2318
fCMR_Philips_068,190,2.8592,2.4903,0.2423,0.7434,0.259,2.1246
fCMR_Philips_117,191,2.2687,3.581,0.1382,0.987,0.1797,2.346
fCMR_Philips_002,191,3.1029,2.2698,0.1303,1.504,0.1464,3.7699
fCMR_Philips_052,191,1.5093,1.1512,0.1921,1.0118,0.2183,2.7487
fCMR_Philips_123,191,2.5793,2.682,0.1324,0.2028,0.1436,1.4768
fCMR_Philips_079,191,3.0205,2.978,0.129,0.8191,0.168,2.8087
fCMR_Philips_041,191,2.3617,2.7418,0.0509,0.7042,0.076,1.7794
fCMR_Philips_090,191,1.3472,1.7447,0.1429,0.9516,0.1635,2.3315
fCMR_Philips_114,191,2.8938,2.0855,0.2498,0.9872,0.2702,2.4794
fCMR_Philips_065,191,2.8226,1.7696,0.0912,2.498,0.1304,5.9444
fCMR_Philips_132,191,2.6382,2.3576,0.2013,4.3638,0.2106,9.2084
fCMR_Philips_031,191,2.1392,2.3818,0.1462,0.9798,0.177,2.686
fCMR_Philips_104,191,1.4709,2.8654,0.109,2.417,0.1776,5.8078
fCMR_Philips_094,191,1.3165,2.5845,0.1782,0.1172,0.1962,1.6507
fCMR_Philips_136,191,3.1271,2.8767,0.0329,0.3495,0.0914,1.235
fCMR_Philips_087,191,1.7576,2.4456,0.3542,2.0863,0.3605,4.7736
fCMR_Philips_003,191,1.7246,2.773,0.1904,0.4227,0.2028,1.5304
fCMR_Philips_047,191,2.5295,1.0172,0.2224,1.6869,0.2455,4.4468
fCMR_Philips_057,191,0.4477,1.1634,0.2761,1.1189,0.3001,3.1022
fCMR_Philips_097,191,2.7941,2.7347,0.38,0.0914,0.3875,1.2452
fCMR_Philips_070,191,1.0952,2.4004,0.3817,0.7166,0.3861,2.5566
fCMR_Philips_068,191,1.1933,2.7412,0.1794,0.7686,0.1916,2.2472
fCMR_Philips_117,192,2.4683,1.2537,0.0765,0.6319,0.1453,1.8768
fCMR_Philips_002,192,2.8887,1.7108,0.1972,1.5527,0.2021,3.6152
fCMR_Philips_052,192,2.9656,2.3575,0.1416,0.421,0.1791,1.6589
fCMR_Philips_123,192,2.2989,2.5648,0.1742,0.0587,0.1838,2.071
fCMR_Philips_079,192,1.6651,1.9296,0.0825,0.6788,0.1253,2.3851
fCMR_Philips_041,192,1.755,2.8227,0.0825,0.2159,0.1296,0.9787
fCMR_Philips_090,192,2.8973,2.3563,0.1123,1.7476,0.1563,4.2404
fCMR_Philips_114,192,1.7574,2.5742,0.1144,1.4736,0.1586,3.3388
fCMR_Philips_065,192,2.2475,3.521,0.1059,1.6528,0.1329,3.7258
fCMR_Philips_132,192,1.9054,2.8899,0.1856,5.0042,0.2104,10.356
fCMR_Philips_031,192,1.0895,1.7513,0.0995,0.9831,0.1273,2.6252
fCMR_Philips_104,192,2.5541,2.9133,0.1433,1.3795,0.1703,3.8042
fCMR_Philips_094,192,2.7007,2.6989,0.0889,0.1323,0.1183,1.0544
fCMR_Philips_136,192,2.0116,1.1748,0.0267,0.1767,0.0881,0.5491
fCMR_Philips_087,192,1.9489,1.1678,0.3224,2.5571,0.3284,5.8831
fCMR_Philips_003,192,2.1555,1.9582,0.1892,0.3462,0.1976,1.4982
fCMR_Philips_047,192,2.7436,2.3004,0.295,2.7156,0.3266,6.6476
fCMR_Philips_057,192,0.8512,2.5401,0.2132,1.051,0.2219,2.7983
fCMR_Philips_097,192,2.8559,3.0452,0.3775,0.1959,0.3995,2.0287
fCMR_Philips_070,192,1.8727,2.8968,0.3594,1.0331,0.3691,3.2328
fCMR_Philips_068,192,1.7778,2.1082,0.2693,0.9669,0.2833,2.4591
fCMR_Philips_117,193,2.5565,2.0297,0.1386,1.0313,0.1564,2.9357
fCMR_Philips_002,193,3.0236,1.2902,0.219,0.501,0.2249,1.4134
fCMR_Philips_052,193,2.4549,2.7765,0.1526,0.6743,0.1929,2.2338
fCMR_Philips_123,193,2.6038,1.9926,0.1214,0.2098,0.1433,0.8864
fCMR_Philips_079,193,3.0924,2.5448,0.0726,0.1252,0.095,0.7645
fCMR_Philips_041,193,1.2743,2.9399,0.0694,0.7449,0.0959,2.1006
fCMR_Philips_090,193,1.4402,2.1615,0.1069,0.8222,0.1255,1.9585
fCMR_Philips_114,193,1.2532,1.991,0.0742,2.3039,0.0923,5.6022
fCMR_Philips_065,193,1.9663,1.5777,0.1189,1.4664,0.1485,3.7307
fCMR_Philips_132,193,1.0217,2.9723,0.1193,4.2675,0.1554,8.8424
fCMR_Philips_031,193,2.7374,2.7317,0.1308,0.8018,0.1979,1.9316
fCMR_Philips_104,193,2.8118,1.6315,0.1551,2.2832,0.1761,5.3044
fCMR_Philips_094,193,2.3617,2.6429,0.1426,0.0241,0.1824,0.9131
fCMR_Philips_136,193,2.6321,2.7269,0.0811,0.2546,0.1686,1.2489
fCMR_Philips_087,193,2.9805,1.662,0.4485,3.1686,0.4547,6.8152
fCMR_Philips_003,193,1.2515,2.422,0.1692,0.5864,0.1765,1.8249
fCMR_Philips_047,193,1.2578,1.9213,0.3329,5.1279,0.3637,11.3094
fCMR_Philips_057,193,1.6956,1.3133,0.2469,0.9889,0.2562,2.568
fCMR_Philips_097,193,0.9928,1.1343,0.4155,0.4112,0.4539,1.5726
fCMR_Philips_070,193,2.9361,2.5119,0.4723,0.6052,0.4907,2.2897
fCMR_Philips_068,193,2.297,2.7809,0.3392,0.5974,0.3435,2.2086
fCMR_Philips_117,194,2.5669,1.4634,0.1235,0.7018,0.1828,2.0988
fCMR_Philips_002,194,1.9053,2.2364,0.2024,0.4199,0.2103,1.4786
fCMR_Philips_052,194,2.3982,2.263,0.1483,0.8304,0.1795,2.5704
fCMR_Philips_123,194,1.3923,2.9929,0.17,0.205,0.1846,1.191
fCMR_Philips_079,194,1.4749,1.5717,0.1952,0.708,0.2107,2.0136
fCMR_Philips_041,194,2.7931,2.0755,0.0567,0.2886,0.1002,1.3025
fCMR_Philips_090,194,3.0142,2.2126,0.1836,0.4737,0.2079,1.6742
fCMR_Philips_114,194,2.1532,2.1007,0.093,2.1773,0.1093,4.9175
fCMR_Philips_065,194,2.4285,3.6992,0.0392,0.7632,0.0958,1.9702
fCMR_Philips_132,194,1.4122,3.0507,0.2202,4.681,0.2328,10.4614
fCMR_Philips_031,194,2.1711,2.1827,0.0879,0.6603,0.1312,2.2452
fCMR_Philips_104,194,1.2113,2.6151,0.1307,2.0037,0.1594,6.3055
fCMR_Philips_094,194,2.5595,1.8054,0.1927,0.1599,0.2189,0.867
fCMR_Philips_136,194,1.0746,2.5913,0.0731,0.1646,0.1219,0.5333
fCMR_Philips_087,194,1.9735,1.9838,0.4,0.7681,0.4166,1.9732
fCMR_Philips_003,194,2.4432,2.7605,0.1243,0.1034,0.1525,0.9577
fCMR_Philips_047,194,2.8943,2.7274,0.2755,2.4981,0.2906,5.8262
fCMR_Philips_057,194,1.0668,3.6934,0.2118,0.9211,0.2212,2.8343
fCMR_Philips_097,194,1.1937,2.3364,0.3797,0.6378,0.4081,1.7375
fCMR_Philips_070,194,2.6928,3.2557,0.2983,0.7385,0.3193,2.7215
fCMR_Philips_068,194,1.0212,0.5024,0.2519,0.6933,0.2597,2.1349
fCMR_Philips_117,195,1.4698,3.0561,0.155,0.6326,0.2072,1.8805
fCMR_Philips_002,195,2.1553,2.2166,0.189,1.2515,0.2003,3.0993
fCMR_Philips_052,195,1.4547,3.4269,0.1193,0.5229,0.1344,1.7072
fCMR_Philips_123,195,2.094,3.0201,0.1187,0.4786,0.1727,2.5326
fCMR_Philips_079,195,1.4285,2.436,0.0936,0.2517,0.1194,1.0424
fCMR_Philips_041,195,2.3566,1.8891,0.1212,0.7998,0.1413,2.0488
fCMR_Philips_090,195,2.5379,3.0169,0.0956,0.6086,0.1401,2.0356
fCMR_Philips_114,195,2.6091,2.2479,0.0983,1.0559,0.1216,2.9263
fCMR_Philips_065,195,2.2642,1.9998,0.1051,1.7096,0.1213,4.0278
fCMR_Philips_132,195,2.2788,3.2193,0.1721,4.6768,0.1906,9.7774
fCMR_Philips_031,195,1.5704,3.3654,0.1265,0.6183,0.1494,1.7383
fCMR_Philips_104,195,3.1408,1.9627,0.1614,1.8679,0.2242,4.5341
fCMR_Philips_094,195,1.7908,2.2147,0.1745,0.2876,0.2175,1.6769
fCMR_Philips_136,195,1.1828,2.2412,0.1956,0.1044,0.2211,0.9628
fCMR_Philips_087,195,2.0755,2.7911,0.3362,2.3274,0.3457,4.9972
fCMR_Philips_003,195,3.0858,2.5397,0.1637,0.1056,0.1864,0.7309
fCMR_Philips_047,195,1.8283,1.0469,0.2982,3.1448,0.3244,7.9767
fCMR_Philips_057,195,2.0147,0.2862,0.2335,0.6874,0.2492,1.7574
fCMR_Philips_097,195,3.0903,2.9173,0.4001,0.1527,0.4174,1.1112
fCMR_Philips_070,195,0.6919,1.7896,0.3529,1.1927,0.3621,3.5092
fCMR_Philips_068,195,2.9429,1.7119,0.2405,0.644,0.2638,1.971
fCMR_Philips_117,196,3.0206,3.7104,0.128,1.1409,0.1521,2.8114
fCMR_Philips_002,196,1.9891,0.7048,0.2186,0.7116,0.2406,1.9806
fCMR_Philips_052,196,2.7641,1.5705,0.1291,0.4105,0.1509,1.7904
fCMR_Philips_123,196,1.9599,2.2006,0.182,0.582,0.2031,1.6748
fCMR_Philips_079,196,2.544,0.8782,0.1041,0.4378,0.1166,1.3305
fCMR_Philips_041,196,1.8975,2.7763,0.0774,0.4694,0.1153,1.7684
fCMR_Philips_090,196,2.8897,2.7729,0.1384,1.3466,0.1652,3.5805
fCMR_Philips_114,196,2.5911,1.9286,0.1345,2.5239,0.1659,5.5222
fCMR_Philips_065,196,1.9362,2.2477,0.1602,1.3243,0.194,3.313
fCMR_Philips_132,196,3.0441,2.2081,0.1978,3.4661,0.2064,7.6806
fCMR_Philips_031,196,2.7521,3.2875,0.1061,1.2014,0.1403,3.0085
fCMR_Philips_104,196,2.7369,2.6851,0.2043,2.289,0.2196,5.1764
fCMR_Philips_094,196,0.2743,2.2236,0.0554,0.2789,0.074,1.8977
fCMR_Philips_136,196,1.2202,1.9973,0.052,0.132,0.0912,1.1408
fCMR_Philips_087,196,2.6687,3.1303,0.3877,1.2575,0.3922,2.767
fCMR_Philips_003,196,1.7351,3.152,0.2032,0.1124,0.2262,0.6796
fCMR_Philips_047,196,1.5802,2.2656,0.1972,0.7834,0.2081,2.8248
fCMR_Philips_057,196,2.9553,3.2014,0.3068,0.8605,0.3088,2.1149
fCMR_Philips_097,196,2.3666,2.4878,0.4615,0.6598,0.4749,2.0489
fCMR_Philips_070,196,2.6311,3.0,0.412,1.8676,0.4202,5.2066
fCMR_Philips_068,196,2.3593,3.5559,0.2798,0.5562,0.294,1.4565
fCMR_Philips_117,197,3.1209,1.1832,0.1776,0.7805,0.2034,2.1062
fCMR_Philips_002,197,1.9832,3.196,0.1993,1.2186,0.2662,3.3297
fCMR_Philips_052,197,2.5525,2.5147,0.1607,0.2738,0.1887,1.0318
fCMR_Philips_123,197,2.9566,2.2976,0.0953,0.451,0.1305,1.6384
fCMR_Philips_079,197,2.6852,1.6983,0.1066,0.5579,0.1277,1.6206
fCMR_Philips_041,197,2.2298,3.0215,0.0673,0.6576,0.1205,2.7504
fCMR_Philips_090,197,2.1799,2.4294,0.1085,0.2895,0.1571,1.4318
fCMR_Philips_114,197,2.5036,3.4913,0.096,0.5768,0.1413,1.4502
fCMR_Philips_065,197,2.9184,0.9034,0.2231,1.0609,0.2298,2.6488
fCMR_Philips_132,197,1.8653,1.9089,0.1943,4.7083,0.2051,9.6068
fCMR_Philips_031,197,2.8235,3.2654,0.0603,0.4829,0.1149,1.8212
fCMR_Philips_104,197,2.6949,3.2268,0.0699,1.9284,0.1684,4.8814
fCMR_Philips_094,197,2.5559,2.0621,0.12,0.1784,0.151,1.1326
fCMR_Philips_136,197,2.5586,1.3133,0.0479,0.3248,0.1345,1.2733
fCMR_Philips_087,197,2.2759,3.0311,0.4631,1.7695,0.4699,3.8386
fCMR_Philips_003,197,2.5059,1.6679,0.2124,0.3542,0.2376,1.3312
fCMR_Philips_047,197,1.6919,2.0574,0.2725,1.7859,0.312,5.2254
fCMR_Philips_057,197,1.2757,2.1368,0.2619,0.8898,0.2731,2.3566
fCMR_Philips_097,197,2.8282,2.7462,0.3194,0.1262,0.3302,1.1897
fCMR_Philips_070,197,1.251,3.2229,0.4009,0.7661,0.4216,2.2779
fCMR_Philips_068,197,2.4799,1.5578,0.241,1.132,0.2483,2.6312
fCMR_Philips_117,198,1.6896,0.7532,0.0546,0.7011,0.1258,2.0148
fCMR_Philips_002,198,1.8158,2.895,0.2903,0.7102,0.2943,2.058
fCMR_Philips_052,198,2.5862,2.4816,0.1376,0.1772,0.1456,1.4865
fCMR_Philips_123,198,2.9189,2.5468,0.1223,0.1085,0.1513,1.2467
fCMR_Philips_079,198,2.2802,2.5394,0.0681,0.3218,0.0916,1.2414
fCMR_Philips_041,198,2.6742,2.7172,0.0823,0.2978,0.1352,1.0897
fCMR_Philips_090,198,3.0068,2.6921,0.1386,0.6883,0.1603,1.8092
fCMR_Philips_114,198,1.2755,1.6431,0.1535,1.9006,0.1899,4.5692
fCMR_Philips_065,198,1.7432,3.4143,0.0305,0.3955,0.0905,1.9715
fCMR_Philips_132,198,2.5711,2.3825,0.1842,4.0372,0.2007,8.5891
fCMR_Philips_031,198,2.9171,1.4524,0.1349,0.8627,0.1546,2.1062
fCMR_Philips_104,198,2.3817,3.3613,0.1063,1.3443,0.1795,3.1047
fCMR_Philips_094,198,2.8145,2.7164,0.1692,0.0677,0.186,1.2816
fCMR_Philips_136,198,2.8429,2.5424,0.0751,0.0032,0.1227,0.2572
fCMR_Philips_087,198,1.7336,2.5443,0.3852,1.7464,0.3892,3.9387
fCMR_Philips_003,198,2.3458,1.6507,0.2591,0.1513,0.2705,1.156
fCMR_Philips_047,198,1.9909,3.065,0.2463,1.6946,0.2796,4.1938
fCMR_Philips_057,198,2.7846,1.9867,0.2581,0.9577,0.2621,2.1072
fCMR_Philips_097,198,2.5203,1.5032,0.3519,0.3516,0.3721,1.4952
fCMR_Philips_070,198,2.2323,2.9181,0.4222,0.8088,0.4306,2.6337
fCMR_Philips_068,198,1.7802,1.4539,0.2834,0.6193,0.3165,2.2103
fCMR_Philips_117,199,3.1258,2.8404,0.2021,0.6616,0.2272,1.8086
fCMR_Philips_002,199,1.9955,2.8286,0.2801,1.0417,0.2877,2.8238
fCMR_Philips_052,199,3.0362,1.2841,0.1269,0.2176,0.1379,0.7869
fCMR_Philips_123,199,2.6235,2.3221,0.1155,0.11,0.1329,0.8344
fCMR_Philips_079,199,0.7485,2.2891,0.0791,0.1531,0.1104,0.8264
fCMR_Philips_041,199,2.9764,2.6106,0.0433,0.6265,0.0835,1.8935
fCMR_Philips_090,199,1.0094,1.0156,0.1566,0.6322,0.1811,1.8826
fCMR_Philips_114,199,3.0809,2.7138,0.1852,1.3236,0.1986,2.8251
fCMR_Philips_065,199,3.1024,2.2948,0.1166,1.9375,0.1408,4.5184
fCMR_Philips_132,199,2.2981,2.1578,0.1936,4.0819,0.2123,8.7637
fCMR_Philips_031,199,1.4309,1.956,0.1009,0.5623,0.1423,1.7205
fCMR_Philips_104,199,2.8274,3.1495,0.1567,1.2664,0.2322,3.1627
fCMR_Philips_094,199,2.0974,2.6524,0.1419,0.1712,0.1622,1.3604
fCMR_Philips_136,199,2.3068,1.2296,0.112,0.3126,0.1348,1.3562
fCMR_Philips_087,199,3.0066,2.9091,0.3485,1.5874,0.3558,3.6599
fCMR_Philips_003,199,2.745,2.3332,0.2071,0.4595,0.2169,1.8061
fCMR_Philips_047,199,1.5416,3.3454,0.236,0.491,0.2856,2.5291
fCMR_Philips_057,199,1.3565,3.5546,0.2484,1.0879,0.261,3.2779
fCMR_Philips_097,199,0.9968,2.0751,0.3385,0.4938,0.3491,1.2982
fCMR_Philips_070,199,2.3897,2.5563,0.3858,0.5851,0.3996,1.7375
fCMR_Philips_068,199,2.6776,1.9514,0.1839,1.0125,0.2166,2.3512
fCMR_Philips_117,200,2.628,1.7119,0.1499,0.5244,0.1847,1.559
fCMR_Philips_002,200,2.2988,2.6296,0.194,1.7858,0.211,4.1735
fCMR_Philips_052,200,0.3607,3.2083,0.1407,0.8018,0.1538,2.2858
fCMR_Philips_123,200,2.7164,3.3209,0.1167,0.1609,0.1339,0.9173
fCMR_Philips_079,200,2.345,1.5623,0.0693,0.2857,0.12,1.1806
fCMR_Philips_041,200,1.8385,1.5285,0.0726,0.178,0.137,1.2398
fCMR_Philips_090,200,2.3255,1.7363,0.0949,0.6297,0.1165,1.7575
fCMR_Philips_114,200,2.5502,2.1469,0.13,1.1845,0.1515,2.7918
fCMR_Philips_065,200,2.0627,2.2551,0.1376,2.0308,0.1606,4.3022
fCMR_Philips_132,200,2.3159,1.5566,0.1387,4.729,0.1699,10.2444
fCMR_Philips_031,200,2.8002,3.0752,0.0575,0.7762,0.109,2.58
fCMR_Philips_104,200,2.1138,2.1957,0.1487,1.1054,0.195,2.7108
fCMR_Philips_094,200,2.6521,1.1928,0.0539,0.6273,0.1519,2.3689
fCMR_Philips_136,200,2.4847,2.6532,0.1085,0.0427,0.1412,0.3724
fCMR_Philips_087,200,0.9036,2.3,0.3321,2.1488,0.3378,4.8361
fCMR_Philips_003,200,3.1414,2.0036,0.1339,0.204,0.1444,0.8618
fCMR_Philips_047,200,1.8133,2.3073,0.1908,1.7705,0.208,5.5354
fCMR_Philips_057,200,2.4698,3.4209,0.1795,2.2123,0.1884,5.0022
fCMR_Philips_097,200,2.8305,2.7899,0.3814,0.1656,0.4002,0.4187
fCMR_Philips_070,200,2.4339,2.8812,0.3371,0.5666,0.347,1.5276
fCMR_Philips_068,200,2.2171,2.7141,0.2642,0.5952,0.2825,1.7676
fCMR_Philips_117,201,1.6657,2.3187,0.1403,0.7584,0.1868,1.8866
fCMR_Philips_002,201,2.9876,1.8652,0.1581,1.0603,0.1746,3.1351
fCMR_Philips_052,201,2.9098,1.6153,0.1454,0.4028,0.1769,1.7128
fCMR_Philips_123,201,2.1498,2.9646,0.0962,0.451,0.1325,1.2136
fCMR_Philips_079,201,2.1202,2.5686,0.05,0.2616,0.072,1.6076
fCMR_Philips_041,201,2.7257,0.6098,0.0698,0.5831,0.1161,1.6275
fCMR_Philips_090,201,2.9945,2.3861,0.0985,0.7665,0.1177,2.0444
fCMR_Philips_114,201,1.6652,2.466,0.1309,1.7274,0.1493,4.0304
fCMR_Philips_065,201,2.9939,2.5726,0.134,1.5498,0.1636,3.9182
fCMR_Philips_132,201,2.3067,1.6859,0.2607,4.1383,0.2721,8.6863
fCMR_Philips_031,201,0.915,2.507,0.0667,0.9468,0.0988,2.3649
fCMR_Philips_104,201,2.9911,2.6087,0.1357,1.433,0.1632,3.9194
fCMR_Philips_094,201,2.3108,2.5614,0.1229,2.2986,0.1582,4.9982
fCMR_Philips_136,201,0.3099,1.5284,0.0868,0.1168,0.1137,0.6837
fCMR_Philips_087,201,2.3333,1.2076,0.3457,1.6228,0.3565,3.4426
fCMR_Philips_003,201,2.7347,2.0877,0.2031,0.1654,0.214,0.7616
fCMR_Philips_047,201,2.3102,1.8979,0.2671,2.314,0.2927,5.6859
fCMR_Philips_057,201,3.0692,3.8222,0.2335,0.5335,0.2445,1.4437
fCMR_Philips_097,201,1.8198,2.2698,0.453,0.2179,0.4783,0.9115
fCMR_Philips_070,201,3.1366,1.5848,0.4392,0.4384,0.4453,1.3042
fCMR_Philips_068,201,1.9572,2.4745,0.2115,0.789,0.2268,2.7529
fCMR_Philips_117,202,1.1194,2.4775,0.1587,0.7165,0.1882,2.1884
fCMR_Philips_002,202,2.5383,1.7179,0.2097,1.5041,0.2249,3.5298
fCMR_Philips_052,202,1.8142,3.0924,0.1059,0.2817,0.1201,1.4777
fCMR_Philips_123,202,2.1596,2.3124,0.1813,0.5565,0.2151,2.4233
fCMR_Philips_079,202,3.0224,2.0561,0.0999,0.2581,0.1196,1.0476
fCMR_Philips_041,202,2.2624,2.7119,0.0854,0.4929,0.1009,1.2744
fCMR_Philips_090,202,2.9073,3.347,0.1168,1.3987,0.1343,3.3912
fCMR_Philips_114,202,3.1259,2.1159,0.1329,1.6221,0.1624,3.6114
fCMR_Philips_065,202,1.2158,2.4676,0.14,1.2373,0.1428,3.1952
fCMR_Philips_132,202,3.0906,1.4004,0.1706,3.7249,0.2031,8.3644
fCMR_Philips_031,202,3.0394,3.0825,0.1306,1.1482,0.1619,2.7136
fCMR_Philips_104,202,2.9841,1.8288,0.1203,1.7296,0.1844,4.8947
fCMR_Philips_094,202,0.7457,2.6675,0.1086,0.6458,0.1426,2.1986
fCMR_Philips_136,202,1.5831,3.0006,0.0579,0.2861,0.1228,1.4566
fCMR_Philips_087,202,1.7315,1.6466,0.3407,2.0777,0.3456,5.1606
fCMR_Philips_003,202,1.8396,2.6597,0.2282,0.091,0.2403,0.6402
fCMR_Philips_047,202,1.9015,1.8699,0.2753,2.4755,0.2944,6.0214
fCMR_Philips_057,202,1.5603,2.6997,0.2545,0.6586,0.2659,1.8458
fCMR_Philips_097,202,2.8633,2.4465,0.283,0.1484,0.312,1.0492
fCMR_Philips_070,202,2.4568,2.9358,0.4498,0.9279,0.4635,3.2708
fCMR_Philips_068,202,2.18,2.2417,0.2133,0.4727,0.2231,1.5494
fCMR_Philips_117,203,2.5867,2.8967,0.1605,0.5924,0.2207,1.6167
fCMR_Philips_002,203,1.6108,2.5842,0.2234,0.3746,0.2367,1.2988
fCMR_Philips_052,203,2.9803,2.2265,0.1685,0.5459,0.1831,1.7207
fCMR_Philips_123,203,2.5038,3.1774,0.0764,0.412,0.1532,1.3674
fCMR_Philips_079,203,2.9657,2.263,0.08,0.5526,0.1338,2.6963
fCMR_Philips_041,203,2.3138,2.2273,0.0439,0.9668,0.0963,2.9863
fCMR_Philips_090,203,3.1126,3.0573,0.1143,1.3405,0.1422,3.168
fCMR_Philips_114,203,2.0354,1.5118,0.1873,1.3045,0.206,3.5455
fCMR_Philips_065,203,1.3793,2.023,0.0239,1.332,0.0877,3.6972
fCMR_Philips_132,203,3.1102,1.2237,0.2036,4.7091,0.215,9.9138
fCMR_Philips_031,203,2.69,2.5933,0.0973,1.2875,0.1394,3.1725
fCMR_Philips_104,203,3.0981,2.1137,0.1101,1.3492,0.164,3.3775
fCMR_Philips_094,203,1.683,2.228,0.0353,0.8809,0.0845,2.2997
fCMR_Philips_136,203,1.3622,3.6216,0.1485,0.2922,0.1671,1.08
fCMR_Philips_087,203,1.153,2.0977,0.3507,1.371,0.39,3.3454
fCMR_Philips_003,203,1.9218,2.3889,0.1443,0.3742,0.182,1.1835
fCMR_Philips_047,203,3.0786,2.8178,0.2079,2.7611,0.2384,8.2279
fCMR_Philips_057,203,2.3924,1.5736,0.2439,0.6782,0.2561,1.6184
fCMR_Philips_097,203,2.8654,2.1784,0.347,0.685,0.3663,1.9694
fCMR_Philips_070,203,0.81,1.9218,0.3543,0.8214,0.3645,2.3787
fCMR_Philips_068,203,3.0112,0.45,0.2127,1.0673,0.2317,2.6197
fCMR_Philips_117,204,1.1922,1.6212,0.1339,0.0318,0.1426,0.5591
fCMR_Philips_002,204,2.5984,2.01,0.1755,1.4062,0.1879,3.6679
fCMR_Philips_052,204,2.7913,2.9871,0.1301,0.2579,0.18,1.4607
fCMR_Philips_123,204,2.3679,1.6042,0.1855,0.049,0.2064,1.1489
fCMR_Philips_079,204,2.2232,2.3493,0.1132,1.0694,0.1331,3.1638
fCMR_Philips_041,204,1.2177,2.4057,0.1302,0.3576,0.1378,1.6308
fCMR_Philips_090,204,2.0803,3.1595,0.1428,1.4006,0.1542,3.6937
fCMR_Philips_114,204,2.7642,2.7944,0.1106,2.8234,0.1376,6.421
fCMR_Philips_065,204,2.1906,2.1092,0.1089,1.3901,0.1408,3.5782
fCMR_Philips_132,204,2.1189,2.96,0.2485,5.4843,0.2566,11.2945
fCMR_Philips_031,204,0.9497,3.335,0.0864,0.8537,0.1162,2.5871
fCMR_Philips_104,204,1.0714,1.8047,0.1335,1.9307,0.1655,5.0205
fCMR_Philips_094,204,1.105,2.0978,0.1451,0.2878,0.1723,1.3015
fCMR_Philips_136,204,1.9535,2.079,0.0833,0.1286,0.1137,0.7606
fCMR_Philips_087,204,2.2959,2.6795,0.3134,1.4966,0.3225,3.4993
fCMR_Philips_003,204,2.2162,1.9652,0.1533,0.4501,0.1877,1.6728
fCMR_Philips_047,204,2.176,3.6887,0.281,0.7712,0.3097,2.7853
fCMR_Philips_057,204,2.0248,2.0144,0.3138,1.4983,0.3162,3.1745
fCMR_Philips_097,204,2.5594,2.7047,0.3223,0.518,0.3369,1.6862
fCMR_Philips_070,204,1.459,2.9724,0.3135,1.5948,0.3188,3.9738
fCMR_Philips_068,204,3.1095,2.6463,0.2417,0.5602,0.2578,1.7474
fCMR_Philips_117,205,2.7038,3.3432,0.099,0.572,0.1713,2.186
fCMR_Philips_002,205,2.528,2.9133,0.2544,1.0052,0.2582,2.6057
fCMR_Philips_052,205,2.6321,2.8813,0.1962,0.144,0.2189,0.6561
fCMR_Philips_123,205,3.002,3.1174,0.1349,1.436,0.149,4.7678
fCMR_Philips_079,205,2.5323,3.0932,0.1036,0.108,0.1493,1.5326
fCMR_Philips_041,205,2.9844,1.9376,0.06,0.7647,0.1001,2.0899
fCMR_Philips_090,205,1.4558,1.7064,0.0897,0.1294,0.1291,0.938
fCMR_Philips_114,205,2.9525,2.2564,0.1321,1.4122,0.1574,3.2085
fCMR_Philips_065,205,2.5892,2.4773,0.1508,2.0718,0.158,4.6582
fCMR_Philips_132,205,1.8364,1.3173,0.171,3.294,0.1762,7.4293
fCMR_Philips_031,205,0.8232,2.287,0.0658,0.9524,0.1274,2.5254
fCMR_Philips_104,205,2.3517,2.209,0.1288,2.0278,0.1491,4.6578
fCMR_Philips_094,205,2.4788,3.5159,0.1718,0.2102,0.1913,1.8912
fCMR_Philips_136,205,2.0881,2.1964,0.0961,0.2678,0.1118,0.8062
fCMR_Philips_087,205,3.0457,2.293,0.3934,2.0854,0.3954,4.4866
fCMR_Philips_003,205,2.9786,2.7958,0.1001,0.6629,0.1314,2.0234
fCMR_Philips_047,205,3.0442,1.9931,0.157,1.1737,0.1736,2.7988
fCMR_Philips_057,205,2.6938,0.6816,0.2575,1.1102,0.2612,2.7015
fCMR_Philips_097,205,1.6741,3.2933,0.4012,0.065,0.4366,0.6807
fCMR_Philips_070,205,2.1629,2.8308,0.4112,0.5137,0.4178,1.867
fCMR_Philips_068,205,2.169,2.6672,0.2172,0.8344,0.2533,2.3648
fCMR_Philips_117,206,2.6836,2.6442,0.1539,0.6247,0.1733,1.7539
fCMR_Philips_002,206,2.1644,2.2779,0.2082,0.4243,0.2399,1.9484
fCMR_Philips_052,206,0.6596,1.7353,0.2035,0.3298,0.216,1.4079
fCMR_Philips_123,206,1.9329,3.4025,0.1275,0.209,0.1377,1.2578
fCMR_Philips_079,206,2.1001,2.9463,0.0568,0.0662,0.081,1.2046
fCMR_Philips_041,206,1.8483,1.8469,0.0707,0.3604,0.1195,1.3359
fCMR_Philips_090,206,1.7823,1.3688,0.1101,0.7101,0.1219,1.9848
fCMR_Philips_114,206,1.7423,2.6357,0.1421,1.5912,0.1781,3.7419
fCMR_Philips_065,206,1.9365,3.0358,0.1701,1.8972,0.2019,4.2093
fCMR_Philips_132,206,2.5949,2.5963,0.1603,3.8868,0.2214,9.4266
fCMR_Philips_031,206,2.5399,2.9857,0.0317,0.7098,0.0966,1.9112
fCMR_Philips_104,206,2.9062,1.2064,0.1082,1.6012,0.1342,4.3209
fCMR_Philips_094,206,2.6793,2.6422,0.0794,0.0485,0.1174,1.0499
fCMR_Philips_136,206,1.6414,3.3137,0.0699,0.2357,0.1098,1.5864
fCMR_Philips_087,206,1.4831,2.97,0.3763,1.6163,0.3802,4.1778
fCMR_Philips_003,206,1.0562,2.208,0.1474,0.2586,0.1632,1.0223
fCMR_Philips_047,206,1.5509,2.9022,0.2559,1.8474,0.2947,5.1638
fCMR_Philips_057,206,2.7264,1.9335,0.3375,0.9838,0.3484,2.4217
fCMR_Philips_097,206,3.1243,1.3188,0.5099,0.3958,0.5364,1.1633
fCMR_Philips_070,206,2.9215,3.5597,0.5781,1.3912,0.5868,3.2976
fCMR_Philips_068,206,2.6787,2.7236,0.2445,1.0655,0.2478,2.4517
fCMR_Philips_117,207,2.4159,1.791,0.1768,0.5701,0.1871,1.4755
fCMR_Philips_002,207,1.8594,2.4578,0.1501,1.0346,0.1652,2.8825
fCMR_Philips_052,207,2.8912,2.7417,0.14,0.9092,0.1628,2.2612
fCMR_Philips_123,207,1.0183,3.8892,0.1005,0.3714,0.1482,2.0192
fCMR_Philips_079,207,2.4802,3.0359,0.0645,0.0675,0.1329,0.9374
fCMR_Philips_041,207,1.6452,2.2869,0.0841,0.4541,0.1171,1.8712
fCMR_Philips_090,207,2.0294,3.3324,0.1619,1.5633,0.1933,3.9436
fCMR_Philips_114,207,0.6319,2.6499,0.2229,2.1307,0.2465,4.9594
fCMR_Philips_065,207,2.9608,2.3099,0.1455,1.9503,0.1601,4.3825
fCMR_Philips_132,207,0.5705,2.396,0.2264,5.2043,0.2389,11.5395
fCMR_Philips_031,207,2.657,2.1955,0.1627,0.1899,0.1763,1.0836
fCMR_Philips_104,207,2.114,1.8419,0.1256,2.0932,0.1708,4.641
fCMR_Philips_094,207,2.0964,1.9702,0.0964,0.2581,0.1304,1.8504
fCMR_Philips_136,207,2.7083,3.089,0.0808,0.0223,0.1011,0.3776
fCMR_Philips_087,207,1.1777,2.368,0.3589,0.8086,0.3679,2.2281
fCMR_Philips_003,207,2.83,2.0078,0.2153,0.6508,0.2189,1.7646
fCMR_Philips_047,207,2.6768,3.5716,0.1948,1.767,0.2236,5.2756
fCMR_Philips_057,207,2.8213,2.3936,0.3335,1.5733,0.3436,3.6026
fCMR_Philips_097,207,3.1085,3.2825,0.3424,0.0308,0.355,0.9574
fCMR_Philips_070,207,2.4888,2.1735,0.3508,0.4451,0.3695,1.4128
fCMR_Philips_068,207,1.163,3.6889,0.3476,0.6992,0.3593,1.9333
fCMR_Philips_117,208,1.84,2.3634,0.0517,0.7305,0.122,2.2975
fCMR_Philips_002,208,2.8228,3.3737,0.2329,0.387,0.2556,1.3407
fCMR_Philips_052,208,2.0848,2.2119,0.1131,1.0897,0.1342,2.8811
fCMR_Philips_123,208,0.4935,2.2558,0.1314,0.8175,0.1493,2.5216
fCMR_Philips_079,208,1.9354,0.1937,0.1362,0.1652,0.1534,0.9201
fCMR_Philips_041,208,2.0077,2.5384,0.0319,0.5087,0.0993,1.4187
fCMR_Philips_090,208,2.898,2.4904,0.082,0.4832,0.1284,1.1711
fCMR_Philips_114,208,3.0824,2.8834,0.1448,1.5106,0.1818,3.7478
fCMR_Philips_065,208,3.1182,3.0152,0.1057,0.9911,0.1285,2.8699
fCMR_Philips_132,208,1.6393,2.7523,0.198,4.2399,0.2167,9.8237
fCMR_Philips_031,208,2.1615,2.486,0.0743,1.0591,0.1336,2.4068
fCMR_Philips_104,208,2.1384,2.4756,0.1268,1.1452,0.1727,3.1885
fCMR_Philips_094,208,2.1462,2.3019,0.1431,1.3269,0.165,3.285
fCMR_Philips_136,208,2.5907,3.7389,0.1364,0.1036,0.1727,0.6051
fCMR_Philips_087,208,2.9406,2.4578,0.3634,2.5302,0.3738,5.6915
fCMR_Philips_003,208,1.6474,2.1731,0.1886,0.6629,0.2111,1.67
fCMR_Philips_047,208,1.7068,2.7123,0.2794,2.6474,0.2881,6.5099
fCMR_Philips_057,208,0.7701,2.3742,0.2891,0.3843,0.3039,1.3936
fCMR_Philips_097,208,1.68,0.8792,0.3596,0.2684,0.3937,1.8604
fCMR_Philips_070,208,1.4144,0.6212,0.3672,1.1894,0.3805,3.5313
fCMR_Philips_068,208,2.408,3.0264,0.1988,1.0429,0.2339,2.7384
fCMR_Philips_117,209,1.69,1.1783,0.0909,0.3454,0.1357,1.6766
fCMR_Philips_002,209,3.0624,3.121,0.2126,0.7122,0.2313,2.0714
fCMR_Philips_052,209,2.6084,1.7182,0.1125,0.6299,0.1379,1.8975
fCMR_Philips_123,209,1.8004,2.9557,0.0837,0.3358,0.135,1.0638
fCMR_Philips_079,209,1.7301,2.159,0.0822,0.4444,0.1205,1.9964
fCMR_Philips_041,209,2.4354,3.5028,0.0613,0.177,0.1127,0.8394
fCMR_Philips_090,209,1.9772,2.7478,0.1331,0.3888,0.1522,1.6981
fCMR_Philips_114,209,2.694,2.7539,0.1835,1.0354,0.2029,2.459
fCMR_Philips_065,209,1.6822,1.9438,0.1058,1.3787,0.1452,3.3186
fCMR_Philips_132,209,1.3143,2.2407,0.1802,3.6987,0.1926,8.2834
fCMR_Philips_031,209,1.7199,2.1536,0.0792,0.7903,0.1055,1.9306
fCMR_Philips_104,209,2.2858,2.4865,0.1588,1.9542,0.189,4.6662
fCMR_Philips_094,209,2.3503,2.5463,0.0822,0.2544,0.1089,1.0278
fCMR_Philips_136,209,0.8091,1.3128,0.1039,0.0911,0.1198,0.7384
fCMR_Philips_087,209,2.9195,2.2455,0.4222,0.9892,0.4262,2.485
fCMR_Philips_003,209,2.1267,2.7161,0.1888,0.511,0.1935,1.496
fCMR_Philips_047,209,1.1145,2.0066,0.2397,2.1591,0.2635,5.2624
fCMR_Philips_057,209,1.1425,2.6637,0.2513,0.621,0.2555,1.8321
fCMR_Philips_097,209,2.7047,2.899,0.3695,0.0187,0.3945,0.4598
fCMR_Philips_070,209,1.464,1.8882,0.4042,0.6024,0.4288,2.0895
fCMR_Philips_068,209,1.848,2.6293,0.2083,1.4728,0.2398,3.3041
fCMR_Philips_117,210,2.3728,1.3646,0.098,0.1694,0.1591,0.8432
fCMR_Philips_002,210,1.183,2.4958,0.1449,1.5643,0.1612,4.3692
fCMR_Philips_052,210,2.0138,2.8098,0.1894,0.2403,0.2089,1.0616
fCMR_Philips_123,210,3.008,3.013,0.0675,0.8471,0.1701,2.6252
fCMR_Philips_079,210,1.7025,2.3874,0.107,0.5953,0.1313,2.037
fCMR_Philips_041,210,2.7326,2.4081,0.0739,1.1994,0.1039,2.9928
fCMR_Philips_090,210,2.838,2.0835,0.1684,0.7344,0.1805,2.1349
fCMR_Philips_114,210,1.5687,1.4814,0.1369,2.5271,0.1625,6.2051
fCMR_Philips_065,210,2.9886,2.7125,0.1776,1.4484,0.1904,3.3232
fCMR_Philips_132,210,1.6283,4.0402,0.2675,3.941,0.2838,8.0562
fCMR_Philips_031,210,2.6142,2.3342,0.1754,0.5119,0.1872,1.9609
fCMR_Philips_104,210,1.6625,0.7116,0.1376,2.2629,0.2012,4.907
fCMR_Philips_094,210,1.7945,3.611,0.1484,0.7628,0.1772,2.335
fCMR_Philips_136,210,3.0983,1.8227,0.1465,0.3875,0.1676,1.3614
fCMR_Philips_087,210,2.1544,1.1895,0.2836,2.331,0.2966,5.1916
fCMR_Philips_003,210,2.0429,1.9128,0.1994,0.1936,0.2097,1.358
fCMR_Philips_047,210,3.112,2.8273,0.2615,1.2316,0.2778,3.7346
fCMR_Philips_057,210,2.9601,3.1802,0.2363,0.6955,0.2573,2.1424
fCMR_Philips_097,210,2.3252,2.3241,0.3867,0.1869,0.4226,2.0376
fCMR_Philips_070,210,1.6378,0.9217,0.335,0.9062,0.3476,2.4806
fCMR_Philips_068,210,2.4544,2.1054,0.3164,0.3942,0.3225,1.3476
fCMR_Philips_117,211,2.5403,2.9633,0.1687,0.6738,0.1915,2.4421
fCMR_Philips_002,211,2.128,1.1749,0.1876,1.6288,0.2117,4.2828
fCMR_Philips_052,211,2.6069,2.6012,0.1256,0.5021,0.1414,1.6054
fCMR_Philips_123,211,2.3946,2.2707,0.0612,1.0327,0.1024,2.5784
fCMR_Philips_079,211,2.0493,2.6341,0.0746,0.836,0.1296,2.3195
fCMR_Philips_041,211,2.9171,1.1043,0.0774,0.8159,0.0943,2.255
fCMR_Philips_090,211,2.4423,2.8354,0.1245,0.3218,0.1652,1.4716
fCMR_Philips_114,211,2.0588,2.253,0.0899,1.7405,0.1322,4.0773
fCMR_Philips_065,211,3.072,2.3993,0.0334,0.9121,0.1068,2.7055
fCMR_Philips_132,211,3.0301,2.6169,0.1544,3.644,0.1614,7.9714
fCMR_Philips_031,211,1.8113,2.4009,0.1369,0.9828,0.1609,2.9332
fCMR_Philips_104,211,3.0297,2.9069,0.1609,3.4052,0.2347,7.7439
fCMR_Philips_094,211,2.6758,3.3658,0.1181,0.3423,0.1341,1.9143
fCMR_Philips_136,211,1.3639,1.1136,0.0916,0.0764,0.1261,0.5819
fCMR_Philips_087,211,2.8576,1.2984,0.3963,1.7334,0.404,3.9708
fCMR_Philips_003,211,1.0608,3.9924,0.2891,0.3951,0.2961,1.8332
fCMR_Philips_047,211,1.7143,2.0803,0.1745,1.2792,0.3077,3.9748
fCMR_Philips_057,211,1.865,1.2106,0.235,0.5181,0.2438,1.7567
fCMR_Philips_097,211,1.6949,3.4638,0.2195,0.5241,0.2487,2.0922
fCMR_Philips_070,211,1.9524,2.2735,0.4194,0.3482,0.4304,1.4583
fCMR_Philips_068,211,1.1964,1.8009,0.2233,0.8566,0.2446,2.0632
fCMR_Philips_117,212,2.9002,2.0769,0.1373,1.3238,0.1463,3.094
fCMR_Philips_002,212,2.3567,2.5674,0.1581,0.9088,0.1913,2.6773
fCMR_Philips_052,212,1.6494,2.9048,0.0838,0.675,0.1135,2.2745
fCMR_Philips_123,212,1.1014,1.6575,0.0557,1.0177,0.1304,2.7502
fCMR_Philips_079,212,2.9228,2.4157,0.0988,0.3898,0.1378,1.2436
fCMR_Philips_041,212,2.3158,2.4951,0.0392,0.3628,0.0871,1.6622
fCMR_Philips_090,212,2.4794,2.7733,0.1549,0.937,0.1965,2.4973
fCMR_Philips_114,212,1.4388,3.6207,0.1486,1.8138,0.1719,4.1305
fCMR_Philips_065,212,2.3084,2.2523,0.0614,0.7378,0.0844,2.3544
fCMR_Philips_132,212,1.6052,3.1057,0.1791,2.6982,0.1925,6.3507
fCMR_Philips_031,212,2.4982,1.5421,0.0984,1.0241,0.1495,2.2693
fCMR_Philips_104,212,2.9035,2.3595,0.1576,2.1285,0.1994,4.8121
fCMR_Philips_094,212,1.3402,3.0273,0.0962,0.2088,0.1356,1.7662
fCMR_Philips_136,212,1.6286,1.244,0.0357,0.1243,0.0865,0.5512
fCMR_Philips_087,212,1.5974,2.9098,0.3806,2.2082,0.3841,4.9438
fCMR_Philips_003,212,3.0428,2.2491,0.1675,0.5236,0.1837,1.5431
fCMR_Philips_047,212,1.8491,2.2026,0.274,0.447,0.3055,2.8074
fCMR_Philips_057,212,3.0549,1.0659,0.3126,0.9084,0.3168,2.0618
fCMR_Philips_097,212,1.522,2.156,0.3642,0.5345,0.3974,1.8718
fCMR_Philips_070,212,2.8597,3.5704,0.3761,0.7195,0.3977,2.885
fCMR_Philips_068,212,1.6283,2.3276,0.2263,0.934,0.2362,2.4248
fCMR_Philips_117,213,2.2956,3.607,0.1139,1.2734,0.1549,3.8458
fCMR_Philips_002,213,2.3886,2.6433,0.1703,0.4856,0.1933,1.8499
fCMR_Philips_052,213,2.4403,3.6896,0.1237,0.944,0.16,3.0348
fCMR_Philips_123,213,1.2004,1.9889,0.1048,0.1746,0.1497,1.0578
fCMR_Philips_079,213,2.0632,1.8179,0.1539,0.6876,0.1999,2.6044
fCMR_Philips_041,213,1.5587,3.8826,0.0924,1.172,0.1422,3.321
fCMR_Philips_090,213,2.5586,2.6055,0.1077,1.069,0.1182,2.6148
fCMR_Philips_114,213,1.4432,2.914,0.1344,1.0599,0.1576,2.5736
fCMR_Philips_065,213,2.2571,2.7568,0.0658,1.493,0.1615,3.6414
fCMR_Philips_132,213,2.0456,2.081,0.2147,4.2639,0.2307,9.1526
fCMR_Philips_031,213,1.7431,2.4983,0.0764,0.7882,0.128,2.278
fCMR_Philips_104,213,0.6619,2.5947,0.1058,2.7397,0.1837,6.1993
fCMR_Philips_094,213,1.9145,3.2394,0.1506,0.6578,0.1736,2.0484
fCMR_Philips_136,213,2.0041,2.9573,0.0785,0.0459,0.138,0.6887
fCMR_Philips_087,213,3.1395,2.2192,0.3012,1.8581,0.3205,4.315
fCMR_Philips_003,213,2.8063,1.8206,0.1366,0.2475,0.1823,0.8716
fCMR_Philips_047,213,1.5384,1.9356,0.2307,3.0021,0.2671,6.8819
fCMR_Philips_057,213,2.852,2.1255,0.234,0.9852,0.2494,2.871
fCMR_Philips_097,213,2.1377,3.0416,0.3916,0.0668,0.4034,0.8413
fCMR_Philips_070,213,2.8571,3.2407,0.347,0.3707,0.3548,1.4056
fCMR_Philips_068,213,2.5237,1.594,0.2116,0.6482,0.2281,2.0986
fCMR_Philips_117,214,0.8469,2.5625,0.1322,0.7584,0.161,2.6221
fCMR_Philips_002,214,2.9381,3.15,0.1825,0.72,0.1908,2.2474
fCMR_Philips_052,214,1.8706,2.293,0.1755,0.8901,0.1993,2.443
fCMR_Philips_123,214,2.3422,2.1544,0.15,0.5045,0.1748,2.5891
fCMR_Philips_079,214,2.6593,2.0205,0.0893,0.4038,0.1378,1.7569
fCMR_Philips_041,214,2.4809,2.3995,0.084,0.2476,0.1206,0.9378
fCMR_Philips_090,214,1.8049,2.4427,0.1338,0.9509,0.1552,2.4057
fCMR_Philips_114,214,2.7257,1.9977,0.204,1.4272,0.2297,4.0968
fCMR_Philips_065,214,2.5759,3.2302,0.0163,0.6898,0.0722,1.6898
fCMR_Philips_132,214,2.5104,3.5676,0.187,4.1097,0.2024,8.9672
fCMR_Philips_031,214,0.7693,3.488,0.1148,0.9538,0.174,3.4732
fCMR_Philips_104,214,1.6143,1.8287,0.1176,1.5767,0.1597,3.7226
fCMR_Philips_094,214,2.3644,1.7191,0.1695,0.386,0.1897,1.9066
fCMR_Philips_136,214,2.9791,2.2181,0.152,0.1933,0.176,0.763
fCMR_Philips_087,214,1.6335,2.1654,0.3469,1.4138,0.3557,3.3733
fCMR_Philips_003,214,1.4912,1.0485,0.1646,0.1593,0.1903,0.7139
fCMR_Philips_047,214,2.072,2.4803,0.2638,2.0072,0.2814,5.67
fCMR_Philips_057,214,1.6793,1.2236,0.3121,0.8946,0.3184,2.131
fCMR_Philips_097,214,1.387,2.5787,0.3274,0.0276,0.3355,0.9184
fCMR_Philips_070,214,3.0468,2.2238,0.3901,1.4933,0.3991,3.7636
fCMR_Philips_068,214,2.6075,2.7802,0.197,0.3745,0.2191,1.2508
fCMR_Philips_117,215,2.8617,0.9937,0.172,1.3061,0.2258,3.7069
fCMR_Philips_002,215,2.4243,1.279,0.1785,1.5651,0.2046,3.5759
fCMR_Philips_052,215,2.4888,2.9123,0.1874,0.5921,0.2029,1.8113
fCMR_Philips_123,215,2.8153,3.0144,0.1069,0.1027,0.1255,1.229
fCMR_Philips_079,215,2.7556,3.2483,0.1228,0.2453,0.1328,1.4094
fCMR_Philips_041,215,2.2864,3.6769,0.043,0.1648,0.0817,0.9642
fCMR_Philips_090,215,2.5149,2.1772,0.1908,1.251,0.2114,3.681
fCMR_Philips_114,215,2.1525,3.4009,0.152,2.3842,0.2179,5.6621
fCMR_Philips_065,215,2.3866,2.2833,0.1109,1.0371,0.1397,2.647
fCMR_Philips_132,215,2.1042,3.0707,0.1875,4.2182,0.1945,8.9102
fCMR_Philips_031,215,2.8799,2.2684,0.087,0.8084,0.1214,2.7265
fCMR_Philips_104,215,2.706,3.4431,0.1967,1.9014,0.2291,4.9414
fCMR_Philips_094,215,3.0522,2.5285,0.1178,1.0224,0.1562,3.2463
fCMR_Philips_136,215,2.0749,3.1271,0.0485,0.0779,0.1308,0.4867
fCMR_Philips_087,215,1.7907,3.0482,0.3955,3.2112,0.3988,6.8788
fCMR_Philips_003,215,2.9691,3.5418,0.1747,0.7338,0.1901,2.2163
fCMR_Philips_047,215,2.7348,2.2895,0.3326,3.271,0.3532,7.9006
fCMR_Philips_057,215,1.6173,3.0601,0.345,0.4866,0.3571,1.3443
fCMR_Philips_097,215,2.747,2.9828,0.3427,0.2439,0.3564,1.2306
fCMR_Philips_070,215,0.7039,3.0603,0.439,1.1487,0.4478,3.571
fCMR_Philips_068,215,3.0233,2.3219,0.2112,1.2569,0.2311,3.0093
fCMR_Philips_117,216,0.9179,3.7734,0.0784,0.4446,0.1277,1.3995
fCMR_Philips_002,216,1.0771,0.7702,0.1576,0.5323,0.1876,1.7454
fCMR_Philips_052,216,2.0438,0.2948,0.1046,0.8293,0.1386,2.7397
fCMR_Philips_123,216,3.0629,2.1972,0.0635,0.7722,0.0832,3.4162
fCMR_Philips_079,216,2.5891,2.2607,0.1758,0.4273,0.1856,1.8057
fCMR_Philips_041,216,2.6245,2.0843,0.0403,0.4351,0.0875,1.7979
fCMR_Philips_090,216,2.1178,2.585,0.0815,1.014,0.1148,2.454
fCMR_Philips_114,216,3.0383,1.7754,0.1034,1.4347,0.1371,3.0855
fCMR_Philips_065,216,2.0529,2.06,0.1159,1.5729,0.1319,3.7778
fCMR_Philips_132,216,2.8306,2.9194,0.1576,3.7628,0.1672,8.2372
fCMR_Philips_031,216,1.9246,2.7767,0.0804,0.6036,0.107,1.9573
fCMR_Philips_104,216,2.6192,2.4186,0.1984,3.3673,0.2788,7.086
fCMR_Philips_094,216,2.2876,1.7458,0.183,0.7015,0.2054,2.747
fCMR_Philips_136,216,1.1036,1.9744,0.0792,0.1789,0.1254,0.8424
fCMR_Philips_087,216,1.8051,2.4331,0.3574,1.7686,0.3722,4.1306
fCMR_Philips_003,216,3.0954,1.8672,0.1726,0.0971,0.1804,0.4152
fCMR_Philips_047,216,2.1771,2.3807,0.2678,3.0146,0.2959,7.5557
fCMR_Philips_057,216,3.0718,3.6398,0.3657,0.8185,0.3709,2.2416
fCMR_Philips_097,216,3.0352,2.1886,0.2781,0.3051,0.2903,1.1926
fCMR_Philips_070,216,1.9944,2.3344,0.3188,1.0997,0.3324,2.876
fCMR_Philips_068,216,1.7368,2.0146,0.2716,0.627,0.2843,1.664
fCMR_Philips_117,217,1.281,1.1095,0.1766,0.4762,0.1911,1.6125
fCMR_Philips_002,217,1.993,1.3902,0.1377,1.0271,0.1509,2.6914
fCMR_Philips_052,217,2.3887,1.0981,0.1245,0.6118,0.1429,2.3299
fCMR_Philips_123,217,2.9415,2.6581,0.0696,0.1552,0.1275,0.9375
fCMR_Philips_079,217,2.2477,2.3144,0.1255,0.8535,0.1579,2.3906
fCMR_Philips_041,217,2.2166,1.9315,0.0435,0.3694,0.0952,1.3781
fCMR_Philips_090,217,1.8467,2.3965,0.1454,0.9405,0.1563,2.3594
fCMR_Philips_114,217,2.3015,0.903,0.1797,1.4147,0.1885,3.2873
fCMR_Philips_065,217,2.933,2.5242,0.1244,1.2751,0.1438,3.0962
fCMR_Philips_132,217,2.7129,0.8282,0.1701,4.3793,0.1897,9.0149
fCMR_Philips_031,217,2.9742,3.0643,0.1216,1.0996,0.1494,3.2647
fCMR_Philips_104,217,1.4135,2.2288,0.0974,1.2745,0.14,3.0456
fCMR_Philips_094,217,2.0431,2.4808,0.0674,0.1296,0.1012,1.1625
fCMR_Philips_136,217,1.9863,1.2798,0.0571,0.1108,0.1168,0.9744
fCMR_Philips_087,217,2.2544,2.6567,0.3993,2.8279,0.4191,6.1016
fCMR_Philips_003,217,1.4022,1.3404,0.1621,0.6005,0.1807,1.8684
fCMR_Philips_047,217,2.9907,2.0363,0.2641,0.5317,0.2721,2.1984
fCMR_Philips_057,217,2.6254,2.7381,0.1771,1.3289,0.2059,3.6138
fCMR_Philips_097,217,2.6271,2.3802,0.3177,0.0529,0.3313,1.0754
fCMR_Philips_070,217,2.4099,0.6851,0.5251,1.3202,0.5282,3.381
fCMR_Philips_068,217,2.1364,1.5161,0.2226,0.7645,0.2321,1.9724
fCMR_Philips_117,218,1.973,2.4442,0.1388,0.749,0.1719,1.925
fCMR_Philips_002,218,0.6327,1.8312,0.2348,0.7571,0.2643,2.6083
fCMR_Philips_052,218,2.4538,2.09,0.201,0.4743,0.2256,1.3788
fCMR_Philips_123,218,3.0445,1.0744,0.115,0.7779,0.1308,2.003
fCMR_Philips_079,218,2.9926,2.9952,0.0782,0.2352,0.1129,1.5868
fCMR_Philips_041,218,1.1697,1.754,0.0287,0.4167,0.0919,1.2942
fCMR_Philips_090,218,1.2857,1.9629,0.1706,0.4419,0.1951,1.3702
fCMR_Philips_114,218,1.0012,3.3956,0.1371,1.6987,0.1627,4.3021
fCMR_Philips_065,218,1.5126,1.5428,0.1535,1.2609,0.1675,3.2164
fCMR_Philips_132,218,2.1274,2.537,0.3055,4.1045,0.3091,8.5667
fCMR_Philips_031,218,1.95,4.2038,0.1222,0.6053,0.1512,1.822
fCMR_Philips_104,218,1.674,2.855,0.0709,1.4798,0.1286,3.9146
fCMR_Philips_094,218,1.9018,2.3709,0.1449,0.7692,0.1568,2.2552
fCMR_Philips_136,218,2.0,2.5138,0.0227,0.6917,0.118,2.0478
fCMR_Philips_087,218,2.9529,0.522,0.3477,3.284,0.3501,7.183
fCMR_Philips_003,218,2.9258,1.7582,0.1331,0.0228,0.1699,0.7892
fCMR_Philips_047,218,1.5361,2.7701,0.2566,1.4703,0.2919,4.1513
fCMR_Philips_057,218,2.2659,2.1028,0.1902,1.4397,0.2024,3.3276
fCMR_Philips_097,218,2.1487,1.664,0.3192,0.4017,0.3484,1.4938
fCMR_Philips_070,218,2.6344,1.8846,0.3439,0.5696,0.3467,1.7414
fCMR_Philips_068,218,3.0563,2.9325,0.3122,0.7069,0.3221,1.9704
fCMR_Philips_117,219,2.9011,3.0436,0.1426,2.3338,0.1836,5.5305
fCMR_Philips_002,219,2.3719,2.2944,0.2103,1.2287,0.2314,3.6351
fCMR_Philips_052,219,2.519,2.1708,0.1864,0.3905,0.2076,1.4883
fCMR_Philips_123,219,3.0364,2.5689,0.0845,0.2774,0.135,1.2902
fCMR_Philips_079,219,2.917,2.7059,0.1789,0.3504,0.2012,1.5731
fCMR_Philips_041,219,1.6049,3.319,0.0969,1.3584,0.1295,3.7027
fCMR_Philips_090,219,1.0966,2.5216,0.1028,0.4016,0.1306,1.1684
fCMR_Philips_114,219,3.0476,2.6843,0.1397,1.2088,0.1641,3.0315
fCMR_Philips_065,219,2.1238,2.3001,0.0269,1.1563,0.0817,3.145
fCMR_Philips_132,219,2.5726,1.0028,0.226,6.5586,0.2399,13.8319
fCMR_Philips_031,219,1.5564,2.8021,0.0934,0.6103,0.1218,1.7395
fCMR_Philips_104,219,1.8782,2.7465,0.078,1.0655,0.1084,2.867
fCMR_Philips_094,219,1.8497,1.518,0.1591,0.5848,0.2062,2.5451
fCMR_Philips_136,219,2.7294,1.7628,0.2238,0.4154,0.2358,1.3149
fCMR_Philips_087,219,2.4445,3.6464,0.3587,0.7178,0.368,2.0641
fCMR_Philips_003,219,0.9709,1.2411,0.1397,0.1383,0.162,0.6272
fCMR_Philips_047,219,2.9442,2.7701,0.1856,1.4106,0.2292,3.9447
fCMR_Philips_057,219,1.3105,2.9058,0.2268,0.6351,0.2324,1.5
fCMR_Philips_097,219,2.3883,3.0298,0.3068,0.0998,0.321,0.887
fCMR_Philips_070,219,2.9437,3.866,0.4786,0.711,0.4897,1.9241
fCMR_Philips_068,219,2.0227,1.456,0.2106,0.6551,0.2425,1.985
fCMR_Philips_117,220,2.0573,1.1309,0.1066,0.8607,0.1225,2.3046
fCMR_Philips_002,220,1.7784,1.7062,0.1611,0.6945,0.1784,2.2444
fCMR_Philips_052,220,2.842,2.2781,0.1688,0.181,0.1935,1.3334
fCMR_Philips_123,220,2.9719,1.5957,0.1132,0.3757,0.1626,1.5319
fCMR_Philips_079,220,1.788,2.057,0.0938,0.7502,0.1501,2.3783
fCMR_Philips_041,220,2.9522,1.0753,0.0283,0.4114,0.0586,1.5752
fCMR_Philips_090,220,0.4704,2.2453,0.1526,0.5269,0.1798,1.3996
fCMR_Philips_114,220,0.3365,3.2149,0.1669,1.481,0.1986,3.3592
fCMR_Philips_065,220,3.0792,1.8596,0.1458,1.2849,0.1715,3.4831
fCMR_Philips_132,220,0.4525,2.3199,0.2925,4.2068,0.297,8.8764
fCMR_Philips_031,220,2.6976,3.1896,0.1584,1.1276,0.1814,2.508
fCMR_Philips_104,220,1.7667,2.7408,0.0932,1.2775,0.1728,3.1814
fCMR_Philips_094,220,0.9485,1.609,0.1586,0.8039,0.1692,2.7697
fCMR_Philips_136,220,1.5389,4.0312,0.0261,0.2067,0.0917,0.8179
fCMR_Philips_087,220,1.8821,2.3549,0.3751,2.6315,0.3814,5.82
fCMR_Philips_003,220,2.8648,2.4932,0.1526,0.0871,0.1854,0.5919
fCMR_Philips_047,220,2.233,1.8108,0.3432,5.8302,0.3595,12.6511
fCMR_Philips_057,220,1.9366,2.0935,0.2502,0.7275,0.2571,2.039
fCMR_Philips_097,220,2.3503,3.1675,0.4506,0.1627,0.4766,0.6264
fCMR_Philips_070,220,1.1072,2.3472,0.3373,0.4188,0.3494,2.087
fCMR_Philips_068,220,2.1617,1.5369,0.2149,0.6776,0.2222,2.5958
fCMR_Philips_117,221,3.0877,0.9875,0.161,0.7354,0.181,1.9756
fCMR_Philips_002,221,2.8542,2.6255,0.193,0.2053,0.2249,1.2814
fCMR_Philips_052,221,2.872,2.5215,0.133,0.79,0.1564,2.1477
fCMR_Philips_123,221,2.9317,1.9797,0.0896,0.7354,0.1076,2.342
fCMR_Philips_079,221,2.7868,1.8707,0.1172,1.0487,0.1408,3.0444
fCMR_Philips_041,221,2.9536,2.1118,0.0296,0.1998,0.075,0.635
fCMR_Philips_090,221,3.139,0.624,0.0909,1.0725,0.1145,2.4402
fCMR_Philips_114,221,1.4203,1.4339,0.1972,1.4388,0.2129,3.4212
fCMR_Philips_065,221,2.0472,2.2103,0.0661,1.0262,0.1393,2.7412
fCMR_Philips_132,221,2.469,2.6459,0.1208,3.1492,0.1251,7.1826
fCMR_Philips_031,221,3.1194,0.9452,0.0686,1.6076,0.1578,3.9333
fCMR_Philips_104,221,3.1221,2.0613,0.0792,1.9924,0.1259,5.0851
fCMR_Philips_094,221,2.9485,2.7325,0.1295,0.5035,0.1645,1.4526
fCMR_Philips_136,221,3.0442,2.7288,0.1661,0.4031,0.1908,1.105
fCMR_Philips_087,221,2.6271,2.3547,0.3379,2.3117,0.3529,5.1918
fCMR_Philips_003,221,2.3749,1.912,0.1738,1.193,0.1879,2.8686
fCMR_Philips_047,221,0.69,2.3886,0.2336,2.0696,0.2563,5.2491
fCMR_Philips_057,221,1.6803,1.042,0.2,1.2097,0.2096,2.8813
fCMR_Philips_097,221,1.0153,1.0348,0.3974,0.3368,0.4078,1.1829
fCMR_Philips_070,221,1.7176,3.1811,0.4622,1.1587,0.48,3.1124
fCMR_Philips_068,221,1.1315,2.7317,0.3094,0.4264,0.3144,1.2696
fCMR_Philips_117,222,2.8371,2.8148,0.1308,0.989,0.1567,2.2978
fCMR_Philips_002,222,2.424,2.0001,0.2617,0.2676,0.2819,1.294
fCMR_Philips_052,222,2.871,2.5912,0.148,0.1451,0.1632,0.7362
fCMR_Philips_123,222,2.576,2.4266,0.1383,0.726,0.1667,2.4041
fCMR_Philips_079,222,2.1144,2.7895,0.2158,1.1203,0.2306,3.2712
fCMR_Philips_041,222,2.1176,2.4762,0.118,0.1814,0.1533,1.1144
fCMR_Philips_090,222,2.1129,2.6063,0.1079,0.3061,0.1365,1.5241
fCMR_Philips_114,222,1.476,2.0797,0.201,1.9661,0.2196,4.5351
fCMR_Philips_065,222,1.4261,3.1353,0.1068,1.0843,0.1506,2.7066
fCMR_Philips_132,222,2.6582,2.2824,0.1935,4.4426,0.2217,9.5625
fCMR_Philips_031,222,0.831,1.1128,0.0804,0.9351,0.1047,2.7361
fCMR_Philips_104,222,1.6714,2.4276,0.063,1.9923,0.112,4.6663
fCMR_Philips_094,222,1.7978,2.0805,0.1201,0.2212,0.1308,1.6896
fCMR_Philips_136,222,3.1244,3.3354,0.1455,0.0528,0.1751,0.4732
fCMR_Philips_087,222,1.8889,3.2099,0.328,1.3579,0.3328,4.3445
fCMR_Philips_003,222,2.7494,3.3584,0.1993,0.1465,0.2187,1.2181
fCMR_Philips_047,222,3.0953,2.3187,0.2449,3.6355,0.2779,9.7149
fCMR_Philips_057,222,2.2043,2.1,0.2722,1.8073,0.2855,4.2422
fCMR_Philips_097,222,1.8814,1.4617,0.3479,0.8196,0.3709,2.8524
fCMR_Philips_070,222,2.0078,2.3231,0.4522,0.8836,0.4592,2.3894
fCMR_Philips_068,222,3.0978,2.983,0.2363,0.7289,0.2451,1.982
fCMR_Philips_117,223,2.7563,2.1588,0.1692,0.7991,0.1793,2.5055
fCMR_Philips_002,223,0.966,2.6853,0.1336,0.9264,0.1389,2.6043
fCMR_Philips_052,223,0.9885,2.1782,0.0848,0.6843,0.1205,2.0253
fCMR_Philips_123,223,3.0938,1.7424,0.115,0.2978,0.1672,1.1345
fCMR_Philips_079,223,2.4246,1.6944,0.0393,0.4293,0.1317,2.6601
fCMR_Philips_041,223,2.2407,1.9427,0.029,0.242,0.0948,1.5357
fCMR_Philips_090,223,1.1189,2.5338,0.1162,0.3678,0.135,1.8596
fCMR_Philips_114,223,2.1124,2.4374,0.1147,0.9857,0.156,2.908
fCMR_Philips_065,223,2.0944,2.7441,0.0755,1.5869,0.1464,3.8378
fCMR_Philips_132,223,2.4389,2.7127,0.2561,2.9812,0.2675,6.9014
fCMR_Philips_031,223,2.2169,2.4739,0.0856,0.1992,0.1087,1.0458
fCMR_Philips_104,223,2.4514,3.0388,0.126,1.3512,0.1714,3.53
fCMR_Philips_094,223,1.3461,1.9919,0.1176,1.2642,0.1624,3.0564
fCMR_Philips_136,223,2.0035,3.0017,0.0892,0.2295,0.1145,1.6988
fCMR_Philips_087,223,3.0453,3.1689,0.3621,2.0136,0.3744,4.5073
fCMR_Philips_003,223,1.8184,2.9099,0.1741,0.0692,0.184,0.5458
fCMR_Philips_047,223,3.1222,1.1313,0.2456,1.5669,0.2876,4.435
fCMR_Philips_057,223,2.8639,2.2692,0.3088,0.9709,0.3125,2.5336
fCMR_Philips_097,223,1.2203,0.753,0.3495,0.2869,0.3654,2.0033
fCMR_Philips_070,223,0.4641,2.9285,0.3125,0.8657,0.3224,2.8717
fCMR_Philips_068,223,2.4433,2.5129,0.2931,1.191,0.3233,2.9183
fCMR_Philips_117,224,2.9523,2.1894,0.2104,0.553,0.2295,1.8028
fCMR_Philips_002,224,2.8846,3.1468,0.1421,1.5237,0.1796,3.3676
fCMR_Philips_052,224,1.4829,3.4365,0.1388,0.4536,0.1695,1.8506
fCMR_Philips_123,224,2.3611,2.3561,0.1947,0.045,0.2103,0.5208
fCMR_Philips_079,224,2.1261,2.3764,0.0565,0.9492,0.0903,2.6999
fCMR_Philips_041,224,2.5177,2.9954,0.0828,0.1702,0.1127,1.1874
fCMR_Philips_090,224,1.152,2.3324,0.0993,0.3097,0.1539,1.5198
fCMR_Philips_114,224,2.6116,2.4267,0.2636,0.6721,0.2656,1.7172
fCMR_Philips_065,224,2.4,3.2511,0.1189,2.2827,0.1715,5.2512
fCMR_Philips_132,224,2.1295,2.631,0.2577,3.4543,0.279,7.5706
fCMR_Philips_031,224,2.8941,3.3544,0.1046,1.1713,0.1624,3.0195
fCMR_Philips_104,224,1.8132,1.4478,0.1872,1.5429,0.2159,3.5908
fCMR_Philips_094,224,1.1094,2.405,0.0483,1.057,0.0662,2.7229
fCMR_Philips_136,224,1.1959,1.8133,0.0196,0.0976,0.0903,0.5934
fCMR_Philips_087,224,2.6424,2.3164,0.4236,1.1035,0.4285,2.8678
fCMR_Philips_003,224,3.0682,3.0671,0.1965,0.4954,0.2289,1.5197
fCMR_Philips_047,224,2.3655,1.8466,0.2016,1.5901,0.231,3.6429
fCMR_Philips_057,224,1.9445,2.9275,0.2582,1.0448,0.2684,2.5015
fCMR_Philips_097,224,2.66,2.4311,0.3078,0.3965,0.3281,1.0561
fCMR_Philips_070,224,2.0928,2.1015,0.3376,0.451,0.3405,1.4431
fCMR_Philips_068,224,1.0597,3.0921,0.2939,0.7615,0.309,1.7696
fCMR_Philips_117,225,2.771,2.1183,0.2133,0.7425,0.2406,1.8307
fCMR_Philips_002,225,2.4818,1.685,0.1714,0.5141,0.1862,2.1207
fCMR_Philips_052,225,2.9786,2.0719,0.1438,0.971,0.1597,2.7937
fCMR_Philips_123,225,2.1055,2.5088,0.1121,0.5494,0.1492,2.4966
fCMR_Philips_079,225,1.8724,1.784,0.0975,0.9147,0.1341,2.7374
fCMR_Philips_041,225,2.3523,1.5761,0.0892,0.256,0.1256,1.648
fCMR_Philips_090,225,1.8362,2.9187,0.1227,1.519,0.1647,3.5403
fCMR_Philips_114,225,2.9244,1.1765,0.0501,2.7796,0.1366,6.0178
fCMR_Philips_065,225,1.5753,3.6419,0.1304,2.2595,0.1712,5.0753
fCMR_Philips_132,225,1.3917,2.4436,0.2116,4.1398,0.2167,8.8176
fCMR_Philips_031,225,2.349,2.2925,0.1328,0.9684,0.1977,3.0756
fCMR_Philips_104,225,2.5083,2.7126,0.086,1.2855,0.1558,3.8722
fCMR_Philips_094,225,2.1982,1.6467,0.0528,0.3685,0.0945,1.5148
fCMR_Philips_136,225,0.8862,2.5323,0.0135,0.3515,0.0893,1.1535
fCMR_Philips_087,225,2.6051,2.5132,0.3429,1.5518,0.3544,3.8392
fCMR_Philips_003,225,2.6595,0.9321,0.1602,0.2184,0.1739,1.0756
fCMR_Philips_047,225,1.1146,2.6829,0.3297,4.2187,0.3362,9.3078
fCMR_Philips_057,225,3.0123,3.1915,0.2859,1.0502,0.2974,2.2123
fCMR_Philips_097,225,2.0854,2.9935,0.2935,0.6897,0.3177,2.1778
fCMR_Philips_070,225,0.8146,2.2148,0.4458,0.5779,0.4603,1.4581
fCMR_Philips_068,225,2.4247,2.4157,0.2322,0.448,0.2461,1.5006
fCMR_Philips_117,226,2.1805,2.629,0.0982,1.0063,0.1546,3.0373
fCMR_Philips_002,226,3.0581,1.8919,0.233,1.7755,0.2355,4.2095
fCMR_Philips_052,226,3.1342,2.3489,0.0957,0.7341,0.1402,2.49
fCMR_Philips_123,226,2.2999,2.3911,0.0932,0.7067,0.1038,2.003
fCMR_Philips_079,226,1.994,2.2844,0.1188,0.4854,0.148,1.8683
fCMR_Philips_041,226,2.6937,3.3144,0.0434,0.3028,0.0829,1.2103
fCMR_Philips_090,226,2.3216,3.7031,0.1022,0.6473,0.1334,1.8891
fCMR_Philips_114,226,2.7892,2.3874,0.207,1.2413,0.2327,2.988
fCMR_Philips_065,226,1.1679,1.8941,0.0672,1.1918,0.109,3.4182
fCMR_Philips_132,226,2.4864,2.5052,0.2667,5.6668,0.2748,11.8562
fCMR_Philips_031,226,1.3912,3.2068,0.1028,1.5124,0.2019,3.7105
fCMR_Philips_104,226,2.461,2.4495,0.0965,1.848,0.149,4.21
fCMR_Philips_094,226,2.5371,3.3674,0.1353,1.9894,0.1499,4.7682
fCMR_Philips_136,226,1.2549,2.7707,0.0774,0.061,0.1323,0.8715
fCMR_Philips_087,226,3.0014,0.3174,0.3993,1.6886,0.404,3.985
fCMR_Philips_003,226,2.5166,3.7596,0.1631,0.5996,0.1761,1.5514
fCMR_Philips_047,226,1.4919,2.1734,0.2718,2.7324,0.3087,7.6276
fCMR_Philips_057,226,2.9288,2.423,0.2162,0.8087,0.2311,2.112
fCMR_Philips_097,226,2.3438,2.8447,0.2061,0.7142,0.2424,2.401
fCMR_Philips_070,226,2.0047,3.0471,0.3292,1.0903,0.3422,2.59
fCMR_Philips_068,226,1.6527,2.8129,0.3106,0.9386,0.3201,2.9649
fCMR_Philips_117,227,2.8571,2.8876,0.1149,0.8677,0.1889,3.0177
fCMR_Philips_002,227,2.6969,2.6472,0.151,1.1443,0.1632,2.7346
fCMR_Philips_052,227,2.679,2.0087,0.1944,0.6269,0.2175,1.946
fCMR_Philips_123,227,1.5753,1.4387,0.1187,0.4258,0.1491,1.3992
fCMR_Philips_079,227,2.4528,2.6812,0.0952,0.3615,0.1254,1.6566
fCMR_Philips_041,227,2.6485,2.3228,0.0793,0.7837,0.1099,3.7799
fCMR_Philips_090,227,2.8143,3.3419,0.0968,0.8572,0.1448,2.1589
fCMR_Philips_114,227,2.465,2.773,0.1372,0.8882,0.1636,2.5376
fCMR_Philips_065,227,1.2533,1.4672,0.0619,1.7097,0.1047,3.8524
fCMR_Philips_132,227,2.6436,2.8021,0.2187,2.6963,0.2309,5.9001
fCMR_Philips_031,227,1.8799,0.4919,0.0973,0.9112,0.1597,2.5073
fCMR_Philips_104,227,2.9926,1.1549,0.092,1.5566,0.1461,3.5052
fCMR_Philips_094,227,2.7939,2.4301,0.1714,0.0803,0.1977,1.2547
fCMR_Philips_136,227,2.4511,2.2833,0.0664,0.1689,0.102,0.7246
fCMR_Philips_087,227,2.1859,2.6813,0.3015,2.1445,0.3103,5.0658
fCMR_Philips_003,227,2.2767,2.0654,0.1942,0.2931,0.2574,0.8505
fCMR_Philips_047,227,1.0835,1.0256,0.2289,2.4905,0.2841,6.2497
fCMR_Philips_057,227,2.6398,2.9219,0.1903,2.4713,0.2024,5.6272
fCMR_Philips_097,227,1.455,1.7314,0.4234,0.1418,0.4461,1.0151
fCMR_Philips_070,227,2.6936,3.4816,0.312,1.1214,0.3296,2.804
fCMR_Philips_068,227,1.4019,1.3481,0.2688,0.205,0.2798,1.4693
fCMR_Philips_117,228,1.8763,2.3584,0.1653,1.1201,0.196,2.9386
fCMR_Philips_002,228,2.0052,0.627,0.1633,1.6801,0.1864,4.0066
fCMR_Philips_052,228,2.291,1.7373,0.1904,0.3093,0.1941,1.7873
fCMR_Philips_123,228,2.6023,2.1691,0.1666,0.1606,0.1877,0.8693
fCMR_Philips_079,228,1.9347,2.3396,0.1246,0.0462,0.1556,1.2248
fCMR_Philips_041,228,2.4796,1.048,0.0363,0.5501,0.1117,2.0964
fCMR_Philips_090,228,2.5085,1.7736,0.118,0.9126,0.1443,2.3821
fCMR_Philips_114,228,2.4549,2.0165,0.1305,2.105,0.1551,4.7581
fCMR_Philips_065,228,2.8894,2.5913,0.1706,2.4217,0.1943,5.8454
fCMR_Philips_132,228,1.9909,1.4165,0.2192,4.517,0.2374,9.5422
fCMR_Philips_031,228,1.436,2.4829,0.0492,1.608,0.1173,3.6335
fCMR_Philips_104,228,2.5229,2.4681,0.211,1.245,0.2218,2.8793
fCMR_Philips_094,228,2.528,2.3328,0.0909,0.4453,0.1711,1.6827
fCMR_Philips_136,228,1.7848,3.1388,0.0484,0.1463,0.0975,0.7408
fCMR_Philips_087,228,2.3345,1.0181,0.3986,1.6551,0.404,4.3447
fCMR_Philips_003,228,2.7975,3.4486,0.089,0.6252,0.1118,1.5526
fCMR_Philips_047,228,2.0024,2.4933,0.3683,6.9692,0.3853,15.3881
fCMR_Philips_057,228,2.962,1.4475,0.2203,0.7692,0.2384,1.7688
fCMR_Philips_097,228,3.0562,1.0918,0.3356,0.1111,0.3569,1.0131
fCMR_Philips_070,228,2.5755,0.6375,0.3779,0.8876,0.4022,2.8587
fCMR_Philips_068,228,2.07,3.0783,0.2408,0.5707,0.2469,2.0884
fCMR_Philips_117,229,1.2864,3.6397,0.1267,1.4236,0.1735,3.3838
fCMR_Philips_002,229,2.2458,2.1982,0.1421,0.4627,0.1608,1.7001
fCMR_Philips_052,229,2.3959,1.1884,0.0885,0.8913,0.1061,2.2477
fCMR_Philips_123,229,3.0516,2.9783,0.1346,0.3416,0.1627,1.2716
fCMR_Philips_079,229,2.451,2.5748,0.147,0.0786,0.1525,0.6872
fCMR_Philips_041,229,0.8935,2.6842,0.0756,0.469,0.1029,1.1994
fCMR_Philips_090,229,0.9411,2.2983,0.0931,0.7859,0.1625,2.3706
fCMR_Philips_114,229,0.9942,3.2213,0.1256,0.9775,0.1732,2.8476
fCMR_Philips_065,229,2.9612,3.2933,0.0644,0.4729,0.1408,1.972
fCMR_Philips_132,229,1.6798,1.9295,0.1788,2.99,0.2119,6.3274
fCMR_Philips_031,229,2.7053,1.0628,0.0973,0.5854,0.1266,1.5312
fCMR_Philips_104,229,2.8804,2.023,0.1315,1.4116,0.1773,3.4555
fCMR_Philips_094,229,2.9822,2.5859,0.1009,0.4548,0.1351,1.199
fCMR_Philips_136,229,2.5214,2.19,0.0574,0.2026,0.1288,1.0177
fCMR_Philips_087,229,3.0127,2.2281,0.3941,2.1583,0.4094,4.9528
fCMR_Philips_003,229,2.4161,2.409,0.176,0.3747,0.1906,1.5797
fCMR_Philips_047,229,2.3117,2.1762,0.2631,2.108,0.2905,4.8118
fCMR_Philips_057,229,3.1166,2.0801,0.2512,1.9644,0.2588,4.2322
fCMR_Philips_097,229,3.038,2.7096,0.2919,0.2631,0.3011,0.956
fCMR_Philips_070,229,3.0865,2.1348,0.3145,0.823,0.3266,2.1841
fCMR_Philips_068,229,2.8942,2.4908,0.2254,0.3765,0.2372,1.3904
fCMR_Philips_117,230,2.8122,1.8873,0.1012,0.5891,0.1595,1.5816
fCMR_Philips_002,230,1.9648,1.4919,0.1991,0.9057,0.2153,2.4751
fCMR_Philips_052,230,2.0466,1.879,0.1058,0.9776,0.1397,2.582
fCMR_Philips_123,230,2.4384,2.8209,0.0919,0.15,0.1346,1.0979
fCMR_Philips_079,230,2.2757,2.8944,0.1581,0.3208,0.1878,2.1107
fCMR_Philips_041,230,1.6222,2.7617,0.0373,0.0576,0.0846,0.7043
fCMR_Philips_090,230,2.7926,3.198,0.1586,1.0271,0.1877,2.7389
fCMR_Philips_114,230,1.0726,3.3777,0.1622,1.2451,0.1879,3.1796
fCMR_Philips_065,230,1.9026,2.2227,0.0517,0.8364,0.132,2.3642
fCMR_Philips_132,230,1.1277,2.9742,0.2677,4.4886,0.2716,9.7212
fCMR_Philips_031,230,2.9975,2.8372,0.0922,0.6251,0.1389,1.7445
fCMR_Philips_104,230,2.8215,2.3056,0.2118,1.0727,0.2376,2.9366
fCMR_Philips_094,230,2.005,3.1353,0.0759,0.8153,0.1045,2.3385
fCMR_Philips_136,230,2.0891,2.13,0.0973,0.5395,0.1667,1.3981
fCMR_Philips_087,230,2.666,1.2325,0.391,1.0878,0.398,3.2128
fCMR_Philips_003,230,2.6459,1.6451,0.2177,0.3241,0.2269,0.7997
fCMR_Philips_047,230,2.4443,1.7673,0.217,0.423,0.2341,1.5407
fCMR_Philips_057,230,3.0796,2.724,0.2178,1.3848,0.2339,3.1147
fCMR_Philips_097,230,2.825,2.3684,0.4281,0.6644,0.4448,2.0335
fCMR_Philips_070,230,2.9552,1.4732,0.3907,0.7147,0.3953,2.2727
fCMR_Philips_068,230,1.9137,2.7476,0.3182,0.8357,0.3265,2.5882
fCMR_Philips_117,231,2.842,3.0649,0.1592,1.5822,0.1921,3.5668
fCMR_Philips_002,231,2.4482,2.5761,0.1994,1.3999,0.2189,3.4178
fCMR_Philips_052,231,1.8676,2.0723,0.0838,0.1576,0.0991,1.3184
fCMR_Philips_123,231,2.537,1.5574,0.158,0.0947,0.1844,0.7962
fCMR_Philips_079,231,1.6605,2.3141,0.0619,0.17,0.0976,1.4974
fCMR_Philips_041,231,1.9283,3.387,0.1173,0.5794,0.1499,2.0836
fCMR_Philips_090,231,2.0303,3.1704,0.0495,0.2259,0.0931,0.8697
fCMR_Philips_114,231,1.8324,2.1855,0.0933,2.0614,0.1168,4.3956
fCMR_Philips_065,231,2.1166,2.3113,0.0579,0.4984,0.1194,1.6146
fCMR_Philips_132,231,2.2275,2.7338,0.2403,3.4325,0.2492,7.4021
fCMR_Philips_031,231,2.3358,1.5133,0.1004,0.7937,0.1477,2.8689
fCMR_Philips_104,231,2.4129,3.6451,0.0465,1.5285,0.1293,3.8637
fCMR_Philips_094,231,2.7636,2.6673,0.1511,0.5057,0.1749,1.4112
fCMR_Philips_136,231,1.6201,3.997,0.0779,0.155,0.1086,0.9362
fCMR_Philips_087,231,2.9425,3.2305,0.3589,0.9385,0.3683,2.5218
fCMR_Philips_003,231,3.0452,2.1607,0.2488,0.5335,0.2632,1.3491
fCMR_Philips_047,231,2.446,2.202,0.2815,2.122,0.3059,5.0759
fCMR_Philips_057,231,2.8991,2.1337,0.2632,1.1052,0.2694,3.0389
fCMR_Philips_097,231,2.5295,2.0322,0.2791,0.1615,0.2919,0.8056
fCMR_Philips_070,231,2.1334,3.4981,0.3595,0.7458,0.3691,1.844
fCMR_Philips_068,231,1.2744,1.6219,0.275,0.3952,0.2796,1.596
fCMR_Philips_117,232,1.4017,2.3525,0.0546,0.5266,0.1011,1.687
fCMR_Philips_002,232,1.0649,1.8338,0.1541,0.8628,0.1907,2.5271
fCMR_Philips_052,232,2.7537,2.6023,0.205,0.5345,0.2191,1.6891
fCMR_Philips_123,232,3.0347,2.7427,0.065,0.8615,0.1199,2.576
fCMR_Philips_079,232,2.6657,2.3537,0.1518,0.348,0.1692,1.3611
fCMR_Philips_041,232,1.7487,3.0716,0.0805,0.5722,0.0934,1.9721
fCMR_Philips_090,232,2.2193,3.403,0.175,0.9205,0.212,2.8892
fCMR_Philips_114,232,1.2153,2.6027,0.1143,1.4637,0.1269,3.3194
fCMR_Philips_065,232,2.8724,1.5953,0.1912,2.2003,0.1947,5.2164
fCMR_Philips_132,232,1.3994,2.6647,0.2178,4.4633,0.2189,9.4191
fCMR_Philips_031,232,2.8778,1.6014,0.0945,0.9616,0.1253,2.5885
fCMR_Philips_104,232,3.0513,2.5076,0.174,1.554,0.1898,3.7132
fCMR_Philips_094,232,2.7085,2.1831,0.2096,1.3461,0.2238,3.821
fCMR_Philips_136,232,2.9994,1.6127,0.1115,0.3187,0.1384,0.9466
fCMR_Philips_087,232,1.2446,1.2018,0.4158,1.6495,0.4198,3.8812
fCMR_Philips_003,232,2.0777,1.3888,0.2835,0.6716,0.2935,2.1175
fCMR_Philips_047,232,2.1144,2.7819,0.2643,1.1017,0.2871,4.8502
fCMR_Philips_057,232,1.9492,2.2724,0.2846,0.7112,0.2889,1.9117
fCMR_Philips_097,232,1.6455,2.286,0.3976,0.5727,0.4192,1.698
fCMR_Philips_070,232,2.8705,3.2142,0.3313,1.492,0.3438,3.3099
fCMR_Philips_068,232,2.6458,1.7705,0.2949,0.3697,0.3011,1.6911
fCMR_Philips_117,233,2.6756,0.8511,0.1378,0.5977,0.1538,1.4388
fCMR_Philips_002,233,2.6685,1.9602,0.2058,1.3605,0.2151,3.2521
fCMR_Philips_052,233,2.7264,3.3369,0.1925,0.6018,0.2034,2.1762
fCMR_Philips_123,233,2.72,2.3146,0.0636,0.4324,0.1272,1.3168
fCMR_Philips_079,233,2.2998,2.2561,0.1091,1.1688,0.153,2.9538
fCMR_Philips_041,233,1.8462,2.6524,0.0422,0.4926,0.0877,1.3862
fCMR_Philips_090,233,2.7664,2.1233,0.1631,0.3823,0.1763,1.1878
fCMR_Philips_114,233,1.2229,1.7215,0.0972,1.9122,0.142,4.3848
fCMR_Philips_065,233,1.4047,2.668,0.1096,3.0932,0.145,7.1097
fCMR_Philips_132,233,3.0578,1.0307,0.1057,3.2348,0.1219,7.0293
fCMR_Philips_031,233,2.4011,0.7554,0.1086,0.8185,0.1425,2.319
fCMR_Philips_104,233,0.9102,1.5828,0.0909,1.7007,0.1247,4.2727
fCMR_Philips_094,233,3.064,2.9926,0.1578,0.9311,0.1618,2.6352
fCMR_Philips_136,233,2.8226,2.9171,0.1042,0.0863,0.1219,0.6936
fCMR_Philips_087,233,2.3539,2.4392,0.3662,2.6231,0.3743,6.1874
fCMR_Philips_003,233,3.0915,2.2893,0.1421,0.7394,0.1906,2.2551
fCMR_Philips_047,233,1.1577,2.6787,0.2417,0.9805,0.2672,3.9396
fCMR_Philips_057,233,1.1466,1.3216,0.2841,0.7323,0.2858,2.3024
fCMR_Philips_097,233,2.6486,1.5448,0.3236,0.3517,0.335,1.416
fCMR_Philips_070,233,3.0159,3.6193,0.4809,1.1313,0.4864,2.978
fCMR_Philips_068,233,2.3412,2.76,0.2177,0.5822,0.2357,1.5353
fCMR_Philips_117,234,2.4811,1.9554,0.1755,1.5444,0.2002,3.6678
fCMR_Philips_002,234,0.9996,1.8515,0.1241,1.3135,0.1409,3.378
fCMR_Philips_052,234,2.8651,1.3178,0.144,0.4918,0.16,1.5668
fCMR_Philips_123,234,2.8304,1.9979,0.1504,0.0642,0.1562,0.609
fCMR_Philips_079,234,1.7518,1.5061,0.1086,0.7857,0.1267,2.6052
fCMR_Philips_041,234,2.6552,3.2043,0.0652,0.3058,0.1045,1.2988
fCMR_Philips_090,234,2.3763,3.5061,0.064,1.3796,0.1123,3.3323
fCMR_Philips_114,234,1.0918,2.5182,0.1378,1.262,0.1909,3.4493
fCMR_Philips_065,234,2.5849,2.371,0.1341,0.9632,0.1552,2.5989
fCMR_Philips_132,234,1.9312,3.0197,0.1791,3.3232,0.2053,7.0111
fCMR_Philips_031,234,2.4549,3.0638,0.1523,1.0729,0.1688,2.4286
fCMR_Philips_104,234,1.5434,1.7995,0.0932,1.5226,0.1534,3.6663
fCMR_Philips_094,234,1.0147,1.6122,0.1825,0.5502,0.2007,1.96
fCMR_Philips_136,234,2.9112,1.4756,0.0854,0.3216,0.1345,1.0549
fCMR_Philips_087,234,3.121,2.7134,0.4545,1.6185,0.4623,4.2945
fCMR_Philips_003,234,1.7702,3.246,0.1717,0.1913,0.1877,0.93
fCMR_Philips_047,234,2.0932,3.4416,0.1823,0.9194,0.282,3.2284
fCMR_Philips_057,234,2.9466,1.7823,0.2646,0.6647,0.2735,1.6884
fCMR_Philips_097,234,1.7914,3.5184,0.4824,0.1539,0.496,0.6934
fCMR_Philips_070,234,3.0396,3.4679,0.42,0.6176,0.4394,2.3707
fCMR_Philips_068,234,1.0767,3.1068,0.2583,0.8956,0.2712,2.5834
fCMR_Philips_117,235,2.7506,3.1913,0.1158,0.4102,0.1498,1.866
fCMR_Philips_002,235,2.1036,2.756,0.264,0.9833,0.2684,2.624
fCMR_Philips_052,235,2.1622,1.7481,0.1539,1.0519,0.1746,2.5284
fCMR_Philips_123,235,2.8922,3.2365,0.0857,0.8868,0.172,3.0876
fCMR_Philips_079,235,2.6411,3.1999,0.0732,1.1216,0.0951,3.0257
fCMR_Philips_041,235,2.8166,3.1973,0.1242,0.7651,0.1893,2.2848
fCMR_Philips_090,235,1.0087,3.288,0.1545,0.324,0.18,1.2151
fCMR_Philips_114,235,2.2633,2.4809,0.1107,1.5124,0.151,3.7278
fCMR_Philips_065,235,1.0997,3.7124,0.0653,0.6327,0.097,1.7344
fCMR_Philips_132,235,2.8709,0.9951,0.2098,3.7382,0.2405,8.4781
fCMR_Philips_031,235,2.9313,2.3097,0.1157,1.6686,0.1532,3.9204
fCMR_Philips_104,235,2.3148,2.9547,0.0754,2.3804,0.1386,5.6493
fCMR_Philips_094,235,1.9663,3.2655,0.1085,0.3487,0.1588,1.6315
fCMR_Philips_136,235,2.3499,2.2645,0.0886,0.0518,0.1193,0.3892
fCMR_Philips_087,235,1.667,1.8295,0.3297,2.3914,0.3397,5.938
fCMR_Philips_003,235,1.8079,2.0703,0.2008,0.3495,0.2389,1.8428
fCMR_Philips_047,235,2.7135,1.4499,0.1762,0.8714,0.2031,3.0214
fCMR_Philips_057,235,1.6518,2.6722,0.317,2.1869,0.3229,4.6763
fCMR_Philips_097,235,2.9656,2.533,0.3733,0.3253,0.398,1.015
fCMR_Philips_070,235,2.6389,1.3522,0.3732,1.0189,0.3758,2.5524
fCMR_Philips_068,235,2.4067,2.6383,0.2698,1.2122,0.2809,2.9804
fCMR_Philips_117,236,1.4383,2.031,0.0956,0.4285,0.1228,1.0648
fCMR_Philips_002,236,2.7379,0.7795,0.1747,1.6749,0.2195,3.9827
fCMR_Philips_052,236,2.9063,2.6294,0.1287,1.1563,0.1581,3.2206
fCMR_Philips_123,236,3.087,3.1836,0.0784,0.1545,0.0917,1.4399
fCMR_Philips_079,236,1.7579,1.7029,0.1584,0.3604,0.1624,1.3185
fCMR_Philips_041,236,2.461,2.7271,0.1107,0.5496,0.1262,1.7299
fCMR_Philips_090,236,1.8589,1.0562,0.1204,0.8929,0.1408,2.7026
fCMR_Philips_114,236,1.8779,3.2079,0.0818,0.6218,0.0949,1.5094
fCMR_Philips_065,236,3.011,1.3169,0.1074,2.2134,0.1545,5.1697
fCMR_Philips_132,236,2.8299,2.6649,0.2631,4.0059,0.2665,8.2847
fCMR_Philips_031,236,1.6236,2.1607,0.1394,0.312,0.1688,1.132
fCMR_Philips_104,236,2.9617,2.699,0.1455,0.7843,0.1653,1.9375
fCMR_Philips_094,236,1.7374,3.4251,0.1503,0.4028,0.1602,1.9416
fCMR_Philips_136,236,2.1061,1.7915,0.0444,0.0688,0.0821,0.6115
fCMR_Philips_087,236,1.7571,3.2268,0.334,2.1349,0.344,4.6328
fCMR_Philips_003,236,2.9973,2.4279,0.1888,0.0638,0.2101,0.8829
fCMR_Philips_047,236,2.7516,3.5793,0.2694,2.4523,0.3251,7.2809
fCMR_Philips_057,236,2.8063,2.7901,0.3146,1.2662,0.3217,3.2655
fCMR_Philips_097,236,2.3716,3.1156,0.3458,0.5831,0.3706,1.8438
fCMR_Philips_070,236,1.3106,2.0937,0.3786,0.8565,0.39,2.6608
fCMR_Philips_068,236,2.5185,1.2473,0.2563,0.9511,0.266,2.7525
fCMR_Philips_117,237,3.0719,3.1186,0.223,1.2321,0.2421,3.3756
fCMR_Philips_002,237,2.8075,2.2511,0.1791,1.365,0.1914,3.4728
fCMR_Philips_052,237,2.8081,3.186,0.1481,1.1188,0.1663,2.7485
fCMR_Philips_123,237,2.7113,1.4711,0.0493,0.4074,0.1002,1.6792
fCMR_Philips_079,237,3.031,2.6471,0.0455,0.4417,0.1179,1.6754
fCMR_Philips_041,237,2.5885,3.6012,0.11,0.3426,0.14,2.1
fCMR_Philips_090,237,0.7144,1.5419,0.0942,0.8611,0.1255,2.6041
fCMR_Philips_114,237,2.2624,2.2613,0.1688,1.778,0.1804,4.3321
fCMR_Philips_065,237,2.2346,2.3177,0.0906,2.085,0.1153,4.9086
fCMR_Philips_132,237,2.9195,2.7824,0.2943,4.3573,0.3006,9.0281
fCMR_Philips_031,237,3.0461,2.4141,0.0844,0.9293,0.1453,2.4345
fCMR_Philips_104,237,2.7266,2.2604,0.1482,2.1907,0.1691,4.8564
fCMR_Philips_094,237,2.8311,1.5421,0.0765,0.3443,0.1251,1.1164
fCMR_Philips_136,237,2.8474,3.1379,0.0829,0.2876,0.1366,0.9538
fCMR_Philips_087,237,2.5678,2.4706,0.4172,1.3165,0.4269,3.1771
fCMR_Philips_003,237,2.2645,2.2229,0.1786,0.7758,0.1903,2.1327
fCMR_Philips_047,237,2.774,1.9437,0.2164,1.6035,0.2464,3.9064
fCMR_Philips_057,237,2.3578,1.8547,0.2689,0.9848,0.2732,2.4843
fCMR_Philips_097,237,1.667,2.3047,0.2202,0.7839,0.2458,2.8088
fCMR_Philips_070,237,1.1263,2.6228,0.3248,0.9401,0.3685,3.2929
fCMR_Philips_068,237,2.4381,2.5462,0.2257,0.8314,0.2485,2.1356
fCMR_Philips_117,238,3.1307,2.1913,0.1269,0.4923,0.153,1.6092
fCMR_Philips_002,238,2.7043,2.0466,0.2001,1.0658,0.2114,2.5439
fCMR_Philips_052,238,2.7429,2.8616,0.0913,0.651,0.1139,1.7104
fCMR_Philips_123,238,1.9992,1.9529,0.1379,0.5359,0.1568,1.4968
fCMR_Philips_079,238,2.6161,1.1262,0.029,0.4072,0.1261,2.0208
fCMR_Philips_041,238,3.1356,3.3209,0.1442,0.9366,0.1746,2.6496
fCMR_Philips_090,238,2.9089,2.3498,0.1529,0.9889,0.1736,2.6086
fCMR_Philips_114,238,2.7408,1.4105,0.2198,1.2497,0.2302,2.9193
fCMR_Philips_065,238,2.7686,3.0151,0.1459,1.217,0.1745,2.791
fCMR_Philips_132,238,1.6746,2.5139,0.241,3.2188,0.2583,7.1736
fCMR_Philips_031,238,1.6939,3.1473,0.0413,0.992,0.0773,2.7208
fCMR_Philips_104,238,2.683,1.9103,0.1376,1.3156,0.1602,4.213
fCMR_Philips_094,238,2.3353,3.3377,0.1219,0.9088,0.1301,2.729
fCMR_Philips_136,238,1.9271,2.2606,0.0901,0.2758,0.1378,0.7715
fCMR_Philips_087,238,2.2341,1.9036,0.4194,2.3205,0.4281,5.5312
fCMR_Philips_003,238,2.381,3.0454,0.1689,0.0768,0.1937,0.9578
fCMR_Philips_047,238,2.8889,2.1684,0.2681,2.8937,0.3034,6.9682
fCMR_Philips_057,238,2.8097,3.0107,0.3094,1.6966,0.3231,3.8816
fCMR_Philips_097,238,1.123,0.6492,0.3687,0.1592,0.3811,1.1924
fCMR_Philips_070,238,2.7318,2.4948,0.2941,0.8789,0.3066,2.5496
fCMR_Philips_068,238,1.6675,1.7915,0.2101,0.5187,0.2273,1.4128
fCMR_Philips_117,239,1.9695,0.9819,0.1403,0.4057,0.185,1.3283
fCMR_Philips_002,239,2.3516,1.4498,0.1689,1.4551,0.1844,3.8631
fCMR_Philips_052,239,3.1079,2.218,0.1413,1.3062,0.163,3.9662
fCMR_Philips_123,239,3.0442,1.8908,0.1619,0.4353,0.1866,1.3459
fCMR_Philips_079,239,1.8441,2.555,0.1012,0.0428,0.1213,0.7036
fCMR_Philips_041,239,2.309,3.6927,0.0214,0.4067,0.0931,1.5122
fCMR_Philips_090,239,2.1215,1.7427,0.1137,0.6517,0.1612,1.8947
fCMR_Philips_114,239,2.052,2.1837,0.1377,1.7773,0.1662,4.13
fCMR_Philips_065,239,3.1392,1.2395,0.0586,1.2029,0.091,2.71
fCMR_Philips_132,239,0.99,3.0692,0.1701,3.803,0.2016,8.54
fCMR_Philips_031,239,2.5872,1.7887,0.1334,1.0766,0.1582,3.2079
fCMR_Philips_104,239,2.5408,2.5589,0.1099,1.2817,0.1458,3.2189
fCMR_Philips_094,239,1.5554,1.7273,0.1482,0.8196,0.1912,2.5612
fCMR_Philips_136,239,1.8826,2.0019,0.0524,0.2143,0.093,0.8096
fCMR_Philips_087,239,2.4483,1.8507,0.3707,2.7455,0.3768,6.1188
fCMR_Philips_003,239,2.6378,2.6471,0.1223,0.2852,0.1361,1.0157
fCMR_Philips_047,239,1.8053,1.1514,0.2818,3.735,0.3207,9.1119
fCMR_Philips_057,239,0.9901,3.5959,0.2746,0.3828,0.2891,1.4915
fCMR_Philips_097,239,1.1726,2.0254,0.4432,0.3428,0.4678,1.2918
fCMR_Philips_070,239,1.5494,3.5581,0.4033,1.5175,0.4112,4.0253
fCMR_Philips_068,239,3.1164,1.2396,0.2123,0.9586,0.2346,2.5221
fCMR_Philips_117,240,2.196,1.7595,0.1641,0.7789,0.1932,2.1425
fCMR_Philips_002,240,1.693,2.9977,0.1702,0.5232,0.1852,1.2222
fCMR_Philips_052,240,1.0615,2.3204,0.133,0.2362,0.1401,1.6247
fCMR_Philips_123,240,2.4501,2.9172,0.0865,0.5616,0.1116,1.8663
fCMR_Philips_079,240,2.4864,1.9448,0.1095,0.9219,0.112,2.4378
fCMR_Philips_041,240,2.4919,1.816,0.0669,0.3287,0.1281,1.6462
fCMR_Philips_090,240,2.6857,3.7449,0.1702,1.2079,0.1982,3.1407
fCMR_Philips_114,240,1.1204,3.0658,0.1211,2.0594,0.1412,5.2988
fCMR_Philips_065,240,1.9718,2.5739,0.0455,1.2111,0.1317,3.1495
fCMR_Philips_132,240,2.2347,1.9858,0.2928,5.055,0.2972,10.5646
fCMR_Philips_031,240,2.4732,3.1427,0.0463,0.7695,0.1037,1.9398
fCMR_Philips_104,240,2.837,1.4785,0.2025,1.0478,0.2173,2.8502
fCMR_Philips_094,240,1.9496,2.9726,0.0873,0.6426,0.1147,1.9496
fCMR_Philips_136,240,1.7123,1.143,0.1211,0.097,0.1427,0.5574
fCMR_Philips_087,240,1.9267,1.5568,0.4232,2.686,0.4327,5.742
fCMR_Philips_003,240,3.0833,2.8664,0.1318,0.0841,0.1727,1.326
fCMR_Philips_047,240,2.5674,2.0232,0.3075,3.139,0.3243,7.5866
fCMR_Philips_057,240,1.9664,2.0598,0.1539,0.7477,0.1651,2.6364
fCMR_Philips_097,240,0.2071,2.9913,0.365,0.6304,0.3826,1.9373
fCMR_Philips_070,240,1.9348,3.1299,0.4273,0.4354,0.4591,2.118
fCMR_Philips_068,240,2.7401,2.2464,0.297,0.6218,0.3059,1.6531
fCMR_Philips_117,241,1.7971,2.9658,0.167,0.7788,0.2015,2.1413
fCMR_Philips_002,241,2.6183,2.0907,0.116,1.0755,0.1476,3.2043
fCMR_Philips_052,241,1.0054,2.3706,0.1204,1.7783,0.1456,4.5326
fCMR_Philips_123,241,1.8844,1.6171,0.2007,0.425,0.2075,1.3713
fCMR_Philips_079,241,1.9806,3.5964,0.0557,0.511,0.1264,1.8631
fCMR_Philips_041,241,1.3061,3.4082,0.0715,0.3727,0.1037,1.3899
fCMR_Philips_090,241,1.3325,1.5713,0.1004,1.4285,0.135,3.5155
fCMR_Philips_114,241,2.8061,1.2642,0.1962,0.9639,0.2019,2.231
fCMR_Philips_065,241,2.965,1.6122,0.0917,0.9852,0.1246,2.7404
fCMR_Philips_132,241,3.1032,2.9814,0.1977,2.8172,0.2137,6.2706
fCMR_Philips_031,241,2.0338,1.8614,0.1079,2.373,0.1532,5.4905
fCMR_Philips_104,241,2.5328,2.5015,0.161,1.8646,0.1925,4.0703
fCMR_Philips_094,241,2.3728,3.0272,0.1127,0.9198,0.1343,2.9634
fCMR_Philips_136,241,2.5078,2.3099,0.0907,0.0178,0.1416,0.4506
fCMR_Philips_087,241,2.0254,1.4969,0.3544,2.4381,0.3658,5.5795
fCMR_Philips_003,241,2.4542,2.8812,0.173,0.279,0.1887,1.1958
fCMR_Philips_047,241,1.2166,2.0671,0.2436,1.2148,0.2771,3.4837
fCMR_Philips_057,241,1.4986,2.355,0.2654,0.6876,0.2761,1.9201
fCMR_Philips_097,241,0.8421,2.6066,0.2436,0.2047,0.2501,1.0832
fCMR_Philips_070,241,2.6405,3.9633,0.2653,1.2289,0.2944,3.1198
fCMR_Philips_068,241,1.0725,1.7429,0.2949,0.7175,0.3042,1.8832
fCMR_Philips_117,242,2.9782,2.4215,0.1381,2.2061,0.1731,5.4317
fCMR_Philips_002,242,1.9278,2.3801,0.2387,1.2267,0.2515,3.3322
fCMR_Philips_052,242,3.0805,3.515,0.1593,0.2562,0.1775,1.4346
fCMR_Philips_123,242,1.5769,2.2909,0.1295,0.5049,0.1519,2.0415
fCMR_Philips_079,242,2.5377,2.4184,0.097,0.096,0.1142,0.8725
fCMR_Philips_041,242,1.2573,1.4061,0.052,0.5025,0.1043,1.6264
fCMR_Philips_090,242,2.2537,2.4031,0.1613,1.0149,0.198,2.3757
fCMR_Philips_114,242,2.7986,1.8685,0.1253,2.8623,0.1639,6.3998
fCMR_Philips_065,242,1.8987,1.2809,0.0493,0.4717,0.0912,2.0396
fCMR_Philips_132,242,1.5554,1.6411,0.2108,4.1408,0.2305,8.6353
fCMR_Philips_031,242,2.0331,0.7498,0.1103,0.6172,0.1396,2.1822
fCMR_Philips_104,242,2.9554,2.5012,0.1146,1.505,0.1628,3.373
fCMR_Philips_094,242,0.304,2.7228,0.232,1.439,0.2629,3.9077
fCMR_Philips_136,242,1.4662,3.2017,0.1695,0.2239,0.1796,0.7457
fCMR_Philips_087,242,1.1284,2.8677,0.3244,1.373,0.3352,3.5676
fCMR_Philips_003,242,1.958,3.1984,0.1726,0.2157,0.187,1.2062
fCMR_Philips_047,242,1.6668,1.671,0.1931,1.8368,0.2839,5.9806
fCMR_Philips_057,242,3.1077,2.6585,0.2651,0.7158,0.2737,1.6741
fCMR_Philips_097,242,2.2072,3.3095,0.2483,0.3209,0.2556,1.3031
fCMR_Philips_070,242,2.7908,0.4977,0.3374,0.6008,0.3446,2.2551
fCMR_Philips_068,242,3.0143,2.4685,0.2077,0.8502,0.2257,1.8954
fCMR_Philips_117,243,1.3956,2.7894,0.181,0.1788,0.2193,0.9986
fCMR_Philips_002,243,3.127,1.6103,0.2268,0.4703,0.2382,1.3775
fCMR_Philips_052,243,1.1021,0.9206,0.1484,0.5997,0.1661,2.2697
fCMR_Philips_123,243,2.6167,2.9195,0.1082,0.9751,0.6027,3.0546
fCMR_Philips_079,243,2.9249,3.2449,0.0773,0.4094,0.1442,1.6764
fCMR_Philips_041,243,2.899,2.0932,0.047,0.9555,0.1102,2.4441
fCMR_Philips_090,243,3.1248,1.241,0.1083,1.3994,0.1552,3.4616
fCMR_Philips_114,243,0.9595,3.391,0.1347,1.6589,0.1593,3.9472
fCMR_Philips_065,243,2.6661,2.2579,0.0316,0.8946,0.0692,1.9876
fCMR_Philips_132,243,1.7933,2.536,0.1957,3.2995,0.2208,7.3089
fCMR_Philips_031,243,3.0221,3.5767,0.0555,0.3818,0.1082,1.494
fCMR_Philips_104,243,3.094,2.678,0.1689,1.1872,0.1958,3.0356
fCMR_Philips_094,243,1.8929,2.8837,0.154,1.1896,0.1765,3.0489
fCMR_Philips_136,243,1.9238,2.0862,0.1088,0.5124,0.1318,1.4904
fCMR_Philips_087,243,1.534,2.2031,0.381,2.9414,0.3917,6.2547
fCMR_Philips_003,243,2.233,3.0253,0.1873,0.071,0.2051,0.8852
fCMR_Philips_047,243,2.3114,2.4799,0.3194,4.5032,0.3388,10.6146
fCMR_Philips_057,243,2.2511,1.7843,0.367,0.7787,0.3757,2.2787
fCMR_Philips_097,243,1.7596,3.0434,0.4794,0.3273,0.4958,1.7405
fCMR_Philips_070,243,2.1496,1.8504,0.3265,1.1238,0.3564,3.2112
fCMR_Philips_068,243,2.7588,3.1291,0.2454,0.4789,0.2562,1.4274
fCMR_Philips_117,244,2.4279,3.0022,0.1784,1.7236,0.197,3.9336
fCMR_Philips_002,244,2.6234,1.7689,0.1659,2.0176,0.1786,4.7466
fCMR_Philips_052,244,0.973,3.1239,0.1146,0.421,0.1247,1.4998
fCMR_Philips_123,244,1.7049,1.4761,0.1309,0.0744,0.153,1.25
fCMR_Philips_079,244,0.9705,2.1677,0.0687,0.6456,0.1091,2.7921
fCMR_Philips_041,244,1.9286,1.6427,0.0852,0.3469,0.1267,2.1194
fCMR_Philips_090,244,1.7469,2.8465,0.1479,0.2909,0.1789,1.543
fCMR_Philips_114,244,2.5109,2.4427,0.169,2.1344,0.1911,4.6878
fCMR_Philips_065,244,1.3523,2.5111,0.0662,1.2127,0.1091,3.0886
fCMR_Philips_132,244,1.5156,3.4261,0.2888,4.4085,0.2982,9.5538
fCMR_Philips_031,244,1.7298,3.349,0.0967,1.1237,0.1617,2.9688
fCMR_Philips_104,244,2.6237,1.0052,0.1182,1.8802,0.1502,4.4873
fCMR_Philips_094,244,2.0686,2.6099,0.1029,1.6795,0.1468,4.4154
fCMR_Philips_136,244,2.6118,2.971,0.1061,0.1665,0.1507,0.9969
fCMR_Philips_087,244,2.9437,2.5898,0.2982,2.5108,0.3154,5.3591
fCMR_Philips_003,244,2.8762,1.8452,0.221,0.1891,0.2409,1.1965
fCMR_Philips_047,244,2.9934,3.1573,0.3386,5.4655,0.3572,11.7511
fCMR_Philips_057,244,2.5498,3.3129,0.3302,1.022,0.345,2.3584
fCMR_Philips_097,244,2.571,0.5946,0.3678,0.218,0.4181,0.7763
fCMR_Philips_070,244,3.0826,1.4199,0.3203,0.4423,0.3279,2.2603
fCMR_Philips_068,244,0.9084,1.4273,0.2621,1.1036,0.2799,2.8026
fCMR_Philips_117,245,2.1503,1.9083,0.1816,0.6316,0.2185,1.4178
fCMR_Philips_002,245,2.0866,2.8289,0.2424,0.8458,0.2541,2.6121
fCMR_Philips_052,245,2.9519,2.502,0.1504,0.308,0.1878,1.5346
fCMR_Philips_123,245,2.8346,2.887,0.1295,0.1702,0.1387,1.3996
fCMR_Philips_079,245,2.1051,2.1843,0.1366,2.2083,0.1757,4.8643
fCMR_Philips_041,245,1.5671,1.6737,0.0539,0.7221,0.1148,1.9128
fCMR_Philips_090,245,2.1017,2.0513,0.1241,1.1686,0.1523,2.7058
fCMR_Philips_114,245,2.487,2.5571,0.1881,1.5855,0.2163,3.7021
fCMR_Philips_065,245,1.8649,1.3052,0.0355,1.1148,0.0989,3.691
fCMR_Philips_132,245,1.3251,1.9135,0.2445,4.1843,0.2563,8.7468
fCMR_Philips_031,245,0.3015,1.7071,0.128,1.4402,0.1345,3.4636
fCMR_Philips_104,245,2.7123,2.8574,0.1223,2.4034,0.1695,5.4604
fCMR_Philips_094,245,1.7777,2.8802,0.1662,0.5925,0.1805,2.1972
fCMR_Philips_136,245,2.4473,2.7625,0.0623,0.4571,0.1211,1.18
fCMR_Philips_087,245,0.8885,0.829,0.3719,0.9497,0.3778,2.2481
fCMR_Philips_003,245,2.0225,3.0659,0.1945,0.1858,0.2122,0.9898
fCMR_Philips_047,245,2.6914,1.9889,0.2453,2.7868,0.2575,6.2125
fCMR_Philips_057,245,1.784,2.0407,0.2185,1.8122,0.2222,3.9414
fCMR_Philips_097,245,2.7429,1.3613,0.2904,0.1475,0.3174,0.7704
fCMR_Philips_070,245,2.8663,3.3041,0.3269,1.4274,0.3365,3.2613
fCMR_Philips_068,245,1.5031,2.6094,0.1867,1.0537,0.2292,2.7423
fCMR_Philips_117,246,2.6592,2.4852,0.0808,0.0432,0.1187,0.9782
fCMR_Philips_002,246,2.6435,3.0314,0.2131,0.7105,0.2306,1.9967
fCMR_Philips_052,246,2.9517,2.0939,0.1277,0.7059,0.1551,1.8809
fCMR_Philips_123,246,0.9199,2.2716,0.1281,0.3696,0.1722,1.6448
fCMR_Philips_079,246,2.7219,3.3323,0.0552,0.2823,0.1043,1.7525
fCMR_Philips_041,246,2.4621,2.7744,0.0473,0.1945,0.0919,1.0968
fCMR_Philips_090,246,1.9266,3.2012,0.1215,0.6346,0.1681,1.6046
fCMR_Philips_114,246,2.4277,3.0277,0.1161,1.8749,0.144,4.5197
fCMR_Philips_065,246,1.6908,2.9533,0.1513,1.3478,0.1688,3.5323
fCMR_Philips_132,246,2.0017,2.3348,0.2002,4.1962,0.222,8.9797
fCMR_Philips_031,246,2.0515,2.465,0.0774,0.5703,0.1293,2.3817
fCMR_Philips_104,246,0.7,2.4496,0.1088,2.2716,0.1776,5.2844
fCMR_Philips_094,246,3.0969,1.6706,0.0888,0.0953,0.1257,0.919
fCMR_Philips_136,246,2.6157,2.5199,0.1517,0.314,0.1578,1.0642
fCMR_Philips_087,246,0.8995,2.0368,0.3874,1.8982,0.3938,4.5509
fCMR_Philips_003,246,0.7742,1.9004,0.189,0.4181,0.2043,1.3211
fCMR_Philips_047,246,2.6543,1.4037,0.2264,3.1598,0.2494,7.3432
fCMR_Philips_057,246,0.9121,0.6393,0.2007,0.6803,0.2056,1.6353
fCMR_Philips_097,246,1.4683,2.4443,0.3041,0.5776,0.3121,2.2517
fCMR_Philips_070,246,2.6418,3.0605,0.507,1.3596,0.5137,3.3727
fCMR_Philips_068,246,3.0106,2.6519,0.2663,1.2782,0.2817,2.9128
fCMR_Philips_117,247,2.4309,2.1057,0.1174,0.6281,0.1559,2.0377
fCMR_Philips_002,247,2.9194,3.2586,0.1811,0.9627,0.197,2.7896
fCMR_Philips_052,247,1.1457,3.3042,0.1776,0.8913,0.1981,2.395
fCMR_Philips_123,247,1.7898,1.8349,0.1231,1.4485,0.1474,4.1241
fCMR_Philips_079,247,3.0522,3.4553,0.1406,0.6662,0.1446,1.8785
fCMR_Philips_041,247,2.2939,2.5422,0.0562,0.4491,0.1383,2.1076
fCMR_Philips_090,247,2.4152,2.4278,0.1391,0.9577,0.1513,2.475
fCMR_Philips_114,247,1.3495,2.0515,0.1783,1.5799,0.203,3.7874
fCMR_Philips_065,247,1.8926,0.9584,0.0407,1.8312,0.0882,4.4311
fCMR_Philips_132,247,3.0134,0.6939,0.1876,3.2885,0.2154,7.3177
fCMR_Philips_031,247,2.8701,2.6491,0.1087,0.9143,0.1692,2.6206
fCMR_Philips_104,247,1.2154,2.6746,0.1959,2.447,0.257,5.603
fCMR_Philips_094,247,1.8063,2.128,0.1601,0.3041,0.1842,2.1186
fCMR_Philips_136,247,1.3035,2.653,0.0903,0.2538,0.1172,1.0486
fCMR_Philips_087,247,2.0251,2.3856,0.3362,2.2721,0.3522,5.6645
fCMR_Philips_003,247,1.3157,1.3957,0.1867,0.2617,0.1961,0.901
fCMR_Philips_047,247,2.9496,2.9119,0.1784,1.2206,0.2285,3.832
fCMR_Philips_057,247,2.2574,2.1799,0.2252,1.5868,0.233,3.7033
fCMR_Philips_097,247,2.6359,2.0892,0.315,0.1551,0.3687,0.7654
fCMR_Philips_070,247,2.4866,2.4652,0.4785,0.7067,0.4838,2.8231
fCMR_Philips_068,247,2.2838,2.3115,0.232,0.5751,0.2519,1.5324
fCMR_Philips_117,248,2.0118,1.784,0.147,0.7639,0.1724,2.5845
fCMR_Philips_002,248,2.4104,1.4498,0.1761,1.7344,0.1863,4.2628
fCMR_Philips_052,248,1.6443,3.1034,0.1414,1.6102,0.1589,3.395
fCMR_Philips_123,248,2.5713,2.4475,0.0545,0.6188,0.1329,2.6038
fCMR_Philips_079,248,1.5275,1.9924,0.0643,0.5103,0.0858,2.35
fCMR_Philips_041,248,2.2764,1.6602,0.0503,0.3256,0.1013,1.4977
fCMR_Philips_090,248,1.6227,2.2882,0.0698,1.3307,0.1144,3.2102
fCMR_Philips_114,248,2.6822,2.1264,0.1449,1.3706,0.1714,2.9964
fCMR_Philips_065,248,2.6598,2.4121,0.0962,0.8552,0.1331,2.3423
fCMR_Philips_132,248,1.4971,2.9241,0.2833,3.3368,0.2958,7.0963
fCMR_Philips_031,248,3.0977,3.8093,0.1079,0.3527,0.1506,1.7554
fCMR_Philips_104,248,1.746,0.9609,0.1309,1.4035,0.1681,3.5199
fCMR_Philips_094,248,1.562,1.2014,0.1138,0.3392,0.1358,1.7818
fCMR_Philips_136,248,1.9909,3.3879,0.115,0.3353,0.1545,1.0261
fCMR_Philips_087,248,2.5972,2.8451,0.3362,1.1108,0.3412,2.7552
fCMR_Philips_003,248,2.8171,2.4771,0.112,0.3283,0.1336,1.565
fCMR_Philips_047,248,2.3583,1.4697,0.2189,1.755,0.2636,4.6349
fCMR_Philips_057,248,2.3354,2.7657,0.1365,1.2959,0.1482,3.0821
fCMR_Philips_097,248,2.399,3.3816,0.442,0.2175,0.457,1.9437
fCMR_Philips_070,248,2.3945,2.7688,0.4519,0.8193,0.4743,2.687
fCMR_Philips_068,248,2.7574,2.294,0.2583,0.6726,0.2698,1.7224
fCMR_Philips_117,249,3.0107,2.7403,0.1481,0.6061,0.1969,2.159
fCMR_Philips_002,249,1.5277,1.3228,0.1608,0.6969,0.1788,1.7086
fCMR_Philips_052,249,1.557,2.1941,0.136,1.363,0.1752,3.2502
fCMR_Philips_123,249,3.0015,2.3086,0.0843,0.4866,0.1097,1.8446
fCMR_Philips_079,249,2.2032,1.8058,0.1234,0.2579,0.1302,1.1703
fCMR_Philips_041,249,2.2151,2.183,0.0471,0.5894,0.0674,1.9838
fCMR_Philips_090,249,1.8454,2.0401,0.1061,0.4291,0.1601,1.4475
fCMR_Philips_114,249,0.6844,0.5041,0.1123,3.079,0.1613,7.3108
fCMR_Philips_065,249,2.72,2.7914,0.1832,1.6575,0.2045,4.0464
fCMR_Philips_132,249,2.8696,2.6718,0.3194,4.2881,0.3279,9.197
fCMR_Philips_031,249,2.5347,2.1976,0.1055,0.6187,0.1231,1.7484
fCMR_Philips_104,249,2.5735,2.4928,0.0855,1.3227,0.1741,3.5716
fCMR_Philips_094,249,2.4054,1.6007,0.1976,0.7991,0.2288,2.1946
fCMR_Philips_136,249,2.3128,3.3166,0.052,0.125,0.102,0.5262
fCMR_Philips_087,249,2.9686,2.591,0.4022,2.3582,0.4048,4.937
fCMR_Philips_003,249,3.0051,2.5754,0.1885,0.3243,0.2052,1.1696
fCMR_Philips_047,249,2.3611,1.8591,0.2597,1.118,0.281,3.3958
fCMR_Philips_057,249,1.6316,2.1854,0.3317,0.6237,0.3357,1.8304
fCMR_Philips_097,249,1.2739,0.73,0.3247,0.8226,0.3334,2.4422
fCMR_Philips_070,249,1.7999,2.7098,0.3228,0.7133,0.332,1.9892
fCMR_Philips_068,249,2.2636,2.8796,0.255,0.5935,0.2669,1.5926
